{
  "timestamp": "2026-06-03T20:54:22.559316",
  "best_y": 0.993326424082887,
  "best_config": {
    "biosensor_type": "direct_binding",
    "kd_nm": 0.3187187110376845,
    "sensitivity": 3.3499233424271626,
    "response_time_s": 256.0571071026673,
    "noise_preset": "medium",
    "target_scenario": "pmo"
  },
  "uncertainty": {
    "gp_mean": 0.9945240925406296,
    "gp_std": 0.22573908975476983,
    "ci_lower": 0.5520754766212808,
    "ci_upper": 1.0
  },
  "predictions": {
    "snr_db_est": 10.69303516892906,
    "detection_rate": 1.0,
    "false_negative_rate": 0.0,
    "time_to_detection_s": 400.4145550267801
  },
  "robustness": {
    "mean_score": -32.67200818786938,
    "min_score": -100.0,
    "max_score": 0.993326424082887,
    "std_score": 47.608079636769034,
    "robustness_score": 0.0
  },
  "n_evaluations": 15,
  "n_init": 10,
  "n_iter": 5
}