{
  "run_id": "00092ced-30e6-4ab1-a6f4-48bde4bdd780",
  "timestamp": "2026-01-31T04:11:01.305136",
  "scenario": "healthy",
  "duration": 3600.0,
  "num_points": 361,
  "environment_params": {
    "Estrogen": 1.0721469059110589,
    "PTH": 44.53837733322562,
    "k_prod_Scl": 2.810352652993688e-06,
    "k_prod_RANKL": 8.651653132098234e-06,
    "k_prod_OPG": 0.00011808847362492083,
    "Sclerostin_bone": 0.05485272069199009,
    "RANKL_bone": 0.5284641996965106,
    "OPG_bone": 10.79893725810452
  },
  "biosensor_config": {
    "circuit_type": "ratiometric",
    "sensitivity": 11.769920793670543,
    "threshold": 0.0038721278253172915,
    "dynamic_range": [
      0.0,
      15.159758471237671
    ],
    "kd": 0.023194408324591787,
    "response_type": "hill",
    "reference_kd": 1.473708773601096,
    "ratio_exponent": 0.7602630305830229
  },
  "noise_preset": "medium",
  "noise_params": {
    "additive_sigma": 0.03,
    "multiplicative_sigma": 0.06,
    "drift_rate": 0.0003,
    "outlier_probability": 0.003,
    "outlier_magnitude": 4.0,
    "shot_noise_enabled": false,
    "seed": null
  },
  "measurement": {
    "snr_db": 21.92454291344283,
    "n_detections": 361,
    "detection_rate": 1.0,
    "time_to_detection": 1047.3339108130724,
    "false_negative_rate": 0.0021192408986367983,
    "max_signal": 14.765197829039987,
    "mean_signal": 12.282369121441606,
    "signal_std": 0.7916950522513173,
    "has_noise": true
  },
  "false_negative_rate": 0.0021192408986367983,
  "sclerostin_mean": 0.5688436921039532,
  "sclerostin_max": 0.5971686757982667,
  "sclerostin_min": 0.025000000000000005,
  "sclerostin_std": 0.03177150105708701,
  "metadata_file": "metadata/00092ced-30e6-4ab1-a6f4-48bde4bdd780.json",
  "timeseries_file": "timeseries/00092ced-30e6-4ab1-a6f4-48bde4bdd780.csv"
}