{
  "run_id": "0056e863-64f3-422e-ad68-cb3015558f60",
  "timestamp": "2026-01-31T04:10:12.969944",
  "scenario": "ckd_mbd",
  "duration": 3600.0,
  "num_points": 361,
  "environment_params": {
    "Estrogen": 0.854406187779489,
    "PTH": 262.91369014559956,
    "k_prod_Scl": 1.4241002506503847e-05,
    "k_deg_Scl": 3.547323302396514e-05,
    "k_prod_RANKL": 2.03701005958667e-05,
    "k_prod_OPG": 9.626478812383735e-05,
    "Sclerostin_bone": 0.22743237615067435,
    "RANKL_bone": 1.0609954940082051,
    "OPG_bone": 4.0318232815413495,
    "MineralIon": 5.036679493901543,
    "k_prod_Mineral": 0.14421641039720443
  },
  "biosensor_config": {
    "circuit_type": "ratiometric",
    "sensitivity": 4.2399379642160655,
    "threshold": 0.00030534226819019103,
    "dynamic_range": [
      0.0,
      1.8149376692082126
    ],
    "kd": 0.41330484848412474,
    "response_type": "linear",
    "reference_kd": 0.5413230339188663,
    "ratio_exponent": 1.0487362271768388
  },
  "noise_preset": "medium",
  "noise_params": {
    "additive_sigma": 0.03,
    "multiplicative_sigma": 0.06,
    "drift_rate": 0.0003,
    "outlier_probability": 0.003,
    "outlier_magnitude": 4.0,
    "shot_noise_enabled": false,
    "seed": null
  },
  "measurement": {
    "snr_db": 9.122171490567077,
    "n_detections": 361,
    "detection_rate": 1.0,
    "time_to_detection": 3013.759535152583,
    "false_negative_rate": 0.012517650156471842,
    "max_signal": 3.1089520184640236,
    "mean_signal": 2.35792075983539,
    "signal_std": 0.32917493818422644,
    "has_noise": true
  },
  "false_negative_rate": 0.012517650156471842,
  "sclerostin_mean": 2.384402429130124,
  "sclerostin_max": 2.642906794592295,
  "sclerostin_min": 0.025000000000000005,
  "sclerostin_std": 0.17934396424313612,
  "metadata_file": "metadata/0056e863-64f3-422e-ad68-cb3015558f60.json",
  "timeseries_file": "timeseries/0056e863-64f3-422e-ad68-cb3015558f60.csv"
}