{
  "run_id": "032dc044-c3fa-4e35-bc60-7b25c37999d7",
  "timestamp": "2026-05-17T01:40:40.762193",
  "scenario": "ckd_mbd",
  "duration": 3600.0,
  "num_points": 361,
  "environment_params": {
    "Estrogen": 0.6655687227236041,
    "PTH": 158.53614662227056,
    "k_prod_Scl": 8.798654460705598e-06,
    "k_deg_Scl": 4.791531677743823e-05,
    "Sclerostin_bone": 0.14110295077396826,
    "k_prod_RANKL": 1.816086314785237e-05,
    "k_deg_RANKL": 2.5812493593629327e-05,
    "RANKL_bone": 0.8758323637298917,
    "k_prod_OPG": 0.00011586787190526287,
    "k_deg_OPG": 1.9666723726459805e-05,
    "OPG_bone": 5.186998741063019,
    "MineralIon": 3.7594562120293276,
    "k_prod_Mineral": 0.17115778405876667,
    "k_loss_Mineral": 0.01806276474547491
  },
  "biosensor_config": {
    "circuit_type": "ratiometric",
    "sensitivity": 1.33569259525077,
    "threshold": 0.00011513633631949164,
    "dynamic_range": [
      0.0,
      1.4732482608033237
    ],
    "kd": 0.028212899648442032,
    "response_type": "hill",
    "reference_kd": 0.22085606014826462,
    "ratio_exponent": 1.1963431957790902
  },
  "biosensor_type": "ratiometric",
  "noise_preset": "medium",
  "noise_params": {
    "additive_sigma": 0.03,
    "multiplicative_sigma": 0.06,
    "drift_rate": 0.0002,
    "outlier_probability": 0.003,
    "outlier_magnitude": 4.0,
    "shot_noise_enabled": false,
    "seed": null
  },
  "measurement": {
    "snr_db": 9.930753252391385,
    "n_detections": 361,
    "detection_rate": 1.0,
    "time_to_detection": 3767.7526149713085,
    "false_negative_rate": 0.08518102250091737,
    "max_signal": 2.194688180213462,
    "mean_signal": 1.6964466787304582,
    "signal_std": 0.22612253610600894,
    "has_noise": true
  },
  "signal_to_noise_ratio_SNR": 9.930753252391385,
  "time_to_detection_threshold": 3767.7526149713085,
  "false_negative_rate": 0.08518102250091737,
  "dynamic_range_of_output": 0.0,
  "sclerostin_mean": 1.5258321328325644,
  "sclerostin_max": 1.738735307986459,
  "sclerostin_min": 0.025000000000000005,
  "sclerostin_std": 0.13311887798591246,
  "sclerostin_change": 