{
  "run_id": "039706f9-380e-4856-abe3-199cae1b514c",
  "timestamp": "2026-05-17T01:40:41.313801",
  "scenario": "ckd_mbd",
  "duration": 3600.0,
  "num_points": 361,
  "environment_params": {
    "Estrogen": 0.31106881867034636,
    "PTH": 229.28412021315265,
    "k_prod_Scl": 1.5232396188747857e-05,
    "k_deg_Scl": 4.913903911865015e-05,
    "Sclerostin_bone": 0.14715175524913265,
    "k_prod_RANKL": 1.961304761570591e-05,
    "k_deg_RANKL": 2.519483704055198e-05,
    "RANKL_bone": 1.204802956056073,
    "k_prod_OPG": 0.00012933951006233803,
    "k_deg_OPG": 1.725650218467958e-05,
    "OPG_bone": 6.041891013901763,
    "MineralIon": 4.738021348380062,
    "k_prod_Mineral": 0.18433972509015178,
    "k_loss_Mineral": 0.026024789300700447
  },
  "biosensor_config": {
    "circuit_type": "threshold",
    "sensitivity": 6.83392060049176,
    "threshold": 0.0001248937023640626,
    "dynamic_range": [
      0.0,
      11.353527021489992
    ],
    "kd": 0.02632247373039721,
    "response_type": "hill",
    "hill_coefficient": 6.999585377358665,
    "off_level": 0.8783209228409671,
    "on_level": 12.555783979073219
  },
  "biosensor_type": "threshold",
  "noise_preset": "high",
  "noise_params": {
    "additive_sigma": 0.08,
    "multiplicative_sigma": 0.12,
    "drift_rate": 0.0004,
    "outlier_probability": 0.005,
    "outlier_magnitude": 6.0,
    "shot_noise_enabled": false,
    "seed": null
  },
  "measurement": {
    "snr_db": 16.849156268227684,
    "n_detections": 361,
    "detection_rate": 1.0,
    "time_to_detection": 3294.9830528657153,
    "false_negative_rate": 0.04285016242440354,
    "max_signal": 16.50921452615021,
    "mean_signal": 12.06926667891022,
    "signal_std": 1.4918520669657431,
    "has_noise": true
  },
  "signal_to_noise_ratio_SNR": 16.849156268227684,
  "time_to_detection_threshold": 3294.9830528657153,
  "false_negative_rate": 0.04285016242440354,
  "dynamic_range_of_output": 0.0,
  "sclerostin_mean": 1.9829036156001465,
  "sclerostin_max": 2.7515367967265436,
  "sclerostin_min": 0.025000000000000005,
  "sclerostin_std": 0.4055160839567238,
  "sclerostin_change": 