{
  "run_id": "040e21e7-8d8e-436e-832c-bbb499824bcc",
  "timestamp": "2026-01-31T04:10:33.565309",
  "scenario": "ckd_mbd",
  "duration": 3600.0,
  "num_points": 361,
  "environment_params": {
    "Estrogen": 0.5707601207453349,
    "PTH": 325.5864632018469,
    "k_prod_Scl": 1.3729482981596035e-05,
    "k_deg_Scl": 4.1752844163917624e-05,
    "k_prod_RANKL": 2.5280686937551664e-05,
    "k_prod_OPG": 7.489007084979232e-05,
    "Sclerostin_bone": 0.31030619374392354,
    "RANKL_bone": 1.0979797127635342,
    "OPG_bone": 2.791261723092806,
    "MineralIon": 3.7104812204340387,
    "k_prod_Mineral": 0.21674391754566721
  },
  "biosensor_config": {
    "circuit_type": "amplifying",
    "sensitivity": 1.51052185379796,
    "threshold": 4.1948999989639826e-05,
    "dynamic_range": [
      0.0,
      12.017101944358197
    ],
    "kd": 0.024761277734888922,
    "response_type": "linear",
    "receptor_concentration": 1.5657900076608844,
    "enzyme_concentration": 4.167250266753934,
    "amplification_gain": 3998.3895783604144,
    "response_time": 102.87282496297583
  },
  "noise_preset": "medium",
  "noise_params": {
    "additive_sigma": 0.03,
    "multiplicative_sigma": 0.06,
    "drift_rate": 0.0003,
    "outlier_probability": 0.003,
    "outlier_magnitude": 4.0,
    "shot_noise_enabled": false,
    "seed": null
  },
  "measurement": {
    "snr_db": 22.127649215516968,
    "n_detections": 361,
    "detection_rate": 1.0,
    "time_to_detection": 2752.4540719148617,
    "false_negative_rate": 0.00011174175737848957,
    "max_signal": 15.623038764109083,
    "mean_signal": 12.537614160635181,
    "signal_std": 1.00481992837787,
    "has_noise": true
  },
  "false_negative_rate": 0.00011174175737848957,
  "sclerostin_mean": 3.298977154740022,
  "sclerostin_max": 3.727955538406277,
  "sclerostin_min": 0.025000000000000005,
  "sclerostin_std": 0.27600318365400006,
  "metadata_file": "metadata/040e21e7-8d8e-436e-832c-bbb499824bcc.json",
  "timeseries_file": "timeseries/040e21e7-8d8e-436e-832c-bbb499824bcc.csv"
}