{
  "run_id": "04e7f2e9-631e-4d3c-b21f-7610bd84f1cd",
  "timestamp": "2026-01-31T04:10:48.036991",
  "scenario": "ckd_mbd",
  "duration": 3600.0,
  "num_points": 361,
  "environment_params": {
    "Estrogen": 0.6159738464622988,
    "PTH": 198.16825339894513,
    "k_prod_Scl": 1.4809086676886654e-05,
    "k_deg_Scl": 4.635959297688679e-05,
    "k_prod_RANKL": 1.0808323573948952e-05,
    "k_prod_OPG": 7.911041536434545e-05,
    "Sclerostin_bone": 0.257106339500214,
    "RANKL_bone": 0.723654060128827,
    "OPG_bone": 3.3323129952666033,
    "MineralIon": 3.718734242028403,
    "k_prod_Mineral": 0.18524383509279102
  },
  "biosensor_config": {
    "circuit_type": "amplifying",
    "sensitivity": 11.056492121042448,
    "threshold": 0.00030894558773263315,
    "dynamic_range": [
      0.0,
      11.094676835001842
    ],
    "kd": 0.01349882510895921,
    "response_type": "hill",
    "receptor_concentration": 1.4732525721474774,
    "enzyme_concentration": 27.72898802447079,
    "amplification_gain": 1847.5199252963494,
    "response_time": 116.52975510895631
  },
  "noise_preset": "high",
  "noise_params": {
    "additive_sigma": 0.1,
    "multiplicative_sigma": 0.2,
    "drift_rate": 0.001,
    "outlier_probability": 0.01,
    "outlier_magnitude": 10.0,
    "shot_noise_enabled": true,
    "seed": null
  },
  "measurement": {
    "snr_db": 11.323957619589295,
    "n_detections": 361,
    "detection_rate": 1.0,
    "time_to_detection": 3427.6205968162203,
    "false_negative_rate": 0.0636361394062461,
    "max_signal": 19.32149100017186,
    "mean_signal": 12.827156921336481,
    "signal_std": 2.487695745434915,
    "has_noise": true
  },
  "false_negative_rate": 0.0636361394062461,
  "sclerostin_mean": 2.7728591913618006,
  "sclerostin_max": 3.1778194783252594,
  "sclerostin_min": 0.025000000000000005,
  "sclerostin_std": 0.25006398438603494,
  "metadata_file": "metadata/04e7f2e9-631e-4d3c-b21f-7610bd84f1cd.json",
  "timeseries_file": "timeseries/04e7f2e9-631e-4d3c-b21f-7610bd84f1cd.csv"
}