{
  "run_id": "05018aa1-21d2-4eba-bd19-30981cd8d91d",
  "timestamp": "2026-01-31T04:10:20.623375",
  "scenario": "pmo",
  "duration": 3600.0,
  "num_points": 361,
  "environment_params": {
    "Estrogen": 0.10098274785579243,
    "PTH": 77.26587760146279,
    "k_prod_Scl": 4.705168450256213e-06,
    "k_prod_RANKL": 1.6702041463956238e-05,
    "k_prod_OPG": 4.48521647123175e-05,
    "Sclerostin_bone": 0.13259664290900605,
    "RANKL_bone": 1.2851240470495706,
    "OPG_bone": 2.1721526051506634
  },
  "biosensor_config": {
    "circuit_type": "threshold",
    "sensitivity": 10.404610843782999,
    "threshold": 0.0014491725260209487,
    "dynamic_range": [
      0.0,
      10.65522755926599
    ],
    "kd": 0.6885353642557985,
    "response_type": "hill",
    "hill_coefficient": 6.35033979583372,
    "off_level": 0.2628770607706886,
    "on_level": 23.904748070279798
  },
  "noise_preset": "medium",
  "noise_params": {
    "additive_sigma": 0.03,
    "multiplicative_sigma": 0.06,
    "drift_rate": 0.0003,
    "outlier_probability": 0.003,
    "outlier_magnitude": 4.0,
    "shot_noise_enabled": false,
    "seed": null
  },
  "measurement": {
    "snr_db": 21.376930052197054,
    "n_detections": 361,
    "detection_rate": 1.0,
    "time_to_detection": 276.79805847303624,
    "false_negative_rate": 0.013376097518432403,
    "max_signal": 12.97556728301042,
    "mean_signal": 11.201108932786894,
    "signal_std": 0.9081642155306954,
    "has_noise": true
  },
  "false_negative_rate": 0.013376097518432403,
  "sclerostin_mean": 1.48847865250028,
  "sclerostin_max": 1.7625005611239866,
  "sclerostin_min": 0.025000000000000005,
  "sclerostin_std": 0.15859176757462198,
  "metadata_file": "metadata/05018aa1-21d2-4eba-bd19-30981cd8d91d.json",
  "timeseries_file": "timeseries/05018aa1-21d2-4eba-bd19-30981cd8d91d.csv"
}