{
  "run_id": "05796e79-2df6-46b6-9ac5-7cc32277fcd2",
  "timestamp": "2026-01-31T04:10:14.703665",
  "scenario": "healthy",
  "duration": 3600.0,
  "num_points": 361,
  "environment_params": {
    "Estrogen": 0.668711182705285,
    "PTH": 40.67388156317434,
    "k_prod_Scl": 4.326587457837324e-06,
    "k_prod_RANKL": 1.0991837574084952e-05,
    "k_prod_OPG": 9.527226638740804e-05,
    "Sclerostin_bone": 0.1048352886969038,
    "RANKL_bone": 0.7860160500026925,
    "OPG_bone": 7.39596700332231
  },
  "biosensor_config": {
    "circuit_type": "direct_binding",
    "sensitivity": 1.0004402203483238,
    "threshold": 0.003151852956226132,
    "dynamic_range": [
      0.0,
      14.086694394793374
    ],
    "kd": 0.1708855063113806,
    "response_type": "linear",
    "receptor_concentration": 1.8991441544391698,
    "kon": 21839.779807113428,
    "koff": 3732.101830067644
  },
  "noise_preset": "low",
  "noise_params": {
    "additive_sigma": 0.005,
    "multiplicative_sigma": 0.01,
    "drift_rate": 2e-05,
    "outlier_probability": 0.0002,
    "outlier_magnitude": 2.0,
    "shot_noise_enabled": false,
    "seed": null
  },
  "measurement": {
    "snr_db": 31.540953863244468,
    "n_detections": 361,
    "detection_rate": 1.0,
    "time_to_detection": 1983.5114044032493,
    "false_negative_rate": 0.014759783995684759,
    "max_signal": 1.775613728053088,
    "mean_signal": 1.673055465934083,
    "signal_std": 0.08223881283460376,
    "has_noise": true
  },
  "false_negative_rate": 0.014759783995684759,
  "sclerostin_mean": 1.0877812081224867,
  "sclerostin_max": 1.1735471317238266,
  "sclerostin_min": 0.025000000000000005,
  "sclerostin_std": 0.07024268906984131,
  "metadata_file": "metadata/05796e79-2df6-46b6-9ac5-7cc32277fcd2.json",
  "timeseries_file": "timeseries/05796e79-2df6-46b6-9ac5-7cc32277fcd2.csv"
}