{
  "run_id": "05e85dd7-340b-4932-91b0-233e77abd11c",
  "timestamp": "2026-05-17T01:54:28.425879",
  "scenario": "ckd_mbd",
  "duration": 3600.0,
  "num_points": 361,
  "environment_params": {
    "Estrogen": 0.6105128841869703,
    "PTH": 213.4675830759898,
    "k_prod_Scl": 1.0609305436112029e-05,
    "k_deg_Scl": 4.028275312764277e-05,
    "Sclerostin_bone": 0.17412688854260316,
    "k_prod_RANKL": 2.5231908348901067e-05,
    "k_deg_RANKL": 1.7151977453019585e-05,
    "RANKL_bone": 0.6949069782770849,
    "k_prod_OPG": 7.978457966955377e-05,
    "k_deg_OPG": 1.2873127666873148e-05,
    "OPG_bone": 4.305844010432335,
    "MineralIon": 4.470374721484814,
    "k_prod_Mineral": 0.1888335021512341,
    "k_loss_Mineral": 0.023908723749376564
  },
  "biosensor_config": {
    "circuit_type": "threshold",
    "sensitivity": 0.4625697495574666,
    "threshold": 0.00010485038689091164,
    "dynamic_range": [
      0.0,
      8.998033439466946
    ],
    "kd": 0.0760636534646073,
    "response_type": "michaelis_menten",
    "hill_coefficient": 3.4453977546130146,
    "off_level": 0.09006494733109538,
    "on_level": 27.541637280204895
  },
  "noise_preset": "medium",
  "noise_params": {
    "additive_sigma": 0.03,
    "multiplicative_sigma": 0.06,
    "drift_rate": 0.0002,
    "outlier_probability": 0.003,
    "outlier_magnitude": 4.0,
    "shot_noise_enabled": 0,
    "seed": null
  },
  "measurement": {
    "snr_db": 22.333874520574017,
    "n_detections": 361,
    "detection_rate": 1.0,
    "time_to_detection": 1327.3578955079638,
    "false_negative_rate": 0.016943464459878148,
    "max_signal": 11.182834437794423,
    "mean_signal": 9.35049381380836,
    "signal_std": 0.7340479399504255,
    "has_noise": 1
  },
  "false_negative_rate": 0.016943464459878148,
  "sclerostin_mean": 1.9018494307886735,
  "sclerostin_max": 2.198392840707679,
  "sclerostin_min": 0.025000000000000005,
  "sclerostin_std": 0.17927794016462997,
  "metadata_file": "metadata/05e85dd7-340b-4932-91b0-233e77abd11c.json",
  "timeseries_file": "timeseries/05e85dd7-340b-4932-91b0-233e77abd11c.csv"
}