{
  "run_id": "06236ff3-6ca5-47eb-8604-835ab34101db",
  "timestamp": "2026-05-17T01:58:21.810934",
  "scenario": "ckd_mbd",
  "duration": 3600.0,
  "num_points": 361,
  "environment_params": {
    "Estrogen": 0.713605059458129,
    "PTH": 185.70145470478997,
    "k_prod_Scl": 9.827425811714916e-06,
    "k_deg_Scl": 5.469877192288244e-05,
    "Sclerostin_bone": 0.1706832042377925,
    "k_prod_RANKL": 1.925014011456061e-05,
    "k_deg_RANKL": 2.0793356021620665e-05,
    "RANKL_bone": 0.8106481748901284,
    "k_prod_OPG": 8.98075593792916e-05,
    "k_deg_OPG": 2.6938698731903536e-05,
    "OPG_bone": 4.535953229809817,
    "MineralIon": 4.870051103113092,
    "k_prod_Mineral": 0.24121804579601125,
    "k_loss_Mineral": 0.02180709311069736
  },
  "biosensor_config": {
    "circuit_type": "direct_binding",
    "sensitivity": 1.1483814813515039,
    "threshold": 0.00030673319215704007,
    "dynamic_range": [
      0.0,
      8.000753494799392
    ],
    "kd": 0.43964715181648933,
    "response_type": "michaelis_menten",
    "receptor_concentration": 4.506962628897779,
    "kon": 6248.014851543811,
    "koff": 2746.921933988362
  },
  "noise_preset": "medium",
  "noise_params": {
    "additive_sigma": 0.03,
    "multiplicative_sigma": 0.06,
    "drift_rate": 0.0002,
    "outlier_probability": 0.003,
    "outlier_magnitude": 4.0,
    "shot_noise_enabled": 0,
    "seed": null
  },
  "measurement": {
    "snr_db": 7.709640834416147,
    "n_detections": 361,
    "detection_rate": 1.0,
    "time_to_detection": 2634.2882837533434,
    "false_negative_rate": 0.015074987088110576,
    "max_signal": 1.8365515482163557,
    "mean_signal": 1.3815555296364859,
    "signal_std": 0.22629366145945562,
    "has_noise": 1
  },
  "false_negative_rate": 0.015074987088110576,
  "sclerostin_mean": 1.8135835276002936,
  "sclerostin_max": 2.03369968692992,
  "sclerostin_min": 0.025000000000000005,
  "sclerostin_std": 0.14507886403082879,
  "metadata_file": "metadata/06236ff3-6ca5-47eb-8604-835ab34101db.json",
  "timeseries_file": "timeseries/06236ff3-6ca5-47eb-8604-835ab34101db.csv"
}