{
  "run_id": "0627c19e-a1b5-40e1-8307-36c62946eae7",
  "timestamp": "2026-01-31T04:10:34.871399",
  "scenario": "pmo",
  "duration": 3600.0,
  "num_points": 361,
  "environment_params": {
    "Estrogen": 0.09554656773852184,
    "PTH": 78.8861315400407,
    "k_prod_Scl": 8.109922944418289e-06,
    "k_prod_RANKL": 3.5419628096355634e-05,
    "k_prod_OPG": 5.824127225515249e-05,
    "Sclerostin_bone": 0.08603993185827374,
    "RANKL_bone": 2.0017209676184313,
    "OPG_bone": 1.6129718625854739
  },
  "biosensor_config": {
    "circuit_type": "amplifying",
    "sensitivity": 9.926078591602154,
    "threshold": 0.025241539331616488,
    "dynamic_range": [
      0.0,
      17.71528092967982
    ],
    "kd": 3.163618529693202,
    "response_type": "hill",
    "receptor_concentration": 4.360787790810626,
    "enzyme_concentration": 6.900849638392078,
    "amplification_gain": 4102.608864108948,
    "response_time": 483.112830135024
  },
  "noise_preset": "low",
  "noise_params": {
    "additive_sigma": 0.005,
    "multiplicative_sigma": 0.01,
    "drift_rate": 2e-05,
    "outlier_probability": 0.0002,
    "outlier_magnitude": 2.0,
    "shot_noise_enabled": false,
    "seed": null
  },
  "measurement": {
    "snr_db": 39.67285058936271,
    "n_detections": 360,
    "detection_rate": 0.997229916897507,
    "time_to_detection": 1707.8252707057686,
    "false_negative_rate": 0.0,
    "max_signal": 10.205729292821896,
    "mean_signal": 9.935313878289985,
    "signal_std": 0.5323870626070184,
    "has_noise": true
  },
  "false_negative_rate": 0.0,
  "sclerostin_mean": 1.1888694201175074,
  "sclerostin_max": 1.6654179820199528,
  "sclerostin_min": 0.025000000000000005,
  "sclerostin_std": 0.25082177878129636,
  "metadata_file": "metadata/0627c19e-a1b5-40e1-8307-36c62946eae7.json",
  "timeseries_file": "timeseries/0627c19e-a1b5-40e1-8307-36c62946eae7.csv"
}