{
  "run_id": "07bd4208-b8d0-465f-9a41-c3ed89cb32ca",
  "timestamp": "2026-01-31T04:10:16.195062",
  "scenario": "pmo",
  "duration": 3600.0,
  "num_points": 361,
  "environment_params": {
    "Estrogen": 0.16336382637769656,
    "PTH": 40.209524960361335,
    "k_prod_Scl": 6.175927907184009e-06,
    "k_prod_RANKL": 3.552800213550803e-05,
    "k_prod_OPG": 3.592844881196221e-05,
    "Sclerostin_bone": 0.09625637410273688,
    "RANKL_bone": 0.977605118878107,
    "OPG_bone": 2.554556172605299
  },
  "biosensor_config": {
    "circuit_type": "direct_binding",
    "sensitivity": 8.28125775259351,
    "threshold": 0.010482913908598086,
    "dynamic_range": [
      0.0,
      1.719866563015578
    ],
    "kd": 1.1128140999177007,
    "response_type": "linear",
    "receptor_concentration": 9.207611139284735,
    "kon": 353765.39774265996,
    "koff": 393675.1226710256
  },
  "noise_preset": "medium",
  "noise_params": {
    "additive_sigma": 0.03,
    "multiplicative_sigma": 0.06,
    "drift_rate": 0.0003,
    "outlier_probability": 0.003,
    "outlier_magnitude": 4.0,
    "shot_noise_enabled": false,
    "seed": null
  },
  "measurement": {
    "snr_db": 8.583091182313929,
    "n_detections": 361,
    "detection_rate": 1.0,
    "time_to_detection": 2654.011987194764,
    "false_negative_rate": 0.05472206722323854,
    "max_signal": 3.0677451168321115,
    "mean_signal": 2.2691705253331245,
    "signal_std": 0.32870009932785066,
    "has_noise": true
  },
  "false_negative_rate": 0.05472206722323854,
  "sclerostin_mean": 1.1674411248049956,
  "sclerostin_max": 1.4780964937026615,
  "sclerostin_min": 0.025000000000000005,
  "sclerostin_std": 0.1690208319201494,
  "metadata_file": "metadata/07bd4208-b8d0-465f-9a41-c3ed89cb32ca.json",
  "timeseries_file": "timeseries/07bd4208-b8d0-465f-9a41-c3ed89cb32ca.csv"
}