{
  "run_id": "083fbe17-79b4-46f7-9275-d51b3e008459",
  "timestamp": "2026-01-31T04:10:00.789339",
  "scenario": "healthy",
  "duration": 3600.0,
  "num_points": 361,
  "environment_params": {
    "Estrogen": 0.9146667772976521,
    "PTH": 54.02903027394308,
    "k_prod_Scl": 4.201279455197155e-06,
    "k_prod_RANKL": 1.3454986665557752e-05,
    "k_prod_OPG": 0.00011929283805278996,
    "Sclerostin_bone": 0.04983755435974798,
    "RANKL_bone": 0.6080165284931586,
    "OPG_bone": 6.200966078342992
  },
  "biosensor_config": {
    "circuit_type": "threshold",
    "sensitivity": 7.662914259968419,
    "threshold": 0.017272999149605457,
    "dynamic_range": [
      0.0,
      2.0201072121317676
    ],
    "kd": 0.015613625965356865,
    "response_type": "hill",
    "hill_coefficient": 4.564403659721678,
    "off_level": 0.16490302764267314,
    "on_level": 13.560498623923156
  },
  "noise_preset": "medium",
  "noise_params": {
    "additive_sigma": 0.03,
    "multiplicative_sigma": 0.06,
    "drift_rate": 0.0003,
    "outlier_probability": 0.003,
    "outlier_magnitude": 4.0,
    "shot_noise_enabled": false,
    "seed": null
  },
  "measurement": {
    "snr_db": 10.119286665014569,
    "n_detections": 361,
    "detection_rate": 1.0,
    "time_to_detection": 2977.6749924366554,
    "false_negative_rate": 0.011524698168101834,
    "max_signal": 3.4109760351332423,
    "mean_signal": 2.5566729712594007,
    "signal_std": 0.33033968070340575,
    "has_noise": true
  },
  "false_negative_rate": 0.011524698168101834,
  "sclerostin_mean": 0.5407567565915398,
  "sclerostin_max": 0.5967134536010482,
  "sclerostin_min": 0.025000000000000005,
  "sclerostin_std": 0.038996687374231224,
  "metadata_file": "metadata/083fbe17-79b4-46f7-9275-d51b3e008459.json",
  "timeseries_file": "timeseries/083fbe17-79b4-46f7-9275-d51b3e008459.csv"
}