{
  "run_id": "089502c1-399e-4ebf-b85a-2f5d4f7d1775",
  "timestamp": "2026-01-31T04:09:50.708515",
  "scenario": "healthy",
  "duration": 3600.0,
  "num_points": 361,
  "environment_params": {
    "Estrogen": 0.7595265086730598,
    "PTH": 54.965523906403675,
    "k_prod_Scl": 4.568267507350025e-06,
    "k_prod_RANKL": 1.0058876496889575e-05,
    "k_prod_OPG": 0.00011504720106125014,
    "Sclerostin_bone": 0.06322151230740626,
    "RANKL_bone": 0.6816492797963488,
    "OPG_bone": 6.275335028748271
  },
  "biosensor_config": {
    "circuit_type": "ratiometric",
    "sensitivity": 4.555456372379678,
    "threshold": 0.00014568018124019145,
    "dynamic_range": [
      0.0,
      7.157129118425223
    ],
    "kd": 0.04091914984957437,
    "response_type": "hill",
    "reference_kd": 0.07885040193195175,
    "ratio_exponent": 2.676708495847776
  },
  "noise_preset": "high",
  "noise_params": {
    "additive_sigma": 0.1,
    "multiplicative_sigma": 0.2,
    "drift_rate": 0.001,
    "outlier_probability": 0.01,
    "outlier_magnitude": 10.0,
    "shot_noise_enabled": true,
    "seed": null
  },
  "measurement": {
    "snr_db": 5.987370131196139,
    "n_detections": 361,
    "detection_rate": 1.0,
    "time_to_detection": 2639.3842292190625,
    "false_negative_rate": 0.006797213536345828,
    "max_signal": 9.890070096476368,
    "mean_signal": 6.352293900680023,
    "signal_std": 1.4139550423388756,
    "has_noise": true
  },
  "false_negative_rate": 0.006797213536345828,
  "sclerostin_mean": 0.6860914456682715,
  "sclerostin_max": 0.7662197446184911,
  "sclerostin_min": 0.025000000000000005,
  "sclerostin_std": 0.05316973934081081,
  "metadata_file": "metadata/089502c1-399e-4ebf-b85a-2f5d4f7d1775.json",
  "timeseries_file": "timeseries/089502c1-399e-4ebf-b85a-2f5d4f7d1775.csv"
}