{
  "run_id": "09455d6a-182f-4109-ad51-27f0c31ffe6e",
  "timestamp": "2026-05-17T01:48:47.584543",
  "scenario": "ckd_mbd",
  "duration": 3600.0,
  "num_points": 361,
  "environment_params": {
    "Estrogen": 0.5564326671104294,
    "PTH": 170.0679324299941,
    "k_prod_Scl": 1.3266006775999937e-05,
    "k_deg_Scl": 6.845753109467093e-05,
    "Sclerostin_bone": 0.1134761107239999,
    "k_prod_RANKL": 1.6832480333615223e-05,
    "k_deg_RANKL": 2.4252719593379967e-05,
    "RANKL_bone": 0.7501203974359612,
    "k_prod_OPG": 8.987019310125041e-05,
    "k_deg_OPG": 2.231218868199313e-05,
    "OPG_bone": 3.4727918492621743,
    "MineralIon": 2.6462122029658848,
    "k_prod_Mineral": 0.14672464302701338,
    "k_loss_Mineral": 0.020819197403502437
  },
  "biosensor_config": {
    "circuit_type": "ratiometric",
    "sensitivity": 14.932425567582523,
    "threshold": 0.00022451623109731578,
    "dynamic_range": [
      0.0,
      5.40138648677937
    ],
    "kd": 2.5955377806006057,
    "response_type": "linear",
    "reference_kd": 0.7050262801852091,
    "ratio_exponent": 0.3633710771805723
  },
  "noise_preset": "medium",
  "noise_params": {
    "additive_sigma": 0.03,
    "multiplicative_sigma": 0.06,
    "drift_rate": 0.0002,
    "outlier_probability": 0.003,
    "outlier_magnitude": 4.0,
    "shot_noise_enabled": 0,
    "seed": null
  },
  "measurement": {
    "snr_db": 20.188521449663227,
    "n_detections": 361,
    "detection_rate": 1.0,
    "time_to_detection": 568.0117038171172,
    "false_negative_rate": 0.06001209302209269,
    "max_signal": 7.0491462037972905,
    "mean_signal": 5.743117535935173,
    "signal_std": 0.40320729250084025,
    "has_noise": 1
  },
  "false_negative_rate": 0.06001209302209269,
  "sclerostin_mean": 1.395553568759957,
  "sclerostin_max": 1.7951958942590132,
  "sclerostin_min": 0.025000000000000005,
  "sclerostin_std": 0.21573730806230382,
  "metadata_file": "metadata/09455d6a-182f-4109-ad51-27f0c31ffe6e.json",
  "timeseries_file": "timeseries/09455d6a-182f-4109-ad51-27f0c31ffe6e.csv"
}