{
  "run_id": "09968343-1241-4747-902d-90957d03488e",
  "timestamp": "2026-05-17T01:48:44.747541",
  "scenario": "healthy",
  "duration": 3600.0,
  "num_points": 361,
  "environment_params": {
    "Estrogen": 0.8877756260730699,
    "PTH": 26.397757061252218,
    "k_prod_Scl": 3.2502640633604814e-06,
    "k_deg_Scl": 6.78701391074936e-05,
    "Sclerostin_bone": 0.08115936026240345,
    "k_prod_RANKL": 9.578886703735655e-06,
    "k_deg_RANKL": 2.3394623694930476e-05,
    "RANKL_bone": 0.5286385673362223,
    "k_prod_OPG": 7.186729398560334e-05,
    "k_deg_OPG": 1.6087261984200776e-05,
    "OPG_bone": 4.997116663223921,
    "MineralIon": 2.2999356939615265,
    "k_prod_Mineral": 0.11617644318218064,
    "k_loss_Mineral": 0.06044218392994175
  },
  "biosensor_config": {
    "circuit_type": "ratiometric",
    "sensitivity": 13.71035017369913,
    "threshold": 0.01313286996135176,
    "dynamic_range": [
      0.0,
      2.751263593652541
    ],
    "kd": 3.5302325131591883,
    "response_type": "hill",
    "reference_kd": 0.09517698561795451,
    "ratio_exponent": 2.0105096917360097
  },
  "noise_preset": "medium",
  "noise_params": {
    "additive_sigma": 0.03,
    "multiplicative_sigma": 0.06,
    "drift_rate": 0.0002,
    "outlier_probability": 0.003,
    "outlier_magnitude": 4.0,
    "shot_noise_enabled": 0,
    "seed": null
  },
  "measurement": {
    "snr_db": 15.771273264808327,
    "n_detections": 361,
    "detection_rate": 1.0,
    "time_to_detection": 2638.924034965071,
    "false_negative_rate": 0.0022933058589337985,
    "max_signal": 3.7731712723107362,
    "mean_signal": 3.1079737758593273,
    "signal_std": 0.27051064395950514,
    "has_noise": 1
  },
  "false_negative_rate": 0.0022933058589337985,
  "sclerostin_mean": 0.8284573946186955,
  "sclerostin_max": 0.8687181398718055,
  "sclerostin_min": 0.025000000000000005,
  "sclerostin_std": 0.04655545043880807,
  "metadata_file": "metadata/09968343-1241-4747-902d-90957d03488e.json",
  "timeseries_file": "timeseries/09968343-1241-4747-902d-90957d03488e.csv"
}