{
  "run_id": "0af405ad-50dc-426a-ad6a-4b8edda5bcbd",
  "timestamp": "2026-01-31T04:10:31.786153",
  "scenario": "healthy",
  "duration": 3600.0,
  "num_points": 361,
  "environment_params": {
    "Estrogen": 1.0133988842737793,
    "PTH": 41.02635093170014,
    "k_prod_Scl": 3.394084245181633e-06,
    "k_prod_RANKL": 7.425089952825412e-06,
    "k_prod_OPG": 0.00010626105938158147,
    "Sclerostin_bone": 0.05164769422355828,
    "RANKL_bone": 0.4663157682516088,
    "OPG_bone": 9.133308292367278
  },
  "biosensor_config": {
    "circuit_type": "amplifying",
    "sensitivity": 5.500828356704955,
    "threshold": 0.008464866634617242,
    "dynamic_range": [
      0.0,
      1.5719356177483226
    ],
    "kd": 0.01037178235181645,
    "response_type": "hill",
    "receptor_concentration": 1.671311092978202,
    "enzyme_concentration": 6.10003087292701,
    "amplification_gain": 8343.187660602154,
    "response_time": 144.13787670022225
  },
  "noise_preset": "medium",
  "noise_params": {
    "additive_sigma": 0.03,
    "multiplicative_sigma": 0.06,
    "drift_rate": 0.0003,
    "outlier_probability": 0.003,
    "outlier_magnitude": 4.0,
    "shot_noise_enabled": false,
    "seed": null
  },
  "measurement": {
    "snr_db": 7.963397768634791,
    "n_detections": 360,
    "detection_rate": 0.997229916897507,
    "time_to_detection": 2149.111352091474,
    "false_negative_rate": 0.00427245341888566,
    "max_signal": 2.749792332337062,
    "mean_signal": 2.107549046484718,
    "signal_std": 0.33735412028674455,
    "has_noise": true
  },
  "false_negative_rate": 0.00427245341888566,
  "sclerostin_mean": 0.5439779309940229,
  "sclerostin_max": 0.580556361786486,
  "sclerostin_min": 0.025000000000000005,
  "sclerostin_std": 0.032722836406681687,
  "metadata_file": "metadata/0af405ad-50dc-426a-ad6a-4b8edda5bcbd.json",
  "timeseries_file": "timeseries/0af405ad-50dc-426a-ad6a-4b8edda5bcbd.csv"
}