{
  "run_id": "0b2188c2-74c3-4f9c-9f7d-597b4f1da500",
  "timestamp": "2026-01-31T04:10:21.284532",
  "scenario": "ckd_mbd",
  "duration": 3600.0,
  "num_points": 361,
  "environment_params": {
    "Estrogen": 0.8044952260504195,
    "PTH": 312.6078105058154,
    "k_prod_Scl": 1.7931733057902356e-05,
    "k_deg_Scl": 3.983455036719515e-05,
    "k_prod_RANKL": 1.899064643689895e-05,
    "k_prod_OPG": 7.870639483732713e-05,
    "Sclerostin_bone": 0.20879551141159683,
    "RANKL_bone": 0.9541220139293538,
    "OPG_bone": 3.122154727314075,
    "MineralIon": 5.529741565183297,
    "k_prod_Mineral": 0.22814815553884407
  },
  "biosensor_config": {
    "circuit_type": "threshold",
    "sensitivity": 1.0866187059061962,
    "threshold": 6.560969969971343e-05,
    "dynamic_range": [
      0.0,
      9.397917576950832
    ],
    "kd": 0.21518032639443713,
    "response_type": "linear",
    "hill_coefficient": 5.788383253138343,
    "off_level": 0.6111449911319976,
    "on_level": 23.41738503489431
  },
  "noise_preset": "medium",
  "noise_params": {
    "additive_sigma": 0.03,
    "multiplicative_sigma": 0.06,
    "drift_rate": 0.0003,
    "outlier_probability": 0.003,
    "outlier_magnitude": 4.0,
    "shot_noise_enabled": false,
    "seed": null
  },
  "measurement": {
    "snr_db": 20.943023716383674,
    "n_detections": 361,
    "detection_rate": 1.0,
    "time_to_detection": 907.9957470726289,
    "false_negative_rate": 0.02155472940538709,
    "max_signal": 11.958931567708678,
    "mean_signal": 9.899995622522457,
    "signal_std": 0.8192445073053662,
    "has_noise": true
  },
  "false_negative_rate": 0.02155472940538709,
  "sclerostin_mean": 2.2783345616114747,
  "sclerostin_max": 2.6375089614152056,
  "sclerostin_min": 0.025000000000000005,
  "sclerostin_std": 0.21659765121582145,
  "metadata_file": "metadata/0b2188c2-74c3-4f9c-9f7d-597b4f1da500.json",
  "timeseries_file": "timeseries/0b2188c2-74c3-4f9c-9f7d-597b4f1da500.csv"
}