{
  "run_id": "0bf94140-cced-428e-a1f7-8189dc132015",
  "timestamp": "2026-01-31T04:10:51.152326",
  "scenario": "pmo",
  "duration": 3600.0,
  "num_points": 361,
  "environment_params": {
    "Estrogen": 0.14310964794993403,
    "PTH": 55.87833249448996,
    "k_prod_Scl": 6.060384574185621e-06,
    "k_prod_RANKL": 3.964184546378433e-05,
    "k_prod_OPG": 5.1790115585511035e-05,
    "Sclerostin_bone": 0.0921324028345323,
    "RANKL_bone": 1.24767875750313,
    "OPG_bone": 2.2379988090568217
  },
  "biosensor_config": {
    "circuit_type": "direct_binding",
    "sensitivity": 47.09457837649736,
    "threshold": 0.018693415626876684,
    "dynamic_range": [
      0.0,
      9.935724807196795
    ],
    "kd": 0.04737585014018958,
    "response_type": "hill",
    "receptor_concentration": 1.0782844964942537,
    "kon": 44839.713621307834,
    "koff": 2124.3195528520973
  },
  "noise_preset": "medium",
  "noise_params": {
    "additive_sigma": 0.03,
    "multiplicative_sigma": 0.06,
    "drift_rate": 0.0003,
    "outlier_probability": 0.003,
    "outlier_magnitude": 4.0,
    "shot_noise_enabled": false,
    "seed": null
  },
  "measurement": {
    "snr_db": 21.074650294476033,
    "n_detections": 361,
    "detection_rate": 1.0,
    "time_to_detection": 2030.1870325042619,
    "false_negative_rate": 0.04178059088685222,
    "max_signal": 12.58737737774822,
    "mean_signal": 10.44147788081275,
    "signal_std": 0.7176352081573864,
    "has_noise": true
  },
  "false_negative_rate": 0.04178059088685222,
  "sclerostin_mean": 1.1384751783129534,
  "sclerostin_max": 1.4636289683205268,
  "sclerostin_min": 0.025000000000000005,
  "sclerostin_std": 0.17553912422879095,
  "metadata_file": "metadata/0bf94140-cced-428e-a1f7-8189dc132015.json",
  "timeseries_file": "timeseries/0bf94140-cced-428e-a1f7-8189dc132015.csv"
}