{
  "run_id": "0c11f46a-db22-4d15-b357-b0b0e16f7c5b",
  "timestamp": "2026-01-31T04:11:04.361415",
  "scenario": "pmo",
  "duration": 3600.0,
  "num_points": 361,
  "environment_params": {
    "Estrogen": 0.14938398562795419,
    "PTH": 70.57174026355496,
    "k_prod_Scl": 5.784869673809128e-06,
    "k_prod_RANKL": 2.9623288840043853e-05,
    "k_prod_OPG": 3.2197303916409614e-05,
    "Sclerostin_bone": 0.10252443289170121,
    "RANKL_bone": 0.9491404307144701,
    "OPG_bone": 2.849885954541266
  },
  "biosensor_config": {
    "circuit_type": "amplifying",
    "sensitivity": 1.2848534455139295,
    "threshold": 0.0040503311021340485,
    "dynamic_range": [
      0.0,
      11.809269921980208
    ],
    "kd": 0.03832049854215184,
    "response_type": "michaelis_menten",
    "receptor_concentration": 4.109060985350748,
    "enzyme_concentration": 1.524459819914071,
    "amplification_gain": 8851.51179984948,
    "response_time": 307.26715370505576
  },
  "noise_preset": "medium",
  "noise_params": {
    "additive_sigma": 0.03,
    "multiplicative_sigma": 0.06,
    "drift_rate": 0.0003,
    "outlier_probability": 0.003,
    "outlier_magnitude": 4.0,
    "shot_noise_enabled": false,
    "seed": null
  },
  "measurement": {
    "snr_db": 6.202340594437004,
    "n_detections": 360,
    "detection_rate": 0.997229916897507,
    "time_to_detection": 682.7811975508016,
    "false_negative_rate": 0.06214348183403248,
    "max_signal": 2.5593328045043267,
    "mean_signal": 1.8174086309593778,
    "signal_std": 0.34007662694332286,
    "has_noise": true
  },
  "false_negative_rate": 0.06214348183403248,
  "sclerostin_mean": 1.2319955744789128,
  "sclerostin_max": 1.549314607649444,
  "sclerostin_min": 0.025000000000000005,
  "sclerostin_std": 0.17333258065496412,
  "metadata_file": "metadata/0c11f46a-db22-4d15-b357-b0b0e16f7c5b.json",
  "timeseries_file": "timeseries/0c11f46a-db22-4d15-b357-b0b0e16f7c5b.csv"
}