{
  "run_id": "0cb9085a-5503-4533-bb69-e1513d452be5",
  "timestamp": "2026-05-17T01:58:33.129844",
  "scenario": "pmo",
  "duration": 3600.0,
  "num_points": 361,
  "environment_params": {
    "Estrogen": 0.22573988703356365,
    "PTH": 62.4733907126968,
    "k_prod_Scl": 5.837595528373489e-06,
    "k_deg_Scl": 7.45162518873435e-05,
    "Sclerostin_bone": 0.073338248763597,
    "k_prod_RANKL": 2.0447955761405057e-05,
    "k_deg_RANKL": 1.787164083232288e-05,
    "RANKL_bone": 1.0366008137095113,
    "k_prod_OPG": 8.59254641372338e-05,
    "k_deg_OPG": 1.878799154356518e-05,
    "OPG_bone": 3.343995981389792,
    "MineralIon": 2.764911716601893,
    "k_prod_Mineral": 0.09715094827608753,
    "k_loss_Mineral": 0.05756146005328097
  },
  "biosensor_config": {
    "circuit_type": "amplifying",
    "sensitivity": 9.140016643113867,
    "threshold": 6.378538235566921e-05,
    "dynamic_range": [
      0.0,
      8.410888862985802
    ],
    "kd": 0.015163819122616879,
    "response_type": "linear",
    "receptor_concentration": 1.968092308095603,
    "enzyme_concentration": 2.2405896551022857,
    "amplification_gain": 4692.97343868698,
    "response_time": 393.92440825906806
  },
  "noise_preset": "medium",
  "noise_params": {
    "additive_sigma": 0.03,
    "multiplicative_sigma": 0.06,
    "drift_rate": 0.0002,
    "outlier_probability": 0.003,
    "outlier_magnitude": 4.0,
    "shot_noise_enabled": 0,
    "seed": null
  },
  "measurement": {
    "snr_db": 21.90627597226788,
    "n_detections": 360,
    "detection_rate": 0.997229916897507,
    "time_to_detection": 3177.3936914584506,
    "false_negative_rate": 0.036965393019568214,
    "max_signal": 10.028763221903162,
    "mean_signal": 8.767399590454882,
    "signal_std": 0.7236689393199174,
    "has_noise": 1
  },
  "false_negative_rate": 0.036965393019568214,
  "sclerostin_mean": 0.9282199395869258,
  "sclerostin_max": 1.211370013864226,
  "sclerostin_min": 0.025000000000000005,
  "sclerostin_std": 0.15179006515689106,
  "metadata_file": "metadata/0cb9085a-5503-4533-bb69-e1513d452be5.json",
  "timeseries_file": "timeseries/0cb9085a-5503-4533-bb69-e1513d452be5.csv"
}