{
  "run_id": "0d1cfa30-77a6-46f5-a98d-184fcb891e30",
  "timestamp": "2026-01-31T04:11:10.139295",
  "scenario": "pmo",
  "duration": 3600.0,
  "num_points": 361,
  "environment_params": {
    "Estrogen": 0.128141090311647,
    "PTH": 53.6090778440788,
    "k_prod_Scl": 6.086963887866111e-06,
    "k_prod_RANKL": 2.2837657563543e-05,
    "k_prod_OPG": 4.4736191380729576e-05,
    "Sclerostin_bone": 0.10826886327533801,
    "RANKL_bone": 0.9983776169147898,
    "OPG_bone": 1.5453385502013786
  },
  "biosensor_config": {
    "circuit_type": "threshold",
    "sensitivity": 2.6448041787742236,
    "threshold": 0.0011316272854918143,
    "dynamic_range": [
      0.0,
      3.0956649261983076
    ],
    "kd": 0.3940619201733903,
    "response_type": "michaelis_menten",
    "hill_coefficient": 4.898760008362519,
    "off_level": 0.48287480300723157,
    "on_level": 26.313541979746507
  },
  "noise_preset": "low",
  "noise_params": {
    "additive_sigma": 0.005,
    "multiplicative_sigma": 0.01,
    "drift_rate": 2e-05,
    "outlier_probability": 0.0002,
    "outlier_magnitude": 2.0,
    "shot_noise_enabled": false,
    "seed": null
  },
  "measurement": {
    "snr_db": 35.426699826491316,
    "n_detections": 361,
    "detection_rate": 1.0,
    "time_to_detection": 279.61770289388284,
    "false_negative_rate": 0.03422380432020937,
    "max_signal": 3.2344877726888344,
    "mean_signal": 3.124581325495351,
    "signal_std": 0.14405764818324657,
    "has_noise": true
  },
  "false_negative_rate": 0.03422380432020937,
  "sclerostin_mean": 1.2949946964554884,
  "sclerostin_max": 1.623511061706689,
  "sclerostin_min": 0.025000000000000005,
  "sclerostin_std": 0.179821398476229,
  "metadata_file": "metadata/0d1cfa30-77a6-46f5-a98d-184fcb891e30.json",
  "timeseries_file": "timeseries/0d1cfa30-77a6-46f5-a98d-184fcb891e30.csv"
}