{
  "run_id": "0db25fe1-7f2b-4b9f-99d7-2b6de853a387",
  "timestamp": "2026-05-17T01:48:53.148651",
  "scenario": "ckd_mbd",
  "duration": 3600.0,
  "num_points": 361,
  "environment_params": {
    "Estrogen": 0.5604955238427284,
    "PTH": 130.18287496182043,
    "k_prod_Scl": 1.2769331879234609e-05,
    "k_deg_Scl": 5.804168249130108e-05,
    "Sclerostin_bone": 0.12095348999698483,
    "k_prod_RANKL": 1.940926467836443e-05,
    "k_deg_RANKL": 2.0597933779312282e-05,
    "RANKL_bone": 0.7655915756802741,
    "k_prod_OPG": 7.444577889013226e-05,
    "k_deg_OPG": 1.831551783242557e-05,
    "OPG_bone": 6.793338659503389,
    "MineralIon": 2.787579968635125,
    "k_prod_Mineral": 0.16271228574818644,
    "k_loss_Mineral": 0.016699458151579687
  },
  "biosensor_config": {
    "circuit_type": "direct_binding",
    "sensitivity": 4.913646097434318,
    "threshold": 0.003231437399354857,
    "dynamic_range": [
      0.0,
      2.3536354683106455
    ],
    "kd": 0.04115559351657505,
    "response_type": "hill",
    "receptor_concentration": 3.222338722728358,
    "kon": 76202.007917671,
    "koff": 3136.138863006501
  },
  "noise_preset": "medium",
  "noise_params": {
    "additive_sigma": 0.03,
    "multiplicative_sigma": 0.06,
    "drift_rate": 0.0002,
    "outlier_probability": 0.003,
    "outlier_magnitude": 4.0,
    "shot_noise_enabled": 0,
    "seed": null
  },
  "measurement": {
    "snr_db": 14.723597408200728,
    "n_detections": 361,
    "detection_rate": 1.0,
    "time_to_detection": 2116.1570554587383,
    "false_negative_rate": 0.04239702489643166,
    "max_signal": 3.2480851324100963,
    "mean_signal": 2.7115522903474365,
    "signal_std": 0.24204238962141908,
    "has_noise": 1
  },
  "false_negative_rate": 0.04239702489643166,
  "sclerostin_mean": 1.4454409396085277,
  "sclerostin_max": 1.8148269720692516,
  "sclerostin_min": 0.025000000000000005,
  "sclerostin_std": 0.2020379881514378,
  "metadata_file": "metadata/0db25fe1-7f2b-4b9f-99d7-2b6de853a387.json",
  "timeseries_file": "timeseries/0db25fe1-7f2b-4b9f-99d7-2b6de853a387.csv"
}