{
  "run_id": "0dcc82ef-034d-4d78-83a7-1778d0bef204",
  "timestamp": "2026-01-31T04:10:10.775503",
  "scenario": "ckd_mbd",
  "duration": 3600.0,
  "num_points": 361,
  "environment_params": {
    "Estrogen": 0.5572025226808403,
    "PTH": 480.0609120941681,
    "k_prod_Scl": 1.1241813311054754e-05,
    "k_deg_Scl": 4.0908288582406204e-05,
    "k_prod_RANKL": 2.0938682314507247e-05,
    "k_prod_OPG": 7.934319888233641e-05,
    "Sclerostin_bone": 0.20178756245920226,
    "RANKL_bone": 0.9158967253401483,
    "OPG_bone": 5.700515110109646,
    "MineralIon": 5.187559360032469,
    "k_prod_Mineral": 0.2047846908244558
  },
  "biosensor_config": {
    "circuit_type": "direct_binding",
    "sensitivity": 3.4035618762986486,
    "threshold": 9.879567487025964e-05,
    "dynamic_range": [
      0.0,
      9.445481644383156
    ],
    "kd": 1.697732530428962,
    "response_type": "linear",
    "receptor_concentration": 8.114589912737431,
    "kon": 1075421.1430994452,
    "koff": 1825777.458551028
  },
  "noise_preset": "low",
  "noise_params": {
    "additive_sigma": 0.005,
    "multiplicative_sigma": 0.01,
    "drift_rate": 2e-05,
    "outlier_probability": 0.0002,
    "outlier_magnitude": 2.0,
    "shot_noise_enabled": false,
    "seed": null
  },
  "measurement": {
    "snr_db": 38.79881447557879,
    "n_detections": 361,
    "detection_rate": 1.0,
    "time_to_detection": 1317.139070177694,
    "false_negative_rate": 0.008370128396903216,
    "max_signal": 9.78536847236011,
    "mean_signal": 9.463421421987794,
    "signal_std": 0.4875241670596747,
    "has_noise": true
  },
  "false_negative_rate": 0.008370128396903216,
  "sclerostin_mean": 2.218138354421658,
  "sclerostin_max": 2.5868460367026826,
  "sclerostin_min": 0.025000000000000005,
  "sclerostin_std": 0.21909828564290018,
  "metadata_file": "metadata/0dcc82ef-034d-4d78-83a7-1778d0bef204.json",
  "timeseries_file": "timeseries/0dcc82ef-034d-4d78-83a7-1778d0bef204.csv"
}