{
  "run_id": "0ec2a261-4127-4160-8a55-407988b5e12f",
  "timestamp": "2026-01-31T04:09:50.443518",
  "scenario": "healthy",
  "duration": 3600.0,
  "num_points": 361,
  "environment_params": {
    "Estrogen": 0.750160223375337,
    "PTH": 41.582459800008934,
    "k_prod_Scl": 2.521369171517573e-06,
    "k_prod_RANKL": 1.6994618618449455e-05,
    "k_prod_OPG": 0.0001227608983343223,
    "Sclerostin_bone": 0.045309423837392636,
    "RANKL_bone": 0.7375092422414575,
    "OPG_bone": 7.981265206061739
  },
  "biosensor_config": {
    "circuit_type": "ratiometric",
    "sensitivity": 2.3361874898058166,
    "threshold": 0.007332796980499132,
    "dynamic_range": [
      0.0,
      4.695123905049858
    ],
    "kd": 4.789323001575327,
    "response_type": "linear",
    "reference_kd": 1.352135096858427,
    "ratio_exponent": 2.08049946997036
  },
  "noise_preset": "medium",
  "noise_params": {
    "additive_sigma": 0.03,
    "multiplicative_sigma": 0.06,
    "drift_rate": 0.0003,
    "outlier_probability": 0.003,
    "outlier_magnitude": 4.0,
    "shot_noise_enabled": false,
    "seed": null
  },
  "measurement": {
    "snr_db": 16.54804128203869,
    "n_detections": 361,
    "detection_rate": 1.0,
    "time_to_detection": 2731.546063627763,
    "false_negative_rate": 0.016834944700317097,
    "max_signal": 6.384271369565694,
    "mean_signal": 5.242108018540105,
    "signal_std": 0.4346115831740396,
    "has_noise": true
  },
  "false_negative_rate": 0.016834944700317097,
  "sclerostin_mean": 0.4883026165905288,
  "sclerostin_max": 0.5315796671846577,
  "sclerostin_min": 0.025000000000000005,
  "sclerostin_std": 0.0325444206773351,
  "metadata_file": "metadata/0ec2a261-4127-4160-8a55-407988b5e12f.json",
  "timeseries_file": "timeseries/0ec2a261-4127-4160-8a55-407988b5e12f.csv"
}