{
  "run_id": "0f524dbb-5278-489d-8c4b-1aa5d8fd1bdf",
  "timestamp": "2026-01-31T04:10:38.376661",
  "scenario": "ckd_mbd",
  "duration": 3600.0,
  "num_points": 361,
  "environment_params": {
    "Estrogen": 0.7901750389821981,
    "PTH": 339.612853170949,
    "k_prod_Scl": 1.4976305767228274e-05,
    "k_deg_Scl": 4.836175817350531e-05,
    "k_prod_RANKL": 2.5771244368519727e-05,
    "k_prod_OPG": 9.428576441564428e-05,
    "Sclerostin_bone": 0.37459189032376594,
    "RANKL_bone": 0.6505066834297263,
    "OPG_bone": 4.063904623110708,
    "MineralIon": 3.5666112280963373,
    "k_prod_Mineral": 0.18185036858094342
  },
  "biosensor_config": {
    "circuit_type": "direct_binding",
    "sensitivity": 2.832743116344372,
    "threshold": 0.025355603955054817,
    "dynamic_range": [
      0.0,
      3.441043461576992
    ],
    "kd": 0.019361288213149683,
    "response_type": "linear",
    "receptor_concentration": 3.432374810341626,
    "kon": 80902.7809497316,
    "koff": 1566.3820592130692
  },
  "noise_preset": "high",
  "noise_params": {
    "additive_sigma": 0.1,
    "multiplicative_sigma": 0.2,
    "drift_rate": 0.001,
    "outlier_probability": 0.01,
    "outlier_magnitude": 10.0,
    "shot_noise_enabled": true,
    "seed": null
  },
  "measurement": {
    "snr_db": 3.899154059296997,
    "n_detections": 361,
    "detection_rate": 1.0,
    "time_to_detection": 5621.493906704619,
    "false_negative_rate": 0.005455475429828951,
    "max_signal": 8.635301478787877,
    "mean_signal": 5.21588453596378,
    "signal_std": 1.2940553022324452,
    "has_noise": true
  },
  "false_negative_rate": 0.005455475429828951,
  "sclerostin_mean": 3.8254397229657164,
  "sclerostin_max": 4.132334208858437,
  "sclerostin_min": 0.025000000000000005,
  "sclerostin_std": 0.2512706962959287,
  "metadata_file": "metadata/0f524dbb-5278-489d-8c4b-1aa5d8fd1bdf.json",
  "timeseries_file": "timeseries/0f524dbb-5278-489d-8c4b-1aa5d8fd1bdf.csv"
}