{
  "run_id": "0f529885-fbb8-4ece-91f9-e486cf898d8b",
  "timestamp": "2026-01-31T04:10:10.521429",
  "scenario": "healthy",
  "duration": 3600.0,
  "num_points": 361,
  "environment_params": {
    "Estrogen": 0.7887069506374617,
    "PTH": 51.276307629433944,
    "k_prod_Scl": 3.89331155170439e-06,
    "k_prod_RANKL": 1.0315370859102673e-05,
    "k_prod_OPG": 0.0001463008218310891,
    "Sclerostin_bone": 0.08789155791662964,
    "RANKL_bone": 0.5087188181563554,
    "OPG_bone": 8.117843310745023
  },
  "biosensor_config": {
    "circuit_type": "threshold",
    "sensitivity": 35.52248407342044,
    "threshold": 0.0009487250711167879,
    "dynamic_range": [
      0.0,
      17.72452595312387
    ],
    "kd": 0.01754488910158566,
    "response_type": "hill",
    "hill_coefficient": 3.259984571184124,
    "off_level": 0.13729876254281334,
    "on_level": 17.65098324179698
  },
  "noise_preset": "medium",
  "noise_params": {
    "additive_sigma": 0.03,
    "multiplicative_sigma": 0.06,
    "drift_rate": 0.0003,
    "outlier_probability": 0.003,
    "outlier_magnitude": 4.0,
    "shot_noise_enabled": false,
    "seed": null
  },
  "measurement": {
    "snr_db": 22.937471989290906,
    "n_detections": 361,
    "detection_rate": 1.0,
    "time_to_detection": 107.62769384117495,
    "false_negative_rate": 0.019041482529366726,
    "max_signal": 21.018704345260666,
    "mean_signal": 18.228188660789996,
    "signal_std": 1.143957918149871,
    "has_noise": true
  },
  "false_negative_rate": 0.019041482529366726,
  "sclerostin_mean": 0.9101981812482128,
  "sclerostin_max": 0.9740531818307655,
  "sclerostin_min": 0.025000000000000005,
  "sclerostin_std": 0.05625167949511574,
  "metadata_file": "metadata/0f529885-fbb8-4ece-91f9-e486cf898d8b.json",
  "timeseries_file": "timeseries/0f529885-fbb8-4ece-91f9-e486cf898d8b.csv"
}