{
  "run_id": "0fbc3dc8-34d1-4da9-8b48-53828bcb6968",
  "timestamp": "2026-01-31T04:10:17.483987",
  "scenario": "pmo",
  "duration": 3600.0,
  "num_points": 361,
  "environment_params": {
    "Estrogen": 0.17757256617569853,
    "PTH": 61.468565455689216,
    "k_prod_Scl": 4.459436135340109e-06,
    "k_prod_RANKL": 2.8510650612736046e-05,
    "k_prod_OPG": 7.248948621927605e-05,
    "Sclerostin_bone": 0.10003701735977442,
    "RANKL_bone": 1.0722405789351073,
    "OPG_bone": 2.56301183729677
  },
  "biosensor_config": {
    "circuit_type": "threshold",
    "sensitivity": 9.799952003162593,
    "threshold": 5.316598258402651e-05,
    "dynamic_range": [
      0.0,
      16.9718889130439
    ],
    "kd": 0.04555337009337537,
    "response_type": "linear",
    "hill_coefficient": 4.740785002670465,
    "off_level": 0.586561008995666,
    "on_level": 13.296270048034827
  },
  "noise_preset": "high",
  "noise_params": {
    "additive_sigma": 0.1,
    "multiplicative_sigma": 0.2,
    "drift_rate": 0.001,
    "outlier_probability": 0.01,
    "outlier_magnitude": 10.0,
    "shot_noise_enabled": true,
    "seed": null
  },
  "measurement": {
    "snr_db": 11.860489604628256,
    "n_detections": 361,
    "detection_rate": 1.0,
    "time_to_detection": 3527.064721888132,
    "false_negative_rate": 0.042306934306892904,
    "max_signal": 22.756580967457182,
    "mean_signal": 15.13310827864523,
    "signal_std": 2.9252565928227208,
    "has_noise": true
  },
  "false_negative_rate": 0.042306934306892904,
  "sclerostin_mean": 1.1469048112215,
  "sclerostin_max": 1.378827042773561,
  "sclerostin_min": 0.025000000000000005,
  "sclerostin_std": 0.1315016692151584,
  "metadata_file": "metadata/0fbc3dc8-34d1-4da9-8b48-53828bcb6968.json",
  "timeseries_file": "timeseries/0fbc3dc8-34d1-4da9-8b48-53828bcb6968.csv"
}