{
  "run_id": "0fc5ce3e-cb79-45b5-af35-b4fe40e475c6",
  "timestamp": "2026-05-17T01:40:37.696804",
  "scenario": "pmo",
  "duration": 3600.0,
  "num_points": 361,
  "environment_params": {
    "Estrogen": 0.23416871924083565,
    "PTH": 61.49820846329211,
    "k_prod_Scl": 6.834403426032776e-06,
    "k_deg_Scl": 5.9340280321055964e-05,
    "Sclerostin_bone": 0.07336561610796637,
    "k_prod_RANKL": 1.8070347964543872e-05,
    "k_deg_RANKL": 2.1152792004113914e-05,
    "RANKL_bone": 0.8292185602139641,
    "k_prod_OPG": 0.00010646859918189113,
    "k_deg_OPG": 1.9436577945548615e-05,
    "OPG_bone": 4.345649086419443,
    "MineralIon": 2.7676775911708247,
    "k_prod_Mineral": 0.0867570566225025,
    "k_loss_Mineral": 0.06262909015641022
  },
  "biosensor_config": {
    "circuit_type": "amplifying",
    "sensitivity": 6.4409913016392,
    "threshold": 0.0006111050800959194,
    "dynamic_range": [
      0.0,
      10.486695417204
    ],
    "kd": 1.9827390534126987,
    "response_type": "linear",
    "receptor_concentration": 3.9554210883397425,
    "enzyme_concentration": 11.23600451379679,
    "amplification_gain": 5548.325797774365,
    "response_time": 17.272214343130926
  },
  "biosensor_type": "amplifying",
  "noise_preset": "medium",
  "noise_params": {
    "additive_sigma": 0.03,
    "multiplicative_sigma": 0.06,
    "drift_rate": 0.0002,
    "outlier_probability": 0.003,
    "outlier_magnitude": 4.0,
    "shot_noise_enabled": false,
    "seed": null
  },
  "measurement": {
    "snr_db": 22.39478038872881,
    "n_detections": 360,
    "detection_rate": 0.997229916897507,
    "time_to_detection": 733.4254167426219,
    "false_negative_rate": 0.030046968545991454,
    "max_signal": 13.26968928495219,
    "mean_signal": 10.871568785594985,
    "signal_std": 0.887875237077133,
    "has_noise": true
  },
  "signal_to_noise_ratio_SNR": 22.39478038872881,
  "time_to_detection_threshold": 733.4254167426219,
  "false_negative_rate": 0.030046968545991454,
  "dynamic_range_of_output": 0.0,
  "sclerostin_mean": 0.9608073093304381,
  "sclerostin_max": 1.2887411593933435,
  "sclerostin_min": 0.025000000000000005,
  "sclerostin_std": 0.17425561572975898,
  "sclerostin_change": 