{
  "run_id": "10e49d78-fb9b-484d-b261-5a66c5f42063",
  "timestamp": "2026-05-17T01:40:38.485940",
  "scenario": "ckd_mbd",
  "duration": 3600.0,
  "num_points": 361,
  "environment_params": {
    "Estrogen": 0.7663384982353157,
    "PTH": 143.16455929716844,
    "k_prod_Scl": 1.0076289874362433e-05,
    "k_deg_Scl": 5.542291699584811e-05,
    "Sclerostin_bone": 0.16324997138446537,
    "k_prod_RANKL": 2.044154552695093e-05,
    "k_deg_RANKL": 1.7530279150605707e-05,
    "RANKL_bone": 0.7788444745078216,
    "k_prod_OPG": 9.438309237597191e-05,
    "k_deg_OPG": 1.8878631412601164e-05,
    "OPG_bone": 5.8189587656517014,
    "MineralIon": 5.5569075050031955,
    "k_prod_Mineral": 0.20326765002709218,
    "k_loss_Mineral": 0.01799051791990805
  },
  "biosensor_config": {
    "circuit_type": "amplifying",
    "sensitivity": 2.471904619591844,
    "threshold": 9.199459482867456e-05,
    "dynamic_range": [
      0.0,
      7.062394576875979
    ],
    "kd": 0.023845660800949593,
    "response_type": "hill",
    "receptor_concentration": 0.7154059840089123,
    "enzyme_concentration": 7.471342300462948,
    "amplification_gain": 7955.346416860872,
    "response_time": 48.4573799391744
  },
  "biosensor_type": "amplifying",
  "noise_preset": "low",
  "noise_params": {
    "additive_sigma": 0.005,
    "multiplicative_sigma": 0.01,
    "drift_rate": 2e-05,
    "outlier_probability": 0.0002,
    "outlier_magnitude": 2.0,
    "shot_noise_enabled": false,
    "seed": null
  },
  "measurement": {
    "snr_db": 34.247826897422115,
    "n_detections": 361,
    "detection_rate": 1.0,
    "time_to_detection": 1690.9849580425848,
    "false_negative_rate": 0.01945483020359414,
    "max_signal": 2.5901252213846644,
    "mean_signal": 2.499972157778049,
    "signal_std": 0.13570236344056394,
    "has_noise": true
  },
  "signal_to_noise_ratio_SNR": 34.247826897422115,
  "time_to_detection_threshold": 1690.9849580425848,
  "false_negative_rate": 0.01945483020359414,
  "dynamic_range_of_output": 0.0,
  "sclerostin_mean": 1.726654782803947,
  "sclerostin_max": 1.924701043513049,
  "sclerostin_min": 0.025000000000000005,
  "sclerostin_std": 0.1336322008460183,
  "sclerostin_change": 