{
  "run_id": "11930e3f-372f-4798-9521-1bb2a3017aff",
  "timestamp": "2026-01-31T04:11:03.532269",
  "scenario": "ckd_mbd",
  "duration": 3600.0,
  "num_points": 361,
  "environment_params": {
    "Estrogen": 0.8971589793616002,
    "PTH": 223.19035182322543,
    "k_prod_Scl": 2.0657430708657293e-05,
    "k_deg_Scl": 3.672502148753887e-05,
    "k_prod_RANKL": 1.4882343439406055e-05,
    "k_prod_OPG": 0.00010193943301674039,
    "Sclerostin_bone": 0.2324103044253167,
    "RANKL_bone": 1.0573355927330117,
    "OPG_bone": 5.923646655614489,
    "MineralIon": 2.034946160094648,
    "k_prod_Mineral": 0.18508395456671112
  },
  "biosensor_config": {
    "circuit_type": "ratiometric",
    "sensitivity": 1.7494092863353001,
    "threshold": 4.462543953015103e-05,
    "dynamic_range": [
      0.0,
      5.8868733817923395
    ],
    "kd": 0.04171460796774594,
    "response_type": "michaelis_menten",
    "reference_kd": 0.4669374145163638,
    "ratio_exponent": 1.7539754742811862
  },
  "noise_preset": "medium",
  "noise_params": {
    "additive_sigma": 0.03,
    "multiplicative_sigma": 0.06,
    "drift_rate": 0.0003,
    "outlier_probability": 0.003,
    "outlier_magnitude": 4.0,
    "shot_noise_enabled": false,
    "seed": null
  },
  "measurement": {
    "snr_db": 8.828417287224296,
    "n_detections": 361,
    "detection_rate": 1.0,
    "time_to_detection": 2920.707094841533,
    "false_negative_rate": 0.09640520562047351,
    "max_signal": 2.9976142310905747,
    "mean_signal": 2.2920469181134036,
    "signal_std": 0.3261112879771419,
    "has_noise": true
  },
  "false_negative_rate": 0.09640520562047351,
  "sclerostin_mean": 2.492534879101941,
  "sclerostin_max": 2.8353910602068138,
  "sclerostin_min": 0.025000000000000005,
  "sclerostin_std": 0.21597459414655795,
  "metadata_file": "metadata/11930e3f-372f-4798-9521-1bb2a3017aff.json",
  "timeseries_file": "timeseries/11930e3f-372f-4798-9521-1bb2a3017aff.csv"
}