{
  "run_id": "11f888d7-b658-48c4-bda5-872ce2558515",
  "timestamp": "2026-01-31T04:11:04.499056",
  "scenario": "pmo",
  "duration": 3600.0,
  "num_points": 361,
  "environment_params": {
    "Estrogen": 0.09100820143186528,
    "PTH": 59.62474328487478,
    "k_prod_Scl": 4.434806377755695e-06,
    "k_prod_RANKL": 3.0359301216701835e-05,
    "k_prod_OPG": 3.939663301088866e-05,
    "Sclerostin_bone": 0.09742093203359549,
    "RANKL_bone": 1.678072978781222,
    "OPG_bone": 2.440067244080705
  },
  "biosensor_config": {
    "circuit_type": "direct_binding",
    "sensitivity": 1.6401911032315926,
    "threshold": 0.0001771413597377642,
    "dynamic_range": [
      0.0,
      18.421349260696992
    ],
    "kd": 0.014514371589162179,
    "response_type": "linear",
    "receptor_concentration": 3.774195455756919,
    "kon": 65512.564013632335,
    "koff": 950.8736978526338
  },
  "noise_preset": "high",
  "noise_params": {
    "additive_sigma": 0.1,
    "multiplicative_sigma": 0.2,
    "drift_rate": 0.001,
    "outlier_probability": 0.01,
    "outlier_magnitude": 10.0,
    "shot_noise_enabled": true,
    "seed": null
  },
  "measurement": {
    "snr_db": 7.947121825471484,
    "n_detections": 361,
    "detection_rate": 1.0,
    "time_to_detection": 4441.475204782602,
    "false_negative_rate": 0.10929045561480966,
    "max_signal": 13.655128180972927,
    "mean_signal": 7.866703706576593,
    "signal_std": 1.7104791901243779,
    "has_noise": true
  },
  "false_negative_rate": 0.10929045561480966,
  "sclerostin_mean": 1.1349989015448476,
  "sclerostin_max": 1.3852085763553539,
  "sclerostin_min": 0.025000000000000005,
  "sclerostin_std": 0.13971560350243245,
  "metadata_file": "metadata/11f888d7-b658-48c4-bda5-872ce2558515.json",
  "timeseries_file": "timeseries/11f888d7-b658-48c4-bda5-872ce2558515.csv"
}