{
  "run_id": "1286d2e0-29a2-486e-8ec4-96fb2aa8bdd7",
  "timestamp": "2026-01-31T04:10:04.199803",
  "scenario": "pmo",
  "duration": 3600.0,
  "num_points": 361,
  "environment_params": {
    "Estrogen": 0.15059652801319448,
    "PTH": 54.750703342474424,
    "k_prod_Scl": 5.923528958508523e-06,
    "k_prod_RANKL": 5.07481277604628e-05,
    "k_prod_OPG": 4.9636593643113735e-05,
    "Sclerostin_bone": 0.08122103814884105,
    "RANKL_bone": 1.7023292539962007,
    "OPG_bone": 2.479630354954804
  },
  "biosensor_config": {
    "circuit_type": "threshold",
    "sensitivity": 3.4109429844202395,
    "threshold": 0.008383100377064856,
    "dynamic_range": [
      0.0,
      1.102360927404267
    ],
    "kd": 1.7100557902511917,
    "response_type": "michaelis_menten",
    "hill_coefficient": 7.301985936263408,
    "off_level": 0.6540071591459543,
    "on_level": 12.515636299820935
  },
  "noise_preset": "medium",
  "noise_params": {
    "additive_sigma": 0.03,
    "multiplicative_sigma": 0.06,
    "drift_rate": 0.0003,
    "outlier_probability": 0.003,
    "outlier_magnitude": 4.0,
    "shot_noise_enabled": false,
    "seed": null
  },
  "measurement": {
    "snr_db": 3.412141589016866,
    "n_detections": 361,
    "detection_rate": 1.0,
    "time_to_detection": 4505.997417825272,
    "false_negative_rate": 0.07716164703355298,
    "max_signal": 2.2954927241396277,
    "mean_signal": 1.457038245637759,
    "signal_std": 0.4762266849646421,
    "has_noise": true
  },
  "false_negative_rate": 0.07716164703355298,
  "sclerostin_mean": 1.0262504201852658,
  "sclerostin_max": 1.3404553486577688,
  "sclerostin_min": 0.025000000000000005,
  "sclerostin_std": 0.16845996333322236,
  "metadata_file": "metadata/1286d2e0-29a2-486e-8ec4-96fb2aa8bdd7.json",
  "timeseries_file": "timeseries/1286d2e0-29a2-486e-8ec4-96fb2aa8bdd7.csv"
}