{
  "run_id": "1286480a-ae9e-4a7a-96df-f09a7ab6bf22",
  "timestamp": "2026-01-31T04:10:30.919224",
  "scenario": "healthy",
  "duration": 3600.0,
  "num_points": 361,
  "environment_params": {
    "Estrogen": 0.8551290535052818,
    "PTH": 51.940966873802864,
    "k_prod_Scl": 2.988299370361369e-06,
    "k_prod_RANKL": 1.4261813212966524e-05,
    "k_prod_OPG": 0.00010200262627800868,
    "Sclerostin_bone": 0.05150891713090506,
    "RANKL_bone": 0.6327473939143947,
    "OPG_bone": 7.117862865365013
  },
  "biosensor_config": {
    "circuit_type": "threshold",
    "sensitivity": 20.593345485668724,
    "threshold": 0.013481074847460611,
    "dynamic_range": [
      0.0,
      8.910111584286996
    ],
    "kd": 0.016006221974044943,
    "response_type": "linear",
    "hill_coefficient": 2.4580847708279925,
    "off_level": 0.5006274484356634,
    "on_level": 9.45776151080982
  },
  "noise_preset": "low",
  "noise_params": {
    "additive_sigma": 0.005,
    "multiplicative_sigma": 0.01,
    "drift_rate": 2e-05,
    "outlier_probability": 0.0002,
    "outlier_magnitude": 2.0,
    "shot_noise_enabled": false,
    "seed": null
  },
  "measurement": {
    "snr_db": 38.94287338588959,
    "n_detections": 361,
    "detection_rate": 1.0,
    "time_to_detection": 2785.573489981629,
    "false_negative_rate": 0.011283785516417821,
    "max_signal": 9.14662759312933,
    "mean_signal": 8.93981583783752,
    "signal_std": 0.13693498157150852,
    "has_noise": true
  },
  "false_negative_rate": 0.011283785516417821,
  "sclerostin_mean": 0.5481688728295568,
  "sclerostin_max": 0.5921508742623929,
  "sclerostin_min": 0.025000000000000005,
  "sclerostin_std": 0.035149105679002805,
  "metadata_file": "metadata/1286480a-ae9e-4a7a-96df-f09a7ab6bf22.json",
  "timeseries_file": "timeseries/1286480a-ae9e-4a7a-96df-f09a7ab6bf22.csv"
}