{
  "run_id": "131276e2-5070-45c8-a4d5-2428bdd3fb33",
  "timestamp": "2026-01-31T04:10:48.815612",
  "scenario": "ckd_mbd",
  "duration": 3600.0,
  "num_points": 361,
  "environment_params": {
    "Estrogen": 0.8063644062704026,
    "PTH": 388.35280944938125,
    "k_prod_Scl": 2.163539046941657e-05,
    "k_deg_Scl": 3.855285062903637e-05,
    "k_prod_RANKL": 1.950470016492851e-05,
    "k_prod_OPG": 7.307157912235258e-05,
    "Sclerostin_bone": 0.5292019508067883,
    "RANKL_bone": 0.729183072908171,
    "OPG_bone": 3.121178894047272,
    "MineralIon": 2.757247022330653,
    "k_prod_Mineral": 0.1904561506105414
  },
  "biosensor_config": {
    "circuit_type": "threshold",
    "sensitivity": 9.064194500702053,
    "threshold": 0.008899153935096708,
    "dynamic_range": [
      0.0,
      9.330708932574158
    ],
    "kd": 0.04650580228624558,
    "response_type": "hill",
    "hill_coefficient": 4.994528957716574,
    "off_level": 0.9657860400512676,
    "on_level": 7.507093755494754
  },
  "noise_preset": "high",
  "noise_params": {
    "additive_sigma": 0.1,
    "multiplicative_sigma": 0.2,
    "drift_rate": 0.001,
    "outlier_probability": 0.01,
    "outlier_magnitude": 10.0,
    "shot_noise_enabled": true,
    "seed": null
  },
  "measurement": {
    "snr_db": 9.386192284652603,
    "n_detections": 361,
    "detection_rate": 1.0,
    "time_to_detection": 1186.3832588382327,
    "false_negative_rate": 0.012471051346895088,
    "max_signal": 15.11520288466562,
    "mean_signal": 9.289655333256663,
    "signal_std": 1.8480067396172248,
    "has_noise": true
  },
  "false_negative_rate": 0.012471051346895088,
  "sclerostin_mean": 5.398176465517557,
  "sclerostin_max": 5.835454330371241,
  "sclerostin_min": 0.025000000000000005,
  "sclerostin_std": 0.3564257855010491,
  "metadata_file": "metadata/131276e2-5070-45c8-a4d5-2428bdd3fb33.json",
  "timeseries_file": "timeseries/131276e2-5070-45c8-a4d5-2428bdd3fb33.csv"
}