{
  "run_id": "1333b3f4-21b3-4b45-b960-91b5185defee",
  "timestamp": "2026-05-17T01:40:39.349985",
  "scenario": "pmo",
  "duration": 3600.0,
  "num_points": 361,
  "environment_params": {
    "Estrogen": 0.2634723975862271,
    "PTH": 90.43638518611819,
    "k_prod_Scl": 9.228580957516778e-06,
    "k_deg_Scl": 8.63794699725162e-05,
    "Sclerostin_bone": 0.10220477175264715,
    "k_prod_RANKL": 1.956944138788663e-05,
    "k_deg_RANKL": 2.416446444397601e-05,
    "RANKL_bone": 0.6477831853273004,
    "k_prod_OPG": 8.961659287737194e-05,
    "k_deg_OPG": 1.9242993561635427e-05,
    "OPG_bone": 3.061752033181032,
    "MineralIon": 1.89075664709787,
    "k_prod_Mineral": 0.058971506445384084,
    "k_loss_Mineral": 0.048526228979097516
  },
  "biosensor_config": {
    "circuit_type": "direct_binding",
    "sensitivity": 14.379671671764473,
    "threshold": 0.00032838247638962106,
    "dynamic_range": [
      0.0,
      4.605572076038617
    ],
    "kd": 1.00908003414348,
    "response_type": "hill",
    "receptor_concentration": 7.911449955073119,
    "kon": 534835.9034057042,
    "koff": 539692.231669787
  },
  "biosensor_type": "direct_binding",
  "noise_preset": "high",
  "noise_params": {
    "additive_sigma": 0.08,
    "multiplicative_sigma": 0.12,
    "drift_rate": 0.0004,
    "outlier_probability": 0.005,
    "outlier_magnitude": 6.0,
    "shot_noise_enabled": false,
    "seed": null
  },
  "measurement": {
    "snr_db": 13.064855017482861,
    "n_detections": 361,
    "detection_rate": 1.0,
    "time_to_detection": 3663.451244357564,
    "false_negative_rate": 0.033798926544099564,
    "max_signal": 7.579105912894186,
    "mean_signal": 5.317937796035039,
    "signal_std": 0.7659008849091236,
    "has_noise": true
  },
  "signal_to_noise_ratio_SNR": 13.064855017482861,
  "time_to_detection_threshold": 3663.451244357564,
  "false_negative_rate": 0.033798926544099564,
  "dynamic_range_of_output": 0.0,
  "sclerostin_mean": 1.319997939126734,
  "sclerostin_max": 1.76467178809673,
  "sclerostin_min": 0.025000000000000005,
  "sclerostin_std": 0.23662389876907935,
  "sclerostin_change": 