{
  "run_id": "14043383-4108-4e36-bb2d-d31afc1ee3a1",
  "timestamp": "2026-05-17T01:48:46.034582",
  "scenario": "ckd_mbd",
  "duration": 3600.0,
  "num_points": 361,
  "environment_params": {
    "Estrogen": 0.5343312034433669,
    "PTH": 136.97473309842718,
    "k_prod_Scl": 1.603021286608223e-05,
    "k_deg_Scl": 5.910706006675278e-05,
    "Sclerostin_bone": 0.1908873371821279,
    "k_prod_RANKL": 1.9319801363510156e-05,
    "k_deg_RANKL": 2.1239213802772176e-05,
    "RANKL_bone": 0.9133675757484264,
    "k_prod_OPG": 0.00010590406959555295,
    "k_deg_OPG": 1.900664115132387e-05,
    "OPG_bone": 7.932605910351323,
    "MineralIon": 4.8004323933285,
    "k_prod_Mineral": 0.1884942778925231,
    "k_loss_Mineral": 0.0208823215577683
  },
  "biosensor_config": {
    "circuit_type": "amplifying",
    "sensitivity": 4.826965506172956,
    "threshold": 0.02949104080565277,
    "dynamic_range": [
      0.0,
      8.447503979450028
    ],
    "kd": 0.14009658961584834,
    "response_type": "linear",
    "receptor_concentration": 0.6959133971202938,
    "enzyme_concentration": 19.748998200382264,
    "amplification_gain": 1635.7588361959872,
    "response_time": 360.0955020068828
  },
  "noise_preset": "low",
  "noise_params": {
    "additive_sigma": 0.005,
    "multiplicative_sigma": 0.01,
    "drift_rate": 2e-05,
    "outlier_probability": 0.0002,
    "outlier_magnitude": 2.0,
    "shot_noise_enabled": 0,
    "seed": null
  },
  "measurement": {
    "snr_db": 38.837751810762974,
    "n_detections": 360,
    "detection_rate": 0.997229916897507,
    "time_to_detection": 2598.136615067755,
    "false_negative_rate": 0.0038787990438221625,
    "max_signal": 8.745279905826287,
    "mean_signal": 8.455608637944785,
    "signal_std": 0.45487164327123525,
    "has_noise": 1
  },
  "false_negative_rate": 0.0038787990438221625,
  "sclerostin_mean": 2.20137230143219,
  "sclerostin_max": 2.6925740237225324,
  "sclerostin_min": 0.025000000000000005,
  "sclerostin_std": 0.2742169881449779,
  "metadata_file": "metadata/14043383-4108-4e36-bb2d-d31afc1ee3a1.json",
  "timeseries_file": "timeseries/14043383-4108-4e36-bb2d-d31afc1ee3a1.csv"
}