{
  "run_id": "147c2abb-d25b-4ef0-a067-f67e90d736b8",
  "timestamp": "2026-01-31T04:10:17.774334",
  "scenario": "pmo",
  "duration": 3600.0,
  "num_points": 361,
  "environment_params": {
    "Estrogen": 0.13033808588584098,
    "PTH": 72.60422575027546,
    "k_prod_Scl": 5.307619901147175e-06,
    "k_prod_RANKL": 3.2294886123562595e-05,
    "k_prod_OPG": 3.984101348241698e-05,
    "Sclerostin_bone": 0.08425553191190618,
    "RANKL_bone": 1.6035560715769406,
    "OPG_bone": 1.7941361447363622
  },
  "biosensor_config": {
    "circuit_type": "ratiometric",
    "sensitivity": 1.039750826722214,
    "threshold": 6.147453804777001e-05,
    "dynamic_range": [
      0.0,
      17.609471516877463
    ],
    "kd": 2.0617661162793546,
    "response_type": "hill",
    "reference_kd": 0.857942292206895,
    "ratio_exponent": 2.0213740366432567
  },
  "noise_preset": "medium",
  "noise_params": {
    "additive_sigma": 0.03,
    "multiplicative_sigma": 0.06,
    "drift_rate": 0.0003,
    "outlier_probability": 0.003,
    "outlier_magnitude": 4.0,
    "shot_noise_enabled": false,
    "seed": null
  },
  "measurement": {
    "snr_db": 4.367791993280572,
    "n_detections": 361,
    "detection_rate": 1.0,
    "time_to_detection": 2183.011620690833,
    "false_negative_rate": 0.08411094714441965,
    "max_signal": 2.203732819865973,
    "mean_signal": 1.5798754032873037,
    "signal_std": 0.3220304932933298,
    "has_noise": true
  },
  "false_negative_rate": 0.08411094714441965,
  "sclerostin_mean": 1.043866259401073,
  "sclerostin_max": 1.3423679638903525,
  "sclerostin_min": 0.025000000000000005,
  "sclerostin_std": 0.16108015448336155,
  "metadata_file": "metadata/147c2abb-d25b-4ef0-a067-f67e90d736b8.json",
  "timeseries_file": "timeseries/147c2abb-d25b-4ef0-a067-f67e90d736b8.csv"
}