{
  "run_id": "1492b021-1c67-4891-af2c-af316a05b247",
  "timestamp": "2026-01-31T04:11:07.281849",
  "scenario": "healthy",
  "duration": 3600.0,
  "num_points": 361,
  "environment_params": {
    "Estrogen": 0.7311341058389145,
    "PTH": 59.328829581655555,
    "k_prod_Scl": 3.5083135716826375e-06,
    "k_prod_RANKL": 1.724752849203917e-05,
    "k_prod_OPG": 0.00012058425687691317,
    "Sclerostin_bone": 0.06558427523031024,
    "RANKL_bone": 0.7702304999996018,
    "OPG_bone": 3.3935784488594054
  },
  "biosensor_config": {
    "circuit_type": "direct_binding",
    "sensitivity": 1.5415403804898191,
    "threshold": 0.006213923980370399,
    "dynamic_range": [
      0.0,
      19.98612396208594
    ],
    "kd": 4.253260514260674,
    "response_type": "hill",
    "receptor_concentration": 1.5691708945413916,
    "kon": 358838.4620011391,
    "koff": 1526233.4614274744
  },
  "noise_preset": "medium",
  "noise_params": {
    "additive_sigma": 0.03,
    "multiplicative_sigma": 0.06,
    "drift_rate": 0.0003,
    "outlier_probability": 0.003,
    "outlier_magnitude": 4.0,
    "shot_noise_enabled": false,
    "seed": null
  },
  "measurement": {
    "snr_db": -43.45162552960354,
    "n_detections": 355,
    "detection_rate": 0.9833795013850416,
    "time_to_detection": 9000.0,
    "false_negative_rate": 0.0131506628983871,
    "max_signal": 1.0915932769638361,
    "mean_signal": 0.5436850305801003,
    "signal_std": 0.31347330411165053,
    "has_noise": true
  },
  "false_negative_rate": 0.0131506628983871,
  "sclerostin_mean": 0.698247626515562,
  "sclerostin_max": 0.7638351451898113,
  "sclerostin_min": 0.025000000000000005,
  "sclerostin_std": 0.04823136956554438,
  "metadata_file": "metadata/1492b021-1c67-4891-af2c-af316a05b247.json",
  "timeseries_file": "timeseries/1492b021-1c67-4891-af2c-af316a05b247.csv"
}