{
  "run_id": "14947c71-0d85-46bf-a6c5-3431f874df0a",
  "timestamp": "2026-01-31T04:10:23.146853",
  "scenario": "healthy",
  "duration": 3600.0,
  "num_points": 361,
  "environment_params": {
    "Estrogen": 0.803544902719179,
    "PTH": 43.62920475644044,
    "k_prod_Scl": 4.950179085273626e-06,
    "k_prod_RANKL": 1.2309536923640884e-05,
    "k_prod_OPG": 0.00011059606736847405,
    "Sclerostin_bone": 0.06936796239556861,
    "RANKL_bone": 0.7390039261541076,
    "OPG_bone": 6.170828167159935
  },
  "biosensor_config": {
    "circuit_type": "threshold",
    "sensitivity": 5.130244627189162,
    "threshold": 5.5676300382853865e-05,
    "dynamic_range": [
      0.0,
      4.138010132399738
    ],
    "kd": 2.3731597493099463,
    "response_type": "michaelis_menten",
    "hill_coefficient": 6.6065381037771855,
    "off_level": 0.4709534859751109,
    "on_level": 12.273761061178273
  },
  "noise_preset": "high",
  "noise_params": {
    "additive_sigma": 0.1,
    "multiplicative_sigma": 0.2,
    "drift_rate": 0.001,
    "outlier_probability": 0.01,
    "outlier_magnitude": 10.0,
    "shot_noise_enabled": true,
    "seed": null
  },
  "measurement": {
    "snr_db": -12.821340478399751,
    "n_detections": 361,
    "detection_rate": 1.0,
    "time_to_detection": 8103.027407003912,
    "false_negative_rate": 0.01459523437303245,
    "max_signal": 4.576630246399097,
    "mean_signal": 2.2768428564868395,
    "signal_std": 1.0572891009182983,
    "has_noise": true
  },
  "false_negative_rate": 0.01459523437303245,
  "sclerostin_mean": 0.7430802574229874,
  "sclerostin_max": 0.8207824394124797,
  "sclerostin_min": 0.025000000000000005,
  "sclerostin_std": 0.05421459841115872,
  "metadata_file": "metadata/14947c71-0d85-46bf-a6c5-3431f874df0a.json",
  "timeseries_file": "timeseries/14947c71-0d85-46bf-a6c5-3431f874df0a.csv"
}