{
  "run_id": "15457a4c-180c-4af6-9c68-9bd6f8f1f4d5",
  "timestamp": "2026-01-31T04:10:02.290126",
  "scenario": "ckd_mbd",
  "duration": 3600.0,
  "num_points": 361,
  "environment_params": {
    "Estrogen": 0.807505432712925,
    "PTH": 332.287342383806,
    "k_prod_Scl": 1.3969783540497024e-05,
    "k_deg_Scl": 5.0403926777643966e-05,
    "k_prod_RANKL": 2.0090239652546508e-05,
    "k_prod_OPG": 7.248817959542253e-05,
    "Sclerostin_bone": 0.17951639016445434,
    "RANKL_bone": 1.0726296819676695,
    "OPG_bone": 2.0166935687335297,
    "MineralIon": 4.171536942203317,
    "k_prod_Mineral": 0.146000131388655
  },
  "biosensor_config": {
    "circuit_type": "ratiometric",
    "sensitivity": 10.522168402198,
    "threshold": 0.0016914384609189143,
    "dynamic_range": [
      0.0,
      14.085501771584276
    ],
    "kd": 0.01501286029343655,
    "response_type": "linear",
    "reference_kd": 0.7757694353391957,
    "ratio_exponent": 0.9695140745450306
  },
  "noise_preset": "medium",
  "noise_params": {
    "additive_sigma": 0.03,
    "multiplicative_sigma": 0.06,
    "drift_rate": 0.0003,
    "outlier_probability": 0.003,
    "outlier_magnitude": 4.0,
    "shot_noise_enabled": false,
    "seed": null
  },
  "measurement": {
    "snr_db": 22.22575751820314,
    "n_detections": 361,
    "detection_rate": 1.0,
    "time_to_detection": 2737.662913676768,
    "false_negative_rate": 0.025739283278692314,
    "max_signal": 16.87194119604946,
    "mean_signal": 14.655777485621284,
    "signal_std": 0.9290870320656898,
    "has_noise": true
  },
  "false_negative_rate": 0.025739283278692314,
  "sclerostin_mean": 1.9397489982635927,
  "sclerostin_max": 2.2177584507907433,
  "sclerostin_min": 0.025000000000000005,
  "sclerostin_std": 0.1724793029273195,
  "metadata_file": "metadata/15457a4c-180c-4af6-9c68-9bd6f8f1f4d5.json",
  "timeseries_file": "timeseries/15457a4c-180c-4af6-9c68-9bd6f8f1f4d5.csv"
}