{
  "run_id": "160772db-afef-484c-b57d-d2153dd1d343",
  "timestamp": "2026-01-31T04:10:47.980735",
  "scenario": "ckd_mbd",
  "duration": 3600.0,
  "num_points": 361,
  "environment_params": {
    "Estrogen": 0.7632310032406479,
    "PTH": 555.2988754753419,
    "k_prod_Scl": 2.086190218448115e-05,
    "k_deg_Scl": 4.018012189411951e-05,
    "k_prod_RANKL": 1.6359960483144815e-05,
    "k_prod_OPG": 6.763446813003677e-05,
    "Sclerostin_bone": 0.14975699133784812,
    "RANKL_bone": 1.4520612576448582,
    "OPG_bone": 4.762208145125159,
    "MineralIon": 3.9928599093899964,
    "k_prod_Mineral": 0.1448349792491714
  },
  "biosensor_config": {
    "circuit_type": "direct_binding",
    "sensitivity": 0.621372514942528,
    "threshold": 0.00546639195309945,
    "dynamic_range": [
      0.0,
      7.774193260112126
    ],
    "kd": 3.488427999016265,
    "response_type": "hill",
    "receptor_concentration": 3.192430668074478,
    "kon": 8770.937617936528,
    "koff": 30596.784364034807
  },
  "noise_preset": "low",
  "noise_params": {
    "additive_sigma": 0.005,
    "multiplicative_sigma": 0.01,
    "drift_rate": 2e-05,
    "outlier_probability": 0.0002,
    "outlier_magnitude": 2.0,
    "shot_noise_enabled": false,
    "seed": null
  },
  "measurement": {
    "snr_db": 2.484603541250569,
    "n_detections": 360,
    "detection_rate": 0.997229916897507,
    "time_to_detection": 721.4786711128563,
    "false_negative_rate": 0.14577650959400548,
    "max_signal": 0.14858104360872348,
    "mean_signal": 0.09034329268584256,
    "signal_std": 0.029363340807132404,
    "has_noise": true
  },
  "false_negative_rate": 0.14577650959400548,
  "sclerostin_mean": 1.7887131956612874,
  "sclerostin_max": 2.252148572492481,
  "sclerostin_min": 0.025000000000000005,
  "sclerostin_std": 0.25320043758801414,
  "metadata_file": "metadata/160772db-afef-484c-b57d-d2153dd1d343.json",
  "timeseries_file": "timeseries/160772db-afef-484c-b57d-d2153dd1d343.csv"
}