{
  "run_id": "164cd652-4f22-4563-9448-b2bf475322de",
  "timestamp": "2026-05-17T01:40:38.663928",
  "scenario": "ckd_mbd",
  "duration": 3600.0,
  "num_points": 361,
  "environment_params": {
    "Estrogen": 0.6474048709449589,
    "PTH": 209.3442051202514,
    "k_prod_Scl": 1.0158496352372357e-05,
    "k_deg_Scl": 6.605618795416484e-05,
    "Sclerostin_bone": 0.1273569333586523,
    "k_prod_RANKL": 1.8940989616437023e-05,
    "k_deg_RANKL": 2.2499973769826325e-05,
    "RANKL_bone": 0.7738390638400335,
    "k_prod_OPG": 9.067938305193042e-05,
    "k_deg_OPG": 2.227336400472433e-05,
    "OPG_bone": 4.0745024228581315,
    "MineralIon": 4.230894822387086,
    "k_prod_Mineral": 0.1667533539995402,
    "k_loss_Mineral": 0.023236526775846172
  },
  "biosensor_config": {
    "circuit_type": "ratiometric",
    "sensitivity": 6.294908493869071,
    "threshold": 0.0005868157055357132,
    "dynamic_range": [
      0.0,
      17.556414162351455
    ],
    "kd": 0.2542924221378856,
    "response_type": "michaelis_menten",
    "reference_kd": 0.9192094380382673,
    "ratio_exponent": 1.3526919535611122
  },
  "biosensor_type": "ratiometric",
  "noise_preset": "medium",
  "noise_params": {
    "additive_sigma": 0.03,
    "multiplicative_sigma": 0.06,
    "drift_rate": 0.0002,
    "outlier_probability": 0.003,
    "outlier_magnitude": 4.0,
    "shot_noise_enabled": false,
    "seed": null
  },
  "measurement": {
    "snr_db": 21.122719485219868,
    "n_detections": 361,
    "detection_rate": 1.0,
    "time_to_detection": 2257.2744008809486,
    "false_negative_rate": 0.024972992303637788,
    "max_signal": 7.753816556863968,
    "mean_signal": 6.6623202243414905,
    "signal_std": 0.4119575775696237,
    "has_noise": true
  },
  "signal_to_noise_ratio_SNR": 21.122719485219868,
  "time_to_detection_threshold": 2257.2744008809486,
  "false_negative_rate": 0.024972992303637788,
  "dynamic_range_of_output": 0.0,
  "sclerostin_mean": 1.4286714426083944,
  "sclerostin_max": 1.6897862479478416,
  "sclerostin_min": 0.025000000000000005,
  "sclerostin_std": 0.15128377281324665,
  "sclerostin_change": 