{
  "run_id": "16bdd838-390a-4707-afed-44f9195cf6a6",
  "timestamp": "2026-01-31T04:10:17.457439",
  "scenario": "pmo",
  "duration": 3600.0,
  "num_points": 361,
  "environment_params": {
    "Estrogen": 0.2733929720588132,
    "PTH": 54.33061389712337,
    "k_prod_Scl": 5.181517825186522e-06,
    "k_prod_RANKL": 3.085572183524325e-05,
    "k_prod_OPG": 5.481260557872099e-05,
    "Sclerostin_bone": 0.05667985726408887,
    "RANKL_bone": 1.675584438986537,
    "OPG_bone": 1.3298766656966805
  },
  "biosensor_config": {
    "circuit_type": "ratiometric",
    "sensitivity": 7.193790542603217,
    "threshold": 0.0027280107105420955,
    "dynamic_range": [
      0.0,
      1.0000550114708786
    ],
    "kd": 1.277499185195021,
    "response_type": "linear",
    "reference_kd": 0.047472143684919664,
    "ratio_exponent": 2.241350817582531
  },
  "noise_preset": "high",
  "noise_params": {
    "additive_sigma": 0.1,
    "multiplicative_sigma": 0.2,
    "drift_rate": 0.001,
    "outlier_probability": 0.01,
    "outlier_magnitude": 10.0,
    "shot_noise_enabled": true,
    "seed": null
  },
  "measurement": {
    "snr_db": -6.4459793983790075,
    "n_detections": 361,
    "detection_rate": 1.0,
    "time_to_detection": 3148.763731328258,
    "false_negative_rate": 0.13169059248695844,
    "max_signal": 5.783491288088417,
    "mean_signal": 2.805632301130802,
    "signal_std": 1.0733100428028763,
    "has_noise": true
  },
  "false_negative_rate": 0.13169059248695844,
  "sclerostin_mean": 0.7313600968614629,
  "sclerostin_max": 0.9617263511801869,
  "sclerostin_min": 0.025000000000000005,
  "sclerostin_std": 0.12309611725414094,
  "metadata_file": "metadata/16bdd838-390a-4707-afed-44f9195cf6a6.json",
  "timeseries_file": "timeseries/16bdd838-390a-4707-afed-44f9195cf6a6.csv"
}