{
  "run_id": "1869276e-32e9-4c08-9f28-d15806e76be0",
  "timestamp": "2026-01-31T04:10:27.645261",
  "scenario": "healthy",
  "duration": 3600.0,
  "num_points": 361,
  "environment_params": {
    "Estrogen": 0.7664207950717308,
    "PTH": 46.65799898993858,
    "k_prod_Scl": 3.6960679846290287e-06,
    "k_prod_RANKL": 1.2005514809358394e-05,
    "k_prod_OPG": 9.975672397883584e-05,
    "Sclerostin_bone": 0.059141713460914416,
    "RANKL_bone": 0.5030104062406777,
    "OPG_bone": 6.260245981236093
  },
  "biosensor_config": {
    "circuit_type": "amplifying",
    "sensitivity": 0.4531543069200626,
    "threshold": 0.00032046585812361175,
    "dynamic_range": [
      0.0,
      17.799243752526248
    ],
    "kd": 0.3356946536245511,
    "response_type": "hill",
    "receptor_concentration": 2.8959133220956375,
    "enzyme_concentration": 18.46078302774916,
    "amplification_gain": 5833.038209017876,
    "response_time": 252.3434565099896
  },
  "noise_preset": "high",
  "noise_params": {
    "additive_sigma": 0.1,
    "multiplicative_sigma": 0.2,
    "drift_rate": 0.001,
    "outlier_probability": 0.01,
    "outlier_magnitude": 10.0,
    "shot_noise_enabled": true,
    "seed": null
  },
  "measurement": {
    "snr_db": -13.28848578326133,
    "n_detections": 361,
    "detection_rate": 1.0,
    "time_to_detection": 7450.77018715818,
    "false_negative_rate": 0.009475106458323852,
    "max_signal": 5.010499610023686,
    "mean_signal": 2.264679601623303,
    "signal_std": 1.0418582851406306,
    "has_noise": true
  },
  "false_negative_rate": 0.009475106458323852,
  "sclerostin_mean": 0.6347250572603637,
  "sclerostin_max": 0.6975891797082895,
  "sclerostin_min": 0.025000000000000005,
  "sclerostin_std": 0.04491073911084934,
  "metadata_file": "metadata/1869276e-32e9-4c08-9f28-d15806e76be0.json",
  "timeseries_file": "timeseries/1869276e-32e9-4c08-9f28-d15806e76be0.csv"
}