{
  "run_id": "18b8a18c-b5b6-429e-ad48-5d1fe9b19006",
  "timestamp": "2026-01-31T04:10:07.191382",
  "scenario": "ckd_mbd",
  "duration": 3600.0,
  "num_points": 361,
  "environment_params": {
    "Estrogen": 0.560275373800455,
    "PTH": 283.8420279351612,
    "k_prod_Scl": 1.6296627993418228e-05,
    "k_deg_Scl": 3.477608832365841e-05,
    "k_prod_RANKL": 1.603667821446678e-05,
    "k_prod_OPG": 8.033274636880488e-05,
    "Sclerostin_bone": 0.14931601997523455,
    "RANKL_bone": 0.7784462677862727,
    "OPG_bone": 3.814217616407174,
    "MineralIon": 2.7874233853809565,
    "k_prod_Mineral": 0.28646182838762335
  },
  "biosensor_config": {
    "circuit_type": "threshold",
    "sensitivity": 30.23683418466351,
    "threshold": 0.01915692684461857,
    "dynamic_range": [
      0.0,
      5.054297824066683
    ],
    "kd": 0.4021118152145449,
    "response_type": "linear",
    "hill_coefficient": 5.493059498114961,
    "off_level": 0.9372864349787031,
    "on_level": 24.842036368985763
  },
  "noise_preset": "medium",
  "noise_params": {
    "additive_sigma": 0.03,
    "multiplicative_sigma": 0.06,
    "drift_rate": 0.0003,
    "outlier_probability": 0.003,
    "outlier_magnitude": 4.0,
    "shot_noise_enabled": false,
    "seed": null
  },
  "measurement": {
    "snr_db": 17.206543128709857,
    "n_detections": 361,
    "detection_rate": 1.0,
    "time_to_detection": 645.6277621751973,
    "false_negative_rate": 0.04537133001280665,
    "max_signal": 6.941430075058978,
    "mean_signal": 5.588996071348337,
    "signal_std": 0.4953082329391858,
    "has_noise": true
  },
  "false_negative_rate": 0.04537133001280665,
  "sclerostin_mean": 1.8227950624545395,
  "sclerostin_max": 2.33939565422333,
  "sclerostin_min": 0.025000000000000005,
  "sclerostin_std": 0.279377552718037,
  "metadata_file": "metadata/18b8a18c-b5b6-429e-ad48-5d1fe9b19006.json",
  "timeseries_file": "timeseries/18b8a18c-b5b6-429e-ad48-5d1fe9b19006.csv"
}