{
  "run_id": "18fadf42-48fe-4043-8c8d-576248ce0b6f",
  "timestamp": "2026-01-31T04:10:17.533434",
  "scenario": "healthy",
  "duration": 3600.0,
  "num_points": 361,
  "environment_params": {
    "Estrogen": 0.9562355318387621,
    "PTH": 60.638678442371194,
    "k_prod_Scl": 4.316367924814211e-06,
    "k_prod_RANKL": 1.5426801458103257e-05,
    "k_prod_OPG": 0.00020039109858133647,
    "Sclerostin_bone": 0.0416258164263828,
    "RANKL_bone": 0.454837473965754,
    "OPG_bone": 4.458234821821574
  },
  "biosensor_config": {
    "circuit_type": "ratiometric",
    "sensitivity": 4.7169408905284085,
    "threshold": 0.0019170174813228943,
    "dynamic_range": [
      0.0,
      9.958131940588475
    ],
    "kd": 1.2418351431508867,
    "response_type": "hill",
    "reference_kd": 2.5961784028490795,
    "ratio_exponent": 2.416761183566264
  },
  "noise_preset": "low",
  "noise_params": {
    "additive_sigma": 0.005,
    "multiplicative_sigma": 0.01,
    "drift_rate": 2e-05,
    "outlier_probability": 0.0002,
    "outlier_magnitude": 2.0,
    "shot_noise_enabled": false,
    "seed": null
  },
  "measurement": {
    "snr_db": 37.73299372108361,
    "n_detections": 361,
    "detection_rate": 1.0,
    "time_to_detection": 1436.5873225637235,
    "false_negative_rate": 0.008955551407123726,
    "max_signal": 4.896275173632452,
    "mean_signal": 4.749555881282887,
    "signal_std": 0.051828349451982954,
    "has_noise": true
  },
  "false_negative_rate": 0.008955551407123726,
  "sclerostin_mean": 0.46103980453703336,
  "sclerostin_max": 0.5153806842697247,
  "sclerostin_min": 0.025000000000000005,
  "sclerostin_std": 0.035646055248986626,
  "metadata_file": "metadata/18fadf42-48fe-4043-8c8d-576248ce0b6f.json",
  "timeseries_file": "timeseries/18fadf42-48fe-4043-8c8d-576248ce0b6f.csv"
}