{
  "run_id": "1a28a5b7-92c5-440b-b698-081b20351db6",
  "timestamp": "2026-01-31T04:10:47.224224",
  "scenario": "pmo",
  "duration": 3600.0,
  "num_points": 361,
  "environment_params": {
    "Estrogen": 0.14694743525099688,
    "PTH": 74.47895577443354,
    "k_prod_Scl": 5.30335816969911e-06,
    "k_prod_RANKL": 2.8627225829381764e-05,
    "k_prod_OPG": 4.5999980936233626e-05,
    "Sclerostin_bone": 0.08259509308006278,
    "RANKL_bone": 0.7755705342470334,
    "OPG_bone": 1.7902829882912201
  },
  "biosensor_config": {
    "circuit_type": "amplifying",
    "sensitivity": 7.601711376599846,
    "threshold": 0.001187296715501657,
    "dynamic_range": [
      0.0,
      19.732413515090443
    ],
    "kd": 1.6845690387331964,
    "response_type": "linear",
    "receptor_concentration": 0.4630427133262419,
    "enzyme_concentration": 29.37308565281454,
    "amplification_gain": 5833.452796574395,
    "response_time": 179.54631831906732
  },
  "noise_preset": "low",
  "noise_params": {
    "additive_sigma": 0.005,
    "multiplicative_sigma": 0.01,
    "drift_rate": 2e-05,
    "outlier_probability": 0.0002,
    "outlier_magnitude": 2.0,
    "shot_noise_enabled": false,
    "seed": null
  },
  "measurement": {
    "snr_db": 40.80228091320485,
    "n_detections": 360,
    "detection_rate": 0.997229916897507,
    "time_to_detection": 2552.766801407179,
    "false_negative_rate": 0.008349676334497794,
    "max_signal": 20.3085973815666,
    "mean_signal": 19.71176190192694,
    "signal_std": 1.053771885227558,
    "has_noise": true
  },
  "false_negative_rate": 0.008349676334497794,
  "sclerostin_mean": 1.0250227741350677,
  "sclerostin_max": 1.3193827416308914,
  "sclerostin_min": 0.025000000000000005,
  "sclerostin_std": 0.15877007088855777,
  "metadata_file": "metadata/1a28a5b7-92c5-440b-b698-081b20351db6.json",
  "timeseries_file": "timeseries/1a28a5b7-92c5-440b-b698-081b20351db6.csv"
}