{
  "run_id": "1acceade-8ca7-4032-b7ce-196619722f61",
  "timestamp": "2026-05-17T01:40:39.531030",
  "scenario": "healthy",
  "duration": 3600.0,
  "num_points": 361,
  "environment_params": {
    "Estrogen": 0.9732135516903335,
    "PTH": 40.46747122565074,
    "k_prod_Scl": 3.923315029602978e-06,
    "k_deg_Scl": 6.86696750357362e-05,
    "Sclerostin_bone": 0.06477560928997673,
    "k_prod_RANKL": 8.019296455515339e-06,
    "k_deg_RANKL": 1.4695412907599396e-05,
    "RANKL_bone": 0.6053169342689149,
    "k_prod_OPG": 0.00013653600295121307,
    "k_deg_OPG": 1.647616744013244e-05,
    "OPG_bone": 5.242346298668254,
    "MineralIon": 1.7171620225774487,
    "k_prod_Mineral": 0.1104548840247265,
    "k_loss_Mineral": 0.05478468580817883
  },
  "biosensor_config": {
    "circuit_type": "threshold",
    "sensitivity": 17.44954338134339,
    "threshold": 0.003699910335816713,
    "dynamic_range": [
      0.0,
      12.34994358749683
    ],
    "kd": 0.04665578199882496,
    "response_type": "hill",
    "hill_coefficient": 7.231513651554439,
    "off_level": 0.05846671419476172,
    "on_level": 18.106515388511866
  },
  "biosensor_type": "threshold",
  "noise_preset": "medium",
  "noise_params": {
    "additive_sigma": 0.03,
    "multiplicative_sigma": 0.06,
    "drift_rate": 0.0002,
    "outlier_probability": 0.003,
    "outlier_magnitude": 4.0,
    "shot_noise_enabled": false,
    "seed": null
  },
  "measurement": {
    "snr_db": 22.79479231829834,
    "n_detections": 361,
    "detection_rate": 1.0,
    "time_to_detection": 2397.855365484551,
    "false_negative_rate": 0.01923247743757094,
    "max_signal": 15.397584437359107,
    "mean_signal": 12.674431055412857,
    "signal_std": 1.048848012633268,
    "has_noise": true
  },
  "signal_to_noise_ratio_SNR": 22.79479231829834,
  "time_to_detection_threshold": 2397.855365484551,
  "false_negative_rate": 0.01923247743757094,
  "dynamic_range_of_output": 0.0,
  "sclerostin_mean": 0.6747549799348919,
  "sclerostin_max": 0.718998805153791,
  "sclerostin_min": 0.025000000000000005,
  "sclerostin_std": 0.04051588056831552,
  "sclerostin_change": 