{
  "run_id": "1b3517d8-d365-4045-91c5-69d2af609864",
  "timestamp": "2026-05-17T02:01:38.818607",
  "scenario": "healthy",
  "duration": 3600.0,
  "num_points": 361,
  "environment_params": {
    "Estrogen": 0.8291358658384317,
    "PTH": 36.703151740146595,
    "k_prod_Scl": 3.840176578630399e-06,
    "k_deg_Scl": 7.707656148576892e-05,
    "Sclerostin_bone": 0.03828781113368225,
    "k_prod_RANKL": 1.0171973821921417e-05,
    "k_deg_RANKL": 1.9353745512107857e-05,
    "RANKL_bone": 0.39032245106464775,
    "k_prod_OPG": 9.37808275739407e-05,
    "k_deg_OPG": 2.022735896793265e-05,
    "OPG_bone": 5.2105057324134885,
    "MineralIon": 2.1869411796792964,
    "k_prod_Mineral": 0.1446070109436493,
    "k_loss_Mineral": 0.049488062292190514
  },
  "biosensor_config": {
    "circuit_type": "amplifying",
    "sensitivity": 3.4461291394559037,
    "threshold": 0.0008435811219329403,
    "dynamic_range": [
      0.0,
      2.060805953212257
    ],
    "kd": 0.025167104426000547,
    "response_type": "michaelis_menten",
    "receptor_concentration": 4.790431192391668,
    "enzyme_concentration": 29.339726334099264,
    "amplification_gain": 3192.87319406485,
    "response_time": 397.2886162620358
  },
  "noise_preset": "medium",
  "noise_params": {
    "additive_sigma": 0.03,
    "multiplicative_sigma": 0.06,
    "drift_rate": 0.0002,
    "outlier_probability": 0.003,
    "outlier_magnitude": 4.0,
    "shot_noise_enabled": 0,
    "seed": null
  },
  "measurement": {
    "snr_db": 13.418571666901144,
    "n_detections": 361,
    "detection_rate": 1.0,
    "time_to_detection": 4615.869636259811,
    "false_negative_rate": 0.019254361136995163,
    "max_signal": 3.0338623354302032,
    "mean_signal": 2.4181226366210833,
    "signal_std": 0.27709294903216497,
    "has_noise": 1
  },
  "false_negative_rate": 0.019254361136995163,
  "sclerostin_mean": 0.429531751546689,
  "sclerostin_max": 0.4848194205102011,
  "sclerostin_min": 0.025000000000000005,
  "sclerostin_std": 0.03498630472892484,
  "metadata_file": "metadata/1b3517d8-d365-4045-91c5-69d2af609864.json",
  "timeseries_file": "timeseries/1b3517d8-d365-4045-91c5-69d2af609864.csv"
}