{
  "run_id": "1b50e4c5-a02c-48de-9798-2f1f51ef2b02",
  "timestamp": "2026-05-17T02:01:39.503065",
  "scenario": "healthy",
  "duration": 3600.0,
  "num_points": 361,
  "environment_params": {
    "Estrogen": 1.167699017093239,
    "PTH": 38.52218177399431,
    "k_prod_Scl": 4.076502995851318e-06,
    "k_deg_Scl": 7.161347454507536e-05,
    "Sclerostin_bone": 0.05534457160634735,
    "k_prod_RANKL": 1.2465225232067153e-05,
    "k_deg_RANKL": 1.689540712511432e-05,
    "RANKL_bone": 0.47952957567007454,
    "k_prod_OPG": 0.00010465368191417255,
    "k_deg_OPG": 1.891903321753955e-05,
    "OPG_bone": 4.777936633549185,
    "MineralIon": 2.6439985414074862,
    "k_prod_Mineral": 0.09256325436528379,
    "k_loss_Mineral": 0.045957989124443266
  },
  "biosensor_config": {
    "circuit_type": "ratiometric",
    "sensitivity": 10.224937793816974,
    "threshold": 0.011470690590763404,
    "dynamic_range": [
      0.0,
      8.142019290788127
    ],
    "kd": 0.07299066050235212,
    "response_type": "michaelis_menten",
    "reference_kd": 10.136173592469758,
    "ratio_exponent": 0.3875258919399014
  },
  "noise_preset": "medium",
  "noise_params": {
    "additive_sigma": 0.03,
    "multiplicative_sigma": 0.06,
    "drift_rate": 0.0002,
    "outlier_probability": 0.003,
    "outlier_magnitude": 4.0,
    "shot_noise_enabled": 0,
    "seed": null
  },
  "measurement": {
    "snr_db": 21.861703954852977,
    "n_detections": 361,
    "detection_rate": 1.0,
    "time_to_detection": 3139.785782975521,
    "false_negative_rate": 0.003446959568307575,
    "max_signal": 10.449377900870353,
    "mean_signal": 8.495722066224848,
    "signal_std": 0.5538099880712279,
    "has_noise": 1
  },
  "false_negative_rate": 0.003446959568307575,
  "sclerostin_mean": 0.5770114731809135,
  "sclerostin_max": 0.6106879058265957,
  "sclerostin_min": 0.025000000000000005,
  "sclerostin_std": 0.0333854602886044,
  "metadata_file": "metadata/1b50e4c5-a02c-48de-9798-2f1f51ef2b02.json",
  "timeseries_file": "timeseries/1b50e4c5-a02c-48de-9798-2f1f51ef2b02.csv"
}