{
  "run_id": "1b5e6934-00e0-45b5-a263-2540fd7d61cc",
  "timestamp": "2026-01-31T04:10:51.711439",
  "scenario": "healthy",
  "duration": 3600.0,
  "num_points": 361,
  "environment_params": {
    "Estrogen": 0.5248386244240631,
    "PTH": 40.18694403409325,
    "k_prod_Scl": 3.325448043978731e-06,
    "k_prod_RANKL": 1.561865797449875e-05,
    "k_prod_OPG": 0.00023522659351422575,
    "Sclerostin_bone": 0.04757338554092889,
    "RANKL_bone": 0.42297050356358734,
    "OPG_bone": 8.743121139155527
  },
  "biosensor_config": {
    "circuit_type": "direct_binding",
    "sensitivity": 5.677511372749183,
    "threshold": 0.000168166836893799,
    "dynamic_range": [
      0.0,
      6.859135551208204
    ],
    "kd": 0.22167665712751256,
    "response_type": "linear",
    "receptor_concentration": 7.586390784708489,
    "kon": 514310.5046781699,
    "koff": 114010.63340262062
  },
  "noise_preset": "medium",
  "noise_params": {
    "additive_sigma": 0.03,
    "multiplicative_sigma": 0.06,
    "drift_rate": 0.0003,
    "outlier_probability": 0.003,
    "outlier_magnitude": 4.0,
    "shot_noise_enabled": false,
    "seed": null
  },
  "measurement": {
    "snr_db": 19.166482476862022,
    "n_detections": 361,
    "detection_rate": 1.0,
    "time_to_detection": 226.3180115423429,
    "false_negative_rate": 0.05395134968806227,
    "max_signal": 9.072158828990187,
    "mean_signal": 7.410891308842044,
    "signal_std": 0.5320751923672974,
    "has_noise": true
  },
  "false_negative_rate": 0.05395134968806227,
  "sclerostin_mean": 0.5422472888882008,
  "sclerostin_max": 0.6304525847793341,
  "sclerostin_min": 0.025000000000000005,
  "sclerostin_std": 0.05221811266321967,
  "metadata_file": "metadata/1b5e6934-00e0-45b5-a263-2540fd7d61cc.json",
  "timeseries_file": "timeseries/1b5e6934-00e0-45b5-a263-2540fd7d61cc.csv"
}