{
  "run_id": "1b865d10-8c48-41be-81c2-705164f7f2f1",
  "timestamp": "2026-01-31T04:10:23.436686",
  "scenario": "healthy",
  "duration": 3600.0,
  "num_points": 361,
  "environment_params": {
    "Estrogen": 0.7772513539969937,
    "PTH": 32.41699925036983,
    "k_prod_Scl": 3.2824540700343836e-06,
    "k_prod_RANKL": 1.0538644899961042e-05,
    "k_prod_OPG": 9.930384213389785e-05,
    "Sclerostin_bone": 0.06296644520979544,
    "RANKL_bone": 0.40892252524657724,
    "OPG_bone": 11.154960927413576
  },
  "biosensor_config": {
    "circuit_type": "direct_binding",
    "sensitivity": 4.6025838605913725,
    "threshold": 0.023027038244758522,
    "dynamic_range": [
      0.0,
      8.83839747192022
    ],
    "kd": 0.020267252475375395,
    "response_type": "hill",
    "receptor_concentration": 2.810764772735409,
    "kon": 76696.52358552399,
    "koff": 1554.4278074913984
  },
  "noise_preset": "low",
  "noise_params": {
    "additive_sigma": 0.005,
    "multiplicative_sigma": 0.01,
    "drift_rate": 2e-05,
    "outlier_probability": 0.0002,
    "outlier_magnitude": 2.0,
    "shot_noise_enabled": false,
    "seed": null
  },
  "measurement": {
    "snr_db": 37.345419633888824,
    "n_detections": 361,
    "detection_rate": 1.0,
    "time_to_detection": 222.4856034591529,
    "false_negative_rate": 0.008034011642285309,
    "max_signal": 4.794411171228657,
    "mean_signal": 4.637846341172578,
    "signal_std": 0.05139812750585448,
    "has_noise": true
  },
  "false_negative_rate": 0.008034011642285309,
  "sclerostin_mean": 0.6634087984543348,
  "sclerostin_max": 0.715503795772233,
  "sclerostin_min": 0.025000000000000005,
  "sclerostin_std": 0.042378179761968116,
  "metadata_file": "metadata/1b865d10-8c48-41be-81c2-705164f7f2f1.json",
  "timeseries_file": "timeseries/1b865d10-8c48-41be-81c2-705164f7f2f1.csv"
}