{
  "run_id": "1bd4a557-e925-41ec-85da-2049ad149c61",
  "timestamp": "2026-05-17T01:48:50.427713",
  "scenario": "ckd_mbd",
  "duration": 3600.0,
  "num_points": 361,
  "environment_params": {
    "Estrogen": 0.7910656891563123,
    "PTH": 148.2005179297989,
    "k_prod_Scl": 1.0947078263003285e-05,
    "k_deg_Scl": 5.505523933895351e-05,
    "Sclerostin_bone": 0.14289464665639826,
    "k_prod_RANKL": 1.7700858695774737e-05,
    "k_deg_RANKL": 1.9018774866530806e-05,
    "RANKL_bone": 0.9442398388341462,
    "k_prod_OPG": 7.719262797819148e-05,
    "k_deg_OPG": 2.8381935128653943e-05,
    "OPG_bone": 6.73453491150911,
    "MineralIon": 4.829029364677355,
    "k_prod_Mineral": 0.14548246377908924,
    "k_loss_Mineral": 0.016665724572402278
  },
  "biosensor_config": {
    "circuit_type": "ratiometric",
    "sensitivity": 0.9014604049690857,
    "threshold": 0.000536803052238713,
    "dynamic_range": [
      0.0,
      14.749086884835402
    ],
    "kd": 0.017007945083065846,
    "response_type": "michaelis_menten",
    "reference_kd": 0.21546999172803524,
    "ratio_exponent": 1.2835718749676819
  },
  "noise_preset": "medium",
  "noise_params": {
    "additive_sigma": 0.03,
    "multiplicative_sigma": 0.06,
    "drift_rate": 0.0002,
    "outlier_probability": 0.003,
    "outlier_magnitude": 4.0,
    "shot_noise_enabled": 0,
    "seed": null
  },
  "measurement": {
    "snr_db": 6.631750314371643,
    "n_detections": 361,
    "detection_rate": 1.0,
    "time_to_detection": 3382.668629795188,
    "false_negative_rate": 0.13217231583841743,
    "max_signal": 1.7097834872818745,
    "mean_signal": 1.2626272742916613,
    "signal_std": 0.21452530033241757,
    "has_noise": 1
  },
  "false_negative_rate": 0.13217231583841743,
  "sclerostin_mean": 1.5385242030332427,
  "sclerostin_max": 1.7455061587069112,
  "sclerostin_min": 0.025000000000000005,
  "sclerostin_std": 0.13104760804149626,
  "metadata_file": "metadata/1bd4a557-e925-41ec-85da-2049ad149c61.json",
  "timeseries_file": "timeseries/1bd4a557-e925-41ec-85da-2049ad149c61.csv"
}