{
  "run_id": "1bff25e6-b8fe-4427-89d0-3df94efeed9b",
  "timestamp": "2026-05-17T01:54:23.826384",
  "scenario": "ckd_mbd",
  "duration": 3600.0,
  "num_points": 361,
  "environment_params": {
    "Estrogen": 0.6121857013786851,
    "PTH": 241.36131290486952,
    "k_prod_Scl": 1.2899448686585835e-05,
    "k_deg_Scl": 6.410946221638856e-05,
    "Sclerostin_bone": 0.1299549604145772,
    "k_prod_RANKL": 2.38451611499609e-05,
    "k_deg_RANKL": 1.7478897872944815e-05,
    "RANKL_bone": 1.3784980968036105,
    "k_prod_OPG": 7.958009794713308e-05,
    "k_deg_OPG": 2.234052643729049e-05,
    "OPG_bone": 5.061055678820571,
    "MineralIon": 2.7619657301076828,
    "k_prod_Mineral": 0.20623866731601456,
    "k_loss_Mineral": 0.02056409974424795
  },
  "biosensor_config": {
    "circuit_type": "amplifying",
    "sensitivity": 144.87795975337252,
    "threshold": 0.00040802557921412004,
    "dynamic_range": [
      0.0,
      0.2870217660066267
    ],
    "kd": 0.06703030934461524,
    "response_type": "hill",
    "receptor_concentration": 2.323608658239627,
    "enzyme_concentration": 16.385517652868337,
    "amplification_gain": 873.1623164974666,
    "response_time": 62.598297790406804
  },
  "noise_preset": "high",
  "noise_params": {
    "additive_sigma": 0.08,
    "multiplicative_sigma": 0.12,
    "drift_rate": 0.0004,
    "outlier_probability": 0.005,
    "outlier_magnitude": 6.0,
    "shot_noise_enabled": 0,
    "seed": null
  },
  "measurement": {
    "snr_db": -9.286998785997403,
    "n_detections": 360,
    "detection_rate": 0.997229916897507,
    "time_to_detection": 2979.200734070436,
    "false_negative_rate": 0.1274758426116564,
    "max_signal": 1.8479622968507419,
    "mean_signal": 1.00665607179437,
    "signal_std": 0.42367728130917365,
    "has_noise": 1
  },
  "false_negative_rate": 0.1274758426116564,
  "sclerostin_mean": 1.5253190962770364,
  "sclerostin_max": 1.8863046833335497,
  "sclerostin_min": 0.025000000000000005,
  "sclerostin_std": 0.1995247407983714,
  "metadata_file": "metadata/1bff25e6-b8fe-4427-89d0-3df94efeed9b.json",
  "timeseries_file": "timeseries/1bff25e6-b8fe-4427-89d0-3df94efeed9b.csv"
}