{
  "run_id": "1c7b129d-4ad4-4a06-b155-d05c35f25cdb",
  "timestamp": "2026-01-31T04:09:47.089737",
  "scenario": "pmo",
  "duration": 3600.0,
  "num_points": 361,
  "environment_params": {
    "Estrogen": 0.11198177622879289,
    "PTH": 83.38725084973431,
    "k_prod_Scl": 6.395598086542268e-06,
    "k_prod_RANKL": 3.2014219566503605e-05,
    "k_prod_OPG": 4.9153272340580184e-05,
    "Sclerostin_bone": 0.12392319722139992,
    "RANKL_bone": 1.9878710206960202,
    "OPG_bone": 2.218984217617632
  },
  "biosensor_config": {
    "circuit_type": "direct_binding",
    "sensitivity": 29.863406946878975,
    "threshold": 0.0015671230925104888,
    "dynamic_range": [
      0.0,
      11.546057178871342
    ],
    "kd": 4.266409305696966,
    "response_type": "linear",
    "receptor_concentration": 3.5113776579000704,
    "kon": 3569.352263346182,
    "koff": 15228.317711650678
  },
  "noise_preset": "medium",
  "noise_params": {
    "additive_sigma": 0.03,
    "multiplicative_sigma": 0.06,
    "drift_rate": 0.0003,
    "outlier_probability": 0.003,
    "outlier_magnitude": 4.0,
    "shot_noise_enabled": false,
    "seed": null
  },
  "measurement": {
    "snr_db": 21.355536978145224,
    "n_detections": 361,
    "detection_rate": 1.0,
    "time_to_detection": 1631.1390674890629,
    "false_negative_rate": 0.013868578881039343,
    "max_signal": 15.529134643325857,
    "mean_signal": 12.116377974856324,
    "signal_std": 0.990946086669964,
    "has_noise": true
  },
  "false_negative_rate": 0.013868578881039343,
  "sclerostin_mean": 1.4770304910691312,
  "sclerostin_max": 1.8505741550532235,
  "sclerostin_min": 0.025000000000000005,
  "sclerostin_std": 0.20461984498653463,
  "metadata_file": "metadata/1c7b129d-4ad4-4a06-b155-d05c35f25cdb.json",
  "timeseries_file": "timeseries/1c7b129d-4ad4-4a06-b155-d05c35f25cdb.csv"
}