{
  "run_id": "1cdbfea9-57d3-4793-9469-4e151738387e",
  "timestamp": "2026-01-31T04:10:05.487957",
  "scenario": "ckd_mbd",
  "duration": 3600.0,
  "num_points": 361,
  "environment_params": {
    "Estrogen": 0.827297712060551,
    "PTH": 314.0136986915152,
    "k_prod_Scl": 1.4495503442142522e-05,
    "k_deg_Scl": 3.414633318802529e-05,
    "k_prod_RANKL": 1.9243657255406948e-05,
    "k_prod_OPG": 8.017707227543584e-05,
    "Sclerostin_bone": 0.28141940300696017,
    "RANKL_bone": 0.7367171114507166,
    "OPG_bone": 6.3002890766217305,
    "MineralIon": 2.5632608234701806,
    "k_prod_Mineral": 0.12730253286682908
  },
  "biosensor_config": {
    "circuit_type": "threshold",
    "sensitivity": 3.744974527279875,
    "threshold": 0.008905875777767103,
    "dynamic_range": [
      0.0,
      15.37506502635326
    ],
    "kd": 0.015246511043347897,
    "response_type": "hill",
    "hill_coefficient": 2.7602957174862888,
    "off_level": 0.3101393246207423,
    "on_level": 28.245478213090834
  },
  "noise_preset": "medium",
  "noise_params": {
    "additive_sigma": 0.03,
    "multiplicative_sigma": 0.06,
    "drift_rate": 0.0003,
    "outlier_probability": 0.003,
    "outlier_magnitude": 4.0,
    "shot_noise_enabled": false,
    "seed": null
  },
  "measurement": {
    "snr_db": 22.993886685225966,
    "n_detections": 361,
    "detection_rate": 1.0,
    "time_to_detection": 911.4804886471562,
    "false_negative_rate": 0.013724552123525547,
    "max_signal": 19.75698399851843,
    "mean_signal": 15.867425786536892,
    "signal_std": 0.971606630347101,
    "has_noise": true
  },
  "false_negative_rate": 0.013724552123525547,
  "sclerostin_mean": 2.916120666821996,
  "sclerostin_max": 3.196072821297995,
  "sclerostin_min": 0.025000000000000005,
  "sclerostin_std": 0.20655190469111928,
  "metadata_file": "metadata/1cdbfea9-57d3-4793-9469-4e151738387e.json",
  "timeseries_file": "timeseries/1cdbfea9-57d3-4793-9469-4e151738387e.csv"
}