{
  "run_id": "1cf0c70c-420c-43d4-8ef0-30fee20142fc",
  "timestamp": "2026-01-31T04:09:57.747640",
  "scenario": "pmo",
  "duration": 3600.0,
  "num_points": 361,
  "environment_params": {
    "Estrogen": 0.12691028866952134,
    "PTH": 47.193430324513265,
    "k_prod_Scl": 4.935175007841111e-06,
    "k_prod_RANKL": 3.341010564731078e-05,
    "k_prod_OPG": 3.90004676660812e-05,
    "Sclerostin_bone": 0.10981739317384387,
    "RANKL_bone": 0.8546228283012809,
    "OPG_bone": 4.681600235842465
  },
  "biosensor_config": {
    "circuit_type": "threshold",
    "sensitivity": 1.9842824651087123,
    "threshold": 0.009957355785994276,
    "dynamic_range": [
      0.0,
      6.6258425259839
    ],
    "kd": 0.010052315193256015,
    "response_type": "michaelis_menten",
    "hill_coefficient": 1.7247667432847897,
    "off_level": 0.9696587838706049,
    "on_level": 8.987052076791159
  },
  "noise_preset": "medium",
  "noise_params": {
    "additive_sigma": 0.03,
    "multiplicative_sigma": 0.06,
    "drift_rate": 0.0003,
    "outlier_probability": 0.003,
    "outlier_magnitude": 4.0,
    "shot_noise_enabled": false,
    "seed": null
  },
  "measurement": {
    "snr_db": 19.324312919051685,
    "n_detections": 361,
    "detection_rate": 1.0,
    "time_to_detection": 1876.7078326580508,
    "false_negative_rate": 0.07519035815172137,
    "max_signal": 8.474452660415334,
    "mean_signal": 7.132589647985843,
    "signal_std": 0.5060917733770137,
    "has_noise": true
  },
  "false_negative_rate": 0.07519035815172137,
  "sclerostin_mean": 1.2627014584201146,
  "sclerostin_max": 1.5255003064733568,
  "sclerostin_min": 0.025000000000000005,
  "sclerostin_std": 0.14828753428510447,
  "metadata_file": "metadata/1cf0c70c-420c-43d4-8ef0-30fee20142fc.json",
  "timeseries_file": "timeseries/1cf0c70c-420c-43d4-8ef0-30fee20142fc.csv"
}