{
  "run_id": "1cf6ce26-62a5-43b7-aa53-aa9c0e65c43e",
  "timestamp": "2026-05-17T02:01:39.287302",
  "scenario": "ckd_mbd",
  "duration": 3600.0,
  "num_points": 361,
  "environment_params": {
    "Estrogen": 0.6862847373524604,
    "PTH": 206.77002286750601,
    "k_prod_Scl": 1.4920696919023562e-05,
    "k_deg_Scl": 5.895171254713248e-05,
    "Sclerostin_bone": 0.11546082765373622,
    "k_prod_RANKL": 1.6100179156456026e-05,
    "k_deg_RANKL": 2.2963595832916497e-05,
    "RANKL_bone": 0.8524557790157097,
    "k_prod_OPG": 0.00012221262994037643,
    "k_deg_OPG": 4.112031346629239e-05,
    "OPG_bone": 5.597099651981564,
    "MineralIon": 3.730403548125969,
    "k_prod_Mineral": 0.13989528178668095,
    "k_loss_Mineral": 0.028852989900181654
  },
  "biosensor_config": {
    "circuit_type": "threshold",
    "sensitivity": 3.976736522977754,
    "threshold": 0.0004951652651791128,
    "dynamic_range": [
      0.0,
      9.13951979340808
    ],
    "kd": 1.4462449258312216,
    "response_type": "linear",
    "hill_coefficient": 1.595035685352987,
    "off_level": 0.8045982028698032,
    "on_level": 24.68035995818847
  },
  "noise_preset": "medium",
  "noise_params": {
    "additive_sigma": 0.03,
    "multiplicative_sigma": 0.06,
    "drift_rate": 0.0002,
    "outlier_probability": 0.003,
    "outlier_magnitude": 4.0,
    "shot_noise_enabled": 0,
    "seed": null
  },
  "measurement": {
    "snr_db": 22.466167346055034,
    "n_detections": 361,
    "detection_rate": 1.0,
    "time_to_detection": 2297.970583945907,
    "false_negative_rate": 0.05168736983060583,
    "max_signal": 11.466387995090116,
    "mean_signal": 9.488664381075925,
    "signal_std": 0.7368514132835937,
    "has_noise": 1
  },
  "false_negative_rate": 0.05168736983060583,
  "sclerostin_mean": 1.3842127093560426,
  "sclerostin_max": 1.7414712932367606,
  "sclerostin_min": 0.025000000000000005,
  "sclerostin_std": 0.19514085973418407,
  "metadata_file": "metadata/1cf6ce26-62a5-43b7-aa53-aa9c0e65c43e.json",
  "timeseries_file": "timeseries/1cf6ce26-62a5-43b7-aa53-aa9c0e65c43e.csv"
}