{
  "run_id": "1e4b213e-3798-41c4-aa2b-b3bb9e61f1e9",
  "timestamp": "2026-05-17T01:48:45.299459",
  "scenario": "healthy",
  "duration": 3600.0,
  "num_points": 361,
  "environment_params": {
    "Estrogen": 1.3370807832437293,
    "PTH": 46.753111207953246,
    "k_prod_Scl": 4.001604870831834e-06,
    "k_deg_Scl": 6.152625855002951e-05,
    "Sclerostin_bone": 0.053792406698233465,
    "k_prod_RANKL": 1.1604136506197638e-05,
    "k_deg_RANKL": 1.4868892284094251e-05,
    "RANKL_bone": 0.43681400964408873,
    "k_prod_OPG": 8.226821940935442e-05,
    "k_deg_OPG": 1.8156508699523914e-05,
    "OPG_bone": 4.78465924130065,
    "MineralIon": 3.180865619576962,
    "k_prod_Mineral": 0.10150724134768295,
    "k_loss_Mineral": 0.04498085485572678
  },
  "biosensor_config": {
    "circuit_type": "ratiometric",
    "sensitivity": 1.6484386377910911,
    "threshold": 9.220478044142167e-05,
    "dynamic_range": [
      0.0,
      18.2441942032462
    ],
    "kd": 1.852904759169254,
    "response_type": "hill",
    "reference_kd": 0.08489697090125309,
    "ratio_exponent": 0.9857454310724862
  },
  "noise_preset": "medium",
  "noise_params": {
    "additive_sigma": 0.03,
    "multiplicative_sigma": 0.06,
    "drift_rate": 0.0002,
    "outlier_probability": 0.003,
    "outlier_magnitude": 4.0,
    "shot_noise_enabled": 0,
    "seed": null
  },
  "measurement": {
    "snr_db": 11.740039951750887,
    "n_detections": 361,
    "detection_rate": 1.0,
    "time_to_detection": 3250.0221085301596,
    "false_negative_rate": 0.003177490721811913,
    "max_signal": 2.5606448784828726,
    "mean_signal": 2.007471103536615,
    "signal_std": 0.22945366007999823,
    "has_noise": 1
  },
  "false_negative_rate": 0.003177490721811913,
  "sclerostin_mean": 0.5574432946364754,
  "sclerostin_max": 0.5843737967170617,
  "sclerostin_min": 0.025000000000000005,
  "sclerostin_std": 0.030909828950973987,
  "metadata_file": "metadata/1e4b213e-3798-41c4-aa2b-b3bb9e61f1e9.json",
  "timeseries_file": "timeseries/1e4b213e-3798-41c4-aa2b-b3bb9e61f1e9.csv"
}