{
  "run_id": "1e7482cf-11f9-438b-aa5c-11ba0ac8435b",
  "timestamp": "2026-05-17T01:58:23.505717",
  "scenario": "pmo",
  "duration": 3600.0,
  "num_points": 361,
  "environment_params": {
    "Estrogen": 0.3806716964075847,
    "PTH": 62.63628960621144,
    "k_prod_Scl": 7.161352317517936e-06,
    "k_deg_Scl": 5.8796893183980354e-05,
    "Sclerostin_bone": 0.07730131993512233,
    "k_prod_RANKL": 1.8915045276186535e-05,
    "k_deg_RANKL": 2.266173458513901e-05,
    "RANKL_bone": 1.0667178757685387,
    "k_prod_OPG": 6.44654238361673e-05,
    "k_deg_OPG": 1.947487497966469e-05,
    "OPG_bone": 3.5583699612942645,
    "MineralIon": 1.0908476376223224,
    "k_prod_Mineral": 0.07108730763599519,
    "k_loss_Mineral": 0.06841021204680421
  },
  "biosensor_config": {
    "circuit_type": "direct_binding",
    "sensitivity": 4.64286881802956,
    "threshold": 0.0008323102495070107,
    "dynamic_range": [
      0.0,
      4.301167505385997
    ],
    "kd": 0.7194542785873842,
    "response_type": "linear",
    "receptor_concentration": 4.280194880730132,
    "kon": 179697.64046517716,
    "koff": 129284.23628472917
  },
  "noise_preset": "medium",
  "noise_params": {
    "additive_sigma": 0.03,
    "multiplicative_sigma": 0.06,
    "drift_rate": 0.0002,
    "outlier_probability": 0.003,
    "outlier_magnitude": 4.0,
    "shot_noise_enabled": 0,
    "seed": null
  },
  "measurement": {
    "snr_db": 19.053055883244397,
    "n_detections": 361,
    "detection_rate": 1.0,
    "time_to_detection": 2125.539214217657,
    "false_negative_rate": 0.04169464041938595,
    "max_signal": 5.4686571226763245,
    "mean_signal": 4.64051925629933,
    "signal_std": 0.3896502478055499,
    "has_noise": 1
  },
  "false_negative_rate": 0.04169464041938595,
  "sclerostin_mean": 0.9537342029038397,
  "sclerostin_max": 1.219467895286918,
  "sclerostin_min": 0.025000000000000005,
  "sclerostin_std": 0.14373662579913385,
  "metadata_file": "metadata/1e7482cf-11f9-438b-aa5c-11ba0ac8435b.json",
  "timeseries_file": "timeseries/1e7482cf-11f9-438b-aa5c-11ba0ac8435b.csv"
}