{
  "run_id": "1ee2513e-d057-447c-abbe-1ff5361845c8",
  "timestamp": "2026-05-17T01:40:36.748312",
  "scenario": "ckd_mbd",
  "duration": 3600.0,
  "num_points": 361,
  "environment_params": {
    "Estrogen": 0.5316569832337944,
    "PTH": 188.1346833031427,
    "k_prod_Scl": 9.142438601160294e-06,
    "k_deg_Scl": 5.043577536091062e-05,
    "Sclerostin_bone": 0.13633569354710232,
    "k_prod_RANKL": 1.4701486062660428e-05,
    "k_deg_RANKL": 1.9259596333956614e-05,
    "RANKL_bone": 0.7195041376495718,
    "k_prod_OPG": 9.551713227036052e-05,
    "k_deg_OPG": 1.7855510601983628e-05,
    "OPG_bone": 4.39951676580005,
    "MineralIon": 4.417811526111121,
    "k_prod_Mineral": 0.11461393444542728,
    "k_loss_Mineral": 0.019765484261432386
  },
  "biosensor_config": {
    "circuit_type": "direct_binding",
    "sensitivity": 0.370363511699657,
    "threshold": 4.488240213060494e-05,
    "dynamic_range": [
      0.0,
      1.5340518067136344
    ],
    "kd": 0.014201748062976631,
    "response_type": "hill",
    "receptor_concentration": 9.857401586388571,
    "kon": 16231.953831820785,
    "koff": 230.52211888938695
  },
  "biosensor_type": "direct_binding",
  "noise_preset": "medium",
  "noise_params": {
    "additive_sigma": 0.03,
    "multiplicative_sigma": 0.06,
    "drift_rate": 0.0002,
    "outlier_probability": 0.003,
    "outlier_magnitude": 4.0,
    "shot_noise_enabled": false,
    "seed": null
  },
  "measurement": {
    "snr_db": -1.0136014521042864,
    "n_detections": 361,
    "detection_rate": 1.0,
    "time_to_detection": 2743.072015170671,
    "false_negative_rate": 0.12705520321949143,
    "max_signal": 1.1630382619885213,
    "mean_signal": 0.7269114681521444,
    "signal_std": 0.2147082657318606,
    "has_noise": true
  },
  "signal_to_noise_ratio_SNR": -1.0136014521042864,
  "time_to_detection_threshold": 2743.072015170671,
  "false_negative_rate": 0.12705520321949143,
  "dynamic_range_of_output": 0.0,
  "sclerostin_mean": 1.5382600273507687,
  "sclerostin_max": 1.8319831735106524,
  "sclerostin_min": 0.025000000000000005,
  "sclerostin_std": 0.16865586853602857,
  "sclerostin_change": 