{
  "run_id": "1f231482-c497-4878-863f-1e76b7ade3d5",
  "timestamp": "2026-01-31T04:10:57.410970",
  "scenario": "healthy",
  "duration": 3600.0,
  "num_points": 361,
  "environment_params": {
    "Estrogen": 0.5630136253385464,
    "PTH": 37.32273601604007,
    "k_prod_Scl": 4.97733404700172e-06,
    "k_prod_RANKL": 1.3732454416929178e-05,
    "k_prod_OPG": 0.00013978319257090571,
    "Sclerostin_bone": 0.05779114541802113,
    "RANKL_bone": 0.5693095528815463,
    "OPG_bone": 4.75432319899983
  },
  "biosensor_config": {
    "circuit_type": "direct_binding",
    "sensitivity": 0.8091911910187174,
    "threshold": 0.0009983736305268773,
    "dynamic_range": [
      0.0,
      12.24629825728185
    ],
    "kd": 0.03041428416031504,
    "response_type": "linear",
    "receptor_concentration": 4.155214075610398,
    "kon": 46810.05110762398,
    "koff": 1423.6941959461453
  },
  "noise_preset": "high",
  "noise_params": {
    "additive_sigma": 0.1,
    "multiplicative_sigma": 0.2,
    "drift_rate": 0.001,
    "outlier_probability": 0.01,
    "outlier_magnitude": 10.0,
    "shot_noise_enabled": true,
    "seed": null
  },
  "measurement": {
    "snr_db": 3.537817362563183,
    "n_detections": 361,
    "detection_rate": 1.0,
    "time_to_detection": 2578.6622020787268,
    "false_negative_rate": 0.0756995695276185,
    "max_signal": 8.123123129487826,
    "mean_signal": 4.955355819015803,
    "signal_std": 1.251437010818101,
    "has_noise": true
  },
  "false_negative_rate": 0.0756995695276185,
  "sclerostin_mean": 0.6636083614174547,
  "sclerostin_max": 0.784814059305154,
  "sclerostin_min": 0.025000000000000005,
  "sclerostin_std": 0.06994033475642443,
  "metadata_file": "metadata/1f231482-c497-4878-863f-1e76b7ade3d5.json",
  "timeseries_file": "timeseries/1f231482-c497-4878-863f-1e76b7ade3d5.csv"
}