{
  "run_id": "1f80693a-8907-4eb7-bb26-cb214dcc9b74",
  "timestamp": "2026-05-17T01:40:38.030844",
  "scenario": "healthy",
  "duration": 3600.0,
  "num_points": 361,
  "environment_params": {
    "Estrogen": 0.5574329361112644,
    "PTH": 33.74664887398294,
    "k_prod_Scl": 2.978012710564569e-06,
    "k_deg_Scl": 7.415382634838889e-05,
    "Sclerostin_bone": 0.05499443306000448,
    "k_prod_RANKL": 1.1188653506447013e-05,
    "k_deg_RANKL": 1.5233541110577454e-05,
    "RANKL_bone": 0.5040593327817261,
    "k_prod_OPG": 7.633047526803983e-05,
    "k_deg_OPG": 1.8078330719036597e-05,
    "OPG_bone": 3.9504873548020876,
    "MineralIon": 2.7728396561914126,
    "k_prod_Mineral": 0.07481057505211573,
    "k_loss_Mineral": 0.051936358503077054
  },
  "biosensor_config": {
    "circuit_type": "ratiometric",
    "sensitivity": 8.257829422258393,
    "threshold": 0.0004091443943926938,
    "dynamic_range": [
      0.0,
      6.128263451663591
    ],
    "kd": 3.2874962890260933,
    "response_type": "linear",
    "reference_kd": 0.048763368996802905,
    "ratio_exponent": 1.0195055769728807
  },
  "biosensor_type": "ratiometric",
  "noise_preset": "low",
  "noise_params": {
    "additive_sigma": 0.005,
    "multiplicative_sigma": 0.01,
    "drift_rate": 2e-05,
    "outlier_probability": 0.0002,
    "outlier_magnitude": 2.0,
    "shot_noise_enabled": false,
    "seed": null
  },
  "measurement": {
    "snr_db": 38.41968904324093,
    "n_detections": 361,
    "detection_rate": 1.0,
    "time_to_detection": 2262.5769803340213,
    "false_negative_rate": 0.0036493804762227854,
    "max_signal": 6.347275629255083,
    "mean_signal": 6.165887901194008,
    "signal_std": 0.06315286179932264,
    "has_noise": true
  },
  "signal_to_noise_ratio_SNR": 38.41968904324093,
  "time_to_detection_threshold": 2262.5769803340213,
  "false_negative_rate": 0.0036493804762227854,
  "dynamic_range_of_output": 0.0,
  "sclerostin_mean": 0.6005396394731989,
  "sclerostin_max": 0.6716439345882799,
  "sclerostin_min": 0.025000000000000005,
  "sclerostin_std": 0.04676063433822905,
  "sclerostin_change": 