{
  "run_id": "2041e4b7-49c9-42ed-834c-119fdea87545",
  "timestamp": "2026-05-17T01:48:40.701968",
  "scenario": "pmo",
  "duration": 3600.0,
  "num_points": 361,
  "environment_params": {
    "Estrogen": 0.20781579671294326,
    "PTH": 46.08685615856912,
    "k_prod_Scl": 6.380929278057213e-06,
    "k_deg_Scl": 6.905944631374733e-05,
    "Sclerostin_bone": 0.07201871251429046,
    "k_prod_RANKL": 2.0976628315509942e-05,
    "k_deg_RANKL": 2.2403451405361484e-05,
    "RANKL_bone": 0.8616287981884654,
    "k_prod_OPG": 9.612405474749551e-05,
    "k_deg_OPG": 1.770649235134761e-05,
    "OPG_bone": 3.9383662649358695,
    "MineralIon": 3.1906466498731003,
    "k_prod_Mineral": 0.09109121031616862,
    "k_loss_Mineral": 0.06831282812059046
  },
  "biosensor_config": {
    "circuit_type": "amplifying",
    "sensitivity": 1.0167977208159473,
    "threshold": 0.00027966183215301024,
    "dynamic_range": [
      0.0,
      4.235706388147807
    ],
    "kd": 0.0461351648308764,
    "response_type": "linear",
    "receptor_concentration": 2.6695881727764648,
    "enzyme_concentration": 14.96594276520545,
    "amplification_gain": 5723.517104023857,
    "response_time": 103.82044656478907
  },
  "noise_preset": "medium",
  "noise_params": {
    "additive_sigma": 0.03,
    "multiplicative_sigma": 0.06,
    "drift_rate": 0.0002,
    "outlier_probability": 0.003,
    "outlier_magnitude": 4.0,
    "shot_noise_enabled": 0,
    "seed": null
  },
  "measurement": {
    "snr_db": 18.883889829921372,
    "n_detections": 361,
    "detection_rate": 1.0,
    "time_to_detection": 1472.75336201322,
    "false_negative_rate": 0.087318586181556,
    "max_signal": 5.634815852489796,
    "mean_signal": 4.582654587259682,
    "signal_std": 0.40052617916511296,
    "has_noise": 1
  },
  "false_negative_rate": 0.087318586181556,
  "sclerostin_mean": 0.9318618309440747,
  "sclerostin_max": 1.237548800136316,
  "sclerostin_min": 0.025000000000000005,
  "sclerostin_std": 0.16289626957213715,
  "metadata_file": "metadata/2041e4b7-49c9-42ed-834c-119fdea87545.json",
  "timeseries_file": "timeseries/2041e4b7-49c9-42ed-834c-119fdea87545.csv"
}