{
  "run_id": "20760a5a-3080-4584-8e75-12984031db8f",
  "timestamp": "2026-01-31T04:10:35.672072",
  "scenario": "healthy",
  "duration": 3600.0,
  "num_points": 361,
  "environment_params": {
    "Estrogen": 1.0510145448718815,
    "PTH": 53.18380578993378,
    "k_prod_Scl": 5.062050309519806e-06,
    "k_prod_RANKL": 1.3603225307835152e-05,
    "k_prod_OPG": 0.00013672990419891465,
    "Sclerostin_bone": 0.06016607324214147,
    "RANKL_bone": 0.4570670288399805,
    "OPG_bone": 4.838773226351466
  },
  "biosensor_config": {
    "circuit_type": "threshold",
    "sensitivity": 4.465822149131065,
    "threshold": 0.00019024403708855575,
    "dynamic_range": [
      0.0,
      8.984168557570772
    ],
    "kd": 0.7556397573736745,
    "response_type": "hill",
    "hill_coefficient": 3.4769040618741918,
    "off_level": 0.745633973905772,
    "on_level": 18.10543164203922
  },
  "noise_preset": "high",
  "noise_params": {
    "additive_sigma": 0.1,
    "multiplicative_sigma": 0.2,
    "drift_rate": 0.001,
    "outlier_probability": 0.01,
    "outlier_magnitude": 10.0,
    "shot_noise_enabled": true,
    "seed": null
  },
  "measurement": {
    "snr_db": 8.597609201440633,
    "n_detections": 361,
    "detection_rate": 1.0,
    "time_to_detection": 3639.697660078525,
    "false_negative_rate": 0.015782628338981183,
    "max_signal": 15.080412095104517,
    "mean_signal": 8.8388881530262,
    "signal_std": 2.2443128390706604,
    "has_noise": true
  },
  "false_negative_rate": 0.015782628338981183,
  "sclerostin_mean": 0.6380256652424436,
  "sclerostin_max": 0.6919349974795652,
  "sclerostin_min": 0.025000000000000005,
  "sclerostin_std": 0.04194765846539262,
  "metadata_file": "metadata/20760a5a-3080-4584-8e75-12984031db8f.json",
  "timeseries_file": "timeseries/20760a5a-3080-4584-8e75-12984031db8f.csv"
}