{
  "run_id": "2123e1ad-95c9-49bd-a074-c5250db8a290",
  "timestamp": "2026-05-17T01:48:53.526343",
  "scenario": "ckd_mbd",
  "duration": 3600.0,
  "num_points": 361,
  "environment_params": {
    "Estrogen": 0.7228747975591353,
    "PTH": 233.6850382726077,
    "k_prod_Scl": 8.915032496423375e-06,
    "k_deg_Scl": 7.061127690458644e-05,
    "Sclerostin_bone": 0.1494912125830304,
    "k_prod_RANKL": 1.7858867514881065e-05,
    "k_deg_RANKL": 2.1509549827418468e-05,
    "RANKL_bone": 0.7718158298352831,
    "k_prod_OPG": 0.00012121727068954176,
    "k_deg_OPG": 2.076972627222465e-05,
    "OPG_bone": 6.224934393352495,
    "MineralIon": 2.6251034628199976,
    "k_prod_Mineral": 0.15646421671208705,
    "k_loss_Mineral": 0.014694056641435378
  },
  "biosensor_config": {
    "circuit_type": "ratiometric",
    "sensitivity": 0.8589412931648713,
    "threshold": 5.175526206204095e-05,
    "dynamic_range": [
      0.0,
      16.093352570690765
    ],
    "kd": 0.20025538135778448,
    "response_type": "hill",
    "reference_kd": 0.4744547135105518,
    "ratio_exponent": 1.431421429417658
  },
  "noise_preset": "high",
  "noise_params": {
    "additive_sigma": 0.08,
    "multiplicative_sigma": 0.12,
    "drift_rate": 0.0004,
    "outlier_probability": 0.005,
    "outlier_magnitude": 6.0,
    "shot_noise_enabled": 0,
    "seed": null
  },
  "measurement": {
    "snr_db": 0.16490760523526476,
    "n_detections": 361,
    "detection_rate": 1.0,
    "time_to_detection": 1247.024725993918,
    "false_negative_rate": 0.01602233214976892,
    "max_signal": 2.555288225605441,
    "mean_signal": 1.580132044772313,
    "signal_std": 0.4360902305066077,
    "has_noise": 1
  },
  "false_negative_rate": 0.01602233214976892,
  "sclerostin_mean": 1.5955349632079812,
  "sclerostin_max": 1.7946944416603172,
  "sclerostin_min": 0.025000000000000005,
  "sclerostin_std": 0.12964771725540708,
  "metadata_file": "metadata/2123e1ad-95c9-49bd-a074-c5250db8a290.json",
  "timeseries_file": "timeseries/2123e1ad-95c9-49bd-a074-c5250db8a290.csv"
}