{
  "run_id": "2164ef5a-000d-4f9f-b8ac-e16b9cac0d37",
  "timestamp": "2026-01-31T04:10:17.924329",
  "scenario": "pmo",
  "duration": 3600.0,
  "num_points": 361,
  "environment_params": {
    "Estrogen": 0.13494727276014917,
    "PTH": 52.2255997349352,
    "k_prod_Scl": 5.887010759209188e-06,
    "k_prod_RANKL": 3.3194053469450826e-05,
    "k_prod_OPG": 4.5055770371036556e-05,
    "Sclerostin_bone": 0.06943366211411978,
    "RANKL_bone": 1.274144405206775,
    "OPG_bone": 2.10505943677886
  },
  "biosensor_config": {
    "circuit_type": "direct_binding",
    "sensitivity": 31.611084965637257,
    "threshold": 0.0005106263421716404,
    "dynamic_range": [
      0.0,
      13.53973320565085
    ],
    "kd": 0.14906766731011836,
    "response_type": "hill",
    "receptor_concentration": 9.162363734385556,
    "kon": 39498.78145492105,
    "koff": 5887.9912130772445
  },
  "noise_preset": "medium",
  "noise_params": {
    "additive_sigma": 0.03,
    "multiplicative_sigma": 0.06,
    "drift_rate": 0.0003,
    "outlier_probability": 0.003,
    "outlier_magnitude": 4.0,
    "shot_noise_enabled": false,
    "seed": null
  },
  "measurement": {
    "snr_db": 21.92509409542957,
    "n_detections": 361,
    "detection_rate": 1.0,
    "time_to_detection": 2981.1681267261415,
    "false_negative_rate": 0.04881730962555286,
    "max_signal": 16.358308936150195,
    "mean_signal": 14.170026027845326,
    "signal_std": 0.8829230019470931,
    "has_noise": true
  },
  "false_negative_rate": 0.04881730962555286,
  "sclerostin_mean": 0.9141254421617476,
  "sclerostin_max": 1.2292111847878522,
  "sclerostin_min": 0.025000000000000005,
  "sclerostin_std": 0.16730321035456355,
  "metadata_file": "metadata/2164ef5a-000d-4f9f-b8ac-e16b9cac0d37.json",
  "timeseries_file": "timeseries/2164ef5a-000d-4f9f-b8ac-e16b9cac0d37.csv"
}