{
  "run_id": "21b0a6a7-ff53-4b61-9a87-680623c475b2",
  "timestamp": "2026-05-17T01:58:27.893523",
  "scenario": "ckd_mbd",
  "duration": 3600.0,
  "num_points": 361,
  "environment_params": {
    "Estrogen": 0.37506511988769126,
    "PTH": 216.68754236497023,
    "k_prod_Scl": 1.2824972878245412e-05,
    "k_deg_Scl": 4.6081362461748985e-05,
    "Sclerostin_bone": 0.14468840277531594,
    "k_prod_RANKL": 1.6916012862776466e-05,
    "k_deg_RANKL": 2.308094311677713e-05,
    "RANKL_bone": 0.7283372704991986,
    "k_prod_OPG": 0.00011506190241694102,
    "k_deg_OPG": 1.707305811296287e-05,
    "OPG_bone": 5.238981153610186,
    "MineralIon": 2.8969914474563363,
    "k_prod_Mineral": 0.1612146492067496,
    "k_loss_Mineral": 0.019273942968759207
  },
  "biosensor_config": {
    "circuit_type": "ratiometric",
    "sensitivity": 5.133724415476282,
    "threshold": 8.722102359196438e-05,
    "dynamic_range": [
      0.0,
      2.9292285131329003
    ],
    "kd": 0.03066246819040741,
    "response_type": "hill",
    "reference_kd": 0.0994627300804931,
    "ratio_exponent": 1.5369335948395664
  },
  "noise_preset": "high",
  "noise_params": {
    "additive_sigma": 0.08,
    "multiplicative_sigma": 0.12,
    "drift_rate": 0.0004,
    "outlier_probability": 0.005,
    "outlier_magnitude": 6.0,
    "shot_noise_enabled": 0,
    "seed": null
  },
  "measurement": {
    "snr_db": 9.985960971756016,
    "n_detections": 361,
    "detection_rate": 1.0,
    "time_to_detection": 86.54298853252989,
    "false_negative_rate": 0.07250725974004002,
    "max_signal": 5.071354804817158,
    "mean_signal": 3.6364147855605227,
    "signal_std": 0.6005861559480926,
    "has_noise": 1
  },
  "false_negative_rate": 0.07250725974004002,
  "sclerostin_mean": 1.817800329809976,
  "sclerostin_max": 2.3893524011069363,
  "sclerostin_min": 0.025000000000000005,
  "sclerostin_std": 0.30601716027074966,
  "metadata_file": "metadata/21b0a6a7-ff53-4b61-9a87-680623c475b2.json",
  "timeseries_file": "timeseries/21b0a6a7-ff53-4b61-9a87-680623c475b2.csv"
}