{
  "run_id": "22cdb0ef-4f50-4c39-bb08-fa42c6b09558",
  "timestamp": "2026-05-17T01:48:52.386841",
  "scenario": "ckd_mbd",
  "duration": 3600.0,
  "num_points": 361,
  "environment_params": {
    "Estrogen": 0.517664286650846,
    "PTH": 149.5356307454952,
    "k_prod_Scl": 8.858143698009526e-06,
    "k_deg_Scl": 5.7916656380886505e-05,
    "Sclerostin_bone": 0.15299655473397364,
    "k_prod_RANKL": 1.602129898511414e-05,
    "k_deg_RANKL": 1.8531832759568988e-05,
    "RANKL_bone": 1.189798621593094,
    "k_prod_OPG": 8.641944478333598e-05,
    "k_deg_OPG": 1.7097921891006495e-05,
    "OPG_bone": 7.583480019570582,
    "MineralIon": 3.734342651569335,
    "k_prod_Mineral": 0.1494672844903062,
    "k_loss_Mineral": 0.01875989329146335
  },
  "biosensor_config": {
    "circuit_type": "ratiometric",
    "sensitivity": 10.263690667287781,
    "threshold": 0.0041209321511270925,
    "dynamic_range": [
      0.0,
      13.184027223580834
    ],
    "kd": 3.8193970475825463,
    "response_type": "hill",
    "reference_kd": 11.69550388435841,
    "ratio_exponent": 1.5678189368319058
  },
  "noise_preset": "medium",
  "noise_params": {
    "additive_sigma": 0.03,
    "multiplicative_sigma": 0.06,
    "drift_rate": 0.0002,
    "outlier_probability": 0.003,
    "outlier_magnitude": 4.0,
    "shot_noise_enabled": 0,
    "seed": null
  },
  "measurement": {
    "snr_db": 22.777606829327517,
    "n_detections": 361,
    "detection_rate": 1.0,
    "time_to_detection": 1186.0977483618783,
    "false_negative_rate": 0.006435323055277727,
    "max_signal": 12.410177762233221,
    "mean_signal": 10.603410684234813,
    "signal_std": 0.6635320159259166,
    "has_noise": 1
  },
  "false_negative_rate": 0.006435323055277727,
  "sclerostin_mean": 1.6900442718716464,
  "sclerostin_max": 1.9736243013112889,
  "sclerostin_min": 0.025000000000000005,
  "sclerostin_std": 0.1678760491966287,
  "metadata_file": "metadata/22cdb0ef-4f50-4c39-bb08-fa42c6b09558.json",
  "timeseries_file": "timeseries/22cdb0ef-4f50-4c39-bb08-fa42c6b09558.csv"
}