{
  "run_id": "23427b45-c7d2-4bd3-a4de-edec12dce2fd",
  "timestamp": "2026-05-17T01:40:36.540674",
  "scenario": "ckd_mbd",
  "duration": 3600.0,
  "num_points": 361,
  "environment_params": {
    "Estrogen": 0.5672213769211852,
    "PTH": 246.11202460906452,
    "k_prod_Scl": 1.27688343474878e-05,
    "k_deg_Scl": 5.265956074574949e-05,
    "Sclerostin_bone": 0.11915427394295877,
    "k_prod_RANKL": 1.6920251716670054e-05,
    "k_deg_RANKL": 1.7860135674916457e-05,
    "RANKL_bone": 0.9990299134256131,
    "k_prod_OPG": 9.251444170266888e-05,
    "k_deg_OPG": 1.9857821366822514e-05,
    "OPG_bone": 4.1126352942634385,
    "MineralIon": 3.037636746479706,
    "k_prod_Mineral": 0.14593565683601847,
    "k_loss_Mineral": 0.016176441748902627
  },
  "biosensor_config": {
    "circuit_type": "amplifying",
    "sensitivity": 3.105474870833277,
    "threshold": 0.006962491528324257,
    "dynamic_range": [
      0.0,
      15.854863722933562
    ],
    "kd": 0.03951334117617552,
    "response_type": "linear",
    "receptor_concentration": 4.148177624059065,
    "enzyme_concentration": 23.948993056972373,
    "amplification_gain": 4632.904938740968,
    "response_time": 23.985864643644263
  },
  "biosensor_type": "amplifying",
  "noise_preset": "medium",
  "noise_params": {
    "additive_sigma": 0.03,
    "multiplicative_sigma": 0.06,
    "drift_rate": 0.0002,
    "outlier_probability": 0.003,
    "outlier_magnitude": 4.0,
    "shot_noise_enabled": false,
    "seed": null
  },
  "measurement": {
    "snr_db": 23.532631583338002,
    "n_detections": 361,
    "detection_rate": 1.0,
    "time_to_detection": 3285.3742488577614,
    "false_negative_rate": 0.06037250398764864,
    "max_signal": 18.86816655922776,
    "mean_signal": 16.2635850854209,
    "signal_std": 1.2790649145144946,
    "has_noise": true
  },
  "signal_to_noise_ratio_SNR": 23.532631583338002,
  "time_to_detection_threshold": 3285.3742488577614,
  "false_negative_rate": 0.06037250398764864,
  "dynamic_range_of_output": 0.0,
  "sclerostin_mean": 1.4451308583938367,
  "sclerostin_max": 1.8378914714748769,
  "sclerostin_min": 0.025000000000000005,
  "sclerostin_std": 0.21325728264055074,
  "sclerostin_change": 