{
  "run_id": "2419edd3-7abc-4b21-928e-6d3334339b47",
  "timestamp": "2026-05-17T01:54:26.200295",
  "scenario": "ckd_mbd",
  "duration": 3600.0,
  "num_points": 361,
  "environment_params": {
    "Estrogen": 0.6566934140354769,
    "PTH": 171.3203942060444,
    "k_prod_Scl": 1.8817492837218284e-05,
    "k_deg_Scl": 4.608132882637404e-05,
    "Sclerostin_bone": 0.18718233816831178,
    "k_prod_RANKL": 2.1296294558578054e-05,
    "k_deg_RANKL": 2.1002287653130394e-05,
    "RANKL_bone": 0.9390465639409695,
    "k_prod_OPG": 0.00010102332796718254,
    "k_deg_OPG": 1.7415570810741022e-05,
    "OPG_bone": 4.9594694641498505,
    "MineralIon": 7.329736735891834,
    "k_prod_Mineral": 0.21482607468272238,
    "k_loss_Mineral": 0.017700781687948766
  },
  "biosensor_config": {
    "circuit_type": "amplifying",
    "sensitivity": 1.4383404712496701,
    "threshold": 0.0005860224196093,
    "dynamic_range": [
      0.0,
      4.944861287876846
    ],
    "kd": 0.09192214317912091,
    "response_type": "linear",
    "receptor_concentration": 3.814834292293629,
    "enzyme_concentration": 8.799171723215027,
    "amplification_gain": 2698.7079605511967,
    "response_time": 6.281459112250136
  },
  "noise_preset": "low",
  "noise_params": {
    "additive_sigma": 0.005,
    "multiplicative_sigma": 0.01,
    "drift_rate": 2e-05,
    "outlier_probability": 0.0002,
    "outlier_magnitude": 2.0,
    "shot_noise_enabled": 0,
    "seed": null
  },
  "measurement": {
    "snr_db": 37.51046786501854,
    "n_detections": 361,
    "detection_rate": 1.0,
    "time_to_detection": 2700.182901124514,
    "false_negative_rate": 0.042903414122294786,
    "max_signal": 5.114368343362967,
    "mean_signal": 4.9682443125466325,
    "signal_std": 0.2673677234716711,
    "has_noise": 1
  },
  "false_negative_rate": 0.042903414122294786,
  "sclerostin_mean": 2.1499430659939636,
  "sclerostin_max": 2.618327655187867,
  "sclerostin_min": 0.025000000000000005,
  "sclerostin_std": 0.2625581527020351,
  "metadata_file": "metadata/2419edd3-7abc-4b21-928e-6d3334339b47.json",
  "timeseries_file": "timeseries/2419edd3-7abc-4b21-928e-6d3334339b47.csv"
}