{
  "run_id": "2484fe7e-54db-499a-be10-92326edd6e09",
  "timestamp": "2026-01-31T04:10:49.630810",
  "scenario": "healthy",
  "duration": 3600.0,
  "num_points": 361,
  "environment_params": {
    "Estrogen": 0.4074147668051434,
    "PTH": 32.20825971863792,
    "k_prod_Scl": 4.934809985670323e-06,
    "k_prod_RANKL": 1.4334063367105988e-05,
    "k_prod_OPG": 0.00018593861076169837,
    "Sclerostin_bone": 0.03812339029098129,
    "RANKL_bone": 0.726193609971469,
    "OPG_bone": 5.970270348101199
  },
  "biosensor_config": {
    "circuit_type": "threshold",
    "sensitivity": 2.9924050237221307,
    "threshold": 0.0015367213932955032,
    "dynamic_range": [
      0.0,
      15.753727554751661
    ],
    "kd": 0.022200245387333756,
    "response_type": "michaelis_menten",
    "hill_coefficient": 2.167312423962292,
    "off_level": 0.35146296319834675,
    "on_level": 10.817562850969361
  },
  "noise_preset": "high",
  "noise_params": {
    "additive_sigma": 0.1,
    "multiplicative_sigma": 0.2,
    "drift_rate": 0.001,
    "outlier_probability": 0.01,
    "outlier_magnitude": 10.0,
    "shot_noise_enabled": true,
    "seed": null
  },
  "measurement": {
    "snr_db": 10.98150447213279,
    "n_detections": 361,
    "detection_rate": 1.0,
    "time_to_detection": 3897.7278042437915,
    "false_negative_rate": 0.11232552501641307,
    "max_signal": 19.102287914472484,
    "mean_signal": 12.637154690173329,
    "signal_std": 2.445941726833296,
    "has_noise": true
  },
  "false_negative_rate": 0.11232552501641307,
  "sclerostin_mean": 0.5046722417122824,
  "sclerostin_max": 0.666382229581344,
  "sclerostin_min": 0.025000000000000005,
  "sclerostin_std": 0.08618061464760242,
  "metadata_file": "metadata/2484fe7e-54db-499a-be10-92326edd6e09.json",
  "timeseries_file": "timeseries/2484fe7e-54db-499a-be10-92326edd6e09.csv"
}