{
  "run_id": "24f761b5-1dd4-40c4-ae5a-cd189535f912",
  "timestamp": "2026-05-17T02:01:40.245742",
  "scenario": "ckd_mbd",
  "duration": 3600.0,
  "num_points": 361,
  "environment_params": {
    "Estrogen": 0.8490667334073501,
    "PTH": 185.72006782922602,
    "k_prod_Scl": 7.920968587299298e-06,
    "k_deg_Scl": 5.7062966554750364e-05,
    "Sclerostin_bone": 0.23152696273395393,
    "k_prod_RANKL": 2.1911076479059685e-05,
    "k_deg_RANKL": 2.174268565910423e-05,
    "RANKL_bone": 1.0011342452348189,
    "k_prod_OPG": 0.00011397849811223276,
    "k_deg_OPG": 1.9398497726521893e-05,
    "OPG_bone": 3.896180506009836,
    "MineralIon": 4.307130920082087,
    "k_prod_Mineral": 0.1550044953126637,
    "k_loss_Mineral": 0.02300764276504057
  },
  "biosensor_config": {
    "circuit_type": "direct_binding",
    "sensitivity": 0.6074011219399007,
    "threshold": 0.000921768516929996,
    "dynamic_range": [
      0.0,
      3.565961494246943
    ],
    "kd": 0.17057928811373013,
    "response_type": "linear",
    "receptor_concentration": 7.479905185244755,
    "kon": 37735.42305437065,
    "koff": 6436.881601284986
  },
  "noise_preset": "medium",
  "noise_params": {
    "additive_sigma": 0.03,
    "multiplicative_sigma": 0.06,
    "drift_rate": 0.0002,
    "outlier_probability": 0.003,
    "outlier_magnitude": 4.0,
    "shot_noise_enabled": 0,
    "seed": null
  },
  "measurement": {
    "snr_db": 17.37687671689406,
    "n_detections": 361,
    "detection_rate": 1.0,
    "time_to_detection": 3393.747159242518,
    "false_negative_rate": 0.014696055804862334,
    "max_signal": 4.845449300193078,
    "mean_signal": 3.926631130685418,
    "signal_std": 0.3560116797863445,
    "has_noise": 1
  },
  "false_negative_rate": 0.014696055804862334,
  "sclerostin_mean": 2.335383502902518,
  "sclerostin_max": 2.472474067057475,
  "sclerostin_min": 0.025000000000000005,
  "sclerostin_std": 0.13884014154368524,
  "metadata_file": "metadata/24f761b5-1dd4-40c4-ae5a-cd189535f912.json",
  "timeseries_file": "timeseries/24f761b5-1dd4-40c4-ae5a-cd189535f912.csv"
}