{
  "run_id": "255ff351-2e9e-4e27-b14b-63586c61f319",
  "timestamp": "2026-01-31T04:10:10.536749",
  "scenario": "healthy",
  "duration": 3600.0,
  "num_points": 361,
  "environment_params": {
    "Estrogen": 0.8093726238866021,
    "PTH": 46.103433110163536,
    "k_prod_Scl": 4.304040720379867e-06,
    "k_prod_RANKL": 8.486898105098079e-06,
    "k_prod_OPG": 9.812313601942567e-05,
    "Sclerostin_bone": 0.08272379566029113,
    "RANKL_bone": 0.46263837740806024,
    "OPG_bone": 6.703320465566119
  },
  "biosensor_config": {
    "circuit_type": "direct_binding",
    "sensitivity": 0.8670837311303173,
    "threshold": 7.998378392790172e-05,
    "dynamic_range": [
      0.0,
      9.618383538302744
    ],
    "kd": 0.327550161737253,
    "response_type": "michaelis_menten",
    "receptor_concentration": 0.8177158993881215,
    "kon": 1465539.9492110251,
    "koff": 480037.84739647683
  },
  "noise_preset": "high",
  "noise_params": {
    "additive_sigma": 0.1,
    "multiplicative_sigma": 0.2,
    "drift_rate": 0.001,
    "outlier_probability": 0.01,
    "outlier_magnitude": 10.0,
    "shot_noise_enabled": true,
    "seed": null
  },
  "measurement": {
    "snr_db": -11.44735080312602,
    "n_detections": 361,
    "detection_rate": 1.0,
    "time_to_detection": 1769.5256881708417,
    "false_negative_rate": 0.016169911751049534,
    "max_signal": 4.961730784446034,
    "mean_signal": 2.3541297506295455,
    "signal_std": 1.0598172101858245,
    "has_noise": true
  },
  "false_negative_rate": 0.016169911751049534,
  "sclerostin_mean": 0.8631370903440455,
  "sclerostin_max": 0.9302612167185477,
  "sclerostin_min": 0.025000000000000005,
  "sclerostin_std": 0.0552483686759536,
  "metadata_file": "metadata/255ff351-2e9e-4e27-b14b-63586c61f319.json",
  "timeseries_file": "timeseries/255ff351-2e9e-4e27-b14b-63586c61f319.csv"
}