{
  "run_id": "25724f94-f8fc-4349-beb3-78c070044e81",
  "timestamp": "2026-05-17T01:40:38.231005",
  "scenario": "healthy",
  "duration": 3600.0,
  "num_points": 361,
  "environment_params": {
    "Estrogen": 1.1717645338141212,
    "PTH": 47.99065772988129,
    "k_prod_Scl": 4.594879931829055e-06,
    "k_deg_Scl": 7.585636654525837e-05,
    "Sclerostin_bone": 0.0366821078559319,
    "k_prod_RANKL": 8.607474968703156e-06,
    "k_deg_RANKL": 1.5632293657170255e-05,
    "RANKL_bone": 0.5530853333583898,
    "k_prod_OPG": 9.582886614198801e-05,
    "k_deg_OPG": 2.115541245038311e-05,
    "OPG_bone": 4.139611023141418,
    "MineralIon": 1.1937900454201775,
    "k_prod_Mineral": 0.08702201271253558,
    "k_loss_Mineral": 0.03961991555914936
  },
  "biosensor_config": {
    "circuit_type": "amplifying",
    "sensitivity": 3.6933109479700756,
    "threshold": 0.00045692951810369993,
    "dynamic_range": [
      0.0,
      18.173589749205718
    ],
    "kd": 3.410564953986476,
    "response_type": "hill",
    "receptor_concentration": 3.1681707613402152,
    "enzyme_concentration": 27.648859721066984,
    "amplification_gain": 2997.3008995510154,
    "response_time": 316.97616429914956
  },
  "biosensor_type": "amplifying",
  "noise_preset": "medium",
  "noise_params": {
    "additive_sigma": 0.03,
    "multiplicative_sigma": 0.06,
    "drift_rate": 0.0002,
    "outlier_probability": 0.003,
    "outlier_magnitude": 4.0,
    "shot_noise_enabled": false,
    "seed": null
  },
  "measurement": {
    "snr_db": 17.73082327701923,
    "n_detections": 361,
    "detection_rate": 1.0,
    "time_to_detection": 2926.2423979064015,
    "false_negative_rate": 0.003996545148680479,
    "max_signal": 4.85085119875899,
    "mean_signal": 4.057040040550966,
    "signal_std": 0.3666230608649854,
    "has_noise": true
  },
  "signal_to_noise_ratio_SNR": 17.73082327701923,
  "time_to_detection_threshold": 2926.2423979064015,
  "false_negative_rate": 0.003996545148680479,
  "dynamic_range_of_output": 0.0,
  "sclerostin_mean": 0.40261138086762344,
  "sclerostin_max": 0.44177647611984344,
  "sclerostin_min": 0.025000000000000005,
  "sclerostin_std": 0.02785690498705946,
  "sclerostin_change": 