{
  "run_id": "25aa24de-048a-4669-906d-083f01ecff8a",
  "timestamp": "2026-05-17T01:40:37.410693",
  "scenario": "ckd_mbd",
  "duration": 3600.0,
  "num_points": 361,
  "environment_params": {
    "Estrogen": 0.8366178819915903,
    "PTH": 120.47461938905509,
    "k_prod_Scl": 6.6396198215121065e-06,
    "k_deg_Scl": 5.9103696318407644e-05,
    "Sclerostin_bone": 0.16537285637101448,
    "k_prod_RANKL": 1.8732862374451332e-05,
    "k_deg_RANKL": 2.8495918292288846e-05,
    "RANKL_bone": 0.807538642087048,
    "k_prod_OPG": 0.00010446927291770378,
    "k_deg_OPG": 2.193496972041111e-05,
    "OPG_bone": 8.540646271132392,
    "MineralIon": 2.84826974759258,
    "k_prod_Mineral": 0.136201921378205,
    "k_loss_Mineral": 0.021414620486146622
  },
  "biosensor_config": {
    "circuit_type": "direct_binding",
    "sensitivity": 1.4014204696726684,
    "threshold": 3.104385993507991e-05,
    "dynamic_range": [
      0.0,
      5.378124228678341
    ],
    "kd": 0.46312762530857576,
    "response_type": "hill",
    "receptor_concentration": 5.636956281030693,
    "kon": 24412.52815473309,
    "koff": 11306.116192080282
  },
  "biosensor_type": "direct_binding",
  "noise_preset": "medium",
  "noise_params": {
    "additive_sigma": 0.03,
    "multiplicative_sigma": 0.06,
    "drift_rate": 0.0002,
    "outlier_probability": 0.003,
    "outlier_magnitude": 4.0,
    "shot_noise_enabled": false,
    "seed": null
  },
  "measurement": {
    "snr_db": 10.315705990787178,
    "n_detections": 361,
    "detection_rate": 1.0,
    "time_to_detection": 800.8285812541882,
    "false_negative_rate": 0.01472647464959743,
    "max_signal": 2.2688709734229833,
    "mean_signal": 1.7404172746073212,
    "signal_std": 0.2358592538984393,
    "has_noise": true
  },
  "signal_to_noise_ratio_SNR": 10.315705990787178,
  "time_to_detection_threshold": 800.8285812541882,
  "false_negative_rate": 0.01472647464959743,
  "dynamic_range_of_output": 0.0,
  "sclerostin_mean": 1.6843663189769784,
  "sclerostin_max": 1.795482215560088,
  "sclerostin_min": 0.025000000000000005,
  "sclerostin_std": 0.10299519147326065,
  "sclerostin_change": 