{
  "run_id": "262f1812-8422-412d-9c77-4330345e8bb5",
  "timestamp": "2026-01-31T04:10:36.593014",
  "scenario": "pmo",
  "duration": 3600.0,
  "num_points": 361,
  "environment_params": {
    "Estrogen": 0.11157887658668512,
    "PTH": 41.6431578993407,
    "k_prod_Scl": 5.01803926853617e-06,
    "k_prod_RANKL": 2.725204940296758e-05,
    "k_prod_OPG": 5.7973305287305156e-05,
    "Sclerostin_bone": 0.052068773523608246,
    "RANKL_bone": 1.6210958006321992,
    "OPG_bone": 2.384179170338168
  },
  "biosensor_config": {
    "circuit_type": "threshold",
    "sensitivity": 11.69939464758542,
    "threshold": 5.3286591810960946e-05,
    "dynamic_range": [
      0.0,
      15.537594289159035
    ],
    "kd": 4.82276264298326,
    "response_type": "hill",
    "hill_coefficient": 4.744099240513316,
    "off_level": 0.46452064140285476,
    "on_level": 8.483452800646731
  },
  "noise_preset": "medium",
  "noise_params": {
    "additive_sigma": 0.03,
    "multiplicative_sigma": 0.06,
    "drift_rate": 0.0003,
    "outlier_probability": 0.003,
    "outlier_magnitude": 4.0,
    "shot_noise_enabled": false,
    "seed": null
  },
  "measurement": {
    "snr_db": -2.5299294530201406,
    "n_detections": 361,
    "detection_rate": 1.0,
    "time_to_detection": 4539.7580333364685,
    "false_negative_rate": 0.15670806902808096,
    "max_signal": 1.5603444084737654,
    "mean_signal": 1.0055617608092648,
    "signal_std": 0.3126341780156473,
    "has_noise": true
  },
  "false_negative_rate": 0.15670806902808096,
  "sclerostin_mean": 0.7136551411947396,
  "sclerostin_max": 0.9807605564702235,
  "sclerostin_min": 0.025000000000000005,
  "sclerostin_std": 0.1410029245788573,
  "metadata_file": "metadata/262f1812-8422-412d-9c77-4330345e8bb5.json",
  "timeseries_file": "timeseries/262f1812-8422-412d-9c77-4330345e8bb5.csv"
}