{
  "run_id": "264ff0be-91f6-44ed-8ba0-f11b427400f4",
  "timestamp": "2026-01-31T04:10:07.105427",
  "scenario": "healthy",
  "duration": 3600.0,
  "num_points": 361,
  "environment_params": {
    "Estrogen": 0.7721717372618387,
    "PTH": 54.98153607614255,
    "k_prod_Scl": 4.6060068808172225e-06,
    "k_prod_RANKL": 1.5146568796073564e-05,
    "k_prod_OPG": 0.00011324669903167133,
    "Sclerostin_bone": 0.058771324298393296,
    "RANKL_bone": 0.509754804053987,
    "OPG_bone": 5.466538619809616
  },
  "biosensor_config": {
    "circuit_type": "threshold",
    "sensitivity": 0.5662088442145434,
    "threshold": 0.016083512554520858,
    "dynamic_range": [
      0.0,
      6.83168158630894
    ],
    "kd": 0.057428948086098844,
    "response_type": "linear",
    "hill_coefficient": 7.719964448557367,
    "off_level": 0.9362037211803738,
    "on_level": 21.027442858883504
  },
  "noise_preset": "high",
  "noise_params": {
    "additive_sigma": 0.1,
    "multiplicative_sigma": 0.2,
    "drift_rate": 0.001,
    "outlier_probability": 0.01,
    "outlier_magnitude": 10.0,
    "shot_noise_enabled": true,
    "seed": null
  },
  "measurement": {
    "snr_db": 8.835455730045393,
    "n_detections": 361,
    "detection_rate": 1.0,
    "time_to_detection": 979.9063254082076,
    "false_negative_rate": 0.0022423082844985776,
    "max_signal": 13.509086914014347,
    "mean_signal": 8.600760431275345,
    "signal_std": 1.7461685646080989,
    "has_noise": true
  },
  "false_negative_rate": 0.0022423082844985776,
  "sclerostin_mean": 0.6423961915337716,
  "sclerostin_max": 0.721032670616062,
  "sclerostin_min": 0.025000000000000005,
  "sclerostin_std": 0.05113942650995447,
  "metadata_file": "metadata/264ff0be-91f6-44ed-8ba0-f11b427400f4.json",
  "timeseries_file": "timeseries/264ff0be-91f6-44ed-8ba0-f11b427400f4.csv"
}