{
  "run_id": "2651062d-9ea7-4d6d-9aba-7394866b4a71",
  "timestamp": "2026-01-31T04:11:01.273767",
  "scenario": "healthy",
  "duration": 3600.0,
  "num_points": 361,
  "environment_params": {
    "Estrogen": 0.999916095079247,
    "PTH": 30.213400445376397,
    "k_prod_Scl": 3.2963947179158778e-06,
    "k_prod_RANKL": 1.2084054398864612e-05,
    "k_prod_OPG": 0.00012048506118581382,
    "Sclerostin_bone": 0.06816457170558882,
    "RANKL_bone": 0.7987623369935463,
    "OPG_bone": 8.764415170762376
  },
  "biosensor_config": {
    "circuit_type": "threshold",
    "sensitivity": 5.136827636783887,
    "threshold": 0.02022000775648759,
    "dynamic_range": [
      0.0,
      1.67401331207736
    ],
    "kd": 0.04823054644201595,
    "response_type": "hill",
    "hill_coefficient": 1.9224552095602565,
    "off_level": 0.17929484911776314,
    "on_level": 28.406069643874964
  },
  "noise_preset": "low",
  "noise_params": {
    "additive_sigma": 0.005,
    "multiplicative_sigma": 0.01,
    "drift_rate": 2e-05,
    "outlier_probability": 0.0002,
    "outlier_magnitude": 2.0,
    "shot_noise_enabled": false,
    "seed": null
  },
  "measurement": {
    "snr_db": 31.253628234702745,
    "n_detections": 361,
    "detection_rate": 1.0,
    "time_to_detection": 677.8939754556542,
    "false_negative_rate": 0.0038340345146029554,
    "max_signal": 1.777304162909835,
    "mean_signal": 1.710232883843057,
    "signal_std": 0.028068339963250807,
    "has_noise": true
  },
  "false_negative_rate": 0.0038340345146029554,
  "sclerostin_mean": 0.7009832795857315,
  "sclerostin_max": 0.736261913998141,
  "sclerostin_min": 0.025000000000000005,
  "sclerostin_std": 0.03949654189613639,
  "metadata_file": "metadata/2651062d-9ea7-4d6d-9aba-7394866b4a71.json",
  "timeseries_file": "timeseries/2651062d-9ea7-4d6d-9aba-7394866b4a71.csv"
}