{
  "run_id": "2676d086-c53e-4161-a5d1-841cf2607a37",
  "timestamp": "2026-01-31T04:11:02.648375",
  "scenario": "healthy",
  "duration": 3600.0,
  "num_points": 361,
  "environment_params": {
    "Estrogen": 1.0669076048405282,
    "PTH": 56.093844875607765,
    "k_prod_Scl": 3.957208398291538e-06,
    "k_prod_RANKL": 1.2011197152703914e-05,
    "k_prod_OPG": 0.00010839568493926386,
    "Sclerostin_bone": 0.05981365553049864,
    "RANKL_bone": 0.9404224834637573,
    "OPG_bone": 5.959711593420593
  },
  "biosensor_config": {
    "circuit_type": "amplifying",
    "sensitivity": 3.8565192840150577,
    "threshold": 0.005900417618546852,
    "dynamic_range": [
      0.0,
      6.606842469951831
    ],
    "kd": 0.10503927600547769,
    "response_type": "linear",
    "receptor_concentration": 0.8023621279033026,
    "enzyme_concentration": 26.54770374963079,
    "amplification_gain": 5220.22885228074,
    "response_time": 152.17773807649627
  },
  "noise_preset": "low",
  "noise_params": {
    "additive_sigma": 0.005,
    "multiplicative_sigma": 0.01,
    "drift_rate": 2e-05,
    "outlier_probability": 0.0002,
    "outlier_magnitude": 2.0,
    "shot_noise_enabled": false,
    "seed": null
  },
  "measurement": {
    "snr_db": 38.739654710941196,
    "n_detections": 360,
    "detection_rate": 0.997229916897507,
    "time_to_detection": 1390.5880410486898,
    "false_negative_rate": 0.004552219167944136,
    "max_signal": 6.85336697051661,
    "mean_signal": 6.626718303003135,
    "signal_std": 0.35544153688618835,
    "has_noise": true
  },
  "false_negative_rate": 0.004552219167944136,
  "sclerostin_mean": 0.6251871927094661,
  "sclerostin_max": 0.6661029129791984,
  "sclerostin_min": 0.025000000000000005,
  "sclerostin_std": 0.03746078192673052,
  "metadata_file": "metadata/2676d086-c53e-4161-a5d1-841cf2607a37.json",
  "timeseries_file": "timeseries/2676d086-c53e-4161-a5d1-841cf2607a37.csv"
}