{
  "run_id": "26c2b60c-9408-4d71-ae62-cbe48e283476",
  "timestamp": "2026-05-17T02:01:36.776077",
  "scenario": "pmo",
  "duration": 3600.0,
  "num_points": 361,
  "environment_params": {
    "Estrogen": 0.21711285531884908,
    "PTH": 46.29580148104374,
    "k_prod_Scl": 4.0517299263096355e-06,
    "k_deg_Scl": 8.55021183387843e-05,
    "Sclerostin_bone": 0.08261256961260681,
    "k_prod_RANKL": 1.9073244021466013e-05,
    "k_deg_RANKL": 1.880025679039567e-05,
    "RANKL_bone": 0.771047661965493,
    "k_prod_OPG": 7.490272725691027e-05,
    "k_deg_OPG": 1.6212373787901435e-05,
    "OPG_bone": 4.722733590389715,
    "MineralIon": 2.974702191173758,
    "k_prod_Mineral": 0.15449964371255762,
    "k_loss_Mineral": 0.04736644946715822
  },
  "biosensor_config": {
    "circuit_type": "amplifying",
    "sensitivity": 3.0638078144111835,
    "threshold": 0.0036910150648594765,
    "dynamic_range": [
      0.0,
      18.538982007832484
    ],
    "kd": 1.0621649223779317,
    "response_type": "hill",
    "receptor_concentration": 4.131144682586216,
    "enzyme_concentration": 23.02407009352955,
    "amplification_gain": 7970.44233488906,
    "response_time": 325.1375567254721
  },
  "noise_preset": "low",
  "noise_params": {
    "additive_sigma": 0.005,
    "multiplicative_sigma": 0.01,
    "drift_rate": 2e-05,
    "outlier_probability": 0.0002,
    "outlier_magnitude": 2.0,
    "shot_noise_enabled": 0,
    "seed": null
  },
  "measurement": {
    "snr_db": 35.39134316684366,
    "n_detections": 360,
    "detection_rate": 0.997229916897507,
    "time_to_detection": 1693.1389189719116,
    "false_negative_rate": 0.03419549403822425,
    "max_signal": 3.216542197359274,
    "mean_signal": 3.0916945628563277,
    "signal_std": 0.16712264178582703,
    "has_noise": 1
  },
  "false_negative_rate": 0.03419549403822425,
  "sclerostin_mean": 0.9495241276513056,
  "sclerostin_max": 1.1392517763888492,
  "sclerostin_min": 0.025000000000000005,
  "sclerostin_std": 0.10765953908971287,
  "metadata_file": "metadata/26c2b60c-9408-4d71-ae62-cbe48e283476.json",
  "timeseries_file": "timeseries/26c2b60c-9408-4d71-ae62-cbe48e283476.csv"
}