{
  "run_id": "278f29d8-7744-4f63-a625-db432678c7b4",
  "timestamp": "2026-05-17T01:48:44.912710",
  "scenario": "ckd_mbd",
  "duration": 3600.0,
  "num_points": 361,
  "environment_params": {
    "Estrogen": 0.634581881049291,
    "PTH": 281.74516950191156,
    "k_prod_Scl": 1.1225627394900569e-05,
    "k_deg_Scl": 5.8446859767932774e-05,
    "Sclerostin_bone": 0.13395287622620752,
    "k_prod_RANKL": 1.8551156247465818e-05,
    "k_deg_RANKL": 2.021947189014959e-05,
    "RANKL_bone": 1.0347887122480208,
    "k_prod_OPG": 0.00012796651207800825,
    "k_deg_OPG": 1.9512592516393492e-05,
    "OPG_bone": 5.626435263894359,
    "MineralIon": 3.11606654666757,
    "k_prod_Mineral": 0.13155324132013124,
    "k_loss_Mineral": 0.01857767918334759
  },
  "biosensor_config": {
    "circuit_type": "amplifying",
    "sensitivity": 10.492727321846996,
    "threshold": 0.009461992082643795,
    "dynamic_range": [
      0.0,
      0.49233887426797035
    ],
    "kd": 0.060022649868101546,
    "response_type": "linear",
    "receptor_concentration": 0.7531028294974103,
    "enzyme_concentration": 8.225522099130671,
    "amplification_gain": 850.6133489800299,
    "response_time": 177.02783720112413
  },
  "noise_preset": "high",
  "noise_params": {
    "additive_sigma": 0.08,
    "multiplicative_sigma": 0.12,
    "drift_rate": 0.0004,
    "outlier_probability": 0.005,
    "outlier_magnitude": 6.0,
    "shot_noise_enabled": 0,
    "seed": null
  },
  "measurement": {
    "snr_db": -4.535213652305403,
    "n_detections": 361,
    "detection_rate": 1.0,
    "time_to_detection": 4039.8200422145405,
    "false_negative_rate": 0.09965943441762427,
    "max_signal": 2.1390627504424313,
    "mean_signal": 1.198066218131374,
    "signal_std": 0.43491598011422805,
    "has_noise": 1
  },
  "false_negative_rate": 0.09965943441762427,
  "sclerostin_mean": 1.5232801242913998,
  "sclerostin_max": 1.8280993052229393,
  "sclerostin_min": 0.025000000000000005,
  "sclerostin_std": 0.1733432074361179,
  "metadata_file": "metadata/278f29d8-7744-4f63-a625-db432678c7b4.json",
  "timeseries_file": "timeseries/278f29d8-7744-4f63-a625-db432678c7b4.csv"
}