{
  "run_id": "284c9df9-8a23-46a7-8c69-487afc25b5f7",
  "timestamp": "2026-01-31T04:11:01.446868",
  "scenario": "pmo",
  "duration": 3600.0,
  "num_points": 361,
  "environment_params": {
    "Estrogen": 0.22612282557752408,
    "PTH": 76.19384609666542,
    "k_prod_Scl": 5.16490452772027e-06,
    "k_prod_RANKL": 2.967683155583827e-05,
    "k_prod_OPG": 4.6879203621236865e-05,
    "Sclerostin_bone": 0.06898910099910571,
    "RANKL_bone": 1.4895682684017164,
    "OPG_bone": 2.1658574000159554
  },
  "biosensor_config": {
    "circuit_type": "amplifying",
    "sensitivity": 4.306707596454491,
    "threshold": 0.0001769129478224268,
    "dynamic_range": [
      0.0,
      8.324666596844468
    ],
    "kd": 0.3368672472025351,
    "response_type": "hill",
    "receptor_concentration": 1.8319764451029201,
    "enzyme_concentration": 1.168833641523787,
    "amplification_gain": 2938.311509464877,
    "response_time": 202.6496035786218
  },
  "noise_preset": "high",
  "noise_params": {
    "additive_sigma": 0.1,
    "multiplicative_sigma": 0.2,
    "drift_rate": 0.001,
    "outlier_probability": 0.01,
    "outlier_magnitude": 10.0,
    "shot_noise_enabled": true,
    "seed": null
  },
  "measurement": {
    "snr_db": 5.575875398681624,
    "n_detections": 361,
    "detection_rate": 1.0,
    "time_to_detection": 2705.4673542533637,
    "false_negative_rate": 0.12478429434742838,
    "max_signal": 9.805447546891743,
    "mean_signal": 6.148883862636476,
    "signal_std": 1.3337237061749352,
    "has_noise": true
  },
  "false_negative_rate": 0.12478429434742838,
  "sclerostin_mean": 0.869677367311237,
  "sclerostin_max": 1.1289001467475812,
  "sclerostin_min": 0.025000000000000005,
  "sclerostin_std": 0.13924988682121445,
  "metadata_file": "metadata/284c9df9-8a23-46a7-8c69-487afc25b5f7.json",
  "timeseries_file": "timeseries/284c9df9-8a23-46a7-8c69-487afc25b5f7.csv"
}