{
  "run_id": "28654531-f930-457f-8770-1bc6b71e3f6c",
  "timestamp": "2026-01-31T04:11:13.284805",
  "scenario": "healthy",
  "duration": 3600.0,
  "num_points": 361,
  "environment_params": {
    "Estrogen": 0.9303857273706391,
    "PTH": 35.755704165462895,
    "k_prod_Scl": 4.748780459552608e-06,
    "k_prod_RANKL": 1.0740264131738173e-05,
    "k_prod_OPG": 0.00014561001790011182,
    "Sclerostin_bone": 0.049546427812360704,
    "RANKL_bone": 0.5769366929077759,
    "OPG_bone": 5.4514330559640225
  },
  "biosensor_config": {
    "circuit_type": "threshold",
    "sensitivity": 3.1315189538184836,
    "threshold": 0.0001369764470657192,
    "dynamic_range": [
      0.0,
      3.6714132504394668
    ],
    "kd": 0.5527348423122344,
    "response_type": "hill",
    "hill_coefficient": 6.447882832519718,
    "off_level": 0.8081157747286757,
    "on_level": 16.7680124525769
  },
  "noise_preset": "medium",
  "noise_params": {
    "additive_sigma": 0.03,
    "multiplicative_sigma": 0.06,
    "drift_rate": 0.0003,
    "outlier_probability": 0.003,
    "outlier_magnitude": 4.0,
    "shot_noise_enabled": false,
    "seed": null
  },
  "measurement": {
    "snr_db": 14.909050161609345,
    "n_detections": 361,
    "detection_rate": 1.0,
    "time_to_detection": 1526.4055519050341,
    "false_negative_rate": 0.018299499031471704,
    "max_signal": 5.294340609878201,
    "mean_signal": 4.204084496422289,
    "signal_std": 0.4154610861416997,
    "has_noise": true
  },
  "false_negative_rate": 0.018299499031471704,
  "sclerostin_mean": 0.5394073432954546,
  "sclerostin_max": 0.5975471129801073,
  "sclerostin_min": 0.025000000000000005,
  "sclerostin_std": 0.03974522141842075,
  "metadata_file": "metadata/28654531-f930-457f-8770-1bc6b71e3f6c.json",
  "timeseries_file": "timeseries/28654531-f930-457f-8770-1bc6b71e3f6c.csv"
}