{
  "run_id": "2951f365-391e-4b8e-b697-5ff4978a0bc2",
  "timestamp": "2026-05-17T01:48:49.025827",
  "scenario": "ckd_mbd",
  "duration": 3600.0,
  "num_points": 361,
  "environment_params": {
    "Estrogen": 0.6359602420832033,
    "PTH": 230.92355228825596,
    "k_prod_Scl": 7.962539836947387e-06,
    "k_deg_Scl": 4.278899396017397e-05,
    "Sclerostin_bone": 0.17398004076817022,
    "k_prod_RANKL": 1.754434334910136e-05,
    "k_deg_RANKL": 1.7708421686223755e-05,
    "RANKL_bone": 0.9492300637880097,
    "k_prod_OPG": 8.006717706696655e-05,
    "k_deg_OPG": 2.0452304040317232e-05,
    "OPG_bone": 5.8980186734402675,
    "MineralIon": 2.191870013580788,
    "k_prod_Mineral": 0.1845134573148661,
    "k_loss_Mineral": 0.018448871223819
  },
  "biosensor_config": {
    "circuit_type": "direct_binding",
    "sensitivity": 5.469898050486199,
    "threshold": 0.0001876123935874992,
    "dynamic_range": [
      0.0,
      8.686854343327933
    ],
    "kd": 0.2497564552855552,
    "response_type": "linear",
    "receptor_concentration": 8.18038776746645,
    "kon": 5506044.034088557,
    "koff": 1375170.0406001366
  },
  "noise_preset": "low",
  "noise_params": {
    "additive_sigma": 0.005,
    "multiplicative_sigma": 0.01,
    "drift_rate": 2e-05,
    "outlier_probability": 0.0002,
    "outlier_magnitude": 2.0,
    "shot_noise_enabled": 0,
    "seed": null
  },
  "measurement": {
    "snr_db": 38.818644575928175,
    "n_detections": 361,
    "detection_rate": 1.0,
    "time_to_detection": 1644.1004802320738,
    "false_negative_rate": 0.010020311894001172,
    "max_signal": 9.010033138936485,
    "mean_signal": 8.709843533535278,
    "signal_std": 0.2601889676486794,
    "has_noise": 1
  },
  "false_negative_rate": 0.010020311894001172,
  "sclerostin_mean": 1.8403974815785016,
  "sclerostin_max": 2.0534474327852763,
  "sclerostin_min": 0.025000000000000005,
  "sclerostin_std": 0.14329124385065675,
  "metadata_file": "metadata/2951f365-391e-4b8e-b697-5ff4978a0bc2.json",
  "timeseries_file": "timeseries/2951f365-391e-4b8e-b697-5ff4978a0bc2.csv"
}