{
  "run_id": "2963948e-9894-403f-a9ef-e54fb2ab0cb8",
  "timestamp": "2026-05-17T01:58:33.854995",
  "scenario": "ckd_mbd",
  "duration": 3600.0,
  "num_points": 361,
  "environment_params": {
    "Estrogen": 0.8474779463384503,
    "PTH": 223.87267369019392,
    "k_prod_Scl": 1.0032651010593298e-05,
    "k_deg_Scl": 6.168662471152529e-05,
    "Sclerostin_bone": 0.13670370701656737,
    "k_prod_RANKL": 1.565494116136514e-05,
    "k_deg_RANKL": 2.53973940641918e-05,
    "RANKL_bone": 0.8679746976757311,
    "k_prod_OPG": 0.00010546746040476094,
    "k_deg_OPG": 2.210476646238231e-05,
    "OPG_bone": 4.834209266064361,
    "MineralIon": 4.021398431271592,
    "k_prod_Mineral": 0.134615596583,
    "k_loss_Mineral": 0.018858182744868487
  },
  "biosensor_config": {
    "circuit_type": "direct_binding",
    "sensitivity": 3.8931740478849917,
    "threshold": 0.00029070175525607603,
    "dynamic_range": [
      0.0,
      3.8252602360897283
    ],
    "kd": 0.18548467504283395,
    "response_type": "linear",
    "receptor_concentration": 2.839584177269308,
    "kon": 117353.78465834213,
    "koff": 21767.328612399302
  },
  "noise_preset": "high",
  "noise_params": {
    "additive_sigma": 0.08,
    "multiplicative_sigma": 0.12,
    "drift_rate": 0.0004,
    "outlier_probability": 0.005,
    "outlier_magnitude": 6.0,
    "shot_noise_enabled": 0,
    "seed": null
  },
  "measurement": {
    "snr_db": 12.255287152835477,
    "n_detections": 361,
    "detection_rate": 1.0,
    "time_to_detection": 2927.7282411569404,
    "false_negative_rate": 0.0035640387283954666,
    "max_signal": 6.006184092227148,
    "mean_signal": 4.517057295371832,
    "signal_std": 0.6345810973625908,
    "has_noise": 1
  },
  "false_negative_rate": 0.0035640387283954666,
  "sclerostin_mean": 1.4590723698030115,
  "sclerostin_max": 1.6380618571298025,
  "sclerostin_min": 0.025000000000000005,
  "sclerostin_std": 0.11727952298846504,
  "metadata_file": "metadata/2963948e-9894-403f-a9ef-e54fb2ab0cb8.json",
  "timeseries_file": "timeseries/2963948e-9894-403f-a9ef-e54fb2ab0cb8.csv"
}