{
  "run_id": "2969bcb3-4f94-4724-ab50-675f7c8291f0",
  "timestamp": "2026-01-31T04:10:42.316014",
  "scenario": "pmo",
  "duration": 3600.0,
  "num_points": 361,
  "environment_params": {
    "Estrogen": 0.1517125912034895,
    "PTH": 89.14888061850145,
    "k_prod_Scl": 5.371978481628598e-06,
    "k_prod_RANKL": 2.997405911662564e-05,
    "k_prod_OPG": 4.326288671276279e-05,
    "Sclerostin_bone": 0.050032729069017,
    "RANKL_bone": 1.641274994486282,
    "OPG_bone": 1.3419653199487607
  },
  "biosensor_config": {
    "circuit_type": "ratiometric",
    "sensitivity": 7.827259995219698,
    "threshold": 0.0007430020268478952,
    "dynamic_range": [
      0.0,
      6.736900656078265
    ],
    "kd": 0.01018949162360492,
    "response_type": "hill",
    "reference_kd": 0.46643931046579984,
    "ratio_exponent": 2.5641399053044625
  },
  "noise_preset": "medium",
  "noise_params": {
    "additive_sigma": 0.03,
    "multiplicative_sigma": 0.06,
    "drift_rate": 0.0003,
    "outlier_probability": 0.003,
    "outlier_magnitude": 4.0,
    "shot_noise_enabled": false,
    "seed": null
  },
  "measurement": {
    "snr_db": 19.18189138350977,
    "n_detections": 361,
    "detection_rate": 1.0,
    "time_to_detection": 1132.9431967662908,
    "false_negative_rate": 0.035368230515545385,
    "max_signal": 8.677736721288726,
    "mean_signal": 7.267400945048219,
    "signal_std": 0.5162432566323093,
    "has_noise": true
  },
  "false_negative_rate": 0.035368230515545385,
  "sclerostin_mean": 0.7215754963345662,
  "sclerostin_max": 1.0268290793604251,
  "sclerostin_min": 0.025000000000000005,
  "sclerostin_std": 0.16012173698442453,
  "metadata_file": "metadata/2969bcb3-4f94-4724-ab50-675f7c8291f0.json",
  "timeseries_file": "timeseries/2969bcb3-4f94-4724-ab50-675f7c8291f0.csv"
}