{
  "run_id": "2aabb857-9657-4828-8713-100ff0660e09",
  "timestamp": "2026-05-17T01:40:41.371430",
  "scenario": "pmo",
  "duration": 3600.0,
  "num_points": 361,
  "environment_params": {
    "Estrogen": 0.21731623220568708,
    "PTH": 48.70990685777529,
    "k_prod_Scl": 7.3158441589379185e-06,
    "k_deg_Scl": 7.222788179463205e-05,
    "Sclerostin_bone": 0.12830560768601862,
    "k_prod_RANKL": 2.1673422419200737e-05,
    "k_deg_RANKL": 1.910379394563956e-05,
    "RANKL_bone": 0.5610842942346896,
    "k_prod_OPG": 0.0001002508260615592,
    "k_deg_OPG": 1.8381000599608852e-05,
    "OPG_bone": 4.544424063338768,
    "MineralIon": 1.9522021947634365,
    "k_prod_Mineral": 0.13680481884008452,
    "k_loss_Mineral": 0.06683406951048067
  },
  "biosensor_config": {
    "circuit_type": "direct_binding",
    "sensitivity": 14.012899822246643,
    "threshold": 0.0008982091580920363,
    "dynamic_range": [
      0.0,
      9.814523988633816
    ],
    "kd": 0.2299770253661064,
    "response_type": "michaelis_menten",
    "receptor_concentration": 7.207432630354899,
    "kon": 43347.14230863229,
    "koff": 9968.846846260552
  },
  "biosensor_type": "direct_binding",
  "noise_preset": "medium",
  "noise_params": {
    "additive_sigma": 0.03,
    "multiplicative_sigma": 0.06,
    "drift_rate": 0.0002,
    "outlier_probability": 0.003,
    "outlier_magnitude": 4.0,
    "shot_noise_enabled": false,
    "seed": null
  },
  "measurement": {
    "snr_db": 22.250107757684052,
    "n_detections": 361,
    "detection_rate": 1.0,
    "time_to_detection": 3631.8969946236316,
    "false_negative_rate": 0.006876438320582797,
    "max_signal": 11.865007945839112,
    "mean_signal": 10.238845052017188,
    "signal_std": 0.6274617522401671,
    "has_noise": true
  },
  "signal_to_noise_ratio_SNR": 22.250107757684052,
  "time_to_detection_threshold": 3631.8969946236316,
  "false_negative_rate": 0.006876438320582797,
  "dynamic_range_of_output": 0.0,
  "sclerostin_mean": 1.4991613981240783,
  "sclerostin_max": 1.8459047729360258,
  "sclerostin_min": 0.025000000000000005,
  "sclerostin_std": 0.1922783225838503,
  "sclerostin_change": 