{
  "run_id": "2ae48a07-5bb8-4638-8d4c-24558f99e0c5",
  "timestamp": "2026-01-31T04:10:36.151894",
  "scenario": "pmo",
  "duration": 3600.0,
  "num_points": 361,
  "environment_params": {
    "Estrogen": 0.1676872622075591,
    "PTH": 66.53147005712943,
    "k_prod_Scl": 3.7285108791122502e-06,
    "k_prod_RANKL": 4.014963636640615e-05,
    "k_prod_OPG": 5.378699890537341e-05,
    "Sclerostin_bone": 0.08115746210492497,
    "RANKL_bone": 2.2757249186355426,
    "OPG_bone": 0.952311498226015
  },
  "biosensor_config": {
    "circuit_type": "threshold",
    "sensitivity": 1.8372141765954086,
    "threshold": 0.023413723327071884,
    "dynamic_range": [
      0.0,
      11.321343197552002
    ],
    "kd": 0.08204957120617556,
    "response_type": "hill",
    "hill_coefficient": 3.0421868547703435,
    "off_level": 0.495895777313612,
    "on_level": 11.260601672475154
  },
  "noise_preset": "high",
  "noise_params": {
    "additive_sigma": 0.1,
    "multiplicative_sigma": 0.2,
    "drift_rate": 0.001,
    "outlier_probability": 0.01,
    "outlier_magnitude": 10.0,
    "shot_noise_enabled": true,
    "seed": null
  },
  "measurement": {
    "snr_db": 11.248758492087598,
    "n_detections": 361,
    "detection_rate": 1.0,
    "time_to_detection": 4046.945537701375,
    "false_negative_rate": 0.054503394132406215,
    "max_signal": 21.518235390794153,
    "mean_signal": 12.949617080477621,
    "signal_std": 2.6318972902222786,
    "has_noise": true
  },
  "false_negative_rate": 0.054503394132406215,
  "sclerostin_mean": 0.9436997899763815,
  "sclerostin_max": 1.1436338422691206,
  "sclerostin_min": 0.025000000000000005,
  "sclerostin_std": 0.11234051101603884,
  "metadata_file": "metadata/2ae48a07-5bb8-4638-8d4c-24558f99e0c5.json",
  "timeseries_file": "timeseries/2ae48a07-5bb8-4638-8d4c-24558f99e0c5.csv"
}