{
  "run_id": "2b83e055-7658-4165-97a0-e8ea4f8332df",
  "timestamp": "2026-01-31T04:10:20.206021",
  "scenario": "healthy",
  "duration": 3600.0,
  "num_points": 361,
  "environment_params": {
    "Estrogen": 0.5711390079056464,
    "PTH": 61.189967468703394,
    "k_prod_Scl": 3.955292831629605e-06,
    "k_prod_RANKL": 1.2627538521564445e-05,
    "k_prod_OPG": 0.00014390048382459088,
    "Sclerostin_bone": 0.04045088201474945,
    "RANKL_bone": 0.632471430745308,
    "OPG_bone": 5.618772985376962
  },
  "biosensor_config": {
    "circuit_type": "direct_binding",
    "sensitivity": 0.7394313298785063,
    "threshold": 0.00012203443925048004,
    "dynamic_range": [
      0.0,
      16.59658010850465
    ],
    "kd": 1.2542406584330368,
    "response_type": "michaelis_menten",
    "receptor_concentration": 3.0402675384112694,
    "kon": 169297.0295019553,
    "koff": 212339.21775328965
  },
  "noise_preset": "medium",
  "noise_params": {
    "additive_sigma": 0.03,
    "multiplicative_sigma": 0.06,
    "drift_rate": 0.0003,
    "outlier_probability": 0.003,
    "outlier_magnitude": 4.0,
    "shot_noise_enabled": false,
    "seed": null
  },
  "measurement": {
    "snr_db": -6.467347558629007,
    "n_detections": 361,
    "detection_rate": 1.0,
    "time_to_detection": 1002.7373039754535,
    "false_negative_rate": 0.11198968451370124,
    "max_signal": 1.4433181845548035,
    "mean_signal": 0.8376530529871815,
    "signal_std": 0.3279273142264696,
    "has_noise": true
  },
  "false_negative_rate": 0.11198968451370124,
  "sclerostin_mean": 0.4825251988049215,
  "sclerostin_max": 0.5826162136292586,
  "sclerostin_min": 0.025000000000000005,
  "sclerostin_std": 0.05616000450971819,
  "metadata_file": "metadata/2b83e055-7658-4165-97a0-e8ea4f8332df.json",
  "timeseries_file": "timeseries/2b83e055-7658-4165-97a0-e8ea4f8332df.csv"
}