{
  "run_id": "2bd46237-0c95-425a-889c-1ed7bab7178b",
  "timestamp": "2026-01-31T04:09:57.466834",
  "scenario": "ckd_mbd",
  "duration": 3600.0,
  "num_points": 361,
  "environment_params": {
    "Estrogen": 0.8187812188009972,
    "PTH": 284.94900562081295,
    "k_prod_Scl": 1.6441836513767608e-05,
    "k_deg_Scl": 3.9656893490594555e-05,
    "k_prod_RANKL": 2.4715307824065757e-05,
    "k_prod_OPG": 0.0001145865357453801,
    "Sclerostin_bone": 0.2714098927181518,
    "RANKL_bone": 0.9331095540390941,
    "OPG_bone": 2.6763818878281826,
    "MineralIon": 2.553804672655851,
    "k_prod_Mineral": 0.18430372369758136
  },
  "biosensor_config": {
    "circuit_type": "amplifying",
    "sensitivity": 16.760173199456325,
    "threshold": 0.00011219027197815625,
    "dynamic_range": [
      0.0,
      11.044374068475477
    ],
    "kd": 0.04770100500999879,
    "response_type": "linear",
    "receptor_concentration": 0.5937130694497325,
    "enzyme_concentration": 20.29276104516534,
    "amplification_gain": 2344.963264396446,
    "response_time": 49.077826461060255
  },
  "noise_preset": "high",
  "noise_params": {
    "additive_sigma": 0.1,
    "multiplicative_sigma": 0.2,
    "drift_rate": 0.001,
    "outlier_probability": 0.01,
    "outlier_magnitude": 10.0,
    "shot_noise_enabled": true,
    "seed": null
  },
  "measurement": {
    "snr_db": 11.966563755498765,
    "n_detections": 360,
    "detection_rate": 0.997229916897507,
    "time_to_detection": 3191.600082348978,
    "false_negative_rate": 0.014471178220021625,
    "max_signal": 18.52142880807514,
    "mean_signal": 12.643625949165315,
    "signal_std": 2.348315437365235,
    "has_noise": true
  },
  "false_negative_rate": 0.014471178220021625,
  "sclerostin_mean": 2.8480550486529785,
  "sclerostin_max": 3.1668886711861197,
  "sclerostin_min": 0.025000000000000005,
  "sclerostin_std": 0.2181221356537506,
  "metadata_file": "metadata/2bd46237-0c95-425a-889c-1ed7bab7178b.json",
  "timeseries_file": "timeseries/2bd46237-0c95-425a-889c-1ed7bab7178b.csv"
}