{
  "run_id": "2ce8d485-e8e7-44ca-8726-0c7e1ea53191",
  "timestamp": "2026-05-17T01:40:40.342831",
  "scenario": "healthy",
  "duration": 3600.0,
  "num_points": 361,
  "environment_params": {
    "Estrogen": 1.0618891143109317,
    "PTH": 45.4404491756144,
    "k_prod_Scl": 4.0862598839506924e-06,
    "k_deg_Scl": 8.684501973822172e-05,
    "Sclerostin_bone": 0.06616688468458214,
    "k_prod_RANKL": 1.0137542711296333e-05,
    "k_deg_RANKL": 1.878715692144385e-05,
    "RANKL_bone": 0.4525423050991757,
    "k_prod_OPG": 8.767226681938932e-05,
    "k_deg_OPG": 1.5830654877616388e-05,
    "OPG_bone": 6.403962107061428,
    "MineralIon": 2.9828144552740135,
    "k_prod_Mineral": 0.12008838525863053,
    "k_loss_Mineral": 0.05351895401609186
  },
  "biosensor_config": {
    "circuit_type": "threshold",
    "sensitivity": 0.7935614208982542,
    "threshold": 0.00018444507123254649,
    "dynamic_range": [
      0.0,
      13.738345516853721
    ],
    "kd": 0.8208253859982676,
    "response_type": "michaelis_menten",
    "hill_coefficient": 5.994952990093969,
    "off_level": 0.3499688782775975,
    "on_level": 24.202103299630462
  },
  "biosensor_type": "threshold",
  "noise_preset": "low",
  "noise_params": {
    "additive_sigma": 0.005,
    "multiplicative_sigma": 0.01,
    "drift_rate": 2e-05,
    "outlier_probability": 0.0002,
    "outlier_magnitude": 2.0,
    "shot_noise_enabled": false,
    "seed": null
  },
  "measurement": {
    "snr_db": 38.95594497836377,
    "n_detections": 361,
    "detection_rate": 1.0,
    "time_to_detection": 3553.95957758864,
    "false_negative_rate": 0.005845609022844946,
    "max_signal": 8.123668019532296,
    "mean_signal": 6.462798712185979,
    "signal_std": 0.8464186195394006,
    "has_noise": true
  },
  "signal_to_noise_ratio_SNR": 38.95594497836377,
  "time_to_detection_threshold": 3553.95957758864,
  "false_negative_rate": 0.005845609022844946,
  "dynamic_range_of_output": 0.0,
  "sclerostin_mean": 0.684454285334039,
  "sclerostin_max": 0.7240310794503371,
  "sclerostin_min": 0.025000000000000005,
  "sclerostin_std": 0.03970246203793753,
  "sclerostin_change": 