{
  "run_id": "2e1889f7-6e89-4c48-9e2c-caf252128125",
  "timestamp": "2026-01-31T04:10:33.237994",
  "scenario": "pmo",
  "duration": 3600.0,
  "num_points": 361,
  "environment_params": {
    "Estrogen": 0.09446115865638079,
    "PTH": 48.51988020068806,
    "k_prod_Scl": 7.796933956020568e-06,
    "k_prod_RANKL": 3.0328017430188144e-05,
    "k_prod_OPG": 5.3718201471449024e-05,
    "Sclerostin_bone": 0.13184660476217558,
    "RANKL_bone": 1.707332559968894,
    "OPG_bone": 2.6207667570719133
  },
  "biosensor_config": {
    "circuit_type": "direct_binding",
    "sensitivity": 1.4083049643111865,
    "threshold": 3.546170630757491e-05,
    "dynamic_range": [
      0.0,
      16.655499318217224
    ],
    "kd": 0.7687743644057796,
    "response_type": "hill",
    "receptor_concentration": 2.050025373471928,
    "kon": 193201.98360638297,
    "koff": 148528.73214893293
  },
  "noise_preset": "medium",
  "noise_params": {
    "additive_sigma": 0.03,
    "multiplicative_sigma": 0.06,
    "drift_rate": 0.0003,
    "outlier_probability": 0.003,
    "outlier_magnitude": 4.0,
    "shot_noise_enabled": false,
    "seed": null
  },
  "measurement": {
    "snr_db": 4.602676473555121,
    "n_detections": 361,
    "detection_rate": 1.0,
    "time_to_detection": 2284.475255092263,
    "false_negative_rate": 0.08586212481722612,
    "max_signal": 2.256539527919678,
    "mean_signal": 1.613965734341449,
    "signal_std": 0.3503134249475597,
    "has_noise": true
  },
  "false_negative_rate": 0.08586212481722612,
  "sclerostin_mean": 1.5920513454904501,
  "sclerostin_max": 2.020162095613169,
  "sclerostin_min": 0.025000000000000005,
  "sclerostin_std": 0.2328016816677694,
  "metadata_file": "metadata/2e1889f7-6e89-4c48-9e2c-caf252128125.json",
  "timeseries_file": "timeseries/2e1889f7-6e89-4c48-9e2c-caf252128125.csv"
}