{
  "run_id": "2e1db98a-b867-458c-bd5c-97721868ce80",
  "timestamp": "2026-01-31T04:10:30.954904",
  "scenario": "pmo",
  "duration": 3600.0,
  "num_points": 361,
  "environment_params": {
    "Estrogen": 0.1805416061370718,
    "PTH": 39.21205265619176,
    "k_prod_Scl": 6.783970498188051e-06,
    "k_prod_RANKL": 2.51126367749042e-05,
    "k_prod_OPG": 4.247428890875174e-05,
    "Sclerostin_bone": 0.07180183413639575,
    "RANKL_bone": 1.6313796270296197,
    "OPG_bone": 2.1002907457884565
  },
  "biosensor_config": {
    "circuit_type": "amplifying",
    "sensitivity": 10.979437819631777,
    "threshold": 5.391761273429592e-05,
    "dynamic_range": [
      0.0,
      12.580810981823168
    ],
    "kd": 0.0664892692964701,
    "response_type": "hill",
    "receptor_concentration": 0.6701739022897593,
    "enzyme_concentration": 17.725184712105055,
    "amplification_gain": 2067.7988636315254,
    "response_time": 312.1244570048452
  },
  "noise_preset": "medium",
  "noise_params": {
    "additive_sigma": 0.03,
    "multiplicative_sigma": 0.06,
    "drift_rate": 0.0003,
    "outlier_probability": 0.003,
    "outlier_magnitude": 4.0,
    "shot_noise_enabled": false,
    "seed": null
  },
  "measurement": {
    "snr_db": 21.996269685951532,
    "n_detections": 361,
    "detection_rate": 1.0,
    "time_to_detection": 2226.3990940840454,
    "false_negative_rate": 0.0006410387650425987,
    "max_signal": 13.312440975042815,
    "mean_signal": 11.482713887724993,
    "signal_std": 0.9147857825068166,
    "has_noise": true
  },
  "false_negative_rate": 0.0006410387650425987,
  "sclerostin_mean": 0.9496260732675558,
  "sclerostin_max": 1.2826116061035227,
  "sclerostin_min": 0.025000000000000005,
  "sclerostin_std": 0.17661168673638414,
  "metadata_file": "metadata/2e1db98a-b867-458c-bd5c-97721868ce80.json",
  "timeseries_file": "timeseries/2e1db98a-b867-458c-bd5c-97721868ce80.csv"
}