{
  "run_id": "2e72cb9e-c70e-45fb-9a60-c6cc5ea1fb24",
  "timestamp": "2026-05-17T01:54:28.138762",
  "scenario": "pmo",
  "duration": 3600.0,
  "num_points": 361,
  "environment_params": {
    "Estrogen": 0.27709256750357913,
    "PTH": 67.62751870458634,
    "k_prod_Scl": 7.226465046700427e-06,
    "k_deg_Scl": 8.599659043659676e-05,
    "Sclerostin_bone": 0.0790388747589854,
    "k_prod_RANKL": 1.9929534204078022e-05,
    "k_deg_RANKL": 2.5207615686366603e-05,
    "RANKL_bone": 0.8251205615368927,
    "k_prod_OPG": 9.366981625608703e-05,
    "k_deg_OPG": 2.4454727051122967e-05,
    "OPG_bone": 3.459898403935233,
    "MineralIon": 2.364956606618697,
    "k_prod_Mineral": 0.09555180714115785,
    "k_loss_Mineral": 0.051960625620083946
  },
  "biosensor_config": {
    "circuit_type": "ratiometric",
    "sensitivity": 2.8233791307569303,
    "threshold": 3.217399278226658e-05,
    "dynamic_range": [
      0.0,
      3.5047276915468037
    ],
    "kd": 0.615869133431895,
    "response_type": "hill",
    "reference_kd": 0.5644373561015769,
    "ratio_exponent": 0.5410978368285453
  },
  "noise_preset": "medium",
  "noise_params": {
    "additive_sigma": 0.03,
    "multiplicative_sigma": 0.06,
    "drift_rate": 0.0002,
    "outlier_probability": 0.003,
    "outlier_magnitude": 4.0,
    "shot_noise_enabled": 0,
    "seed": null
  },
  "measurement": {
    "snr_db": 15.849445349043474,
    "n_detections": 361,
    "detection_rate": 1.0,
    "time_to_detection": 503.22964669724547,
    "false_negative_rate": 0.06488993359710399,
    "max_signal": 3.93328743204216,
    "mean_signal": 3.181530817079329,
    "signal_std": 0.270581073829183,
    "has_noise": 1
  },
  "false_negative_rate": 0.06488993359710399,
  "sclerostin_mean": 1.0132149282871326,
  "sclerostin_max": 1.3389923704949138,
  "sclerostin_min": 0.025000000000000005,
  "sclerostin_std": 0.1738942649107431,
  "metadata_file": "metadata/2e72cb9e-c70e-45fb-9a60-c6cc5ea1fb24.json",
  "timeseries_file": "timeseries/2e72cb9e-c70e-45fb-9a60-c6cc5ea1fb24.csv"
}