{
  "run_id": "2ea66004-603e-40f6-9cda-8aa8673be216",
  "timestamp": "2026-01-31T04:10:14.997821",
  "scenario": "ckd_mbd",
  "duration": 3600.0,
  "num_points": 361,
  "environment_params": {
    "Estrogen": 0.8952427574328322,
    "PTH": 228.74684856920845,
    "k_prod_Scl": 1.2476652692252785e-05,
    "k_deg_Scl": 3.451882302261576e-05,
    "k_prod_RANKL": 1.7507333873662282e-05,
    "k_prod_OPG": 7.466402755161414e-05,
    "Sclerostin_bone": 0.15101612322031438,
    "RANKL_bone": 1.0690155125890386,
    "OPG_bone": 2.585723919398576,
    "MineralIon": 3.176689420939056,
    "k_prod_Mineral": 0.24198402992437304
  },
  "biosensor_config": {
    "circuit_type": "amplifying",
    "sensitivity": 14.134399436763184,
    "threshold": 0.0030995265095706964,
    "dynamic_range": [
      0.0,
      9.960449066899487
    ],
    "kd": 0.26163578996839465,
    "response_type": "hill",
    "receptor_concentration": 0.9407473151409663,
    "enzyme_concentration": 21.777806373501804,
    "amplification_gain": 4579.172693969172,
    "response_time": 426.6364408912796
  },
  "noise_preset": "low",
  "noise_params": {
    "additive_sigma": 0.005,
    "multiplicative_sigma": 0.01,
    "drift_rate": 2e-05,
    "outlier_probability": 0.0002,
    "outlier_magnitude": 2.0,
    "shot_noise_enabled": false,
    "seed": null
  },
  "measurement": {
    "snr_db": 39.23913018486585,
    "n_detections": 360,
    "detection_rate": 0.997229916897507,
    "time_to_detection": 181.0642358103679,
    "false_negative_rate": 0.018622241265573432,
    "max_signal": 10.273791961998606,
    "mean_signal": 9.969308240593461,
    "signal_std": 0.5352770306819526,
    "has_noise": true
  },
  "false_negative_rate": 0.018622241265573432,
  "sclerostin_mean": 1.6178871992671102,
  "sclerostin_max": 1.8265079538897901,
  "sclerostin_min": 0.025000000000000005,
  "sclerostin_std": 0.13426386068395177,
  "metadata_file": "metadata/2ea66004-603e-40f6-9cda-8aa8673be216.json",
  "timeseries_file": "timeseries/2ea66004-603e-40f6-9cda-8aa8673be216.csv"
}