{
  "run_id": "2eb42544-bf27-4177-b180-95ec30ebc0c8",
  "timestamp": "2026-01-31T04:10:50.014828",
  "scenario": "pmo",
  "duration": 3600.0,
  "num_points": 361,
  "environment_params": {
    "Estrogen": 0.17052529745808917,
    "PTH": 41.604375397196065,
    "k_prod_Scl": 3.3263322843051885e-06,
    "k_prod_RANKL": 3.132596083738227e-05,
    "k_prod_OPG": 4.702360300314984e-05,
    "Sclerostin_bone": 0.10711975912274861,
    "RANKL_bone": 1.3482613832094217,
    "OPG_bone": 2.202086297204133
  },
  "biosensor_config": {
    "circuit_type": "direct_binding",
    "sensitivity": 4.170791357805156,
    "threshold": 8.898743422348836e-05,
    "dynamic_range": [
      0.0,
      13.931832470545954
    ],
    "kd": 0.9564948861842434,
    "response_type": "linear",
    "receptor_concentration": 4.330075107481755,
    "kon": 32935.39764044659,
    "koff": 31502.539417531756
  },
  "noise_preset": "medium",
  "noise_params": {
    "additive_sigma": 0.03,
    "multiplicative_sigma": 0.06,
    "drift_rate": 0.0003,
    "outlier_probability": 0.003,
    "outlier_magnitude": 4.0,
    "shot_noise_enabled": false,
    "seed": null
  },
  "measurement": {
    "snr_db": 21.026185654156862,
    "n_detections": 361,
    "detection_rate": 1.0,
    "time_to_detection": 3514.768305019191,
    "false_negative_rate": 0.01717608156776475,
    "max_signal": 12.70558243866273,
    "mean_signal": 10.47243932953822,
    "signal_std": 1.013086021018376,
    "has_noise": true
  },
  "false_negative_rate": 0.01717608156776475,
  "sclerostin_mean": 1.1672614073705008,
  "sclerostin_max": 1.3332079826467162,
  "sclerostin_min": 0.025000000000000005,
  "sclerostin_std": 0.10294038009783285,
  "metadata_file": "metadata/2eb42544-bf27-4177-b180-95ec30ebc0c8.json",
  "timeseries_file": "timeseries/2eb42544-bf27-4177-b180-95ec30ebc0c8.csv"
}