{
  "run_id": "2f4fab02-d7a8-43ca-9feb-6f9367e2d2a8",
  "timestamp": "2026-01-31T04:10:43.372551",
  "scenario": "healthy",
  "duration": 3600.0,
  "num_points": 361,
  "environment_params": {
    "Estrogen": 0.7640093559202286,
    "PTH": 62.859845878502995,
    "k_prod_Scl": 5.430871144687174e-06,
    "k_prod_RANKL": 9.462629783539438e-06,
    "k_prod_OPG": 0.00013026123174313844,
    "Sclerostin_bone": 0.06250326643980102,
    "RANKL_bone": 0.610171907615627,
    "OPG_bone": 3.3455384591160255
  },
  "biosensor_config": {
    "circuit_type": "direct_binding",
    "sensitivity": 1.9567168169664981,
    "threshold": 0.0015523927445052405,
    "dynamic_range": [
      0.0,
      3.754805109651869
    ],
    "kd": 4.646144574423005,
    "response_type": "hill",
    "receptor_concentration": 4.5147147172184505,
    "kon": 42505.95938864565,
    "koff": 197488.83259420056
  },
  "noise_preset": "low",
  "noise_params": {
    "additive_sigma": 0.005,
    "multiplicative_sigma": 0.01,
    "drift_rate": 2e-05,
    "outlier_probability": 0.0002,
    "outlier_magnitude": 2.0,
    "shot_noise_enabled": false,
    "seed": null
  },
  "measurement": {
    "snr_db": -2.6420145380606854,
    "n_detections": 360,
    "detection_rate": 0.997229916897507,
    "time_to_detection": 6801.388417183165,
    "false_negative_rate": 0.16403422486867159,
    "max_signal": 0.11836006499880515,
    "mean_signal": 0.06654196834308353,
    "signal_std": 0.02499609032529807,
    "has_noise": true
  },
  "false_negative_rate": 0.16403422486867159,
  "sclerostin_mean": 0.690443759131967,
  "sclerostin_max": 0.7863118198387922,
  "sclerostin_min": 0.025000000000000005,
  "sclerostin_std": 0.05963734281556565,
  "metadata_file": "metadata/2f4fab02-d7a8-43ca-9feb-6f9367e2d2a8.json",
  "timeseries_file": "timeseries/2f4fab02-d7a8-43ca-9feb-6f9367e2d2a8.csv"
}