{
  "run_id": "303b4020-bdbc-4b71-a5ab-b3e7561a8ee2",
  "timestamp": "2026-01-31T04:10:52.933050",
  "scenario": "healthy",
  "duration": 3600.0,
  "num_points": 361,
  "environment_params": {
    "Estrogen": 1.078778098211071,
    "PTH": 38.67290653984779,
    "k_prod_Scl": 3.36675685104324e-06,
    "k_prod_RANKL": 1.212531250048872e-05,
    "k_prod_OPG": 8.070693513354883e-05,
    "Sclerostin_bone": 0.07122696234623524,
    "RANKL_bone": 0.7002844621198764,
    "OPG_bone": 9.509928996130878
  },
  "biosensor_config": {
    "circuit_type": "direct_binding",
    "sensitivity": 4.535917180335264,
    "threshold": 0.00029460961053236857,
    "dynamic_range": [
      0.0,
      6.587930296538381
    ],
    "kd": 0.026425939147019625,
    "response_type": "hill",
    "receptor_concentration": 7.595649883287086,
    "kon": 397551.4454830345,
    "koff": 10505.670306144359
  },
  "noise_preset": "low",
  "noise_params": {
    "additive_sigma": 0.005,
    "multiplicative_sigma": 0.01,
    "drift_rate": 2e-05,
    "outlier_probability": 0.0002,
    "outlier_magnitude": 2.0,
    "shot_noise_enabled": false,
    "seed": null
  },
  "measurement": {
    "snr_db": 37.94312728522185,
    "n_detections": 361,
    "detection_rate": 1.0,
    "time_to_detection": 2220.788903470574,
    "false_negative_rate": 0.011190654368967733,
    "max_signal": 4.741020603848,
    "mean_signal": 4.568724582415097,
    "signal_std": 0.04715499560519135,
    "has_noise": true
  },
  "false_negative_rate": 0.011190654368967733,
  "sclerostin_mean": 0.7288966196555907,
  "sclerostin_max": 0.762050220030709,
  "sclerostin_min": 0.025000000000000005,
  "sclerostin_std": 0.040378785075696845,
  "metadata_file": "metadata/303b4020-bdbc-4b71-a5ab-b3e7561a8ee2.json",
  "timeseries_file": "timeseries/303b4020-bdbc-4b71-a5ab-b3e7561a8ee2.csv"
}