{
  "run_id": "31a1fd62-2e8f-44ea-be7b-3526dc79b2db",
  "timestamp": "2026-05-17T01:58:30.760780",
  "scenario": "healthy",
  "duration": 3600.0,
  "num_points": 361,
  "environment_params": {
    "Estrogen": 0.8208645859086108,
    "PTH": 56.017981317573295,
    "k_prod_Scl": 3.624934289659583e-06,
    "k_deg_Scl": 5.995835039415193e-05,
    "Sclerostin_bone": 0.07344552355566408,
    "k_prod_RANKL": 1.1784414334871042e-05,
    "k_deg_RANKL": 1.8803415040532574e-05,
    "RANKL_bone": 0.48976615667134643,
    "k_prod_OPG": 8.313018862645618e-05,
    "k_deg_OPG": 1.93647057061606e-05,
    "OPG_bone": 3.4817655902431572,
    "MineralIon": 3.052796805991218,
    "k_prod_Mineral": 0.09737098342225084,
    "k_loss_Mineral": 0.05768388036429761
  },
  "biosensor_config": {
    "circuit_type": "amplifying",
    "sensitivity": 1.7367181677730468,
    "threshold": 0.0021328318949650777,
    "dynamic_range": [
      0.0,
      3.7571233031139997
    ],
    "kd": 0.31076987210694224,
    "response_type": "michaelis_menten",
    "receptor_concentration": 1.7004137913570325,
    "enzyme_concentration": 20.867839532078364,
    "amplification_gain": 4200.735198706847,
    "response_time": 270.1283056451222
  },
  "noise_preset": "medium",
  "noise_params": {
    "additive_sigma": 0.03,
    "multiplicative_sigma": 0.06,
    "drift_rate": 0.0002,
    "outlier_probability": 0.003,
    "outlier_magnitude": 4.0,
    "shot_noise_enabled": 0,
    "seed": null
  },
  "measurement": {
    "snr_db": 12.321128053876642,
    "n_detections": 360,
    "detection_rate": 0.997229916897507,
    "time_to_detection": 2910.9227564582575,
    "false_negative_rate": 0.0013844755722955582,
    "max_signal": 2.594713150108692,
    "mean_signal": 2.0847906615144747,
    "signal_std": 0.25188829449620903,
    "has_noise": 1
  },
  "false_negative_rate": 0.0013844755722955582,
  "sclerostin_mean": 0.7660178590974168,
  "sclerostin_max": 0.8218020503054646,
  "sclerostin_min": 0.025000000000000005,
  "sclerostin_std": 0.0477407577870898,
  "metadata_file": "metadata/31a1fd62-2e8f-44ea-be7b-3526dc79b2db.json",
  "timeseries_file": "timeseries/31a1fd62-2e8f-44ea-be7b-3526dc79b2db.csv"
}