{
  "run_id": "31a84379-0af2-4a32-a5bf-34a19299e399",
  "timestamp": "2026-01-31T04:09:46.509758",
  "scenario": "pmo",
  "duration": 3600.0,
  "num_points": 361,
  "environment_params": {
    "Estrogen": 0.15694294259656635,
    "PTH": 54.60860868694675,
    "k_prod_Scl": 5.967822031742476e-06,
    "k_prod_RANKL": 3.2985554652172746e-05,
    "k_prod_OPG": 3.8678612484817636e-05,
    "Sclerostin_bone": 0.10036042410834387,
    "RANKL_bone": 1.1330490920948453,
    "OPG_bone": 1.7401454007588142
  },
  "biosensor_config": {
    "circuit_type": "ratiometric",
    "sensitivity": 26.447142327627784,
    "threshold": 0.0012915628201821629,
    "dynamic_range": [
      0.0,
      8.846679721763538
    ],
    "kd": 0.24299275917408483,
    "response_type": "linear",
    "reference_kd": 0.6739114371282641,
    "ratio_exponent": 2.1062030541808165
  },
  "noise_preset": "low",
  "noise_params": {
    "additive_sigma": 0.005,
    "multiplicative_sigma": 0.01,
    "drift_rate": 2e-05,
    "outlier_probability": 0.0002,
    "outlier_magnitude": 2.0,
    "shot_noise_enabled": false,
    "seed": null
  },
  "measurement": {
    "snr_db": 39.34493809124707,
    "n_detections": 361,
    "detection_rate": 1.0,
    "time_to_detection": 1391.0486473280223,
    "false_negative_rate": 0.007396619513385078,
    "max_signal": 9.14788247081683,
    "mean_signal": 8.874469898850608,
    "signal_std": 0.09125918287621904,
    "has_noise": true
  },
  "false_negative_rate": 0.007396619513385078,
  "sclerostin_mean": 1.2084175319245518,
  "sclerostin_max": 1.5216612823758824,
  "sclerostin_min": 0.025000000000000005,
  "sclerostin_std": 0.17096665390801918,
  "metadata_file": "metadata/31a84379-0af2-4a32-a5bf-34a19299e399.json",
  "timeseries_file": "timeseries/31a84379-0af2-4a32-a5bf-34a19299e399.csv"
}