{
  "run_id": "321f072c-cebc-4cff-b7c3-31adaee7f973",
  "timestamp": "2026-05-17T01:48:42.350393",
  "scenario": "healthy",
  "duration": 3600.0,
  "num_points": 361,
  "environment_params": {
    "Estrogen": 0.5554695763588674,
    "PTH": 35.73165362571157,
    "k_prod_Scl": 4.288410729367071e-06,
    "k_deg_Scl": 5.792223107188105e-05,
    "Sclerostin_bone": 0.05231274121601367,
    "k_prod_RANKL": 1.3402568853151453e-05,
    "k_deg_RANKL": 2.2404303598828353e-05,
    "RANKL_bone": 0.3940500978599634,
    "k_prod_OPG": 0.00013368630699092687,
    "k_deg_OPG": 2.4344227000089345e-05,
    "OPG_bone": 3.5009011702759696,
    "MineralIon": 2.6050493631081513,
    "k_prod_Mineral": 0.13127321769368844,
    "k_loss_Mineral": 0.04512960783789703
  },
  "biosensor_config": {
    "circuit_type": "ratiometric",
    "sensitivity": 21.43383262347696,
    "threshold": 0.00019983669537481063,
    "dynamic_range": [
      0.0,
      6.7662415159638725
    ],
    "kd": 0.23471200729986633,
    "response_type": "hill",
    "reference_kd": 0.30749522841851873,
    "ratio_exponent": 1.9230767061654068
  },
  "noise_preset": "high",
  "noise_params": {
    "additive_sigma": 0.08,
    "multiplicative_sigma": 0.12,
    "drift_rate": 0.0004,
    "outlier_probability": 0.005,
    "outlier_magnitude": 6.0,
    "shot_noise_enabled": 0,
    "seed": null
  },
  "measurement": {
    "snr_db": 15.013612735145127,
    "n_detections": 361,
    "detection_rate": 1.0,
    "time_to_detection": 2294.168542975481,
    "false_negative_rate": 0.0825795176481887,
    "max_signal": 9.92370644576711,
    "mean_signal": 7.558256666405828,
    "signal_std": 0.9032917132491637,
    "has_noise": 1
  },
  "false_negative_rate": 0.0825795176481887,
  "sclerostin_mean": 0.5992456665926347,
  "sclerostin_max": 0.7039918584649844,
  "sclerostin_min": 0.025000000000000005,
  "sclerostin_std": 0.060964960883483084,
  "metadata_file": "metadata/321f072c-cebc-4cff-b7c3-31adaee7f973.json",
  "timeseries_file": "timeseries/321f072c-cebc-4cff-b7c3-31adaee7f973.csv"
}