{
  "run_id": "3252265d-3c83-456a-916c-3433cc1302b6",
  "timestamp": "2026-01-31T04:09:52.126159",
  "scenario": "pmo",
  "duration": 3600.0,
  "num_points": 361,
  "environment_params": {
    "Estrogen": 0.16876048121806506,
    "PTH": 55.349497826432355,
    "k_prod_Scl": 7.463902877500581e-06,
    "k_prod_RANKL": 3.020886300827962e-05,
    "k_prod_OPG": 4.400488972640557e-05,
    "Sclerostin_bone": 0.11086602949895553,
    "RANKL_bone": 1.4756207582876752,
    "OPG_bone": 2.6590659149762024
  },
  "biosensor_config": {
    "circuit_type": "threshold",
    "sensitivity": 3.3544700978200264,
    "threshold": 0.0009558280983679959,
    "dynamic_range": [
      0.0,
      6.541197208425331
    ],
    "kd": 0.7827185488907866,
    "response_type": "michaelis_menten",
    "hill_coefficient": 2.1992567418886226,
    "off_level": 0.057621435788365656,
    "on_level": 28.702142092094427
  },
  "noise_preset": "high",
  "noise_params": {
    "additive_sigma": 0.1,
    "multiplicative_sigma": 0.2,
    "drift_rate": 0.001,
    "outlier_probability": 0.01,
    "outlier_magnitude": 10.0,
    "shot_noise_enabled": true,
    "seed": null
  },
  "measurement": {
    "snr_db": 8.518378847684318,
    "n_detections": 361,
    "detection_rate": 1.0,
    "time_to_detection": 419.08779281184593,
    "false_negative_rate": 0.1169704670729311,
    "max_signal": 13.106404693058302,
    "mean_signal": 8.370016802481368,
    "signal_std": 1.665468001951169,
    "has_noise": true
  },
  "false_negative_rate": 0.1169704670729311,
  "sclerostin_mean": 1.3626993598032755,
  "sclerostin_max": 1.7507170559245648,
  "sclerostin_min": 0.025000000000000005,
  "sclerostin_std": 0.20961968703071449,
  "metadata_file": "metadata/3252265d-3c83-456a-916c-3433cc1302b6.json",
  "timeseries_file": "timeseries/3252265d-3c83-456a-916c-3433cc1302b6.csv"
}