{
  "run_id": "3268cf53-2978-4194-93b9-6cac257f595a",
  "timestamp": "2026-01-31T04:10:27.316627",
  "scenario": "healthy",
  "duration": 3600.0,
  "num_points": 361,
  "environment_params": {
    "Estrogen": 0.7616636892461717,
    "PTH": 43.91797173084402,
    "k_prod_Scl": 3.272406090166523e-06,
    "k_prod_RANKL": 1.1860744682706718e-05,
    "k_prod_OPG": 9.186119205749646e-05,
    "Sclerostin_bone": 0.04471959961823021,
    "RANKL_bone": 0.3716175270448538,
    "OPG_bone": 6.561170130133952
  },
  "biosensor_config": {
    "circuit_type": "ratiometric",
    "sensitivity": 39.4144215393208,
    "threshold": 6.66390734825938e-05,
    "dynamic_range": [
      0.0,
      18.94440036254468
    ],
    "kd": 0.10695751563757222,
    "response_type": "hill",
    "reference_kd": 2.010080708262357,
    "ratio_exponent": 1.1399111364421664
  },
  "noise_preset": "medium",
  "noise_params": {
    "additive_sigma": 0.03,
    "multiplicative_sigma": 0.06,
    "drift_rate": 0.0003,
    "outlier_probability": 0.003,
    "outlier_magnitude": 4.0,
    "shot_noise_enabled": false,
    "seed": null
  },
  "measurement": {
    "snr_db": 23.12105810177837,
    "n_detections": 361,
    "detection_rate": 1.0,
    "time_to_detection": 1605.4679094443397,
    "false_negative_rate": 0.017651928640572575,
    "max_signal": 23.356202358710547,
    "mean_signal": 19.553315141090902,
    "signal_std": 1.1740907291336768,
    "has_noise": true
  },
  "false_negative_rate": 0.017651928640572575,
  "sclerostin_mean": 0.491406321809363,
  "sclerostin_max": 0.5468363197962515,
  "sclerostin_min": 0.025000000000000005,
  "sclerostin_std": 0.03708065215059431,
  "metadata_file": "metadata/3268cf53-2978-4194-93b9-6cac257f595a.json",
  "timeseries_file": "timeseries/3268cf53-2978-4194-93b9-6cac257f595a.csv"
}