{
  "run_id": "32bc7114-8312-4498-b270-808f66322742",
  "timestamp": "2026-01-31T04:10:12.077779",
  "scenario": "pmo",
  "duration": 3600.0,
  "num_points": 361,
  "environment_params": {
    "Estrogen": 0.186628396056174,
    "PTH": 63.655939176274956,
    "k_prod_Scl": 5.65833262317864e-06,
    "k_prod_RANKL": 3.0696515189823635e-05,
    "k_prod_OPG": 6.58733580435866e-05,
    "Sclerostin_bone": 0.11844971213259427,
    "RANKL_bone": 1.7972566762406366,
    "OPG_bone": 2.162779355336295
  },
  "biosensor_config": {
    "circuit_type": "direct_binding",
    "sensitivity": 35.56221459504543,
    "threshold": 0.0015413525694144702,
    "dynamic_range": [
      0.0,
      7.310523594147165
    ],
    "kd": 1.378719042400199,
    "response_type": "linear",
    "receptor_concentration": 2.188204514417883,
    "kon": 526331.8168655494,
    "koff": 725663.6985336272
  },
  "noise_preset": "low",
  "noise_params": {
    "additive_sigma": 0.005,
    "multiplicative_sigma": 0.01,
    "drift_rate": 2e-05,
    "outlier_probability": 0.0002,
    "outlier_magnitude": 2.0,
    "shot_noise_enabled": false,
    "seed": null
  },
  "measurement": {
    "snr_db": 38.535627799235776,
    "n_detections": 361,
    "detection_rate": 1.0,
    "time_to_detection": 370.8819820051888,
    "false_negative_rate": 0.03314903054877343,
    "max_signal": 7.58404191490355,
    "mean_signal": 7.3369033689042285,
    "signal_std": 0.32206665872569806,
    "has_noise": true
  },
  "false_negative_rate": 0.03314903054877343,
  "sclerostin_mean": 1.3671124576809222,
  "sclerostin_max": 1.660322583354426,
  "sclerostin_min": 0.025000000000000005,
  "sclerostin_std": 0.16461939578470286,
  "metadata_file": "metadata/32bc7114-8312-4498-b270-808f66322742.json",
  "timeseries_file": "timeseries/32bc7114-8312-4498-b270-808f66322742.csv"
}