{
  "run_id": "3349cd21-6b25-4005-abc9-844177837ca1",
  "timestamp": "2026-05-17T01:40:41.533014",
  "scenario": "healthy",
  "duration": 3600.0,
  "num_points": 361,
  "environment_params": {
    "Estrogen": 1.1921878699845592,
    "PTH": 34.2259915190936,
    "k_prod_Scl": 4.946833664790362e-06,
    "k_deg_Scl": 7.299799192942292e-05,
    "Sclerostin_bone": 0.06574969436790122,
    "k_prod_RANKL": 1.0235867267562425e-05,
    "k_deg_RANKL": 2.0956913221097793e-05,
    "RANKL_bone": 0.2936412470690315,
    "k_prod_OPG": 7.648916006283913e-05,
    "k_deg_OPG": 2.6315934014490575e-05,
    "OPG_bone": 5.074066827556339,
    "MineralIon": 2.3326372214449527,
    "k_prod_Mineral": 0.12980608237185373,
    "k_loss_Mineral": 0.06360485293830641
  },
  "biosensor_config": {
    "circuit_type": "amplifying",
    "sensitivity": 2.8954240472140853,
    "threshold": 3.355235280374078e-05,
    "dynamic_range": [
      0.0,
      16.61347321987688
    ],
    "kd": 4.360688025589399,
    "response_type": "hill",
    "receptor_concentration": 2.244262760929228,
    "enzyme_concentration": 22.358299796930503,
    "amplification_gain": 7636.564317692254,
    "response_time": 312.2289013021508
  },
  "biosensor_type": "amplifying",
  "noise_preset": "medium",
  "noise_params": {
    "additive_sigma": 0.03,
    "multiplicative_sigma": 0.06,
    "drift_rate": 0.0002,
    "outlier_probability": 0.003,
    "outlier_magnitude": 4.0,
    "shot_noise_enabled": false,
    "seed": null
  },
  "measurement": {
    "snr_db": 16.15922201273761,
    "n_detections": 361,
    "detection_rate": 1.0,
    "time_to_detection": 1463.8501322589493,
    "false_negative_rate": 0.0013311427591235136,
    "max_signal": 3.986195752272369,
    "mean_signal": 3.243165619277234,
    "signal_std": 0.32304670280329145,
    "has_noise": true
  },
  "signal_to_noise_ratio_SNR": 16.15922201273761,
  "time_to_detection_threshold": 1463.8501322589493,
  "false_negative_rate": 0.0013311427591235136,
  "dynamic_range_of_output": 0.0,
  "sclerostin_mean": 0.6801643168941486,
  "sclerostin_max": 0.7190630311405019,
  "sclerostin_min": 0.025000000000000005,
  "sclerostin_std": 0.039355944853938334,
  "sclerostin_change": 