{
  "run_id": "338cffc5-9232-4d0e-a1d2-9387f26bdc77",
  "timestamp": "2026-05-17T01:54:22.797921",
  "scenario": "pmo",
  "duration": 3600.0,
  "num_points": 361,
  "environment_params": {
    "Estrogen": 0.25279651947066495,
    "PTH": 55.803785445568934,
    "k_prod_Scl": 9.918559880249771e-06,
    "k_deg_Scl": 7.823071227570271e-05,
    "Sclerostin_bone": 0.09459516818513952,
    "k_prod_RANKL": 2.3052972701530503e-05,
    "k_deg_RANKL": 2.0174963696065914e-05,
    "RANKL_bone": 0.7879008965175701,
    "k_prod_OPG": 7.450351509358511e-05,
    "k_deg_OPG": 1.781015407808613e-05,
    "OPG_bone": 3.4971824277585095,
    "MineralIon": 3.3890684296405076,
    "k_prod_Mineral": 0.12422423817733212,
    "k_loss_Mineral": 0.058793633809974676
  },
  "biosensor_config": {
    "circuit_type": "ratiometric",
    "sensitivity": 13.073649904957081,
    "threshold": 0.0008378933651762786,
    "dynamic_range": [
      0.0,
      6.198840909184433
    ],
    "kd": 0.02582871730042663,
    "response_type": "hill",
    "reference_kd": 0.22388495288195048,
    "ratio_exponent": 1.1100596076801745
  },
  "noise_preset": "high",
  "noise_params": {
    "additive_sigma": 0.08,
    "multiplicative_sigma": 0.12,
    "drift_rate": 0.0004,
    "outlier_probability": 0.005,
    "outlier_magnitude": 6.0,
    "shot_noise_enabled": 0,
    "seed": null
  },
  "measurement": {
    "snr_db": 15.086939409631022,
    "n_detections": 361,
    "detection_rate": 1.0,
    "time_to_detection": 890.7443491907406,
    "false_negative_rate": 0.04549033593211032,
    "max_signal": 9.346367322977077,
    "mean_signal": 6.843026370564519,
    "signal_std": 0.8809466451794843,
    "has_noise": 1
  },
  "false_negative_rate": 0.04549033593211032,
  "sclerostin_mean": 1.2542455753382025,
  "sclerostin_max": 1.708443376364569,
  "sclerostin_min": 0.025000000000000005,
  "sclerostin_std": 0.24048075458195073,
  "metadata_file": "metadata/338cffc5-9232-4d0e-a1d2-9387f26bdc77.json",
  "timeseries_file": "timeseries/338cffc5-9232-4d0e-a1d2-9387f26bdc77.csv"
}