{
  "run_id": "33fe22ff-70a4-4ccc-a7ed-c450342a069e",
  "timestamp": "2026-05-17T01:48:48.031600",
  "scenario": "ckd_mbd",
  "duration": 3600.0,
  "num_points": 361,
  "environment_params": {
    "Estrogen": 0.7594464848767909,
    "PTH": 175.65744205664095,
    "k_prod_Scl": 1.1648501261595797e-05,
    "k_deg_Scl": 5.781460787524894e-05,
    "Sclerostin_bone": 0.18390189061522103,
    "k_prod_RANKL": 1.4196609412895199e-05,
    "k_deg_RANKL": 2.2669227251491407e-05,
    "RANKL_bone": 0.6802753247157293,
    "k_prod_OPG": 7.358460404785417e-05,
    "k_deg_OPG": 1.8010314640900233e-05,
    "OPG_bone": 9.17526109607448,
    "MineralIon": 2.801204276652318,
    "k_prod_Mineral": 0.13247990888924743,
    "k_loss_Mineral": 0.017697023848439648
  },
  "biosensor_config": {
    "circuit_type": "threshold",
    "sensitivity": 2.859670132468937,
    "threshold": 8.53565534012274e-05,
    "dynamic_range": [
      0.0,
      6.073632614516574
    ],
    "kd": 0.36487862167796786,
    "response_type": "hill",
    "hill_coefficient": 6.465661578420607,
    "off_level": 0.4180883091511752,
    "on_level": 17.619858950674463
  },
  "noise_preset": "medium",
  "noise_params": {
    "additive_sigma": 0.03,
    "multiplicative_sigma": 0.06,
    "drift_rate": 0.0002,
    "outlier_probability": 0.003,
    "outlier_magnitude": 4.0,
    "shot_noise_enabled": 0,
    "seed": null
  },
  "measurement": {
    "snr_db": 21.056137244490372,
    "n_detections": 361,
    "detection_rate": 1.0,
    "time_to_detection": 3296.1528608926365,
    "false_negative_rate": 0.0010835989176862704,
    "max_signal": 7.5571404330344665,
    "mean_signal": 6.392288397172809,
    "signal_std": 0.5266890145137678,
    "has_noise": 1
  },
  "false_negative_rate": 0.0010835989176862704,
  "sclerostin_mean": 1.952413519159862,
  "sclerostin_max": 2.1900437854518886,
  "sclerostin_min": 0.025000000000000005,
  "sclerostin_std": 0.15649519149118932,
  "metadata_file": "metadata/33fe22ff-70a4-4ccc-a7ed-c450342a069e.json",
  "timeseries_file": "timeseries/33fe22ff-70a4-4ccc-a7ed-c450342a069e.csv"
}