{
  "run_id": "3406aa17-2f5d-4f80-ad01-d126fce892f9",
  "timestamp": "2026-01-31T04:09:50.583496",
  "scenario": "healthy",
  "duration": 3600.0,
  "num_points": 361,
  "environment_params": {
    "Estrogen": 0.7602867721406148,
    "PTH": 43.88990990116958,
    "k_prod_Scl": 3.825618266742624e-06,
    "k_prod_RANKL": 1.1080167324702214e-05,
    "k_prod_OPG": 0.0001431541384689074,
    "Sclerostin_bone": 0.0685241809547987,
    "RANKL_bone": 0.5860520758012792,
    "OPG_bone": 6.191092002840106
  },
  "biosensor_config": {
    "circuit_type": "threshold",
    "sensitivity": 4.377433808701793,
    "threshold": 3.736475256390685e-05,
    "dynamic_range": [
      0.0,
      8.88728642541743
    ],
    "kd": 0.3029263860565206,
    "response_type": "michaelis_menten",
    "hill_coefficient": 7.894157796110107,
    "off_level": 0.8304871625358526,
    "on_level": 24.103685919359354
  },
  "noise_preset": "medium",
  "noise_params": {
    "additive_sigma": 0.03,
    "multiplicative_sigma": 0.06,
    "drift_rate": 0.0003,
    "outlier_probability": 0.003,
    "outlier_magnitude": 4.0,
    "shot_noise_enabled": false,
    "seed": null
  },
  "measurement": {
    "snr_db": 20.22718184146353,
    "n_detections": 361,
    "detection_rate": 1.0,
    "time_to_detection": 2762.8633604052866,
    "false_negative_rate": 0.004056503167364833,
    "max_signal": 11.519070208824749,
    "mean_signal": 9.417655486095022,
    "signal_std": 0.8051355946587668,
    "has_noise": true
  },
  "false_negative_rate": 0.004056503167364833,
  "sclerostin_mean": 0.7260616382332629,
  "sclerostin_max": 0.7912375613745317,
  "sclerostin_min": 0.025000000000000005,
  "sclerostin_std": 0.04915104600862502,
  "metadata_file": "metadata/3406aa17-2f5d-4f80-ad01-d126fce892f9.json",
  "timeseries_file": "timeseries/3406aa17-2f5d-4f80-ad01-d126fce892f9.csv"
}