{
  "run_id": "34f7d8db-e618-41c2-8eef-85252e4c104e",
  "timestamp": "2026-05-17T01:40:39.344325",
  "scenario": "ckd_mbd",
  "duration": 3600.0,
  "num_points": 361,
  "environment_params": {
    "Estrogen": 0.6475834765743943,
    "PTH": 167.80454465818556,
    "k_prod_Scl": 1.1862920520565086e-05,
    "k_deg_Scl": 5.1809538361924856e-05,
    "Sclerostin_bone": 0.09818485721859614,
    "k_prod_RANKL": 1.902835388218908e-05,
    "k_deg_RANKL": 2.072367837837712e-05,
    "RANKL_bone": 1.1120060733522068,
    "k_prod_OPG": 9.704900246395524e-05,
    "k_deg_OPG": 1.846193340960369e-05,
    "OPG_bone": 5.796725633038783,
    "MineralIon": 5.207360189339847,
    "k_prod_Mineral": 0.15771025305684253,
    "k_loss_Mineral": 0.017487145345787058
  },
  "biosensor_config": {
    "circuit_type": "direct_binding",
    "sensitivity": 4.929786942324246,
    "threshold": 0.0005473819967789883,
    "dynamic_range": [
      0.0,
      15.557632850864026
    ],
    "kd": 1.1134298177893536,
    "response_type": "hill",
    "receptor_concentration": 1.2172817277919223,
    "kon": 89681.00692099117,
    "koff": 99853.50719520496
  },
  "biosensor_type": "direct_binding",
  "noise_preset": "low",
  "noise_params": {
    "additive_sigma": 0.005,
    "multiplicative_sigma": 0.01,
    "drift_rate": 2e-05,
    "outlier_probability": 0.0002,
    "outlier_magnitude": 2.0,
    "shot_noise_enabled": false,
    "seed": null
  },
  "measurement": {
    "snr_db": 28.571165076747608,
    "n_detections": 361,
    "detection_rate": 1.0,
    "time_to_detection": 752.5272642943432,
    "false_negative_rate": 0.028181905543412756,
    "max_signal": 1.4675871578191908,
    "mean_signal": 1.211398803747103,
    "signal_std": 0.14733065468539394,
    "has_noise": true
  },
  "signal_to_noise_ratio_SNR": 28.571165076747608,
  "time_to_detection_threshold": 752.5272642943432,
  "false_negative_rate": 0.028181905543412756,
  "dynamic_range_of_output": 0.0,
  "sclerostin_mean": 1.177711837513604,
  "sclerostin_max": 1.4772363011763192,
  "sclerostin_min": 0.025000000000000005,
  "sclerostin_std": 0.16384991662043594,
  "sclerostin_change": 