{
  "run_id": "35333748-6fe6-4905-b872-2aa40cc20f95",
  "timestamp": "2026-05-17T01:48:51.464266",
  "scenario": "pmo",
  "duration": 3600.0,
  "num_points": 361,
  "environment_params": {
    "Estrogen": 0.2330606286996126,
    "PTH": 52.93780182916643,
    "k_prod_Scl": 8.001366401658763e-06,
    "k_deg_Scl": 7.259630085947041e-05,
    "Sclerostin_bone": 0.09092622484813126,
    "k_prod_RANKL": 1.4261440598401645e-05,
    "k_deg_RANKL": 1.771430029551578e-05,
    "RANKL_bone": 0.5704391967524306,
    "k_prod_OPG": 6.186929952204336e-05,
    "k_deg_OPG": 1.8508931427507777e-05,
    "OPG_bone": 2.9111962272971987,
    "MineralIon": 2.1875543379424633,
    "k_prod_Mineral": 0.1334888808768317,
    "k_loss_Mineral": 0.07033190699622562
  },
  "biosensor_config": {
    "circuit_type": "direct_binding",
    "sensitivity": 5.3521907588280735,
    "threshold": 0.0005263451011225473,
    "dynamic_range": [
      0.0,
      3.1521407603305946
    ],
    "kd": 0.10151714819193791,
    "response_type": "hill",
    "receptor_concentration": 6.442220298149645,
    "kon": 23241.47460284038,
    "koff": 2359.408221455708
  },
  "noise_preset": "medium",
  "noise_params": {
    "additive_sigma": 0.03,
    "multiplicative_sigma": 0.06,
    "drift_rate": 0.0002,
    "outlier_probability": 0.003,
    "outlier_magnitude": 4.0,
    "shot_noise_enabled": 0,
    "seed": null
  },
  "measurement": {
    "snr_db": 17.02890374123132,
    "n_detections": 361,
    "detection_rate": 1.0,
    "time_to_detection": 3531.4380774825813,
    "false_negative_rate": 0.059208088282466854,
    "max_signal": 4.226949200173188,
    "mean_signal": 3.50072395065767,
    "signal_std": 0.2746339712279791,
    "has_noise": 1
  },
  "false_negative_rate": 0.059208088282466854,
  "sclerostin_mean": 1.162649285111417,
  "sclerostin_max": 1.5381156124800468,
  "sclerostin_min": 0.025000000000000005,
  "sclerostin_std": 0.20041504355143797,
  "metadata_file": "metadata/35333748-6fe6-4905-b872-2aa40cc20f95.json",
  "timeseries_file": "timeseries/35333748-6fe6-4905-b872-2aa40cc20f95.csv"
}