{
  "run_id": "3574ebfc-1c39-47e0-9fba-19cf9d5328ac",
  "timestamp": "2026-05-17T02:01:39.045899",
  "scenario": "pmo",
  "duration": 3600.0,
  "num_points": 361,
  "environment_params": {
    "Estrogen": 0.2189949002481852,
    "PTH": 47.23031879642661,
    "k_prod_Scl": 5.96572558605884e-06,
    "k_deg_Scl": 6.994961980405922e-05,
    "Sclerostin_bone": 0.08165822529604243,
    "k_prod_RANKL": 2.1082255762153554e-05,
    "k_deg_RANKL": 2.0623565753292036e-05,
    "RANKL_bone": 0.779752784431486,
    "k_prod_OPG": 0.00010102186886317415,
    "k_deg_OPG": 2.044566589320587e-05,
    "OPG_bone": 4.948869639751582,
    "MineralIon": 2.4338704459660363,
    "k_prod_Mineral": 0.10934985773066612,
    "k_loss_Mineral": 0.0516119128198099
  },
  "biosensor_config": {
    "circuit_type": "threshold",
    "sensitivity": 1.6892128506304016,
    "threshold": 0.00755751897148748,
    "dynamic_range": [
      0.0,
      17.293888303672812
    ],
    "kd": 0.2654551105141031,
    "response_type": "hill",
    "hill_coefficient": 4.86135074548178,
    "off_level": 0.12832834804107227,
    "on_level": 8.299042840605935
  },
  "noise_preset": "high",
  "noise_params": {
    "additive_sigma": 0.08,
    "multiplicative_sigma": 0.12,
    "drift_rate": 0.0004,
    "outlier_probability": 0.005,
    "outlier_magnitude": 6.0,
    "shot_noise_enabled": 0,
    "seed": null
  },
  "measurement": {
    "snr_db": 15.771954570388726,
    "n_detections": 361,
    "detection_rate": 1.0,
    "time_to_detection": 1239.3612797286353,
    "false_negative_rate": 0.05154933291526458,
    "max_signal": 12.459844374616221,
    "mean_signal": 9.025538788608277,
    "signal_std": 1.2041658392200318,
    "has_noise": 1
  },
  "false_negative_rate": 0.05154933291526458,
  "sclerostin_mean": 1.0067115508657287,
  "sclerostin_max": 1.2883976588687387,
  "sclerostin_min": 0.025000000000000005,
  "sclerostin_std": 0.15230766350270686,
  "metadata_file": "metadata/3574ebfc-1c39-47e0-9fba-19cf9d5328ac.json",
  "timeseries_file": "timeseries/3574ebfc-1c39-47e0-9fba-19cf9d5328ac.csv"
}