{
  "run_id": "359448d7-295e-406e-b4a9-6679b96d9522",
  "timestamp": "2026-01-31T04:11:08.074834",
  "scenario": "healthy",
  "duration": 3600.0,
  "num_points": 361,
  "environment_params": {
    "Estrogen": 0.7606813300422386,
    "PTH": 56.49818500517396,
    "k_prod_Scl": 4.600044770846701e-06,
    "k_prod_RANKL": 1.680055986081848e-05,
    "k_prod_OPG": 0.0001158031637713117,
    "Sclerostin_bone": 0.03732348631868918,
    "RANKL_bone": 0.7432966266814596,
    "OPG_bone": 6.119373929698154
  },
  "biosensor_config": {
    "circuit_type": "amplifying",
    "sensitivity": 10.462348258378837,
    "threshold": 0.005615706435395239,
    "dynamic_range": [
      0.0,
      19.746091278917284
    ],
    "kd": 2.757616450787905,
    "response_type": "hill",
    "receptor_concentration": 0.09963918640291541,
    "enzyme_concentration": 9.69406038091447,
    "amplification_gain": 456.5249513209424,
    "response_time": 285.6871362020714
  },
  "noise_preset": "medium",
  "noise_params": {
    "additive_sigma": 0.03,
    "multiplicative_sigma": 0.06,
    "drift_rate": 0.0003,
    "outlier_probability": 0.003,
    "outlier_magnitude": 4.0,
    "shot_noise_enabled": false,
    "seed": null
  },
  "measurement": {
    "snr_db": 21.146934246742074,
    "n_detections": 361,
    "detection_rate": 1.0,
    "time_to_detection": 373.03980417271623,
    "false_negative_rate": 0.0076706863568831215,
    "max_signal": 13.041679043867859,
    "mean_signal": 10.583290281693833,
    "signal_std": 1.3683084605930016,
    "has_noise": true
  },
  "false_negative_rate": 0.0076706863568831215,
  "sclerostin_mean": 0.43890765995317943,
  "sclerostin_max": 0.5196698815545,
  "sclerostin_min": 0.025000000000000005,
  "sclerostin_std": 0.04633098142458956,
  "metadata_file": "metadata/359448d7-295e-406e-b4a9-6679b96d9522.json",
  "timeseries_file": "timeseries/359448d7-295e-406e-b4a9-6679b96d9522.csv"
}