{
  "run_id": "370e12d4-b0cd-4532-8ea1-19cadfb24d19",
  "timestamp": "2026-01-31T04:11:02.522919",
  "scenario": "ckd_mbd",
  "duration": 3600.0,
  "num_points": 361,
  "environment_params": {
    "Estrogen": 0.8519316405729672,
    "PTH": 351.25636093578885,
    "k_prod_Scl": 1.3670027219310108e-05,
    "k_deg_Scl": 3.364237060201097e-05,
    "k_prod_RANKL": 1.5321060695768315e-05,
    "k_prod_OPG": 0.00010392031938456577,
    "Sclerostin_bone": 0.1509518521403968,
    "RANKL_bone": 1.3913041775621338,
    "OPG_bone": 5.005539548886775,
    "MineralIon": 3.4981385940545087,
    "k_prod_Mineral": 0.19640569301676483
  },
  "biosensor_config": {
    "circuit_type": "threshold",
    "sensitivity": 23.660561670580226,
    "threshold": 0.000643403634864251,
    "dynamic_range": [
      0.0,
      4.089112779455322
    ],
    "kd": 4.656221475617092,
    "response_type": "hill",
    "hill_coefficient": 5.582662625673356,
    "off_level": 0.8672587830571469,
    "on_level": 8.29019275296811
  },
  "noise_preset": "medium",
  "noise_params": {
    "additive_sigma": 0.03,
    "multiplicative_sigma": 0.06,
    "drift_rate": 0.0003,
    "outlier_probability": 0.003,
    "outlier_magnitude": 4.0,
    "shot_noise_enabled": false,
    "seed": null
  },
  "measurement": {
    "snr_db": 3.0123186584238537,
    "n_detections": 361,
    "detection_rate": 1.0,
    "time_to_detection": 6635.165363730954,
    "false_negative_rate": 0.0908318336562466,
    "max_signal": 2.178754780548459,
    "mean_signal": 1.4343739324792737,
    "signal_std": 0.33206286080894937,
    "has_noise": true
  },
  "false_negative_rate": 0.0908318336562466,
  "sclerostin_mean": 1.6502274060001525,
  "sclerostin_max": 1.9047082700903253,
  "sclerostin_min": 0.025000000000000005,
  "sclerostin_std": 0.15427663147561674,
  "metadata_file": "metadata/370e12d4-b0cd-4532-8ea1-19cadfb24d19.json",
  "timeseries_file": "timeseries/370e12d4-b0cd-4532-8ea1-19cadfb24d19.csv"
}