{
  "run_id": "37535500-504e-41fe-8c8f-2bf1e12a4928",
  "timestamp": "2026-05-17T02:01:35.923785",
  "scenario": "ckd_mbd",
  "duration": 3600.0,
  "num_points": 361,
  "environment_params": {
    "Estrogen": 0.9070260253429516,
    "PTH": 139.8941838636666,
    "k_prod_Scl": 9.311197099238068e-06,
    "k_deg_Scl": 5.8368207694641346e-05,
    "Sclerostin_bone": 0.1640461614713377,
    "k_prod_RANKL": 1.5041511503037331e-05,
    "k_deg_RANKL": 2.0717439643133444e-05,
    "RANKL_bone": 0.7961999395202414,
    "k_prod_OPG": 7.525570937948047e-05,
    "k_deg_OPG": 1.8745803705849906e-05,
    "OPG_bone": 4.680413137240091,
    "MineralIon": 4.285731595538994,
    "k_prod_Mineral": 0.15337794065054203,
    "k_loss_Mineral": 0.018987681711019423
  },
  "biosensor_config": {
    "circuit_type": "amplifying",
    "sensitivity": 9.359774352424951,
    "threshold": 0.00013380962806398654,
    "dynamic_range": [
      0.0,
      19.251535327531155
    ],
    "kd": 0.01104969229931903,
    "response_type": "michaelis_menten",
    "receptor_concentration": 4.134118161130437,
    "enzyme_concentration": 8.095918812972046,
    "amplification_gain": 4771.219180640633,
    "response_time": 38.55517486566527
  },
  "noise_preset": "high",
  "noise_params": {
    "additive_sigma": 0.08,
    "multiplicative_sigma": 0.12,
    "drift_rate": 0.0004,
    "outlier_probability": 0.005,
    "outlier_magnitude": 6.0,
    "shot_noise_enabled": 0,
    "seed": null
  },
  "measurement": {
    "snr_db": 16.55745888482633,
    "n_detections": 360,
    "detection_rate": 0.997229916897507,
    "time_to_detection": 1832.6828414933473,
    "false_negative_rate": 0.019461009649897384,
    "max_signal": 14.271808613261735,
    "mean_signal": 10.04855162144807,
    "signal_std": 1.3032101294336416,
    "has_noise": 1
  },
  "false_negative_rate": 0.019461009649897384,
  "sclerostin_mean": 1.6935892764247145,
  "sclerostin_max": 1.8351533698454217,
  "sclerostin_min": 0.025000000000000005,
  "sclerostin_std": 0.11243254651103089,
  "metadata_file": "metadata/37535500-504e-41fe-8c8f-2bf1e12a4928.json",
  "timeseries_file": "timeseries/37535500-504e-41fe-8c8f-2bf1e12a4928.csv"
}