{
  "run_id": "378b76fd-ea9b-4caf-9f94-046db0336de0",
  "timestamp": "2026-05-17T01:40:38.562705",
  "scenario": "pmo",
  "duration": 3600.0,
  "num_points": 361,
  "environment_params": {
    "Estrogen": 0.1676220900563503,
    "PTH": 46.285176094272934,
    "k_prod_Scl": 5.070745256111838e-06,
    "k_deg_Scl": 5.7313400940290786e-05,
    "Sclerostin_bone": 0.09815934379676451,
    "k_prod_RANKL": 1.9478410763739038e-05,
    "k_deg_RANKL": 1.5058540924748833e-05,
    "RANKL_bone": 1.6499091765157239,
    "k_prod_OPG": 9.267654144108312e-05,
    "k_deg_OPG": 2.1393624552234447e-05,
    "OPG_bone": 2.812915703865872,
    "MineralIon": 1.9996046616729137,
    "k_prod_Mineral": 0.08581763828126818,
    "k_loss_Mineral": 0.05205221717499814
  },
  "biosensor_config": {
    "circuit_type": "amplifying",
    "sensitivity": 6.120936994596969,
    "threshold": 0.0005585118184395565,
    "dynamic_range": [
      0.0,
      12.961007652241221
    ],
    "kd": 0.6653845030478749,
    "response_type": "hill",
    "receptor_concentration": 0.06967045776422964,
    "enzyme_concentration": 27.729434446872894,
    "amplification_gain": 7578.314589412499,
    "response_time": 413.3983659935869
  },
  "biosensor_type": "amplifying",
  "noise_preset": "medium",
  "noise_params": {
    "additive_sigma": 0.03,
    "multiplicative_sigma": 0.06,
    "drift_rate": 0.0002,
    "outlier_probability": 0.003,
    "outlier_magnitude": 4.0,
    "shot_noise_enabled": false,
    "seed": null
  },
  "measurement": {
    "snr_db": 21.08361127682805,
    "n_detections": 360,
    "detection_rate": 0.997229916897507,
    "time_to_detection": 951.3394402925741,
    "false_negative_rate": 0.04538877323151483,
    "max_signal": 7.604530393535306,
    "mean_signal": 6.45079799459842,
    "signal_std": 0.5348774532968411,
    "has_noise": true
  },
  "signal_to_noise_ratio_SNR": 21.08361127682805,
  "time_to_detection_threshold": 951.3394402925741,
  "false_negative_rate": 0.04538877323151483,
  "dynamic_range_of_output": 0.0,
  "sclerostin_mean": 1.1464438434484512,
  "sclerostin_max": 1.4029013450070908,
  "sclerostin_min": 0.025000000000000005,
  "sclerostin_std": 0.1428587872226578,
  "sclerostin_change": 