{
  "run_id": "387744f3-2e32-4350-b122-30f5cffb1dd7",
  "timestamp": "2026-01-31T04:10:05.300988",
  "scenario": "ckd_mbd",
  "duration": 3600.0,
  "num_points": 361,
  "environment_params": {
    "Estrogen": 0.8107358501958529,
    "PTH": 340.5104350745637,
    "k_prod_Scl": 1.6559884515278965e-05,
    "k_deg_Scl": 4.251561168608478e-05,
    "k_prod_RANKL": 1.882360737866909e-05,
    "k_prod_OPG": 7.058319769631103e-05,
    "Sclerostin_bone": 0.15533976789180226,
    "RANKL_bone": 1.5200157760064743,
    "OPG_bone": 4.251421756659799,
    "MineralIon": 5.578732142203435,
    "k_prod_Mineral": 0.11386359895635467
  },
  "biosensor_config": {
    "circuit_type": "direct_binding",
    "sensitivity": 1.7362426798591126,
    "threshold": 0.0001807722434897895,
    "dynamic_range": [
      0.0,
      10.165574673705562
    ],
    "kd": 2.1227364486400218,
    "response_type": "linear",
    "receptor_concentration": 2.93895725614736,
    "kon": 710678.2248234974,
    "koff": 1508582.5710876258
  },
  "noise_preset": "high",
  "noise_params": {
    "additive_sigma": 0.1,
    "multiplicative_sigma": 0.2,
    "drift_rate": 0.001,
    "outlier_probability": 0.01,
    "outlier_magnitude": 10.0,
    "shot_noise_enabled": true,
    "seed": null
  },
  "measurement": {
    "snr_db": 0.5786934902828867,
    "n_detections": 361,
    "detection_rate": 1.0,
    "time_to_detection": 3397.8160557252213,
    "false_negative_rate": 0.07692541081400528,
    "max_signal": 7.087611046399019,
    "mean_signal": 4.111235272720449,
    "signal_std": 1.278416969201221,
    "has_noise": true
  },
  "false_negative_rate": 0.07692541081400528,
  "sclerostin_mean": 1.7459070392097527,
  "sclerostin_max": 2.0755113654998367,
  "sclerostin_min": 0.025000000000000005,
  "sclerostin_std": 0.18982644449661437,
  "metadata_file": "metadata/387744f3-2e32-4350-b122-30f5cffb1dd7.json",
  "timeseries_file": "timeseries/387744f3-2e32-4350-b122-30f5cffb1dd7.csv"
}