{
  "run_id": "38e2039f-beac-4fd5-8726-386b12fffe53",
  "timestamp": "2026-05-17T02:01:35.536059",
  "scenario": "ckd_mbd",
  "duration": 3600.0,
  "num_points": 361,
  "environment_params": {
    "Estrogen": 0.6917878093173749,
    "PTH": 245.55103914650195,
    "k_prod_Scl": 1.270257249969759e-05,
    "k_deg_Scl": 6.723570148672868e-05,
    "Sclerostin_bone": 0.14262158473209854,
    "k_prod_RANKL": 1.6076329679872882e-05,
    "k_deg_RANKL": 1.9365740411793913e-05,
    "RANKL_bone": 1.2085115776091313,
    "k_prod_OPG": 0.00012140978623456559,
    "k_deg_OPG": 1.9646858571095348e-05,
    "OPG_bone": 5.2930283538347425,
    "MineralIon": 3.055090569268227,
    "k_prod_Mineral": 0.14112575901890784,
    "k_loss_Mineral": 0.02169998793508309
  },
  "biosensor_config": {
    "circuit_type": "amplifying",
    "sensitivity": 0.42376172307137117,
    "threshold": 0.006564127956974526,
    "dynamic_range": [
      0.0,
      4.005953378905408
    ],
    "kd": 3.937208354116907,
    "response_type": "linear",
    "receptor_concentration": 0.6421246372666091,
    "enzyme_concentration": 29.61556431004869,
    "amplification_gain": 4338.9246260687805,
    "response_time": 171.36810791699642
  },
  "noise_preset": "medium",
  "noise_params": {
    "additive_sigma": 0.03,
    "multiplicative_sigma": 0.06,
    "drift_rate": 0.0002,
    "outlier_probability": 0.003,
    "outlier_magnitude": 4.0,
    "shot_noise_enabled": 0,
    "seed": null
  },
  "measurement": {
    "snr_db": 18.30671590715032,
    "n_detections": 360,
    "detection_rate": 0.997229916897507,
    "time_to_detection": 2277.955879633468,
    "false_negative_rate": 0.08606159964386464,
    "max_signal": 5.358233651212622,
    "mean_signal": 4.357629980645199,
    "signal_std": 0.39637857994618464,
    "has_noise": 1
  },
  "false_negative_rate": 0.08606159964386464,
  "sclerostin_mean": 1.6056129590137391,
  "sclerostin_max": 1.9099958714175373,
  "sclerostin_min": 0.025000000000000005,
  "sclerostin_std": 0.17501810652486657,
  "metadata_file": "metadata/38e2039f-beac-4fd5-8726-386b12fffe53.json",
  "timeseries_file": "timeseries/38e2039f-beac-4fd5-8726-386b12fffe53.csv"
}