{
  "run_id": "39110710-6d35-414f-ac42-e4bd31c66c60",
  "timestamp": "2026-01-31T04:10:28.445153",
  "scenario": "pmo",
  "duration": 3600.0,
  "num_points": 361,
  "environment_params": {
    "Estrogen": 0.10399330866842825,
    "PTH": 51.793278583074084,
    "k_prod_Scl": 5.171493789347082e-06,
    "k_prod_RANKL": 3.427320453344051e-05,
    "k_prod_OPG": 5.264123792250176e-05,
    "Sclerostin_bone": 0.10382253316012781,
    "RANKL_bone": 2.4908213491696554,
    "OPG_bone": 2.4032774253937204
  },
  "biosensor_config": {
    "circuit_type": "ratiometric",
    "sensitivity": 0.682751250698397,
    "threshold": 0.009276580462071068,
    "dynamic_range": [
      0.0,
      13.195396202939992
    ],
    "kd": 0.011046367789417885,
    "response_type": "linear",
    "reference_kd": 1.0096630627135859,
    "ratio_exponent": 1.8412873184984906
  },
  "noise_preset": "high",
  "noise_params": {
    "additive_sigma": 0.1,
    "multiplicative_sigma": 0.2,
    "drift_rate": 0.001,
    "outlier_probability": 0.01,
    "outlier_magnitude": 10.0,
    "shot_noise_enabled": true,
    "seed": null
  },
  "measurement": {
    "snr_db": 11.679320972438063,
    "n_detections": 361,
    "detection_rate": 1.0,
    "time_to_detection": 2423.6858663542057,
    "false_negative_rate": 0.04345846290646285,
    "max_signal": 23.937543427217133,
    "mean_signal": 14.949965936165727,
    "signal_std": 2.957959553430188,
    "has_noise": true
  },
  "false_negative_rate": 0.04345846290646285,
  "sclerostin_mean": 1.2213692921832964,
  "sclerostin_max": 1.506284285980019,
  "sclerostin_min": 0.025000000000000005,
  "sclerostin_std": 0.157768766205208,
  "metadata_file": "metadata/39110710-6d35-414f-ac42-e4bd31c66c60.json",
  "timeseries_file": "timeseries/39110710-6d35-414f-ac42-e4bd31c66c60.csv"
}