{
  "run_id": "39221ea0-4e81-4e5d-b48d-daa6bbf98aa5",
  "timestamp": "2026-01-31T04:10:26.517645",
  "scenario": "ckd_mbd",
  "duration": 3600.0,
  "num_points": 361,
  "environment_params": {
    "Estrogen": 0.7693753804768148,
    "PTH": 293.00760375182585,
    "k_prod_Scl": 1.4184517284528871e-05,
    "k_deg_Scl": 3.8542900571107045e-05,
    "k_prod_RANKL": 1.8711637678421444e-05,
    "k_prod_OPG": 7.841869607435758e-05,
    "Sclerostin_bone": 0.1841516538338539,
    "RANKL_bone": 1.8861874042742781,
    "OPG_bone": 2.8166488480133993,
    "MineralIon": 4.701709005727455,
    "k_prod_Mineral": 0.16343083734972275
  },
  "biosensor_config": {
    "circuit_type": "threshold",
    "sensitivity": 1.2110471441104915,
    "threshold": 0.0013844556794880736,
    "dynamic_range": [
      0.0,
      6.041603328125096
    ],
    "kd": 0.11022756845583664,
    "response_type": "michaelis_menten",
    "hill_coefficient": 6.529882222949,
    "off_level": 0.4110601461601844,
    "on_level": 16.93320179765884
  },
  "noise_preset": "medium",
  "noise_params": {
    "additive_sigma": 0.03,
    "multiplicative_sigma": 0.06,
    "drift_rate": 0.0003,
    "outlier_probability": 0.003,
    "outlier_magnitude": 4.0,
    "shot_noise_enabled": false,
    "seed": null
  },
  "measurement": {
    "snr_db": 18.230457712892463,
    "n_detections": 361,
    "detection_rate": 1.0,
    "time_to_detection": 189.01914175734308,
    "false_negative_rate": 0.08512099802124058,
    "max_signal": 8.013134478878715,
    "mean_signal": 6.593815026607652,
    "signal_std": 0.5743401988376432,
    "has_noise": true
  },
  "false_negative_rate": 0.08512099802124058,
  "sclerostin_mean": 2.0014028392046463,
  "sclerostin_max": 2.3030232179277332,
  "sclerostin_min": 0.025000000000000005,
  "sclerostin_std": 0.18425206203060768,
  "metadata_file": "metadata/39221ea0-4e81-4e5d-b48d-daa6bbf98aa5.json",
  "timeseries_file": "timeseries/39221ea0-4e81-4e5d-b48d-daa6bbf98aa5.csv"
}