{
  "run_id": "39f67c09-008a-4b15-9c2a-4569c83e7514",
  "timestamp": "2026-01-31T04:10:19.423047",
  "scenario": "pmo",
  "duration": 3600.0,
  "num_points": 361,
  "environment_params": {
    "Estrogen": 0.1325634141979393,
    "PTH": 88.02888202148935,
    "k_prod_Scl": 7.631006101255245e-06,
    "k_prod_RANKL": 3.0663762284434726e-05,
    "k_prod_OPG": 5.045089314180975e-05,
    "Sclerostin_bone": 0.07026988170708362,
    "RANKL_bone": 0.8554542728263498,
    "OPG_bone": 2.431422793051422
  },
  "biosensor_config": {
    "circuit_type": "direct_binding",
    "sensitivity": 1.469330336903762,
    "threshold": 0.022657668021273412,
    "dynamic_range": [
      0.0,
      14.632883526795016
    ],
    "kd": 0.017181557146415585,
    "response_type": "michaelis_menten",
    "receptor_concentration": 5.991794950365284,
    "kon": 415615.2900477194,
    "koff": 7140.9178568789785
  },
  "noise_preset": "high",
  "noise_params": {
    "additive_sigma": 0.1,
    "multiplicative_sigma": 0.2,
    "drift_rate": 0.001,
    "outlier_probability": 0.01,
    "outlier_magnitude": 10.0,
    "shot_noise_enabled": true,
    "seed": null
  },
  "measurement": {
    "snr_db": -3.156135343244435,
    "n_detections": 361,
    "detection_rate": 1.0,
    "time_to_detection": 714.0796828297576,
    "false_negative_rate": 0.11060031246555029,
    "max_signal": 5.829729639727887,
    "mean_signal": 3.281706673331869,
    "signal_std": 1.067300485585184,
    "has_noise": true
  },
  "false_negative_rate": 0.11060031246555029,
  "sclerostin_mean": 1.0124744539255504,
  "sclerostin_max": 1.4534209842859047,
  "sclerostin_min": 0.025000000000000005,
  "sclerostin_std": 0.23111454550015012,
  "metadata_file": "metadata/39f67c09-008a-4b15-9c2a-4569c83e7514.json",
  "timeseries_file": "timeseries/39f67c09-008a-4b15-9c2a-4569c83e7514.csv"
}