{
  "run_id": "3cbea46d-0c99-48b9-987a-b6a16ac4149b",
  "timestamp": "2026-05-17T01:48:53.055613",
  "scenario": "healthy",
  "duration": 3600.0,
  "num_points": 361,
  "environment_params": {
    "Estrogen": 0.895290430916787,
    "PTH": 37.44218414507583,
    "k_prod_Scl": 4.051754429818708e-06,
    "k_deg_Scl": 8.69600855072461e-05,
    "Sclerostin_bone": 0.05699389694125393,
    "k_prod_RANKL": 1.1079938867212944e-05,
    "k_deg_RANKL": 1.8965474081808325e-05,
    "RANKL_bone": 0.4369142905646027,
    "k_prod_OPG": 0.00012129939301689291,
    "k_deg_OPG": 2.1530222833219954e-05,
    "OPG_bone": 5.526869725960929,
    "MineralIon": 2.66543309152069,
    "k_prod_Mineral": 0.07424721112253595,
    "k_loss_Mineral": 0.06764347721270643
  },
  "biosensor_config": {
    "circuit_type": "ratiometric",
    "sensitivity": 30.50058966066609,
    "threshold": 0.0007914267283023952,
    "dynamic_range": [
      0.0,
      13.145126486191716
    ],
    "kd": 2.8207976688291967,
    "response_type": "michaelis_menten",
    "reference_kd": 1.0117062962891725,
    "ratio_exponent": 0.5141636206843825
  },
  "noise_preset": "high",
  "noise_params": {
    "additive_sigma": 0.08,
    "multiplicative_sigma": 0.12,
    "drift_rate": 0.0004,
    "outlier_probability": 0.005,
    "outlier_magnitude": 6.0,
    "shot_noise_enabled": 0,
    "seed": null
  },
  "measurement": {
    "snr_db": 16.876133892901706,
    "n_detections": 361,
    "detection_rate": 1.0,
    "time_to_detection": 2034.9356249730592,
    "false_negative_rate": 0.01874107061705393,
    "max_signal": 18.649453241921872,
    "mean_signal": 13.946950509097453,
    "signal_std": 1.704267334014492,
    "has_noise": 1
  },
  "false_negative_rate": 0.01874107061705393,
  "sclerostin_mean": 0.6051727751808833,
  "sclerostin_max": 0.6563433191629415,
  "sclerostin_min": 0.025000000000000005,
  "sclerostin_std": 0.03968565506434252,
  "metadata_file": "metadata/3cbea46d-0c99-48b9-987a-b6a16ac4149b.json",
  "timeseries_file": "timeseries/3cbea46d-0c99-48b9-987a-b6a16ac4149b.csv"
}