{
  "run_id": "3d18e529-4c1a-4528-ad98-06fb1d36ff7e",
  "timestamp": "2026-01-31T04:09:59.762168",
  "scenario": "pmo",
  "duration": 3600.0,
  "num_points": 361,
  "environment_params": {
    "Estrogen": 0.2241292771462889,
    "PTH": 48.54595886930586,
    "k_prod_Scl": 4.394105544639098e-06,
    "k_prod_RANKL": 2.8234984699513956e-05,
    "k_prod_OPG": 4.541632617159795e-05,
    "Sclerostin_bone": 0.053682299860070934,
    "RANKL_bone": 3.0399351810919972,
    "OPG_bone": 1.2000314442753166
  },
  "biosensor_config": {
    "circuit_type": "amplifying",
    "sensitivity": 4.939865727643618,
    "threshold": 0.00022936612952447404,
    "dynamic_range": [
      0.0,
      3.1313587761222323
    ],
    "kd": 0.7925742092190212,
    "response_type": "linear",
    "receptor_concentration": 2.037683541011479,
    "enzyme_concentration": 13.780027272997675,
    "amplification_gain": 2835.9798708657054,
    "response_time": 183.60225422416565
  },
  "noise_preset": "high",
  "noise_params": {
    "additive_sigma": 0.1,
    "multiplicative_sigma": 0.2,
    "drift_rate": 0.001,
    "outlier_probability": 0.01,
    "outlier_magnitude": 10.0,
    "shot_noise_enabled": true,
    "seed": null
  },
  "measurement": {
    "snr_db": 3.1514646127015955,
    "n_detections": 360,
    "detection_rate": 0.997229916897507,
    "time_to_detection": 1918.6761034701892,
    "false_negative_rate": 0.065568779968932,
    "max_signal": 7.866651470218574,
    "mean_signal": 4.933995961952602,
    "signal_std": 1.2289919200920605,
    "has_noise": true
  },
  "false_negative_rate": 0.065568779968932,
  "sclerostin_mean": 0.6866074933645232,
  "sclerostin_max": 0.8946097628285546,
  "sclerostin_min": 0.025000000000000005,
  "sclerostin_std": 0.11149228864413979,
  "metadata_file": "metadata/3d18e529-4c1a-4528-ad98-06fb1d36ff7e.json",
  "timeseries_file": "timeseries/3d18e529-4c1a-4528-ad98-06fb1d36ff7e.csv"
}