{
  "run_id": "3d373aca-c0e9-4f03-b111-4ae538c14d00",
  "timestamp": "2026-05-17T01:48:39.606225",
  "scenario": "healthy",
  "duration": 3600.0,
  "num_points": 361,
  "environment_params": {
    "Estrogen": 0.9357098628051612,
    "PTH": 33.300409717791176,
    "k_prod_Scl": 4.089286661505834e-06,
    "k_deg_Scl": 7.23155290644564e-05,
    "Sclerostin_bone": 0.03998405002958629,
    "k_prod_RANKL": 9.855771438899406e-06,
    "k_deg_RANKL": 2.8563710471711537e-05,
    "RANKL_bone": 0.991671414967752,
    "k_prod_OPG": 0.00014015970757468485,
    "k_deg_OPG": 2.508892782818724e-05,
    "OPG_bone": 4.927861754328574,
    "MineralIon": 2.3639388419456644,
    "k_prod_Mineral": 0.11622335404574897,
    "k_loss_Mineral": 0.04099672776574541
  },
  "biosensor_config": {
    "circuit_type": "amplifying",
    "sensitivity": 1.0290454357869794,
    "threshold": 6.979904178159678e-05,
    "dynamic_range": [
      0.0,
      19.517447926731762
    ],
    "kd": 0.13070111274481977,
    "response_type": "hill",
    "receptor_concentration": 2.9251482749128255,
    "enzyme_concentration": 28.398506915606198,
    "amplification_gain": 7057.835445100078,
    "response_time": 61.566645064732064
  },
  "noise_preset": "medium",
  "noise_params": {
    "additive_sigma": 0.03,
    "multiplicative_sigma": 0.06,
    "drift_rate": 0.0002,
    "outlier_probability": 0.003,
    "outlier_magnitude": 4.0,
    "shot_noise_enabled": 0,
    "seed": null
  },
  "measurement": {
    "snr_db": 7.658805746455145,
    "n_detections": 360,
    "detection_rate": 0.997229916897507,
    "time_to_detection": 3987.5150510058515,
    "false_negative_rate": 0.01994844774587635,
    "max_signal": 1.8998261603901465,
    "mean_signal": 1.3881213663680563,
    "signal_std": 0.23460963992259273,
    "has_noise": 1
  },
  "false_negative_rate": 0.01994844774587635,
  "sclerostin_mean": 0.440930635556074,
  "sclerostin_max": 0.48948088297662296,
  "sclerostin_min": 0.025000000000000005,
  "sclerostin_std": 0.03269645484683636,
  "metadata_file": "metadata/3d373aca-c0e9-4f03-b111-4ae538c14d00.json",
  "timeseries_file": "timeseries/3d373aca-c0e9-4f03-b111-4ae538c14d00.csv"
}