{
  "run_id": "3e2ddbd8-2a61-493c-987c-60d539f6c9ba",
  "timestamp": "2026-01-31T04:10:00.765390",
  "scenario": "pmo",
  "duration": 3600.0,
  "num_points": 361,
  "environment_params": {
    "Estrogen": 0.18281612465026562,
    "PTH": 37.92978987665657,
    "k_prod_Scl": 5.576023432399034e-06,
    "k_prod_RANKL": 3.409047993565836e-05,
    "k_prod_OPG": 4.735461984253068e-05,
    "Sclerostin_bone": 0.13652385478546566,
    "RANKL_bone": 2.093452077860742,
    "OPG_bone": 1.6234685944864287
  },
  "biosensor_config": {
    "circuit_type": "amplifying",
    "sensitivity": 6.042998702239145,
    "threshold": 0.0018519184774769236,
    "dynamic_range": [
      0.0,
      5.391684733527614
    ],
    "kd": 1.6372171454927198,
    "response_type": "linear",
    "receptor_concentration": 3.701460837554458,
    "enzyme_concentration": 5.024725343078073,
    "amplification_gain": 2313.2434723542706,
    "response_time": 16.05604232446038
  },
  "noise_preset": "medium",
  "noise_params": {
    "additive_sigma": 0.03,
    "multiplicative_sigma": 0.06,
    "drift_rate": 0.0003,
    "outlier_probability": 0.003,
    "outlier_magnitude": 4.0,
    "shot_noise_enabled": false,
    "seed": null
  },
  "measurement": {
    "snr_db": 17.550751415658485,
    "n_detections": 361,
    "detection_rate": 1.0,
    "time_to_detection": 1322.8781775045782,
    "false_negative_rate": 0.04272011787159949,
    "max_signal": 7.556080115765073,
    "mean_signal": 5.930813156922277,
    "signal_std": 0.5468147951975781,
    "has_noise": true
  },
  "false_negative_rate": 0.04272011787159949,
  "sclerostin_mean": 1.5252201264337912,
  "sclerostin_max": 1.7977962077743985,
  "sclerostin_min": 0.025000000000000005,
  "sclerostin_std": 0.15887773052373574,
  "metadata_file": "metadata/3e2ddbd8-2a61-493c-987c-60d539f6c9ba.json",
  "timeseries_file": "timeseries/3e2ddbd8-2a61-493c-987c-60d539f6c9ba.csv"
}