{
  "run_id": "3edc266f-da1a-4f52-b179-4862bc28aef8",
  "timestamp": "2026-01-31T04:10:11.938650",
  "scenario": "ckd_mbd",
  "duration": 3600.0,
  "num_points": 361,
  "environment_params": {
    "Estrogen": 0.9351503307571971,
    "PTH": 198.0767759840036,
    "k_prod_Scl": 1.5485655373229317e-05,
    "k_deg_Scl": 4.052941993884175e-05,
    "k_prod_RANKL": 1.5927260988597374e-05,
    "k_prod_OPG": 7.414541859781983e-05,
    "Sclerostin_bone": 0.16915402314414296,
    "RANKL_bone": 1.4638457643514124,
    "OPG_bone": 3.610441025017505,
    "MineralIon": 1.7212413384067364,
    "k_prod_Mineral": 0.08605097424106886
  },
  "biosensor_config": {
    "circuit_type": "threshold",
    "sensitivity": 0.9604133707455396,
    "threshold": 0.009953429798625112,
    "dynamic_range": [
      0.0,
      16.715756877404896
    ],
    "kd": 0.23574960764314576,
    "response_type": "hill",
    "hill_coefficient": 3.7722046603640695,
    "off_level": 0.7093347323893702,
    "on_level": 5.864044620676972
  },
  "noise_preset": "low",
  "noise_params": {
    "additive_sigma": 0.005,
    "multiplicative_sigma": 0.01,
    "drift_rate": 2e-05,
    "outlier_probability": 0.0002,
    "outlier_magnitude": 2.0,
    "shot_noise_enabled": false,
    "seed": null
  },
  "measurement": {
    "snr_db": 38.059116035409076,
    "n_detections": 361,
    "detection_rate": 1.0,
    "time_to_detection": 160.81762604262792,
    "false_negative_rate": 0.029516088381299536,
    "max_signal": 6.048626707956414,
    "mean_signal": 5.882461138999395,
    "signal_std": 0.2791734091979755,
    "has_noise": true
  },
  "false_negative_rate": 0.029516088381299536,
  "sclerostin_mean": 1.8121190596685435,
  "sclerostin_max": 2.0499419631544047,
  "sclerostin_min": 0.025000000000000005,
  "sclerostin_std": 0.1521278865696134,
  "metadata_file": "metadata/3edc266f-da1a-4f52-b179-4862bc28aef8.json",
  "timeseries_file": "timeseries/3edc266f-da1a-4f52-b179-4862bc28aef8.csv"
}