{
  "run_id": "3f7070cd-fa18-4d6f-8af9-289a822450d3",
  "timestamp": "2026-01-31T04:10:05.660638",
  "scenario": "ckd_mbd",
  "duration": 3600.0,
  "num_points": 361,
  "environment_params": {
    "Estrogen": 1.3243223938012243,
    "PTH": 221.9415782290976,
    "k_prod_Scl": 1.733200032358063e-05,
    "k_deg_Scl": 3.598373240201472e-05,
    "k_prod_RANKL": 2.0529764388250297e-05,
    "k_prod_OPG": 5.277695817723576e-05,
    "Sclerostin_bone": 0.15983277107822416,
    "RANKL_bone": 0.6813022006504047,
    "OPG_bone": 3.7186905703949713,
    "MineralIon": 2.182634605319471,
    "k_prod_Mineral": 0.2143870183376779
  },
  "biosensor_config": {
    "circuit_type": "ratiometric",
    "sensitivity": 1.7707473659365431,
    "threshold": 7.485094771643929e-05,
    "dynamic_range": [
      0.0,
      5.846890510945235
    ],
    "kd": 0.09877756196539325,
    "response_type": "michaelis_menten",
    "reference_kd": 0.11388627949595298,
    "ratio_exponent": 2.5627846501509457
  },
  "noise_preset": "medium",
  "noise_params": {
    "additive_sigma": 0.03,
    "multiplicative_sigma": 0.06,
    "drift_rate": 0.0003,
    "outlier_probability": 0.003,
    "outlier_magnitude": 4.0,
    "shot_noise_enabled": false,
    "seed": null
  },
  "measurement": {
    "snr_db": 8.90976495158003,
    "n_detections": 361,
    "detection_rate": 1.0,
    "time_to_detection": 1017.1324503561509,
    "false_negative_rate": 0.01413276434842749,
    "max_signal": 3.1520673407978013,
    "mean_signal": 2.316668565577394,
    "signal_std": 0.3240357343247914,
    "has_noise": true
  },
  "false_negative_rate": 0.01413276434842749,
  "sclerostin_mean": 1.66122853790214,
  "sclerostin_max": 1.8128591394586735,
  "sclerostin_min": 0.025000000000000005,
  "sclerostin_std": 0.11455283009673091,
  "metadata_file": "metadata/3f7070cd-fa18-4d6f-8af9-289a822450d3.json",
  "timeseries_file": "timeseries/3f7070cd-fa18-4d6f-8af9-289a822450d3.csv"
}