{
  "run_id": "40e89438-a574-41f3-97f9-3b39884241ea",
  "timestamp": "2026-05-17T01:58:33.043104",
  "scenario": "ckd_mbd",
  "duration": 3600.0,
  "num_points": 361,
  "environment_params": {
    "Estrogen": 0.8024512655168679,
    "PTH": 136.0662845911592,
    "k_prod_Scl": 1.1997881280875607e-05,
    "k_deg_Scl": 6.164060722607445e-05,
    "Sclerostin_bone": 0.16645299933044258,
    "k_prod_RANKL": 2.188133906489233e-05,
    "k_deg_RANKL": 2.4535571740342673e-05,
    "RANKL_bone": 0.6982448813080662,
    "k_prod_OPG": 0.00011998020561368345,
    "k_deg_OPG": 2.3447017931967205e-05,
    "OPG_bone": 7.29436538250854,
    "MineralIon": 3.0730598906822433,
    "k_prod_Mineral": 0.13049377568450785,
    "k_loss_Mineral": 0.017314546952683096
  },
  "biosensor_config": {
    "circuit_type": "direct_binding",
    "sensitivity": 38.76330724907387,
    "threshold": 0.002610189314298467,
    "dynamic_range": [
      0.0,
      16.402628799897432
    ],
    "kd": 0.035573047708688195,
    "response_type": "linear",
    "receptor_concentration": 5.735017847561962,
    "kon": 121426.6292527455,
    "koff": 4319.515275513109
  },
  "noise_preset": "high",
  "noise_params": {
    "additive_sigma": 0.08,
    "multiplicative_sigma": 0.12,
    "drift_rate": 0.0004,
    "outlier_probability": 0.005,
    "outlier_magnitude": 6.0,
    "shot_noise_enabled": 0,
    "seed": null
  },
  "measurement": {
    "snr_db": 17.832794717316027,
    "n_detections": 361,
    "detection_rate": 1.0,
    "time_to_detection": 48.868076274825995,
    "false_negative_rate": 0.009067990989602481,
    "max_signal": 23.808552249084414,
    "mean_signal": 16.92983812754885,
    "signal_std": 2.038017794277717,
    "has_noise": 1
  },
  "false_negative_rate": 0.009067990989602481,
  "sclerostin_mean": 1.771938343519143,
  "sclerostin_max": 1.9906599009579287,
  "sclerostin_min": 0.025000000000000005,
  "sclerostin_std": 0.1431373879380414,
  "metadata_file": "metadata/40e89438-a574-41f3-97f9-3b39884241ea.json",
  "timeseries_file": "timeseries/40e89438-a574-41f3-97f9-3b39884241ea.csv"
}