{
  "run_id": "423bd3f8-40b2-4bda-a724-19485a6581ba",
  "timestamp": "2026-01-31T04:10:31.406065",
  "scenario": "pmo",
  "duration": 3600.0,
  "num_points": 361,
  "environment_params": {
    "Estrogen": 0.1365153192184681,
    "PTH": 90.7974317791427,
    "k_prod_Scl": 9.129351540889894e-06,
    "k_prod_RANKL": 3.660099532921198e-05,
    "k_prod_OPG": 6.207349343863452e-05,
    "Sclerostin_bone": 0.10973645683696472,
    "RANKL_bone": 2.043161315527666,
    "OPG_bone": 1.3484014533506525
  },
  "biosensor_config": {
    "circuit_type": "amplifying",
    "sensitivity": 1.6723205390422542,
    "threshold": 0.00023945335074417978,
    "dynamic_range": [
      0.0,
      5.840385310582592
    ],
    "kd": 0.01804500084846858,
    "response_type": "hill",
    "receptor_concentration": 4.548175274000214,
    "enzyme_concentration": 3.748267663357409,
    "amplification_gain": 5281.5253952443545,
    "response_time": 39.655824604962945
  },
  "noise_preset": "medium",
  "noise_params": {
    "additive_sigma": 0.03,
    "multiplicative_sigma": 0.06,
    "drift_rate": 0.0003,
    "outlier_probability": 0.003,
    "outlier_magnitude": 4.0,
    "shot_noise_enabled": false,
    "seed": null
  },
  "measurement": {
    "snr_db": 8.420066383593273,
    "n_detections": 360,
    "detection_rate": 0.997229916897507,
    "time_to_detection": 4439.140127030242,
    "false_negative_rate": 0.10033403242710592,
    "max_signal": 2.9166748982365744,
    "mean_signal": 2.2088781934159263,
    "signal_std": 0.34801516089917284,
    "has_noise": true
  },
  "false_negative_rate": 0.10033403242710592,
  "sclerostin_mean": 1.4525486291153062,
  "sclerostin_max": 1.98080398340627,
  "sclerostin_min": 0.025000000000000005,
  "sclerostin_std": 0.2796881930683961,
  "metadata_file": "metadata/423bd3f8-40b2-4bda-a724-19485a6581ba.json",
  "timeseries_file": "timeseries/423bd3f8-40b2-4bda-a724-19485a6581ba.csv"
}