{
  "run_id": "43a73a50-a672-4e1a-9f17-76ac1b8c9cc6",
  "timestamp": "2026-01-31T04:10:56.543593",
  "scenario": "healthy",
  "duration": 3600.0,
  "num_points": 361,
  "environment_params": {
    "Estrogen": 0.8370341202168001,
    "PTH": 41.87448047342539,
    "k_prod_Scl": 3.332591673238651e-06,
    "k_prod_RANKL": 1.049797801710527e-05,
    "k_prod_OPG": 0.00010573672304594696,
    "Sclerostin_bone": 0.03546898514166054,
    "RANKL_bone": 0.4977362182478628,
    "OPG_bone": 5.3946478339268475
  },
  "biosensor_config": {
    "circuit_type": "ratiometric",
    "sensitivity": 2.2676032766877463,
    "threshold": 3.239651114078029e-05,
    "dynamic_range": [
      0.0,
      19.20865740473962
    ],
    "kd": 0.010763748197298358,
    "response_type": "linear",
    "reference_kd": 0.27366838451543496,
    "ratio_exponent": 0.3244851898331953
  },
  "noise_preset": "high",
  "noise_params": {
    "additive_sigma": 0.1,
    "multiplicative_sigma": 0.2,
    "drift_rate": 0.001,
    "outlier_probability": 0.01,
    "outlier_magnitude": 10.0,
    "shot_noise_enabled": true,
    "seed": null
  },
  "measurement": {
    "snr_db": 10.258053742216708,
    "n_detections": 361,
    "detection_rate": 1.0,
    "time_to_detection": 4390.661108225484,
    "false_negative_rate": 0.005919452219612074,
    "max_signal": 16.94225919051552,
    "mean_signal": 11.001235025280378,
    "signal_std": 2.0873002730167194,
    "has_noise": true
  },
  "false_negative_rate": 0.005919452219612074,
  "sclerostin_mean": 0.3979661841489899,
  "sclerostin_max": 0.446577882251195,
  "sclerostin_min": 0.025000000000000005,
  "sclerostin_std": 0.03132268156537095,
  "metadata_file": "metadata/43a73a50-a672-4e1a-9f17-76ac1b8c9cc6.json",
  "timeseries_file": "timeseries/43a73a50-a672-4e1a-9f17-76ac1b8c9cc6.csv"
}