{
  "run_id": "448af6a6-85f9-48c9-9cd5-e84d78bd0efd",
  "timestamp": "2026-01-31T04:10:00.815179",
  "scenario": "pmo",
  "duration": 3600.0,
  "num_points": 361,
  "environment_params": {
    "Estrogen": 0.11894055343549235,
    "PTH": 72.75213988674932,
    "k_prod_Scl": 5.5317551543217885e-06,
    "k_prod_RANKL": 2.7327027929460683e-05,
    "k_prod_OPG": 4.376171783519918e-05,
    "Sclerostin_bone": 0.053564007085623866,
    "RANKL_bone": 1.3268071062803803,
    "OPG_bone": 1.4657226079949026
  },
  "biosensor_config": {
    "circuit_type": "threshold",
    "sensitivity": 1.5750139639025615,
    "threshold": 0.0014364536552518273,
    "dynamic_range": [
      0.0,
      19.181938911104996
    ],
    "kd": 1.1647937698814406,
    "response_type": "michaelis_menten",
    "hill_coefficient": 6.917827579635534,
    "off_level": 0.3738170356292783,
    "on_level": 9.945937566388288
  },
  "noise_preset": "high",
  "noise_params": {
    "additive_sigma": 0.1,
    "multiplicative_sigma": 0.2,
    "drift_rate": 0.001,
    "outlier_probability": 0.01,
    "outlier_magnitude": 10.0,
    "shot_noise_enabled": true,
    "seed": null
  },
  "measurement": {
    "snr_db": -2.56517322488168,
    "n_detections": 360,
    "detection_rate": 0.997229916897507,
    "time_to_detection": 5580.376209588089,
    "false_negative_rate": 0.168106550558333,
    "max_signal": 8.507969153514278,
    "mean_signal": 3.0597731987240517,
    "signal_std": 2.007560309679492,
    "has_noise": true
  },
  "false_negative_rate": 0.168106550558333,
  "sclerostin_mean": 0.7629185464563992,
  "sclerostin_max": 1.0786531655213436,
  "sclerostin_min": 0.025000000000000005,
  "sclerostin_std": 0.1658050285331664,
  "metadata_file": "metadata/448af6a6-85f9-48c9-9cd5-e84d78bd0efd.json",
  "timeseries_file": "timeseries/448af6a6-85f9-48c9-9cd5-e84d78bd0efd.csv"
}