{
  "run_id": "452a0acc-2511-4833-86b1-5d326165a976",
  "timestamp": "2026-05-17T01:40:38.938674",
  "scenario": "healthy",
  "duration": 3600.0,
  "num_points": 361,
  "environment_params": {
    "Estrogen": 0.7418522237071493,
    "PTH": 46.01512635112428,
    "k_prod_Scl": 6.100958320451367e-06,
    "k_deg_Scl": 5.8878234961268996e-05,
    "Sclerostin_bone": 0.05655778501957083,
    "k_prod_RANKL": 9.89764173252011e-06,
    "k_deg_RANKL": 2.5929733141056258e-05,
    "RANKL_bone": 0.3559944503947836,
    "k_prod_OPG": 0.00011354588447619809,
    "k_deg_OPG": 1.7195578654717818e-05,
    "OPG_bone": 5.381955260276601,
    "MineralIon": 3.12567376424085,
    "k_prod_Mineral": 0.1409624786972631,
    "k_loss_Mineral": 0.06348777536488003
  },
  "biosensor_config": {
    "circuit_type": "amplifying",
    "sensitivity": 79.08651711322076,
    "threshold": 0.0012137887694266857,
    "dynamic_range": [
      0.0,
      19.48581541548398
    ],
    "kd": 0.1410228130418169,
    "response_type": "hill",
    "receptor_concentration": 2.5642409097227534,
    "enzyme_concentration": 16.70729213559596,
    "amplification_gain": 2435.2990772184994,
    "response_time": 172.69028560418568
  },
  "biosensor_type": "amplifying",
  "noise_preset": "low",
  "noise_params": {
    "additive_sigma": 0.005,
    "multiplicative_sigma": 0.01,
    "drift_rate": 2e-05,
    "outlier_probability": 0.0002,
    "outlier_magnitude": 2.0,
    "shot_noise_enabled": false,
    "seed": null
  },
  "measurement": {
    "snr_db": 40.06183276895443,
    "n_detections": 361,
    "detection_rate": 1.0,
    "time_to_detection": 1711.4315154762817,
    "false_negative_rate": 0.0,
    "max_signal": 20.024394147919676,
    "mean_signal": 19.48708437292432,
    "signal_std": 1.0433536145971154,
    "has_noise": true
  },
  "signal_to_noise_ratio_SNR": 40.06183276895443,
  "time_to_detection_threshold": 1711.4315154762817,
  "false_negative_rate": 0.0,
  "dynamic_range_of_output": 0.0,
  "sclerostin_mean": 0.6413366842077781,
  "sclerostin_max": 0.7482096301016513,
  "sclerostin_min": 0.025000000000000005,
  "sclerostin_std": 0.06297024379252594,
  "sclerostin_change": 