{
  "run_id": "46928e58-564a-448c-bc63-716c597d2f9c",
  "timestamp": "2026-01-31T04:09:56.376837",
  "scenario": "ckd_mbd",
  "duration": 3600.0,
  "num_points": 361,
  "environment_params": {
    "Estrogen": 0.7269392940960906,
    "PTH": 373.51651852349465,
    "k_prod_Scl": 1.248551131247507e-05,
    "k_deg_Scl": 3.656451435846467e-05,
    "k_prod_RANKL": 1.7516239455634154e-05,
    "k_prod_OPG": 6.768582779786158e-05,
    "Sclerostin_bone": 0.30829992166647224,
    "RANKL_bone": 0.8499937001402627,
    "OPG_bone": 5.272015458690437,
    "MineralIon": 4.011784348634971,
    "k_prod_Mineral": 0.16913101564369706
  },
  "biosensor_config": {
    "circuit_type": "threshold",
    "sensitivity": 1.471934976975043,
    "threshold": 0.0002101283182713681,
    "dynamic_range": [
      0.0,
      12.390087586101961
    ],
    "kd": 0.3388365349245158,
    "response_type": "hill",
    "hill_coefficient": 1.9616185680015272,
    "off_level": 0.22640894225058678,
    "on_level": 11.22494367367738
  },
  "noise_preset": "high",
  "noise_params": {
    "additive_sigma": 0.1,
    "multiplicative_sigma": 0.2,
    "drift_rate": 0.001,
    "outlier_probability": 0.01,
    "outlier_magnitude": 10.0,
    "shot_noise_enabled": true,
    "seed": null
  },
  "measurement": {
    "snr_db": 10.584927838574691,
    "n_detections": 361,
    "detection_rate": 1.0,
    "time_to_detection": 676.71023633215,
    "false_negative_rate": 0.008438872947517223,
    "max_signal": 21.25701756443455,
    "mean_signal": 13.017508113283405,
    "signal_std": 2.712236032724777,
    "has_noise": true
  },
  "false_negative_rate": 0.008438872947517223,
  "sclerostin_mean": 3.181703234925763,
  "sclerostin_max": 3.473731487436812,
  "sclerostin_min": 0.025000000000000005,
  "sclerostin_std": 0.22083668100423023,
  "metadata_file": "metadata/46928e58-564a-448c-bc63-716c597d2f9c.json",
  "timeseries_file": "timeseries/46928e58-564a-448c-bc63-716c597d2f9c.csv"
}