{
  "run_id": "47c8ffec-13e3-4652-af4f-988828e27f94",
  "timestamp": "2026-01-31T04:10:07.635950",
  "scenario": "ckd_mbd",
  "duration": 3600.0,
  "num_points": 361,
  "environment_params": {
    "Estrogen": 0.516308698536754,
    "PTH": 303.87866121331035,
    "k_prod_Scl": 2.082317057968937e-05,
    "k_deg_Scl": 3.5470553097525995e-05,
    "k_prod_RANKL": 1.3566116767929288e-05,
    "k_prod_OPG": 6.34882228140527e-05,
    "Sclerostin_bone": 0.22139913469878614,
    "RANKL_bone": 1.047415885258372,
    "OPG_bone": 5.050534492216525,
    "MineralIon": 3.386743773044783,
    "k_prod_Mineral": 0.1915777020672123
  },
  "biosensor_config": {
    "circuit_type": "ratiometric",
    "sensitivity": 2.7914511507033173,
    "threshold": 0.0053077932240078755,
    "dynamic_range": [
      0.0,
      15.048796458463917
    ],
    "kd": 3.3475974918002804,
    "response_type": "linear",
    "reference_kd": 0.2549126634141074,
    "ratio_exponent": 1.6519359852128408
  },
  "noise_preset": "high",
  "noise_params": {
    "additive_sigma": 0.1,
    "multiplicative_sigma": 0.2,
    "drift_rate": 0.001,
    "outlier_probability": 0.01,
    "outlier_magnitude": 10.0,
    "shot_noise_enabled": true,
    "seed": null
  },
  "measurement": {
    "snr_db": 12.603249018620307,
    "n_detections": 361,
    "detection_rate": 1.0,
    "time_to_detection": 1128.1178462508062,
    "false_negative_rate": 0.06017354527602712,
    "max_signal": 25.863003806576643,
    "mean_signal": 16.537354291318977,
    "signal_std": 3.1968947514446833,
    "has_noise": true
  },
  "false_negative_rate": 0.06017354527602712,
  "sclerostin_mean": 2.6608488173770124,
  "sclerostin_max": 3.384554955362923,
  "sclerostin_min": 0.025000000000000005,
  "sclerostin_std": 0.39336746613334334,
  "metadata_file": "metadata/47c8ffec-13e3-4652-af4f-988828e27f94.json",
  "timeseries_file": "timeseries/47c8ffec-13e3-4652-af4f-988828e27f94.csv"
}