{
  "run_id": "47f0b3fa-9082-453f-885c-b093ffa0bf51",
  "timestamp": "2026-01-31T04:10:01.363408",
  "scenario": "ckd_mbd",
  "duration": 3600.0,
  "num_points": 361,
  "environment_params": {
    "Estrogen": 0.8467998182339062,
    "PTH": 343.88071534945084,
    "k_prod_Scl": 1.6245762651947276e-05,
    "k_deg_Scl": 4.091866696318556e-05,
    "k_prod_RANKL": 2.4358088164140945e-05,
    "k_prod_OPG": 5.2420349999838095e-05,
    "Sclerostin_bone": 0.1587539212583005,
    "RANKL_bone": 0.72816790898629,
    "OPG_bone": 4.931201356484267,
    "MineralIon": 5.773944705480335,
    "k_prod_Mineral": 0.22586300480496355
  },
  "biosensor_config": {
    "circuit_type": "direct_binding",
    "sensitivity": 5.096179083811145,
    "threshold": 4.221602440460598e-05,
    "dynamic_range": [
      0.0,
      6.8555693598214456
    ],
    "kd": 0.1161794801176665,
    "response_type": "linear",
    "receptor_concentration": 5.165892201853114,
    "kon": 233502.2433396168,
    "koff": 27128.169237505535
  },
  "noise_preset": "high",
  "noise_params": {
    "additive_sigma": 0.1,
    "multiplicative_sigma": 0.2,
    "drift_rate": 0.001,
    "outlier_probability": 0.01,
    "outlier_magnitude": 10.0,
    "shot_noise_enabled": true,
    "seed": null
  },
  "measurement": {
    "snr_db": 8.435905656646526,
    "n_detections": 361,
    "detection_rate": 1.0,
    "time_to_detection": 3714.1965956829167,
    "false_negative_rate": 0.09670142299883579,
    "max_signal": 13.648755873386577,
    "mean_signal": 8.720981037111374,
    "signal_std": 1.8074533749031687,
    "has_noise": true
  },
  "false_negative_rate": 0.09670142299883579,
  "sclerostin_mean": 1.760001628683977,
  "sclerostin_max": 2.0637237728795705,
  "sclerostin_min": 0.025000000000000005,
  "sclerostin_std": 0.1786131967593251,
  "metadata_file": "metadata/47f0b3fa-9082-453f-885c-b093ffa0bf51.json",
  "timeseries_file": "timeseries/47f0b3fa-9082-453f-885c-b093ffa0bf51.csv"
}