{
  "run_id": "483bb3bb-2cd7-4ea3-bb45-8334f2ec3ea4",
  "timestamp": "2026-01-31T04:10:29.937706",
  "scenario": "pmo",
  "duration": 3600.0,
  "num_points": 361,
  "environment_params": {
    "Estrogen": 0.1461065836889102,
    "PTH": 56.41944803322074,
    "k_prod_Scl": 6.291358775620565e-06,
    "k_prod_RANKL": 2.958617324899951e-05,
    "k_prod_OPG": 5.3585735937603565e-05,
    "Sclerostin_bone": 0.09101262357307392,
    "RANKL_bone": 1.4951299369770763,
    "OPG_bone": 3.8227536279852217
  },
  "biosensor_config": {
    "circuit_type": "amplifying",
    "sensitivity": 8.811595532878892,
    "threshold": 0.00022114648668672534,
    "dynamic_range": [
      0.0,
      6.8163172236299285
    ],
    "kd": 0.26835373561576603,
    "response_type": "hill",
    "receptor_concentration": 0.14791129544921744,
    "enzyme_concentration": 26.64296411744989,
    "amplification_gain": 381.7173210242357,
    "response_time": 405.96199961623654
  },
  "noise_preset": "medium",
  "noise_params": {
    "additive_sigma": 0.03,
    "multiplicative_sigma": 0.06,
    "drift_rate": 0.0003,
    "outlier_probability": 0.003,
    "outlier_magnitude": 4.0,
    "shot_noise_enabled": false,
    "seed": null
  },
  "measurement": {
    "snr_db": 19.17614497237484,
    "n_detections": 360,
    "detection_rate": 0.997229916897507,
    "time_to_detection": 3113.9522723083364,
    "false_negative_rate": 0.05403743387211421,
    "max_signal": 9.001011999330363,
    "mean_signal": 7.327042841152315,
    "signal_std": 0.6542037554177612,
    "has_noise": true
  },
  "false_negative_rate": 0.05403743387211421,
  "sclerostin_mean": 1.1357338193565414,
  "sclerostin_max": 1.4720892420919507,
  "sclerostin_min": 0.025000000000000005,
  "sclerostin_std": 0.18092721409056134,
  "metadata_file": "metadata/483bb3bb-2cd7-4ea3-bb45-8334f2ec3ea4.json",
  "timeseries_file": "timeseries/483bb3bb-2cd7-4ea3-bb45-8334f2ec3ea4.csv"
}