{
  "run_id": "4851246a-5fea-40e9-ae3b-2f80ef750dd4",
  "timestamp": "2026-05-17T02:01:37.349375",
  "scenario": "healthy",
  "duration": 3600.0,
  "num_points": 361,
  "environment_params": {
    "Estrogen": 0.9879699525595337,
    "PTH": 38.870754576321104,
    "k_prod_Scl": 2.980870631570458e-06,
    "k_deg_Scl": 6.674604141635269e-05,
    "Sclerostin_bone": 0.06335382918555912,
    "k_prod_RANKL": 9.503600539455997e-06,
    "k_deg_RANKL": 2.0901297995647627e-05,
    "RANKL_bone": 0.638450303659881,
    "k_prod_OPG": 8.223901574918089e-05,
    "k_deg_OPG": 2.406822327536694e-05,
    "OPG_bone": 5.766182829743122,
    "MineralIon": 3.6217096058836464,
    "k_prod_Mineral": 0.1030131805373221,
    "k_loss_Mineral": 0.043946584701138075
  },
  "biosensor_config": {
    "circuit_type": "threshold",
    "sensitivity": 5.363190153908781,
    "threshold": 0.00018828518409817635,
    "dynamic_range": [
      0.0,
      7.951567440328031
    ],
    "kd": 1.1702897181517948,
    "response_type": "hill",
    "hill_coefficient": 7.085696536951826,
    "off_level": 0.5788877187352399,
    "on_level": 8.351605836924431
  },
  "noise_preset": "medium",
  "noise_params": {
    "additive_sigma": 0.03,
    "multiplicative_sigma": 0.06,
    "drift_rate": 0.0002,
    "outlier_probability": 0.003,
    "outlier_magnitude": 4.0,
    "shot_noise_enabled": 0,
    "seed": null
  },
  "measurement": {
    "snr_db": 4.485352294805516,
    "n_detections": 361,
    "detection_rate": 1.0,
    "time_to_detection": 2091.345697153031,
    "false_negative_rate": 0.0061558797941671855,
    "max_signal": 1.5423307947655072,
    "mean_signal": 1.065432330732833,
    "signal_std": 0.23677456044985676,
    "has_noise": 1
  },
  "false_negative_rate": 0.0061558797941671855,
  "sclerostin_mean": 0.6527166291135093,
  "sclerostin_max": 0.6851641303964059,
  "sclerostin_min": 0.025000000000000005,
  "sclerostin_std": 0.03658796933806211,
  "metadata_file": "metadata/4851246a-5fea-40e9-ae3b-2f80ef750dd4.json",
  "timeseries_file": "timeseries/4851246a-5fea-40e9-ae3b-2f80ef750dd4.csv"
}