{
  "run_id": "4884b0db-fbce-4dff-9f2d-8e9526e36f8a",
  "timestamp": "2026-05-17T01:40:38.594965",
  "scenario": "ckd_mbd",
  "duration": 3600.0,
  "num_points": 361,
  "environment_params": {
    "Estrogen": 0.3789431826163967,
    "PTH": 124.35601003895599,
    "k_prod_Scl": 1.2284944449301165e-05,
    "k_deg_Scl": 8.148325562844908e-05,
    "Sclerostin_bone": 0.14251425960473052,
    "k_prod_RANKL": 1.7688515884570882e-05,
    "k_deg_RANKL": 1.502734804069678e-05,
    "RANKL_bone": 0.796777928967856,
    "k_prod_OPG": 0.00010130518601636502,
    "k_deg_OPG": 2.4655323699169144e-05,
    "OPG_bone": 4.358157807950117,
    "MineralIon": 4.652330798437247,
    "k_prod_Mineral": 0.1438626101692323,
    "k_loss_Mineral": 0.022315358501917598
  },
  "biosensor_config": {
    "circuit_type": "direct_binding",
    "sensitivity": 24.006789010820782,
    "threshold": 0.0005936076505267084,
    "dynamic_range": [
      0.0,
      7.001973729685102
    ],
    "kd": 0.14076533806067346,
    "response_type": "linear",
    "receptor_concentration": 6.252552695271289,
    "kon": 60355.23167773995,
    "koff": 8495.924590847331
  },
  "biosensor_type": "direct_binding",
  "noise_preset": "low",
  "noise_params": {
    "additive_sigma": 0.005,
    "multiplicative_sigma": 0.01,
    "drift_rate": 2e-05,
    "outlier_probability": 0.0002,
    "outlier_magnitude": 2.0,
    "shot_noise_enabled": false,
    "seed": null
  },
  "measurement": {
    "snr_db": 38.77122591300892,
    "n_detections": 361,
    "detection_rate": 1.0,
    "time_to_detection": 1784.3937562765511,
    "false_negative_rate": 0.02343168496134513,
    "max_signal": 7.265730022750107,
    "mean_signal": 7.040479299154955,
    "signal_std": 0.07087584633576904,
    "has_noise": true
  },
  "signal_to_noise_ratio_SNR": 38.77122591300892,
  "time_to_detection_threshold": 1784.3937562765511,
  "false_negative_rate": 0.02343168496134513,
  "dynamic_range_of_output": 0.0,
  "sclerostin_mean": 1.7472488882919732,
  "sclerostin_max": 2.2504807006987,
  "sclerostin_min": 0.025000000000000005,
  "sclerostin_std": 0.2715828533628816,
  "sclerostin_change": 