{
  "run_id": "48868e56-ee36-4cf3-a67f-9879917a74b6",
  "timestamp": "2026-05-17T01:48:40.034410",
  "scenario": "healthy",
  "duration": 3600.0,
  "num_points": 361,
  "environment_params": {
    "Estrogen": 0.8428275945144009,
    "PTH": 61.106655631842806,
    "k_prod_Scl": 3.0511351214017703e-06,
    "k_deg_Scl": 6.51572803436021e-05,
    "Sclerostin_bone": 0.07877214268389028,
    "k_prod_RANKL": 7.2721156168848065e-06,
    "k_deg_RANKL": 2.3250007003723335e-05,
    "RANKL_bone": 0.46238206814855726,
    "k_prod_OPG": 9.570652833619482e-05,
    "k_deg_OPG": 1.914728178116999e-05,
    "OPG_bone": 4.77984791984799,
    "MineralIon": 1.4651730439936408,
    "k_prod_Mineral": 0.09916436099669902,
    "k_loss_Mineral": 0.04889441053099825
  },
  "biosensor_config": {
    "circuit_type": "threshold",
    "sensitivity": 15.100759848328464,
    "threshold": 0.025125468824338127,
    "dynamic_range": [
      0.0,
      11.06979059125677
    ],
    "kd": 1.503116961561516,
    "response_type": "hill",
    "hill_coefficient": 6.294844284514914,
    "off_level": 0.8582866119358543,
    "on_level": 17.894308746770328
  },
  "noise_preset": "medium",
  "noise_params": {
    "additive_sigma": 0.03,
    "multiplicative_sigma": 0.06,
    "drift_rate": 0.0002,
    "outlier_probability": 0.003,
    "outlier_magnitude": 4.0,
    "shot_noise_enabled": 0,
    "seed": null
  },
  "measurement": {
    "snr_db": 9.131404419726813,
    "n_detections": 361,
    "detection_rate": 1.0,
    "time_to_detection": 1303.5361850514228,
    "false_negative_rate": 0.01638933653303852,
    "max_signal": 2.21863193861377,
    "mean_signal": 1.5642822131368042,
    "signal_std": 0.27911156903821355,
    "has_noise": 1
  },
  "false_negative_rate": 0.01638933653303852,
  "sclerostin_mean": 0.8092102568769127,
  "sclerostin_max": 0.8543707667849839,
  "sclerostin_min": 0.025000000000000005,
  "sclerostin_std": 0.04677780522123801,
  "metadata_file": "metadata/48868e56-ee36-4cf3-a67f-9879917a74b6.json",
  "timeseries_file": "timeseries/48868e56-ee36-4cf3-a67f-9879917a74b6.csv"
}