{
  "run_id": "48da1019-edcc-47e6-8cf5-1bb00bfbd09a",
  "timestamp": "2026-01-31T04:10:05.201525",
  "scenario": "healthy",
  "duration": 3600.0,
  "num_points": 361,
  "environment_params": {
    "Estrogen": 0.6598478941026555,
    "PTH": 30.020515681962312,
    "k_prod_Scl": 5.144644474729761e-06,
    "k_prod_RANKL": 1.1612038948033975e-05,
    "k_prod_OPG": 0.00011728900849886191,
    "Sclerostin_bone": 0.05090171131003623,
    "RANKL_bone": 0.5224516116170084,
    "OPG_bone": 6.238573320059843
  },
  "biosensor_config": {
    "circuit_type": "amplifying",
    "sensitivity": 0.7357668646975465,
    "threshold": 0.0023832851963725282,
    "dynamic_range": [
      0.0,
      4.753219703384543
    ],
    "kd": 0.12709296948491086,
    "response_type": "hill",
    "receptor_concentration": 2.436090141459514,
    "enzyme_concentration": 24.896144117112186,
    "amplification_gain": 9995.825001968771,
    "response_time": 230.22529843261475
  },
  "noise_preset": "medium",
  "noise_params": {
    "additive_sigma": 0.03,
    "multiplicative_sigma": 0.06,
    "drift_rate": 0.0003,
    "outlier_probability": 0.003,
    "outlier_magnitude": 4.0,
    "shot_noise_enabled": false,
    "seed": null
  },
  "measurement": {
    "snr_db": 1.3465804516823734,
    "n_detections": 360,
    "detection_rate": 0.997229916897507,
    "time_to_detection": 6900.20802722909,
    "false_negative_rate": 0.08861873993051039,
    "max_signal": 1.897306152975141,
    "mean_signal": 1.277308904652364,
    "signal_std": 0.32274009423517547,
    "has_noise": true
  },
  "false_negative_rate": 0.08861873993051039,
  "sclerostin_mean": 0.5834573693561171,
  "sclerostin_max": 0.6848233558141532,
  "sclerostin_min": 0.025000000000000005,
  "sclerostin_std": 0.05908247788523674,
  "metadata_file": "metadata/48da1019-edcc-47e6-8cf5-1bb00bfbd09a.json",
  "timeseries_file": "timeseries/48da1019-edcc-47e6-8cf5-1bb00bfbd09a.csv"
}