{
  "run_id": "490d2d5a-71d3-499c-90e9-16852e270e99",
  "timestamp": "2026-05-17T01:40:40.701747",
  "scenario": "healthy",
  "duration": 3600.0,
  "num_points": 361,
  "environment_params": {
    "Estrogen": 0.8094548381348488,
    "PTH": 28.946528356706683,
    "k_prod_Scl": 2.956508283807684e-06,
    "k_deg_Scl": 4.844213109567082e-05,
    "Sclerostin_bone": 0.08751915331705341,
    "k_prod_RANKL": 9.601705553421521e-06,
    "k_deg_RANKL": 1.586240653263082e-05,
    "RANKL_bone": 0.33819793129397074,
    "k_prod_OPG": 8.192324329274243e-05,
    "k_deg_OPG": 1.8650217175109977e-05,
    "OPG_bone": 4.051703642283372,
    "MineralIon": 1.864541469420157,
    "k_prod_Mineral": 0.10442965494290235,
    "k_loss_Mineral": 0.04224921621466436
  },
  "biosensor_config": {
    "circuit_type": "threshold",
    "sensitivity": 7.54255200179446,
    "threshold": 0.00034725650819574877,
    "dynamic_range": [
      0.0,
      6.559534708728064
    ],
    "kd": 2.4773421314948125,
    "response_type": "linear",
    "hill_coefficient": 3.5117972947658127,
    "off_level": 0.4749221737713996,
    "on_level": 16.95915456292217
  },
  "biosensor_type": "threshold",
  "noise_preset": "medium",
  "noise_params": {
    "additive_sigma": 0.03,
    "multiplicative_sigma": 0.06,
    "drift_rate": 0.0002,
    "outlier_probability": 0.003,
    "outlier_magnitude": 4.0,
    "shot_noise_enabled": false,
    "seed": null
  },
  "measurement": {
    "snr_db": 6.894130739233488,
    "n_detections": 361,
    "detection_rate": 1.0,
    "time_to_detection": 1309.383463328792,
    "false_negative_rate": 0.0034628683476675983,
    "max_signal": 1.8092261962614935,
    "mean_signal": 1.2809914740045187,
    "signal_std": 0.25153468743393087,
    "has_noise": true
  },
  "signal_to_noise_ratio_SNR": 6.894130739233488,
  "time_to_detection_threshold": 1309.383463328792,
  "false_negative_rate": 0.0034628683476675983,
  "dynamic_range_of_output": 0.0,
  "sclerostin_mean": 0.8918824779352769,
  "sclerostin_max": 0.9353619375416768,
  "sclerostin_min": 0.025000000000000005,
  "sclerostin_std": 0.050265648780857944,
  "sclerostin_change": 