{
  "run_id": "4b8aca0e-c215-4589-aaec-142e00608341",
  "timestamp": "2026-05-17T01:58:21.200855",
  "scenario": "pmo",
  "duration": 3600.0,
  "num_points": 361,
  "environment_params": {
    "Estrogen": 0.22371722962237664,
    "PTH": 57.66066176751001,
    "k_prod_Scl": 6.5599040464606234e-06,
    "k_deg_Scl": 7.429537422783312e-05,
    "Sclerostin_bone": 0.09076452058694912,
    "k_prod_RANKL": 2.032402500937209e-05,
    "k_deg_RANKL": 1.6216086188001697e-05,
    "RANKL_bone": 0.9815762066920736,
    "k_prod_OPG": 6.704968320918564e-05,
    "k_deg_OPG": 1.8589228814388617e-05,
    "OPG_bone": 5.278851033563402,
    "MineralIon": 1.858773405407696,
    "k_prod_Mineral": 0.09282199876196848,
    "k_loss_Mineral": 0.06517380012732331
  },
  "biosensor_config": {
    "circuit_type": "direct_binding",
    "sensitivity": 21.17443536748507,
    "threshold": 7.639227835200102e-05,
    "dynamic_range": [
      0.0,
      10.326985701684846
    ],
    "kd": 0.40491942102506456,
    "response_type": "michaelis_menten",
    "receptor_concentration": 9.854932482512105,
    "kon": 188750.33167381745,
    "koff": 76428.67501965107
  },
  "noise_preset": "high",
  "noise_params": {
    "additive_sigma": 0.08,
    "multiplicative_sigma": 0.12,
    "drift_rate": 0.0004,
    "outlier_probability": 0.005,
    "outlier_magnitude": 6.0,
    "shot_noise_enabled": 0,
    "seed": null
  },
  "measurement": {
    "snr_db": 17.35181202267474,
    "n_detections": 361,
    "detection_rate": 1.0,
    "time_to_detection": 3155.2467828263675,
    "false_negative_rate": 0.03930527368108988,
    "max_signal": 14.50518594822518,
    "mean_signal": 10.97778259669978,
    "signal_std": 1.2404700179186565,
    "has_noise": 1
  },
  "false_negative_rate": 0.03930527368108988,
  "sclerostin_mean": 1.117883011560331,
  "sclerostin_max": 1.4332547985026673,
  "sclerostin_min": 0.025000000000000005,
  "sclerostin_std": 0.1704165594128672,
  "metadata_file": "metadata/4b8aca0e-c215-4589-aaec-142e00608341.json",
  "timeseries_file": "timeseries/4b8aca0e-c215-4589-aaec-142e00608341.csv"
}