{
  "run_id": "4c41b5a8-e06e-4956-868d-abfb32723946",
  "timestamp": "2026-05-17T01:40:40.649959",
  "scenario": "ckd_mbd",
  "duration": 3600.0,
  "num_points": 361,
  "environment_params": {
    "Estrogen": 0.6244232034158625,
    "PTH": 228.79475435867323,
    "k_prod_Scl": 1.3477229473528629e-05,
    "k_deg_Scl": 6.0114621641591726e-05,
    "Sclerostin_bone": 0.10389819884365177,
    "k_prod_RANKL": 1.5532700886820634e-05,
    "k_deg_RANKL": 2.1924399525632083e-05,
    "RANKL_bone": 0.9021947782821409,
    "k_prod_OPG": 0.00011121140420354377,
    "k_deg_OPG": 2.0382450612549633e-05,
    "OPG_bone": 6.046354816701596,
    "MineralIon": 3.6303201235160074,
    "k_prod_Mineral": 0.18266640259400987,
    "k_loss_Mineral": 0.018330137627348756
  },
  "biosensor_config": {
    "circuit_type": "ratiometric",
    "sensitivity": 8.105434008475005,
    "threshold": 3.971775071420598e-05,
    "dynamic_range": [
      0.0,
      0.2128129648978974
    ],
    "kd": 2.552679081309754,
    "response_type": "michaelis_menten",
    "reference_kd": 0.04352788476188459,
    "ratio_exponent": 2.483905115562931
  },
  "biosensor_type": "ratiometric",
  "noise_preset": "medium",
  "noise_params": {
    "additive_sigma": 0.03,
    "multiplicative_sigma": 0.06,
    "drift_rate": 0.0002,
    "outlier_probability": 0.003,
    "outlier_magnitude": 4.0,
    "shot_noise_enabled": false,
    "seed": null
  },
  "measurement": {
    "snr_db": -5.805157928113269,
    "n_detections": 361,
    "detection_rate": 1.0,
    "time_to_detection": 7449.390021881898,
    "false_negative_rate": 0.20222104689150408,
    "max_signal": 0.979048611377504,
    "mean_signal": 0.5718182480224658,
    "signal_std": 0.20857891109188054,
    "has_noise": true
  },
  "signal_to_noise_ratio_SNR": -5.805157928113269,
  "time_to_detection_threshold": 7449.390021881898,
  "false_negative_rate": 0.20222104689150408,
  "dynamic_range_of_output": 0.0,
  "sclerostin_mean": 1.2809169951701753,
  "sclerostin_max": 1.648239798768199,
  "sclerostin_min": 0.025000000000000005,
  "sclerostin_std": 0.1982396580045566,
  "sclerostin_change": 