{
  "run_id": "4cfc6657-5268-414a-94ee-a0fde3a298f6",
  "timestamp": "2026-05-17T01:40:40.206059",
  "scenario": "pmo",
  "duration": 3600.0,
  "num_points": 361,
  "environment_params": {
    "Estrogen": 0.33211896599145196,
    "PTH": 54.41122530784668,
    "k_prod_Scl": 4.012067857007187e-06,
    "k_deg_Scl": 6.736787187507453e-05,
    "Sclerostin_bone": 0.05476768608526708,
    "k_prod_RANKL": 1.549492958416038e-05,
    "k_deg_RANKL": 1.449558282234529e-05,
    "RANKL_bone": 1.113057630836466,
    "k_prod_OPG": 8.569455558580487e-05,
    "k_deg_OPG": 1.1945958034056888e-05,
    "OPG_bone": 3.402323559515707,
    "MineralIon": 3.408173022717305,
    "k_prod_Mineral": 0.10103589917100302,
    "k_loss_Mineral": 0.06746004359818394
  },
  "biosensor_config": {
    "circuit_type": "ratiometric",
    "sensitivity": 1.20778154593016,
    "threshold": 0.0002821813609766533,
    "dynamic_range": [
      0.0,
      4.92960796963652
    ],
    "kd": 0.27130871565307285,
    "response_type": "hill",
    "reference_kd": 0.5838664276534944,
    "ratio_exponent": 1.2976523193556813
  },
  "biosensor_type": "ratiometric",
  "noise_preset": "high",
  "noise_params": {
    "additive_sigma": 0.08,
    "multiplicative_sigma": 0.12,
    "drift_rate": 0.0004,
    "outlier_probability": 0.005,
    "outlier_magnitude": 6.0,
    "shot_noise_enabled": false,
    "seed": null
  },
  "measurement": {
    "snr_db": 3.1316264077165457,
    "n_detections": 361,
    "detection_rate": 1.0,
    "time_to_detection": 3536.9068584054567,
    "false_negative_rate": 0.06884523194358674,
    "max_signal": 2.9241052236354603,
    "mean_signal": 1.9178352055993484,
    "signal_std": 0.4528700405735797,
    "has_noise": true
  },
  "signal_to_noise_ratio_SNR": 3.1316264077165457,
  "time_to_detection_threshold": 3536.9068584054567,
  "false_negative_rate": 0.06884523194358674,
  "dynamic_range_of_output": 0.0,
  "sclerostin_mean": 0.6619622950778152,
  "sclerostin_max": 0.8214549397928261,
  "sclerostin_min": 0.025000000000000005,
  "sclerostin_std": 0.08765196566905599,
  "sclerostin_change": 