{
  "run_id": "4d014554-ed87-4901-b98d-4180797eed69",
  "timestamp": "2026-01-31T04:10:57.458156",
  "scenario": "pmo",
  "duration": 3600.0,
  "num_points": 361,
  "environment_params": {
    "Estrogen": 0.21476476567999844,
    "PTH": 61.138490833120514,
    "k_prod_Scl": 6.190912215849039e-06,
    "k_prod_RANKL": 2.7462170596860988e-05,
    "k_prod_OPG": 4.310724412490336e-05,
    "Sclerostin_bone": 0.08265169845909995,
    "RANKL_bone": 1.115892409430996,
    "OPG_bone": 2.172752636956444
  },
  "biosensor_config": {
    "circuit_type": "threshold",
    "sensitivity": 4.707370263235619,
    "threshold": 0.0006229545757279987,
    "dynamic_range": [
      0.0,
      14.456039234034312
    ],
    "kd": 1.0764875764637156,
    "response_type": "linear",
    "hill_coefficient": 4.694033007673513,
    "off_level": 0.1647697672699789,
    "on_level": 3.689921158062029
  },
  "noise_preset": "medium",
  "noise_params": {
    "additive_sigma": 0.03,
    "multiplicative_sigma": 0.06,
    "drift_rate": 0.0003,
    "outlier_probability": 0.003,
    "outlier_magnitude": 4.0,
    "shot_noise_enabled": false,
    "seed": null
  },
  "measurement": {
    "snr_db": 9.298176665730741,
    "n_detections": 361,
    "detection_rate": 1.0,
    "time_to_detection": 4314.6649038190135,
    "false_negative_rate": 0.09607244135292148,
    "max_signal": 4.127103653875599,
    "mean_signal": 2.2797377909412067,
    "signal_std": 0.8981449754868798,
    "has_noise": true
  },
  "false_negative_rate": 0.09607244135292148,
  "sclerostin_mean": 1.034858259742339,
  "sclerostin_max": 1.3419818655829887,
  "sclerostin_min": 0.025000000000000005,
  "sclerostin_std": 0.16514015951660044,
  "metadata_file": "metadata/4d014554-ed87-4901-b98d-4180797eed69.json",
  "timeseries_file": "timeseries/4d014554-ed87-4901-b98d-4180797eed69.csv"
}