{
  "run_id": "4d2d3f21-2401-42f9-a1c8-3b6195ed9e89",
  "timestamp": "2026-01-31T04:10:10.795946",
  "scenario": "healthy",
  "duration": 3600.0,
  "num_points": 361,
  "environment_params": {
    "Estrogen": 1.0082553487861456,
    "PTH": 38.411973707945364,
    "k_prod_Scl": 3.927843112176639e-06,
    "k_prod_RANKL": 1.440055803004503e-05,
    "k_prod_OPG": 0.00012573076273080037,
    "Sclerostin_bone": 0.0721504706618481,
    "RANKL_bone": 0.49600415896362954,
    "OPG_bone": 6.941139256270836
  },
  "biosensor_config": {
    "circuit_type": "direct_binding",
    "sensitivity": 10.266670506044697,
    "threshold": 0.0001137788360804768,
    "dynamic_range": [
      0.0,
      6.164302886838713
    ],
    "kd": 2.7869363430642418,
    "response_type": "hill",
    "receptor_concentration": 7.457201611576156,
    "kon": 8825.756995899957,
    "koff": 24596.822926927074
  },
  "noise_preset": "medium",
  "noise_params": {
    "additive_sigma": 0.03,
    "multiplicative_sigma": 0.06,
    "drift_rate": 0.0003,
    "outlier_probability": 0.003,
    "outlier_magnitude": 4.0,
    "shot_noise_enabled": false,
    "seed": null
  },
  "measurement": {
    "snr_db": 11.810552228178386,
    "n_detections": 360,
    "detection_rate": 0.997229916897507,
    "time_to_detection": 564.7622973401135,
    "false_negative_rate": 0.011678218164968626,
    "max_signal": 4.100416240404714,
    "mean_signal": 3.0130398664308222,
    "signal_std": 0.45238990261914164,
    "has_noise": true
  },
  "false_negative_rate": 0.011678218164968626,
  "sclerostin_mean": 0.7446321099728638,
  "sclerostin_max": 0.7874954768166943,
  "sclerostin_min": 0.025000000000000005,
  "sclerostin_std": 0.04330365131864048,
  "metadata_file": "metadata/4d2d3f21-2401-42f9-a1c8-3b6195ed9e89.json",
  "timeseries_file": "timeseries/4d2d3f21-2401-42f9-a1c8-3b6195ed9e89.csv"
}