{
  "run_id": "4e015980-7ff8-46f5-91a2-6f590c566ae8",
  "timestamp": "2026-05-17T01:48:47.681291",
  "scenario": "pmo",
  "duration": 3600.0,
  "num_points": 361,
  "environment_params": {
    "Estrogen": 0.17128646716014442,
    "PTH": 56.31625978067266,
    "k_prod_Scl": 6.553233272724609e-06,
    "k_deg_Scl": 7.523294220802016e-05,
    "Sclerostin_bone": 0.1328812155147687,
    "k_prod_RANKL": 1.3729208746983542e-05,
    "k_deg_RANKL": 2.07060962020651e-05,
    "RANKL_bone": 0.5857013539391196,
    "k_prod_OPG": 7.22916193490423e-05,
    "k_deg_OPG": 2.0584535849839518e-05,
    "OPG_bone": 3.749122910506593,
    "MineralIon": 1.6788414183836429,
    "k_prod_Mineral": 0.09537135060315233,
    "k_loss_Mineral": 0.06014302701242166
  },
  "biosensor_config": {
    "circuit_type": "direct_binding",
    "sensitivity": 0.6871298917619942,
    "threshold": 0.02056761281352691,
    "dynamic_range": [
      0.0,
      6.811266894196292
    ],
    "kd": 0.8396795864677029,
    "response_type": "michaelis_menten",
    "receptor_concentration": 7.6628466222936495,
    "kon": 477426.29373819486,
    "koff": 400885.11289489554
  },
  "noise_preset": "medium",
  "noise_params": {
    "additive_sigma": 0.03,
    "multiplicative_sigma": 0.06,
    "drift_rate": 0.0002,
    "outlier_probability": 0.003,
    "outlier_magnitude": 4.0,
    "shot_noise_enabled": 0,
    "seed": null
  },
  "measurement": {
    "snr_db": 2.8343405923264786,
    "n_detections": 361,
    "detection_rate": 1.0,
    "time_to_detection": 5676.538655977296,
    "false_negative_rate": 0.08805259556758117,
    "max_signal": 1.4252761047072733,
    "mean_signal": 0.9517088108575299,
    "signal_std": 0.21984506270490806,
    "has_noise": 1
  },
  "false_negative_rate": 0.08805259556758117,
  "sclerostin_mean": 1.5353258438537127,
  "sclerostin_max": 1.8716469037832266,
  "sclerostin_min": 0.025000000000000005,
  "sclerostin_std": 0.18811963789750144,
  "metadata_file": "metadata/4e015980-7ff8-46f5-91a2-6f590c566ae8.json",
  "timeseries_file": "timeseries/4e015980-7ff8-46f5-91a2-6f590c566ae8.csv"
}