{
  "run_id": "4e459513-ae06-44c6-84aa-d334552739e0",
  "timestamp": "2026-05-17T01:48:51.964641",
  "scenario": "ckd_mbd",
  "duration": 3600.0,
  "num_points": 361,
  "environment_params": {
    "Estrogen": 0.6679959815886942,
    "PTH": 203.47556282117642,
    "k_prod_Scl": 1.5741438221056926e-05,
    "k_deg_Scl": 7.005316357753985e-05,
    "Sclerostin_bone": 0.09282821819135582,
    "k_prod_RANKL": 1.2708493271497225e-05,
    "k_deg_RANKL": 1.7866986422173525e-05,
    "RANKL_bone": 0.8256077167438913,
    "k_prod_OPG": 9.469751906009888e-05,
    "k_deg_OPG": 2.1742634661274357e-05,
    "OPG_bone": 4.866043704992863,
    "MineralIon": 4.360536936627967,
    "k_prod_Mineral": 0.1733228087046829,
    "k_loss_Mineral": 0.020620548348049876
  },
  "biosensor_config": {
    "circuit_type": "ratiometric",
    "sensitivity": 2.346603286620654,
    "threshold": 0.00015166504336219016,
    "dynamic_range": [
      0.0,
      7.337844833018413
    ],
    "kd": 0.01918167931501593,
    "response_type": "linear",
    "reference_kd": 1.814062079437561,
    "ratio_exponent": 1.2185670265449708
  },
  "noise_preset": "low",
  "noise_params": {
    "additive_sigma": 0.005,
    "multiplicative_sigma": 0.01,
    "drift_rate": 2e-05,
    "outlier_probability": 0.0002,
    "outlier_magnitude": 2.0,
    "shot_noise_enabled": 0,
    "seed": null
  },
  "measurement": {
    "snr_db": 38.18616207325988,
    "n_detections": 361,
    "detection_rate": 1.0,
    "time_to_detection": 2212.665806170228,
    "false_negative_rate": 0.03969256768332135,
    "max_signal": 7.649517884697248,
    "mean_signal": 7.373597610628995,
    "signal_std": 0.08305035572113645,
    "has_noise": 1
  },
  "false_negative_rate": 0.03969256768332135,
  "sclerostin_mean": 1.190675783890618,
  "sclerostin_max": 1.579808847083818,
  "sclerostin_min": 0.025000000000000005,
  "sclerostin_std": 0.2075247882745703,
  "metadata_file": "metadata/4e459513-ae06-44c6-84aa-d334552739e0.json",
  "timeseries_file": "timeseries/4e459513-ae06-44c6-84aa-d334552739e0.csv"
}