{
  "run_id": "4e9bc617-e392-474a-9868-09158b9f56df",
  "timestamp": "2026-01-31T04:10:09.570733",
  "scenario": "ckd_mbd",
  "duration": 3600.0,
  "num_points": 361,
  "environment_params": {
    "Estrogen": 0.5554141804199567,
    "PTH": 295.05792215787284,
    "k_prod_Scl": 2.102105940955559e-05,
    "k_deg_Scl": 3.65132636811086e-05,
    "k_prod_RANKL": 2.1606857942473408e-05,
    "k_prod_OPG": 7.148363938817022e-05,
    "Sclerostin_bone": 0.10345419165907517,
    "RANKL_bone": 0.8991559415887661,
    "OPG_bone": 5.613120272063034,
    "MineralIon": 4.663373065630255,
    "k_prod_Mineral": 0.1808792567850273
  },
  "biosensor_config": {
    "circuit_type": "amplifying",
    "sensitivity": 3.126390312073704,
    "threshold": 0.021206743184872288,
    "dynamic_range": [
      0.0,
      0.5622780541054204
    ],
    "kd": 0.01398510594129636,
    "response_type": "michaelis_menten",
    "receptor_concentration": 0.968972509330417,
    "enzyme_concentration": 15.751582664545738,
    "amplification_gain": 7315.637943553403,
    "response_time": 134.45237304230244
  },
  "noise_preset": "high",
  "noise_params": {
    "additive_sigma": 0.1,
    "multiplicative_sigma": 0.2,
    "drift_rate": 0.001,
    "outlier_probability": 0.01,
    "outlier_magnitude": 10.0,
    "shot_noise_enabled": true,
    "seed": null
  },
  "measurement": {
    "snr_db": -11.361754620100355,
    "n_detections": 361,
    "detection_rate": 1.0,
    "time_to_detection": 5790.161413832015,
    "false_negative_rate": 0.10604401285365658,
    "max_signal": 4.284594339176661,
    "mean_signal": 2.346002107222563,
    "signal_std": 1.0641931234751165,
    "has_noise": true
  },
  "false_negative_rate": 0.10604401285365658,
  "sclerostin_mean": 1.4975534537763449,
  "sclerostin_max": 2.171968876933576,
  "sclerostin_min": 0.025000000000000005,
  "sclerostin_std": 0.35310712489656,
  "metadata_file": "metadata/4e9bc617-e392-474a-9868-09158b9f56df.json",
  "timeseries_file": "timeseries/4e9bc617-e392-474a-9868-09158b9f56df.csv"
}