{
  "run_id": "4ee206fd-6195-4014-b6cc-51285a8f9e12",
  "timestamp": "2026-05-17T01:40:37.739192",
  "scenario": "ckd_mbd",
  "duration": 3600.0,
  "num_points": 361,
  "environment_params": {
    "Estrogen": 0.46381289988841956,
    "PTH": 188.73865013213072,
    "k_prod_Scl": 1.2625752695276101e-05,
    "k_deg_Scl": 5.132551799585425e-05,
    "Sclerostin_bone": 0.16336352625274278,
    "k_prod_RANKL": 2.4881397143527036e-05,
    "k_deg_RANKL": 1.911943463180907e-05,
    "RANKL_bone": 1.1391247173938035,
    "k_prod_OPG": 9.61110517820088e-05,
    "k_deg_OPG": 1.979478480795177e-05,
    "OPG_bone": 5.839630170786746,
    "MineralIon": 2.953508091548095,
    "k_prod_Mineral": 0.17865265021383567,
    "k_loss_Mineral": 0.01757623775732317
  },
  "biosensor_config": {
    "circuit_type": "amplifying",
    "sensitivity": 6.112898115988819,
    "threshold": 0.0018215411793704051,
    "dynamic_range": [
      0.0,
      15.882152246133705
    ],
    "kd": 1.5886422002501355,
    "response_type": "michaelis_menten",
    "receptor_concentration": 0.9926012301505761,
    "enzyme_concentration": 18.689241456625858,
    "amplification_gain": 3279.9276902816537,
    "response_time": 281.5898590969657
  },
  "biosensor_type": "amplifying",
  "noise_preset": "low",
  "noise_params": {
    "additive_sigma": 0.005,
    "multiplicative_sigma": 0.01,
    "drift_rate": 2e-05,
    "outlier_probability": 0.0002,
    "outlier_magnitude": 2.0,
    "shot_noise_enabled": false,
    "seed": null
  },
  "measurement": {
    "snr_db": 38.20708346188619,
    "n_detections": 361,
    "detection_rate": 1.0,
    "time_to_detection": 192.35010102100787,
    "false_negative_rate": 0.01582742336034113,
    "max_signal": 6.327347649290332,
    "mean_signal": 6.130627749721616,
    "signal_std": 0.32972000300028365,
    "has_noise": true
  },
  "signal_to_noise_ratio_SNR": 38.20708346188619,
  "time_to_detection_threshold": 192.35010102100787,
  "false_negative_rate": 0.01582742336034113,
  "dynamic_range_of_output": 0.0,
  "sclerostin_mean": 1.9195590152788076,
  "sclerostin_max": 2.3844114550971307,
  "sclerostin_min": 0.025000000000000005,
  "sclerostin_std": 0.2562615107854821,
  "sclerostin_change": 