{
  "run_id": "4f51c884-db74-40b8-bb15-cd726987f69b",
  "timestamp": "2026-01-31T04:10:48.106672",
  "scenario": "pmo",
  "duration": 3600.0,
  "num_points": 361,
  "environment_params": {
    "Estrogen": 0.15354052251609498,
    "PTH": 75.52708850044411,
    "k_prod_Scl": 5.603939847126024e-06,
    "k_prod_RANKL": 2.2863234503072693e-05,
    "k_prod_OPG": 5.743249506764755e-05,
    "Sclerostin_bone": 0.12900030836192922,
    "RANKL_bone": 1.4236157793087059,
    "OPG_bone": 1.8747123107340151
  },
  "biosensor_config": {
    "circuit_type": "direct_binding",
    "sensitivity": 4.291937196155133,
    "threshold": 0.015463972746674983,
    "dynamic_range": [
      0.0,
      7.913658689797212
    ],
    "kd": 0.30251371099565394,
    "response_type": "michaelis_menten",
    "receptor_concentration": 8.719041113196141,
    "kon": 265173.0599544761,
    "koff": 80218.4864229016
  },
  "noise_preset": "medium",
  "noise_params": {
    "additive_sigma": 0.03,
    "multiplicative_sigma": 0.06,
    "drift_rate": 0.0003,
    "outlier_probability": 0.003,
    "outlier_magnitude": 4.0,
    "shot_noise_enabled": false,
    "seed": null
  },
  "measurement": {
    "snr_db": 15.728084948449716,
    "n_detections": 361,
    "detection_rate": 1.0,
    "time_to_detection": 3751.839865261423,
    "false_negative_rate": 0.0284358976910925,
    "max_signal": 5.886583241890197,
    "mean_signal": 4.655205628575504,
    "signal_std": 0.4149164062551937,
    "has_noise": true
  },
  "false_negative_rate": 0.0284358976910925,
  "sclerostin_mean": 1.4801191931362239,
  "sclerostin_max": 1.7901981853397726,
  "sclerostin_min": 0.025000000000000005,
  "sclerostin_std": 0.17486089377707525,
  "metadata_file": "metadata/4f51c884-db74-40b8-bb15-cd726987f69b.json",
  "timeseries_file": "timeseries/4f51c884-db74-40b8-bb15-cd726987f69b.csv"
}