{
  "run_id": "4f926793-8d99-4423-b5f4-0531660f6108",
  "timestamp": "2026-01-31T04:10:27.061897",
  "scenario": "ckd_mbd",
  "duration": 3600.0,
  "num_points": 361,
  "environment_params": {
    "Estrogen": 0.8501057118030956,
    "PTH": 202.84611492303023,
    "k_prod_Scl": 1.8890497908203986e-05,
    "k_deg_Scl": 2.781577249494893e-05,
    "k_prod_RANKL": 1.7082620155589445e-05,
    "k_prod_OPG": 7.661533147019868e-05,
    "Sclerostin_bone": 0.18381901105687415,
    "RANKL_bone": 0.9398369650841777,
    "OPG_bone": 3.3729528050000592,
    "MineralIon": 4.566320636605731,
    "k_prod_Mineral": 0.230413931403114
  },
  "biosensor_config": {
    "circuit_type": "threshold",
    "sensitivity": 6.317260006801569,
    "threshold": 0.0017720330025750258,
    "dynamic_range": [
      0.0,
      12.98265922060593
    ],
    "kd": 1.4771897997448342,
    "response_type": "linear",
    "hill_coefficient": 1.7746350230419652,
    "off_level": 0.715816103098157,
    "on_level": 20.56174956196207
  },
  "noise_preset": "low",
  "noise_params": {
    "additive_sigma": 0.005,
    "multiplicative_sigma": 0.01,
    "drift_rate": 2e-05,
    "outlier_probability": 0.0002,
    "outlier_magnitude": 2.0,
    "shot_noise_enabled": false,
    "seed": null
  },
  "measurement": {
    "snr_db": 39.323378122863005,
    "n_detections": 361,
    "detection_rate": 1.0,
    "time_to_detection": 2420.29114301218,
    "false_negative_rate": 0.04666565730304696,
    "max_signal": 13.386299237450059,
    "mean_signal": 12.854087349298817,
    "signal_std": 0.6928758317724242,
    "has_noise": true
  },
  "false_negative_rate": 0.04666565730304696,
  "sclerostin_mean": 2.024759065032773,
  "sclerostin_max": 2.36286003076745,
  "sclerostin_min": 0.025000000000000005,
  "sclerostin_std": 0.20066497052706087,
  "metadata_file": "metadata/4f926793-8d99-4423-b5f4-0531660f6108.json",
  "timeseries_file": "timeseries/4f926793-8d99-4423-b5f4-0531660f6108.csv"
}