{
  "run_id": "4fcab41d-2cd5-4181-bba5-2430dea39512",
  "timestamp": "2026-01-31T04:10:31.677659",
  "scenario": "ckd_mbd",
  "duration": 3600.0,
  "num_points": 361,
  "environment_params": {
    "Estrogen": 0.6587757395363502,
    "PTH": 348.0115165942028,
    "k_prod_Scl": 1.0290488613752175e-05,
    "k_deg_Scl": 4.444900368381588e-05,
    "k_prod_RANKL": 1.527340532372656e-05,
    "k_prod_OPG": 6.850306092748368e-05,
    "Sclerostin_bone": 0.27680396701066917,
    "RANKL_bone": 0.8562140330165939,
    "OPG_bone": 3.8772675588377306,
    "MineralIon": 3.5811980807081785,
    "k_prod_Mineral": 0.1900937432271064
  },
  "biosensor_config": {
    "circuit_type": "threshold",
    "sensitivity": 5.900731974305762,
    "threshold": 0.009371705811145313,
    "dynamic_range": [
      0.0,
      3.3614591496653636
    ],
    "kd": 3.6904322465384825,
    "response_type": "linear",
    "hill_coefficient": 4.3590912994788455,
    "off_level": 0.5099498054267735,
    "on_level": 22.305569778682102
  },
  "noise_preset": "high",
  "noise_params": {
    "additive_sigma": 0.1,
    "multiplicative_sigma": 0.2,
    "drift_rate": 0.001,
    "outlier_probability": 0.01,
    "outlier_magnitude": 10.0,
    "shot_noise_enabled": true,
    "seed": null
  },
  "measurement": {
    "snr_db": 3.6522268583831745,
    "n_detections": 361,
    "detection_rate": 1.0,
    "time_to_detection": 3609.946637251115,
    "false_negative_rate": 0.0067604003775751775,
    "max_signal": 7.968068934082555,
    "mean_signal": 5.145309154141746,
    "signal_std": 1.3057825264155307,
    "has_noise": true
  },
  "false_negative_rate": 0.0067604003775751775,
  "sclerostin_mean": 2.8651810699820723,
  "sclerostin_max": 3.1364026119943227,
  "sclerostin_min": 0.025000000000000005,
  "sclerostin_std": 0.20153596918366,
  "metadata_file": "metadata/4fcab41d-2cd5-4181-bba5-2430dea39512.json",
  "timeseries_file": "timeseries/4fcab41d-2cd5-4181-bba5-2430dea39512.csv"
}