{
  "run_id": "4fdc987f-beba-452f-8bb5-f40b7dcf75f1",
  "timestamp": "2026-01-31T04:10:05.477838",
  "scenario": "healthy",
  "duration": 3600.0,
  "num_points": 361,
  "environment_params": {
    "Estrogen": 0.48156141994400903,
    "PTH": 55.52695190466986,
    "k_prod_Scl": 3.7677743659225013e-06,
    "k_prod_RANKL": 1.2082891092420811e-05,
    "k_prod_OPG": 0.00011424429934672319,
    "Sclerostin_bone": 0.051062339476749416,
    "RANKL_bone": 0.4957437298075892,
    "OPG_bone": 4.351087698877571
  },
  "biosensor_config": {
    "circuit_type": "amplifying",
    "sensitivity": 11.506183557916213,
    "threshold": 6.594206084108702e-05,
    "dynamic_range": [
      0.0,
      16.049278543663473
    ],
    "kd": 3.7473500189917504,
    "response_type": "michaelis_menten",
    "receptor_concentration": 2.7012708627121538,
    "enzyme_concentration": 0.9662750619571138,
    "amplification_gain": 2283.777537849314,
    "response_time": 405.9619739345277
  },
  "noise_preset": "medium",
  "noise_params": {
    "additive_sigma": 0.03,
    "multiplicative_sigma": 0.06,
    "drift_rate": 0.0003,
    "outlier_probability": 0.003,
    "outlier_magnitude": 4.0,
    "shot_noise_enabled": false,
    "seed": null
  },
  "measurement": {
    "snr_db": 21.257088576346778,
    "n_detections": 361,
    "detection_rate": 1.0,
    "time_to_detection": 3512.2014717930047,
    "false_negative_rate": 0.04089819605151784,
    "max_signal": 14.545334638720817,
    "mean_signal": 11.747009964948486,
    "signal_std": 1.1033418786294047,
    "has_noise": true
  },
  "false_negative_rate": 0.04089819605151784,
  "sclerostin_mean": 0.5933646440497429,
  "sclerostin_max": 0.7063986883604574,
  "sclerostin_min": 0.025000000000000005,
  "sclerostin_std": 0.06457987168948867,
  "metadata_file": "metadata/4fdc987f-beba-452f-8bb5-f40b7dcf75f1.json",
  "timeseries_file": "timeseries/4fdc987f-beba-452f-8bb5-f40b7dcf75f1.csv"
}