{
  "run_id": "4fe35986-5dcb-4a03-b04e-702460ae104a",
  "timestamp": "2026-01-31T04:10:44.948702",
  "scenario": "healthy",
  "duration": 3600.0,
  "num_points": 361,
  "environment_params": {
    "Estrogen": 0.8404202003133009,
    "PTH": 88.52561055666395,
    "k_prod_Scl": 5.1447306682476774e-06,
    "k_prod_RANKL": 9.553442559040917e-06,
    "k_prod_OPG": 0.00011445270220083991,
    "Sclerostin_bone": 0.04534489175039086,
    "RANKL_bone": 0.7922332567170978,
    "OPG_bone": 9.453934424019646
  },
  "biosensor_config": {
    "circuit_type": "threshold",
    "sensitivity": 1.5492675902697948,
    "threshold": 0.00015815684904739883,
    "dynamic_range": [
      0.0,
      10.42478635347917
    ],
    "kd": 1.265070634009065,
    "response_type": "linear",
    "hill_coefficient": 1.7993418879459138,
    "off_level": 0.38105236157676875,
    "on_level": 14.861013271230744
  },
  "noise_preset": "medium",
  "noise_params": {
    "additive_sigma": 0.03,
    "multiplicative_sigma": 0.06,
    "drift_rate": 0.0003,
    "outlier_probability": 0.003,
    "outlier_magnitude": 4.0,
    "shot_noise_enabled": false,
    "seed": null
  },
  "measurement": {
    "snr_db": 12.95494507842241,
    "n_detections": 361,
    "detection_rate": 1.0,
    "time_to_detection": 1798.62256672617,
    "false_negative_rate": 0.03621713679861262,
    "max_signal": 4.711409998829863,
    "mean_signal": 3.326494265622699,
    "signal_std": 0.632689563989023,
    "has_noise": true
  },
  "false_negative_rate": 0.03621713679861262,
  "sclerostin_mean": 0.5165584816042275,
  "sclerostin_max": 0.5989933524429266,
  "sclerostin_min": 0.025000000000000005,
  "sclerostin_std": 0.04898416200894003,
  "metadata_file": "metadata/4fe35986-5dcb-4a03-b04e-702460ae104a.json",
  "timeseries_file": "timeseries/4fe35986-5dcb-4a03-b04e-702460ae104a.csv"
}