{
  "run_id": "4ff1e428-a02c-48ea-8976-60bcc638c335",
  "timestamp": "2026-01-31T04:10:56.994490",
  "scenario": "ckd_mbd",
  "duration": 3600.0,
  "num_points": 361,
  "environment_params": {
    "Estrogen": 0.6462728932981191,
    "PTH": 234.3943181192471,
    "k_prod_Scl": 1.170290961342736e-05,
    "k_deg_Scl": 3.2991813978933155e-05,
    "k_prod_RANKL": 1.943907397141071e-05,
    "k_prod_OPG": 7.571911624902978e-05,
    "Sclerostin_bone": 0.12994658766079292,
    "RANKL_bone": 0.9817748526916623,
    "OPG_bone": 5.16157242503966,
    "MineralIon": 2.8321871321625713,
    "k_prod_Mineral": 0.16724204552961383
  },
  "biosensor_config": {
    "circuit_type": "direct_binding",
    "sensitivity": 0.297533739083011,
    "threshold": 0.0010849868795480167,
    "dynamic_range": [
      0.0,
      0.5691543249984008
    ],
    "kd": 0.16083553146811097,
    "response_type": "linear",
    "receptor_concentration": 4.795204990327934,
    "kon": 27889.956674449557,
    "koff": 4485.696004357684
  },
  "noise_preset": "medium",
  "noise_params": {
    "additive_sigma": 0.03,
    "multiplicative_sigma": 0.06,
    "drift_rate": 0.0003,
    "outlier_probability": 0.003,
    "outlier_magnitude": 4.0,
    "shot_noise_enabled": false,
    "seed": null
  },
  "measurement": {
    "snr_db": -0.8668297272271873,
    "n_detections": 361,
    "detection_rate": 1.0,
    "time_to_detection": 3349.0873618340397,
    "false_negative_rate": 0.13296904377275742,
    "max_signal": 1.7296137175941413,
    "mean_signal": 1.109522863344028,
    "signal_std": 0.3208978196424004,
    "has_noise": true
  },
  "false_negative_rate": 0.13296904377275742,
  "sclerostin_mean": 1.4883277621310493,
  "sclerostin_max": 1.7970574732605085,
  "sclerostin_min": 0.025000000000000005,
  "sclerostin_std": 0.17443389327405048,
  "metadata_file": "metadata/4ff1e428-a02c-48ea-8976-60bcc638c335.json",
  "timeseries_file": "timeseries/4ff1e428-a02c-48ea-8976-60bcc638c335.csv"
}