{
  "run_id": "50bc9495-ee65-4332-8d26-9c20d5619002",
  "timestamp": "2026-01-31T04:10:53.281971",
  "scenario": "ckd_mbd",
  "duration": 3600.0,
  "num_points": 361,
  "environment_params": {
    "Estrogen": 0.7765901416865567,
    "PTH": 246.98734856266182,
    "k_prod_Scl": 1.2922484585592748e-05,
    "k_deg_Scl": 4.17620575635503e-05,
    "k_prod_RANKL": 2.792767022139226e-05,
    "k_prod_OPG": 6.733438515225696e-05,
    "Sclerostin_bone": 0.1585158858399527,
    "RANKL_bone": 1.2484856081105655,
    "OPG_bone": 4.2893540525647715,
    "MineralIon": 1.9280506734049,
    "k_prod_Mineral": 0.19078060313656456
  },
  "biosensor_config": {
    "circuit_type": "ratiometric",
    "sensitivity": 2.3800426772332974,
    "threshold": 7.132212189854671e-05,
    "dynamic_range": [
      0.0,
      13.713038185713376
    ],
    "kd": 0.011704040687615878,
    "response_type": "hill",
    "reference_kd": 0.9132086326460345,
    "ratio_exponent": 1.4599090498469254
  },
  "noise_preset": "high",
  "noise_params": {
    "additive_sigma": 0.1,
    "multiplicative_sigma": 0.2,
    "drift_rate": 0.001,
    "outlier_probability": 0.01,
    "outlier_magnitude": 10.0,
    "shot_noise_enabled": true,
    "seed": null
  },
  "measurement": {
    "snr_db": 0.9882785199588309,
    "n_detections": 361,
    "detection_rate": 1.0,
    "time_to_detection": 7176.126207784627,
    "false_negative_rate": 0.11388756177010748,
    "max_signal": 7.401914338731885,
    "mean_signal": 4.162944248913929,
    "signal_std": 1.1545461308747305,
    "has_noise": true
  },
  "false_negative_rate": 0.11388756177010748,
  "sclerostin_mean": 1.7314189001006983,
  "sclerostin_max": 1.998547498276105,
  "sclerostin_min": 0.025000000000000005,
  "sclerostin_std": 0.16192643737170692,
  "metadata_file": "metadata/50bc9495-ee65-4332-8d26-9c20d5619002.json",
  "timeseries_file": "timeseries/50bc9495-ee65-4332-8d26-9c20d5619002.csv"
}