{
  "run_id": "50fccf48-fe68-49fd-92ca-87a312cd2e44",
  "timestamp": "2026-01-31T04:10:21.169991",
  "scenario": "healthy",
  "duration": 3600.0,
  "num_points": 361,
  "environment_params": {
    "Estrogen": 0.5997498367393655,
    "PTH": 40.93927414531854,
    "k_prod_Scl": 5.559001874581633e-06,
    "k_prod_RANKL": 1.1626042380931953e-05,
    "k_prod_OPG": 0.00010410957278319386,
    "Sclerostin_bone": 0.09902225062818254,
    "RANKL_bone": 0.6791313808454348,
    "OPG_bone": 6.2277672005134725
  },
  "biosensor_config": {
    "circuit_type": "ratiometric",
    "sensitivity": 1.2635586653096393,
    "threshold": 0.00376259451269006,
    "dynamic_range": [
      0.0,
      4.7399837065771555
    ],
    "kd": 0.32321960836958186,
    "response_type": "hill",
    "reference_kd": 0.2319621314536855,
    "ratio_exponent": 1.0153699927291913
  },
  "noise_preset": "medium",
  "noise_params": {
    "additive_sigma": 0.03,
    "multiplicative_sigma": 0.06,
    "drift_rate": 0.0003,
    "outlier_probability": 0.003,
    "outlier_magnitude": 4.0,
    "shot_noise_enabled": false,
    "seed": null
  },
  "measurement": {
    "snr_db": 6.084172826775688,
    "n_detections": 361,
    "detection_rate": 1.0,
    "time_to_detection": 2011.6644583770528,
    "false_negative_rate": 0.013748232468596997,
    "max_signal": 2.465169230450645,
    "mean_signal": 1.8035166622352123,
    "signal_std": 0.3190316168820354,
    "has_noise": true
  },
  "false_negative_rate": 0.013748232468596997,
  "sclerostin_mean": 1.0618840694456189,
  "sclerostin_max": 1.1888024184936306,
  "sclerostin_min": 0.025000000000000005,
  "sclerostin_std": 0.08386140890599755,
  "metadata_file": "metadata/50fccf48-fe68-49fd-92ca-87a312cd2e44.json",
  "timeseries_file": "timeseries/50fccf48-fe68-49fd-92ca-87a312cd2e44.csv"
}