{
  "run_id": "513734fe-e7de-4aa7-9240-fc89ad9dc3cf",
  "timestamp": "2026-01-31T04:09:49.507481",
  "scenario": "pmo",
  "duration": 3600.0,
  "num_points": 361,
  "environment_params": {
    "Estrogen": 0.12651255013911927,
    "PTH": 80.81931971717391,
    "k_prod_Scl": 5.9036168739511555e-06,
    "k_prod_RANKL": 2.8732476660018346e-05,
    "k_prod_OPG": 3.991700009306204e-05,
    "Sclerostin_bone": 0.056110190441854065,
    "RANKL_bone": 1.0589176913351426,
    "OPG_bone": 1.5339788504495993
  },
  "biosensor_config": {
    "circuit_type": "amplifying",
    "sensitivity": 0.2899619949298656,
    "threshold": 0.0012027387543305944,
    "dynamic_range": [
      0.0,
      3.2309167680357533
    ],
    "kd": 0.03183005340533885,
    "response_type": "michaelis_menten",
    "receptor_concentration": 2.9313489182546726,
    "enzyme_concentration": 1.668300760132467,
    "amplification_gain": 9798.340814091438,
    "response_time": 288.8965383656707
  },
  "noise_preset": "low",
  "noise_params": {
    "additive_sigma": 0.005,
    "multiplicative_sigma": 0.01,
    "drift_rate": 2e-05,
    "outlier_probability": 0.0002,
    "outlier_magnitude": 2.0,
    "shot_noise_enabled": false,
    "seed": null
  },
  "measurement": {
    "snr_db": 16.742011949574817,
    "n_detections": 361,
    "detection_rate": 1.0,
    "time_to_detection": 2005.747620301479,
    "false_negative_rate": 0.10491064433490331,
    "max_signal": 0.3736580461931266,
    "mean_signal": 0.3253404353138636,
    "signal_std": 0.027359867830889558,
    "has_noise": true
  },
  "false_negative_rate": 0.10491064433490331,
  "sclerostin_mean": 0.8044647317368313,
  "sclerostin_max": 1.1441736679330596,
  "sclerostin_min": 0.025000000000000005,
  "sclerostin_std": 0.17824063269233498,
  "metadata_file": "metadata/513734fe-e7de-4aa7-9240-fc89ad9dc3cf.json",
  "timeseries_file": "timeseries/513734fe-e7de-4aa7-9240-fc89ad9dc3cf.csv"
}