{
  "run_id": "5154fbcc-f301-40e3-9e45-e5e628a249db",
  "timestamp": "2026-05-17T01:58:29.458264",
  "scenario": "ckd_mbd",
  "duration": 3600.0,
  "num_points": 361,
  "environment_params": {
    "Estrogen": 0.5338432587589789,
    "PTH": 157.81190762960338,
    "k_prod_Scl": 1.2957871222837225e-05,
    "k_deg_Scl": 8.160253987716645e-05,
    "Sclerostin_bone": 0.13312624736499842,
    "k_prod_RANKL": 1.5772698145016933e-05,
    "k_deg_RANKL": 2.3175109469962406e-05,
    "RANKL_bone": 0.8934871686493574,
    "k_prod_OPG": 0.00010298073765863736,
    "k_deg_OPG": 2.352135975163739e-05,
    "OPG_bone": 4.986520288052579,
    "MineralIon": 4.886029857825959,
    "k_prod_Mineral": 0.1521846562062065,
    "k_loss_Mineral": 0.02445984244384302
  },
  "biosensor_config": {
    "circuit_type": "direct_binding",
    "sensitivity": 54.55111687932328,
    "threshold": 0.009541206652349718,
    "dynamic_range": [
      0.0,
      18.858183951539964
    ],
    "kd": 0.03739672157391954,
    "response_type": "michaelis_menten",
    "receptor_concentration": 7.662581582617955,
    "kon": 139955.19017435054,
    "koff": 5233.8652797751465
  },
  "noise_preset": "medium",
  "noise_params": {
    "additive_sigma": 0.03,
    "multiplicative_sigma": 0.06,
    "drift_rate": 0.0002,
    "outlier_probability": 0.003,
    "outlier_magnitude": 4.0,
    "shot_noise_enabled": 0,
    "seed": null
  },
  "measurement": {
    "snr_db": 23.71647792796999,
    "n_detections": 361,
    "detection_rate": 1.0,
    "time_to_detection": 2662.779874311951,
    "false_negative_rate": 0.0,
    "max_signal": 23.294808095566967,
    "mean_signal": 19.18376210127405,
    "signal_std": 1.185454872278623,
    "has_noise": 1
  },
  "false_negative_rate": 0.0,
  "sclerostin_mean": 1.5852410616574901,
  "sclerostin_max": 1.9879048540601674,
  "sclerostin_min": 0.025000000000000005,
  "sclerostin_std": 0.22040197181699756,
  "metadata_file": "metadata/5154fbcc-f301-40e3-9e45-e5e628a249db.json",
  "timeseries_file": "timeseries/5154fbcc-f301-40e3-9e45-e5e628a249db.csv"
}