{
  "run_id": "51ae3203-418b-44e1-9e23-ba3e2a7187f6",
  "timestamp": "2026-01-31T04:10:59.808042",
  "scenario": "ckd_mbd",
  "duration": 3600.0,
  "num_points": 361,
  "environment_params": {
    "Estrogen": 0.9206005869752033,
    "PTH": 173.0903832712698,
    "k_prod_Scl": 2.6254962646995042e-05,
    "k_deg_Scl": 3.397447113051796e-05,
    "k_prod_RANKL": 1.2499573389916743e-05,
    "k_prod_OPG": 8.372831620953041e-05,
    "Sclerostin_bone": 0.189020084240905,
    "RANKL_bone": 0.5925613959883756,
    "OPG_bone": 3.6335219364899713,
    "MineralIon": 4.9594445494997075,
    "k_prod_Mineral": 0.19229495888760267
  },
  "biosensor_config": {
    "circuit_type": "direct_binding",
    "sensitivity": 3.9750323390656996,
    "threshold": 0.0032221742980570673,
    "dynamic_range": [
      0.0,
      19.38601763374943
    ],
    "kd": 0.025232187400360036,
    "response_type": "michaelis_menten",
    "receptor_concentration": 5.741018896916601,
    "kon": 68224.14704310207,
    "koff": 1721.4444634212705
  },
  "noise_preset": "low",
  "noise_params": {
    "additive_sigma": 0.005,
    "multiplicative_sigma": 0.01,
    "drift_rate": 2e-05,
    "outlier_probability": 0.0002,
    "outlier_magnitude": 2.0,
    "shot_noise_enabled": false,
    "seed": null
  },
  "measurement": {
    "snr_db": 37.02005822063244,
    "n_detections": 361,
    "detection_rate": 1.0,
    "time_to_detection": 2019.3822430699724,
    "false_negative_rate": 0.0,
    "max_signal": 4.110194692674938,
    "mean_signal": 3.9950245018296195,
    "signal_std": 0.04126267789537715,
    "has_noise": true
  },
  "false_negative_rate": 0.0,
  "sclerostin_mean": 2.1244467708866277,
  "sclerostin_max": 2.5323701816458977,
  "sclerostin_min": 0.025000000000000005,
  "sclerostin_std": 0.23425414007131098,
  "metadata_file": "metadata/51ae3203-418b-44e1-9e23-ba3e2a7187f6.json",
  "timeseries_file": "timeseries/51ae3203-418b-44e1-9e23-ba3e2a7187f6.csv"
}