{
  "run_id": "523b3871-bcc9-4a6d-9762-38cbae0c9ad8",
  "timestamp": "2026-01-31T04:10:20.352287",
  "scenario": "healthy",
  "duration": 3600.0,
  "num_points": 361,
  "environment_params": {
    "Estrogen": 0.7570881105697511,
    "PTH": 45.43955586152782,
    "k_prod_Scl": 4.374687560110082e-06,
    "k_prod_RANKL": 1.353968279921482e-05,
    "k_prod_OPG": 0.00013138333638906087,
    "Sclerostin_bone": 0.060583202012347154,
    "RANKL_bone": 0.6589633438763209,
    "OPG_bone": 6.012497165732089
  },
  "biosensor_config": {
    "circuit_type": "ratiometric",
    "sensitivity": 3.2009050914290103,
    "threshold": 0.0028736793026455792,
    "dynamic_range": [
      0.0,
      11.491418758830923
    ],
    "kd": 3.7790112343164948,
    "response_type": "hill",
    "reference_kd": 1.7616052376585651,
    "ratio_exponent": 1.5488999184777765
  },
  "noise_preset": "low",
  "noise_params": {
    "additive_sigma": 0.005,
    "multiplicative_sigma": 0.01,
    "drift_rate": 2e-05,
    "outlier_probability": 0.0002,
    "outlier_magnitude": 2.0,
    "shot_noise_enabled": false,
    "seed": null
  },
  "measurement": {
    "snr_db": 35.32932866673817,
    "n_detections": 361,
    "detection_rate": 1.0,
    "time_to_detection": 3549.530943625402,
    "false_negative_rate": 0.008471403078580391,
    "max_signal": 3.344950226550732,
    "mean_signal": 3.2386204957464297,
    "signal_std": 0.03972467747367648,
    "has_noise": true
  },
  "false_negative_rate": 0.008471403078580391,
  "sclerostin_mean": 0.657491921733863,
  "sclerostin_max": 0.73287287087849,
  "sclerostin_min": 0.025000000000000005,
  "sclerostin_std": 0.0503785962483786,
  "metadata_file": "metadata/523b3871-bcc9-4a6d-9762-38cbae0c9ad8.json",
  "timeseries_file": "timeseries/523b3871-bcc9-4a6d-9762-38cbae0c9ad8.csv"
}