{
  "run_id": "5316f6ba-28a5-41fc-995f-20374db9b607",
  "timestamp": "2026-05-17T01:54:25.979237",
  "scenario": "healthy",
  "duration": 3600.0,
  "num_points": 361,
  "environment_params": {
    "Estrogen": 0.8813005682825293,
    "PTH": 39.08548782293585,
    "k_prod_Scl": 4.531162676444561e-06,
    "k_deg_Scl": 6.739501539852649e-05,
    "Sclerostin_bone": 0.06973342833162861,
    "k_prod_RANKL": 1.0297054224532679e-05,
    "k_deg_RANKL": 2.307344924722071e-05,
    "RANKL_bone": 0.45415377715673116,
    "k_prod_OPG": 0.00010473694053848924,
    "k_deg_OPG": 1.906399107870658e-05,
    "OPG_bone": 3.8213756383081723,
    "MineralIon": 2.752339299974809,
    "k_prod_Mineral": 0.07391629835935778,
    "k_loss_Mineral": 0.043560978023951154
  },
  "biosensor_config": {
    "circuit_type": "amplifying",
    "sensitivity": 1.1815980493554006,
    "threshold": 0.0030937953318018628,
    "dynamic_range": [
      0.0,
      16.75996666781571
    ],
    "kd": 0.017054595429910353,
    "response_type": "michaelis_menten",
    "receptor_concentration": 1.0306163020428682,
    "enzyme_concentration": 18.41996434495537,
    "amplification_gain": 6374.2655515762035,
    "response_time": 432.56789416708415
  },
  "noise_preset": "medium",
  "noise_params": {
    "additive_sigma": 0.03,
    "multiplicative_sigma": 0.06,
    "drift_rate": 0.0002,
    "outlier_probability": 0.003,
    "outlier_magnitude": 4.0,
    "shot_noise_enabled": 0,
    "seed": null
  },
  "measurement": {
    "snr_db": 8.98933927414927,
    "n_detections": 360,
    "detection_rate": 0.997229916897507,
    "time_to_detection": 4116.427294130473,
    "false_negative_rate": 0.013556517927959411,
    "max_signal": 2.003881896483711,
    "mean_signal": 1.5348835985967935,
    "signal_std": 0.23398623048302186,
    "has_noise": 1
  },
  "false_negative_rate": 0.013556517927959411,
  "sclerostin_mean": 0.7333107539818478,
  "sclerostin_max": 0.79309036628188,
  "sclerostin_min": 0.025000000000000005,
  "sclerostin_std": 0.047610115756217916,
  "metadata_file": "metadata/5316f6ba-28a5-41fc-995f-20374db9b607.json",
  "timeseries_file": "timeseries/5316f6ba-28a5-41fc-995f-20374db9b607.csv"
}