{
  "run_id": "532b0d66-5d81-483b-994f-0c85838f01db",
  "timestamp": "2026-05-17T01:54:26.160480",
  "scenario": "pmo",
  "duration": 3600.0,
  "num_points": 361,
  "environment_params": {
    "Estrogen": 0.2378065089642468,
    "PTH": 43.33148896735389,
    "k_prod_Scl": 7.964102703516007e-06,
    "k_deg_Scl": 7.356167770772723e-05,
    "Sclerostin_bone": 0.06415354731098726,
    "k_prod_RANKL": 1.7656583958394984e-05,
    "k_deg_RANKL": 2.0449927742490382e-05,
    "RANKL_bone": 0.780792130882853,
    "k_prod_OPG": 0.00010947584842775565,
    "k_deg_OPG": 2.3230887054091882e-05,
    "OPG_bone": 5.216943726328887,
    "MineralIon": 2.9981412349524446,
    "k_prod_Mineral": 0.09693169284609168,
    "k_loss_Mineral": 0.051504745909612536
  },
  "biosensor_config": {
    "circuit_type": "threshold",
    "sensitivity": 11.227128645977619,
    "threshold": 8.173247405431307e-05,
    "dynamic_range": [
      0.0,
      3.7700516587865445
    ],
    "kd": 0.011538675865298739,
    "response_type": "michaelis_menten",
    "hill_coefficient": 5.660995180683558,
    "off_level": 0.15256328049098303,
    "on_level": 26.65479199707013
  },
  "noise_preset": "medium",
  "noise_params": {
    "additive_sigma": 0.03,
    "multiplicative_sigma": 0.06,
    "drift_rate": 0.0002,
    "outlier_probability": 0.003,
    "outlier_magnitude": 4.0,
    "shot_noise_enabled": 0,
    "seed": null
  },
  "measurement": {
    "snr_db": 18.30023768753374,
    "n_detections": 361,
    "detection_rate": 1.0,
    "time_to_detection": 2594.327189467622,
    "false_negative_rate": 0.09067987480903615,
    "max_signal": 4.886066241352379,
    "mean_signal": 4.111641449145903,
    "signal_std": 0.30583470538227375,
    "has_noise": 1
  },
  "false_negative_rate": 0.09067987480903615,
  "sclerostin_mean": 0.8974027934138986,
  "sclerostin_max": 1.2597486259795259,
  "sclerostin_min": 0.025000000000000005,
  "sclerostin_std": 0.1905673301947705,
  "metadata_file": "metadata/532b0d66-5d81-483b-994f-0c85838f01db.json",
  "timeseries_file": "timeseries/532b0d66-5d81-483b-994f-0c85838f01db.csv"
}