{
  "run_id": "5431b5ee-fbcd-44d1-a553-34b0c36a10a9",
  "timestamp": "2026-05-17T01:48:46.380529",
  "scenario": "healthy",
  "duration": 3600.0,
  "num_points": 361,
  "environment_params": {
    "Estrogen": 0.9093860314265612,
    "PTH": 43.839365295628596,
    "k_prod_Scl": 3.4369497261164774e-06,
    "k_deg_Scl": 7.466538354419466e-05,
    "Sclerostin_bone": 0.057981458407790426,
    "k_prod_RANKL": 9.749772946920598e-06,
    "k_deg_RANKL": 1.92552040963364e-05,
    "RANKL_bone": 0.8023548111239658,
    "k_prod_OPG": 0.00010249726658957537,
    "k_deg_OPG": 1.751331189807392e-05,
    "OPG_bone": 3.807252697937746,
    "MineralIon": 1.6187050939097982,
    "k_prod_Mineral": 0.07481387508489157,
    "k_loss_Mineral": 0.05130845589017449
  },
  "biosensor_config": {
    "circuit_type": "direct_binding",
    "sensitivity": 4.726364295931949,
    "threshold": 0.013700165274475696,
    "dynamic_range": [
      0.0,
      7.135016172381922
    ],
    "kd": 0.050876830148591574,
    "response_type": "linear",
    "receptor_concentration": 0.5795832478880453,
    "kon": 96321.82713433311,
    "koff": 4900.5492387154645
  },
  "noise_preset": "medium",
  "noise_params": {
    "additive_sigma": 0.03,
    "multiplicative_sigma": 0.06,
    "drift_rate": 0.0002,
    "outlier_probability": 0.003,
    "outlier_magnitude": 4.0,
    "shot_noise_enabled": 0,
    "seed": null
  },
  "measurement": {
    "snr_db": 15.274790611382079,
    "n_detections": 361,
    "detection_rate": 1.0,
    "time_to_detection": 3369.022000961776,
    "false_negative_rate": 0.008095394871117887,
    "max_signal": 3.6093326061885245,
    "mean_signal": 2.8786104633967566,
    "signal_std": 0.2773163185672313,
    "has_noise": 1
  },
  "false_negative_rate": 0.008095394871117887,
  "sclerostin_mean": 0.6091072695101822,
  "sclerostin_max": 0.652434691840724,
  "sclerostin_min": 0.025000000000000005,
  "sclerostin_std": 0.037423767209512966,
  "metadata_file": "metadata/5431b5ee-fbcd-44d1-a553-34b0c36a10a9.json",
  "timeseries_file": "timeseries/5431b5ee-fbcd-44d1-a553-34b0c36a10a9.csv"
}