{
  "run_id": "548eabe9-c614-4d1b-8115-c984d8fca302",
  "timestamp": "2026-05-17T01:40:42.865967",
  "scenario": "healthy",
  "duration": 3600.0,
  "num_points": 361,
  "environment_params": {
    "Estrogen": 1.047545741116446,
    "PTH": 67.4396824875141,
    "k_prod_Scl": 4.6366538237084845e-06,
    "k_deg_Scl": 6.741404041172986e-05,
    "Sclerostin_bone": 0.0384825423627925,
    "k_prod_RANKL": 8.90674818728363e-06,
    "k_deg_RANKL": 2.1256124302131808e-05,
    "RANKL_bone": 0.5081803708053237,
    "k_prod_OPG": 0.00014297340790416632,
    "k_deg_OPG": 1.6129300107163774e-05,
    "OPG_bone": 3.589768270916591,
    "MineralIon": 2.4858945984328003,
    "k_prod_Mineral": 0.09042966088431616,
    "k_loss_Mineral": 0.03904514092585365
  },
  "biosensor_config": {
    "circuit_type": "threshold",
    "sensitivity": 1.3774980416106213,
    "threshold": 0.0004377150265252866,
    "dynamic_range": [
      0.0,
      6.618015959661109
    ],
    "kd": 1.2345244745998838,
    "response_type": "hill",
    "hill_coefficient": 3.0800942447043753,
    "off_level": 0.01178089882774572,
    "on_level": 20.206906471186148
  },
  "biosensor_type": "threshold",
  "noise_preset": "low",
  "noise_params": {
    "additive_sigma": 0.005,
    "multiplicative_sigma": 0.01,
    "drift_rate": 2e-05,
    "outlier_probability": 0.0002,
    "outlier_magnitude": 2.0,
    "shot_noise_enabled": false,
    "seed": null
  },
  "measurement": {
    "snr_db": 25.22618916714581,
    "n_detections": 361,
    "detection_rate": 1.0,
    "time_to_detection": 3303.003051023135,
    "false_negative_rate": 0.009757961644181086,
    "max_signal": 1.1400763029509826,
    "mean_signal": 0.8026997436726253,
    "signal_std": 0.15994534402561034,
    "has_noise": true
  },
  "signal_to_noise_ratio_SNR": 25.22618916714581,
  "time_to_detection_threshold": 3303.003051023135,
  "false_negative_rate": 0.009757961644181086,
  "dynamic_range_of_output": 0.0,
  "sclerostin_mean": 0.42791719289669633,
  "sclerostin_max": 0.4782719855527273,
  "sclerostin_min": 0.025000000000000005,
  "sclerostin_std": 0.032966633304221775,
  "sclerostin_change": 