{
  "run_id": "5548e491-a256-4aad-8157-d6c6674f017d",
  "timestamp": "2026-05-17T01:40:43.467747",
  "scenario": "ckd_mbd",
  "duration": 3600.0,
  "num_points": 361,
  "environment_params": {
    "Estrogen": 0.664632222141609,
    "PTH": 220.37596964697067,
    "k_prod_Scl": 1.3051385485260773e-05,
    "k_deg_Scl": 7.451442423996942e-05,
    "Sclerostin_bone": 0.14269653632170895,
    "k_prod_RANKL": 1.5038889967025956e-05,
    "k_deg_RANKL": 2.5234159520426832e-05,
    "RANKL_bone": 0.6249161740969511,
    "k_prod_OPG": 0.00011133840633657554,
    "k_deg_OPG": 1.4541576287616696e-05,
    "OPG_bone": 5.986432263419816,
    "MineralIon": 4.391934673236385,
    "k_prod_Mineral": 0.18366564282585363,
    "k_loss_Mineral": 0.017004449068155153
  },
  "biosensor_config": {
    "circuit_type": "ratiometric",
    "sensitivity": 2.2059681992457922,
    "threshold": 0.0012411805647467825,
    "dynamic_range": [
      0.0,
      17.810758804667703
    ],
    "kd": 0.11505983243533341,
    "response_type": "hill",
    "reference_kd": 0.32622940985752147,
    "ratio_exponent": 0.5631477038856596
  },
  "biosensor_type": "ratiometric",
  "noise_preset": "medium",
  "noise_params": {
    "additive_sigma": 0.03,
    "multiplicative_sigma": 0.06,
    "drift_rate": 0.0002,
    "outlier_probability": 0.003,
    "outlier_magnitude": 4.0,
    "shot_noise_enabled": false,
    "seed": null
  },
  "measurement": {
    "snr_db": 14.296356691316339,
    "n_detections": 361,
    "detection_rate": 1.0,
    "time_to_detection": 459.63158564481813,
    "false_negative_rate": 0.033030409662348825,
    "max_signal": 3.2232186202342454,
    "mean_signal": 2.5549166373362238,
    "signal_std": 0.2431740707630551,
    "has_noise": true
  },
  "signal_to_noise_ratio_SNR": 14.296356691316339,
  "time_to_detection_threshold": 459.63158564481813,
  "false_negative_rate": 0.033030409662348825,
  "dynamic_range_of_output": 0.0,
  "sclerostin_mean": 1.6212912394115913,
  "sclerostin_max": 1.9467229915223505,
  "sclerostin_min": 0.025000000000000005,
  "sclerostin_std": 0.1849432891595683,
  "sclerostin_change": 