{
  "run_id": "57145822-7b2e-4272-9d13-43cf2cc76def",
  "timestamp": "2026-05-17T01:58:29.894727",
  "scenario": "pmo",
  "duration": 3600.0,
  "num_points": 361,
  "environment_params": {
    "Estrogen": 0.3344841520233767,
    "PTH": 54.894716451233016,
    "k_prod_Scl": 5.591942653626906e-06,
    "k_deg_Scl": 7.027570015804503e-05,
    "Sclerostin_bone": 0.056805573150941216,
    "k_prod_RANKL": 2.1735090955562548e-05,
    "k_deg_RANKL": 1.817862536606204e-05,
    "RANKL_bone": 0.7137746504008629,
    "k_prod_OPG": 4.6328356852556484e-05,
    "k_deg_OPG": 1.747030880525976e-05,
    "OPG_bone": 3.9103964274886716,
    "MineralIon": 2.3545736011718303,
    "k_prod_Mineral": 0.08549416994292669,
    "k_loss_Mineral": 0.06488390109918749
  },
  "biosensor_config": {
    "circuit_type": "threshold",
    "sensitivity": 1.9656796996364658,
    "threshold": 0.0001473401424327128,
    "dynamic_range": [
      0.0,
      5.92766913873884
    ],
    "kd": 0.65293388377303,
    "response_type": "hill",
    "hill_coefficient": 6.911040852998639,
    "off_level": 0.09141716920855958,
    "on_level": 9.11814908860081
  },
  "noise_preset": "low",
  "noise_params": {
    "additive_sigma": 0.005,
    "multiplicative_sigma": 0.01,
    "drift_rate": 2e-05,
    "outlier_probability": 0.0002,
    "outlier_magnitude": 2.0,
    "shot_noise_enabled": 0,
    "seed": null
  },
  "measurement": {
    "snr_db": 38.01915020117903,
    "n_detections": 361,
    "detection_rate": 1.0,
    "time_to_detection": 2403.2623696186033,
    "false_negative_rate": 0.001788229852443455,
    "max_signal": 6.122894648579919,
    "mean_signal": 5.010741786112245,
    "signal_std": 1.21410922060885,
    "has_noise": 1
  },
  "false_negative_rate": 0.001788229852443455,
  "sclerostin_mean": 0.7262003865104367,
  "sclerostin_max": 0.9480120249074214,
  "sclerostin_min": 0.025000000000000005,
  "sclerostin_std": 0.11881341191759602,
  "metadata_file": "metadata/57145822-7b2e-4272-9d13-43cf2cc76def.json",
  "timeseries_file": "timeseries/57145822-7b2e-4272-9d13-43cf2cc76def.csv"
}