{
  "run_id": "57669a34-74f9-41ad-bc7f-5e010bb19312",
  "timestamp": "2026-01-31T04:09:56.793731",
  "scenario": "healthy",
  "duration": 3600.0,
  "num_points": 361,
  "environment_params": {
    "Estrogen": 1.1509770985692815,
    "PTH": 40.534918752373066,
    "k_prod_Scl": 5.300627310182242e-06,
    "k_prod_RANKL": 1.5086414141977237e-05,
    "k_prod_OPG": 0.00010204875106392496,
    "Sclerostin_bone": 0.06412998853495652,
    "RANKL_bone": 0.3834779768081306,
    "OPG_bone": 6.118444510699801
  },
  "biosensor_config": {
    "circuit_type": "ratiometric",
    "sensitivity": 12.476069817876105,
    "threshold": 0.00046846886344384907,
    "dynamic_range": [
      0.0,
      8.342898611986582
    ],
    "kd": 0.18666213314668095,
    "response_type": "hill",
    "reference_kd": 1.4251738095325557,
    "ratio_exponent": 0.36555664587202785
  },
  "noise_preset": "low",
  "noise_params": {
    "additive_sigma": 0.005,
    "multiplicative_sigma": 0.01,
    "drift_rate": 2e-05,
    "outlier_probability": 0.0002,
    "outlier_magnitude": 2.0,
    "shot_noise_enabled": false,
    "seed": null
  },
  "measurement": {
    "snr_db": 38.9305183116412,
    "n_detections": 361,
    "detection_rate": 1.0,
    "time_to_detection": 1101.5403133785137,
    "false_negative_rate": 0.01033993809008057,
    "max_signal": 8.58620010794155,
    "mean_signal": 8.381334306216278,
    "signal_std": 0.08617792559241942,
    "has_noise": true
  },
  "false_negative_rate": 0.01033993809008057,
  "sclerostin_mean": 0.6711308380461288,
  "sclerostin_max": 0.7182949248966861,
  "sclerostin_min": 0.025000000000000005,
  "sclerostin_std": 0.04122918715374663,
  "metadata_file": "metadata/57669a34-74f9-41ad-bc7f-5e010bb19312.json",
  "timeseries_file": "timeseries/57669a34-74f9-41ad-bc7f-5e010bb19312.csv"
}