{
  "run_id": "57d0583e-afda-4110-8b6e-f3a1cff1366c",
  "timestamp": "2026-05-17T02:01:38.418973",
  "scenario": "ckd_mbd",
  "duration": 3600.0,
  "num_points": 361,
  "environment_params": {
    "Estrogen": 0.44939935815876725,
    "PTH": 142.8146482527561,
    "k_prod_Scl": 1.0452284187545894e-05,
    "k_deg_Scl": 5.514125063537086e-05,
    "Sclerostin_bone": 0.17320530508086318,
    "k_prod_RANKL": 1.3832860750364956e-05,
    "k_deg_RANKL": 2.2672849970294535e-05,
    "RANKL_bone": 0.8345548071095338,
    "k_prod_OPG": 6.154767641439784e-05,
    "k_deg_OPG": 1.856598772439619e-05,
    "OPG_bone": 5.161040185110613,
    "MineralIon": 4.846877954223179,
    "k_prod_Mineral": 0.11633825353509256,
    "k_loss_Mineral": 0.02241326630035424
  },
  "biosensor_config": {
    "circuit_type": "ratiometric",
    "sensitivity": 5.964237914181748,
    "threshold": 0.002019852797920229,
    "dynamic_range": [
      0.0,
      15.507119560001199
    ],
    "kd": 0.7026438009769995,
    "response_type": "michaelis_menten",
    "reference_kd": 7.194612229660089,
    "ratio_exponent": 0.783587452011495
  },
  "noise_preset": "medium",
  "noise_params": {
    "additive_sigma": 0.03,
    "multiplicative_sigma": 0.06,
    "drift_rate": 0.0002,
    "outlier_probability": 0.003,
    "outlier_magnitude": 4.0,
    "shot_noise_enabled": 0,
    "seed": null
  },
  "measurement": {
    "snr_db": 20.707347116147417,
    "n_detections": 361,
    "detection_rate": 1.0,
    "time_to_detection": 2075.858849371389,
    "false_negative_rate": 0.010361088658034838,
    "max_signal": 7.429389452569404,
    "mean_signal": 6.255598122796641,
    "signal_std": 0.4150574909396593,
    "has_noise": 1
  },
  "false_negative_rate": 0.010361088658034838,
  "sclerostin_mean": 1.9539453855629558,
  "sclerostin_max": 2.335867950558619,
  "sclerostin_min": 0.025000000000000005,
  "sclerostin_std": 0.21838652863683258,
  "metadata_file": "metadata/57d0583e-afda-4110-8b6e-f3a1cff1366c.json",
  "timeseries_file": "timeseries/57d0583e-afda-4110-8b6e-f3a1cff1366c.csv"
}