{
  "run_id": "57e693d5-d3e3-455c-b11c-3c83476c1a3f",
  "timestamp": "2026-01-31T04:10:27.791618",
  "scenario": "healthy",
  "duration": 3600.0,
  "num_points": 361,
  "environment_params": {
    "Estrogen": 1.2773261477048239,
    "PTH": 39.21761173136055,
    "k_prod_Scl": 6.057954088413487e-06,
    "k_prod_RANKL": 1.2261370656829797e-05,
    "k_prod_OPG": 0.0001042124179341416,
    "Sclerostin_bone": 0.06870028749829116,
    "RANKL_bone": 0.5388566461615656,
    "OPG_bone": 4.3145667859069
  },
  "biosensor_config": {
    "circuit_type": "ratiometric",
    "sensitivity": 0.26314135346089523,
    "threshold": 0.0001337774839348063,
    "dynamic_range": [
      0.0,
      0.4283655137915052
    ],
    "kd": 1.7786529575973606,
    "response_type": "linear",
    "reference_kd": 5.10310962115363,
    "ratio_exponent": 2.4456267422986784
  },
  "noise_preset": "low",
  "noise_params": {
    "additive_sigma": 0.005,
    "multiplicative_sigma": 0.01,
    "drift_rate": 2e-05,
    "outlier_probability": 0.0002,
    "outlier_magnitude": 2.0,
    "shot_noise_enabled": false,
    "seed": null
  },
  "measurement": {
    "snr_db": 20.106291116112306,
    "n_detections": 361,
    "detection_rate": 1.0,
    "time_to_detection": 1386.2220018957976,
    "false_negative_rate": 6.937750311655888e-05,
    "max_signal": 0.5119708837892951,
    "mean_signal": 0.4645045253719144,
    "signal_std": 0.02201311509454186,
    "has_noise": true
  },
  "false_negative_rate": 6.937750311655888e-05,
  "sclerostin_mean": 0.7133959838907292,
  "sclerostin_max": 0.7585070355578722,
  "sclerostin_min": 0.025000000000000005,
  "sclerostin_std": 0.04249660752851285,
  "metadata_file": "metadata/57e693d5-d3e3-455c-b11c-3c83476c1a3f.json",
  "timeseries_file": "timeseries/57e693d5-d3e3-455c-b11c-3c83476c1a3f.csv"
}