{
  "run_id": "5959802f-056a-4b5b-a712-a33f3140de31",
  "timestamp": "2026-05-17T01:58:32.604436",
  "scenario": "ckd_mbd",
  "duration": 3600.0,
  "num_points": 361,
  "environment_params": {
    "Estrogen": 0.7831121591580601,
    "PTH": 182.7432856036179,
    "k_prod_Scl": 9.27529927966917e-06,
    "k_deg_Scl": 6.385514423424705e-05,
    "Sclerostin_bone": 0.18923662197436908,
    "k_prod_RANKL": 1.630301886466475e-05,
    "k_deg_RANKL": 2.3750774208322412e-05,
    "RANKL_bone": 0.5526424213958705,
    "k_prod_OPG": 9.999248298317335e-05,
    "k_deg_OPG": 1.850015032362142e-05,
    "OPG_bone": 6.929345811632567,
    "MineralIon": 3.009279273809884,
    "k_prod_Mineral": 0.14430660557166491,
    "k_loss_Mineral": 0.01669182462510215
  },
  "biosensor_config": {
    "circuit_type": "amplifying",
    "sensitivity": 9.407713800591502,
    "threshold": 5.2771270463839076e-05,
    "dynamic_range": [
      0.0,
      6.209760221299832
    ],
    "kd": 0.054053965149496015,
    "response_type": "hill",
    "receptor_concentration": 0.5009629161473197,
    "enzyme_concentration": 7.70846067621466,
    "amplification_gain": 577.5180209567866,
    "response_time": 7.643012413974767
  },
  "noise_preset": "high",
  "noise_params": {
    "additive_sigma": 0.08,
    "multiplicative_sigma": 0.12,
    "drift_rate": 0.0004,
    "outlier_probability": 0.005,
    "outlier_magnitude": 6.0,
    "shot_noise_enabled": 0,
    "seed": null
  },
  "measurement": {
    "snr_db": 14.66962747194527,
    "n_detections": 361,
    "detection_rate": 1.0,
    "time_to_detection": 3794.772184846592,
    "false_negative_rate": 0.006374683587313865,
    "max_signal": 9.522028282069519,
    "mean_signal": 6.942441508519195,
    "signal_std": 0.9387526759728012,
    "has_noise": 1
  },
  "false_negative_rate": 0.006374683587313865,
  "sclerostin_mean": 1.962217965298666,
  "sclerostin_max": 2.1428374974988813,
  "sclerostin_min": 0.025000000000000005,
  "sclerostin_std": 0.1358824013565433,
  "metadata_file": "metadata/5959802f-056a-4b5b-a712-a33f3140de31.json",
  "timeseries_file": "timeseries/5959802f-056a-4b5b-a712-a33f3140de31.csv"
}