{
  "run_id": "5a2f2403-4f20-40eb-8e48-5535405c9b42",
  "timestamp": "2026-05-17T01:48:50.985645",
  "scenario": "ckd_mbd",
  "duration": 3600.0,
  "num_points": 361,
  "environment_params": {
    "Estrogen": 0.3918519761610764,
    "PTH": 169.97814059671023,
    "k_prod_Scl": 1.3584484921453016e-05,
    "k_deg_Scl": 6.256675557702193e-05,
    "Sclerostin_bone": 0.1452778849331432,
    "k_prod_RANKL": 1.7151393850796434e-05,
    "k_deg_RANKL": 1.9032670489331756e-05,
    "RANKL_bone": 0.7165941107437542,
    "k_prod_OPG": 8.157351142366549e-05,
    "k_deg_OPG": 1.8069988118609907e-05,
    "OPG_bone": 4.994125740672411,
    "MineralIon": 2.320875204837638,
    "k_prod_Mineral": 0.12896038910060229,
    "k_loss_Mineral": 0.016196365251319695
  },
  "biosensor_config": {
    "circuit_type": "threshold",
    "sensitivity": 26.1582112998434,
    "threshold": 0.0010403846039401018,
    "dynamic_range": [
      0.0,
      15.253484282711742
    ],
    "kd": 1.5037168844096085,
    "response_type": "linear",
    "hill_coefficient": 3.1142394475218453,
    "off_level": 0.8613437894683408,
    "on_level": 22.569092989908743
  },
  "noise_preset": "medium",
  "noise_params": {
    "additive_sigma": 0.03,
    "multiplicative_sigma": 0.06,
    "drift_rate": 0.0002,
    "outlier_probability": 0.003,
    "outlier_magnitude": 4.0,
    "shot_noise_enabled": 0,
    "seed": null
  },
  "measurement": {
    "snr_db": 23.48263211356749,
    "n_detections": 361,
    "detection_rate": 1.0,
    "time_to_detection": 2929.5670428383487,
    "false_negative_rate": 0.0,
    "max_signal": 18.206971501639053,
    "mean_signal": 14.109804173813759,
    "signal_std": 2.084023299843221,
    "has_noise": 1
  },
  "false_negative_rate": 0.0,
  "sclerostin_mean": 1.8209140448418881,
  "sclerostin_max": 2.3893795687687382,
  "sclerostin_min": 0.025000000000000005,
  "sclerostin_std": 0.3045274762346375,
  "metadata_file": "metadata/5a2f2403-4f20-40eb-8e48-5535405c9b42.json",
  "timeseries_file": "timeseries/5a2f2403-4f20-40eb-8e48-5535405c9b42.csv"
}