{
  "run_id": "5a33f33b-4fad-43e2-9ecf-8de2aff508f0",
  "timestamp": "2026-05-17T01:48:47.650202",
  "scenario": "ckd_mbd",
  "duration": 3600.0,
  "num_points": 361,
  "environment_params": {
    "Estrogen": 0.6216870611963267,
    "PTH": 180.1164086288948,
    "k_prod_Scl": 1.2487075470111295e-05,
    "k_deg_Scl": 5.848532239200912e-05,
    "Sclerostin_bone": 0.23195005072488278,
    "k_prod_RANKL": 1.4896256268094625e-05,
    "k_deg_RANKL": 2.0590569055130475e-05,
    "RANKL_bone": 0.4593252243750484,
    "k_prod_OPG": 0.00014566325022164294,
    "k_deg_OPG": 1.8639146893600628e-05,
    "OPG_bone": 9.030065884434412,
    "MineralIon": 4.130484951869219,
    "k_prod_Mineral": 0.17232153715501694,
    "k_loss_Mineral": 0.02220466801623891
  },
  "biosensor_config": {
    "circuit_type": "direct_binding",
    "sensitivity": 3.2013573970620555,
    "threshold": 6.903831907833122e-05,
    "dynamic_range": [
      0.0,
      6.082122093661545
    ],
    "kd": 0.6681974202071073,
    "response_type": "hill",
    "receptor_concentration": 9.406892065381582,
    "kon": 7092.6638237542475,
    "koff": 4739.299669428865
  },
  "noise_preset": "medium",
  "noise_params": {
    "additive_sigma": 0.03,
    "multiplicative_sigma": 0.06,
    "drift_rate": 0.0002,
    "outlier_probability": 0.003,
    "outlier_magnitude": 4.0,
    "shot_noise_enabled": 0,
    "seed": null
  },
  "measurement": {
    "snr_db": 16.751729119710163,
    "n_detections": 361,
    "detection_rate": 1.0,
    "time_to_detection": 625.7248537150648,
    "false_negative_rate": 0.04167592053578009,
    "max_signal": 4.3987833029325945,
    "mean_signal": 3.5165967456436826,
    "signal_std": 0.33799541880006984,
    "has_noise": 1
  },
  "false_negative_rate": 0.04167592053578009,
  "sclerostin_mean": 2.4793898145627034,
  "sclerostin_max": 2.811321211505844,
  "sclerostin_min": 0.025000000000000005,
  "sclerostin_std": 0.21098903631242996,
  "metadata_file": "metadata/5a33f33b-4fad-43e2-9ecf-8de2aff508f0.json",
  "timeseries_file": "timeseries/5a33f33b-4fad-43e2-9ecf-8de2aff508f0.csv"
}