{
  "run_id": "5a36315e-0453-48f3-aadd-cda3b60d7359",
  "timestamp": "2026-01-31T04:10:06.939626",
  "scenario": "ckd_mbd",
  "duration": 3600.0,
  "num_points": 361,
  "environment_params": {
    "Estrogen": 0.6558713330648789,
    "PTH": 274.07114998840404,
    "k_prod_Scl": 1.3400638123778743e-05,
    "k_deg_Scl": 5.255393374713983e-05,
    "k_prod_RANKL": 2.206005966809918e-05,
    "k_prod_OPG": 6.386354274290663e-05,
    "Sclerostin_bone": 0.18991731835585715,
    "RANKL_bone": 1.1615059577232187,
    "OPG_bone": 3.7377528904793103,
    "MineralIon": 2.6502257758188765,
    "k_prod_Mineral": 0.16462002649133464
  },
  "biosensor_config": {
    "circuit_type": "ratiometric",
    "sensitivity": 5.046656622034309,
    "threshold": 0.00017755467056938083,
    "dynamic_range": [
      0.0,
      18.511559760935125
    ],
    "kd": 0.8516968040253028,
    "response_type": "linear",
    "reference_kd": 0.07845643821841285,
    "ratio_exponent": 0.43653861372332775
  },
  "noise_preset": "medium",
  "noise_params": {
    "additive_sigma": 0.03,
    "multiplicative_sigma": 0.06,
    "drift_rate": 0.0003,
    "outlier_probability": 0.003,
    "outlier_magnitude": 4.0,
    "shot_noise_enabled": false,
    "seed": null
  },
  "measurement": {
    "snr_db": 23.454465343282635,
    "n_detections": 361,
    "detection_rate": 1.0,
    "time_to_detection": 1093.5328239030052,
    "false_negative_rate": 0.035308828376839144,
    "max_signal": 21.54869934542984,
    "mean_signal": 19.03365400379255,
    "signal_std": 1.1288208812553615,
    "has_noise": true
  },
  "false_negative_rate": 0.035308828376839144,
  "sclerostin_mean": 2.089944293045472,
  "sclerostin_max": 2.4387118173020337,
  "sclerostin_min": 0.025000000000000005,
  "sclerostin_std": 0.20694423128752673,
  "metadata_file": "metadata/5a36315e-0453-48f3-aadd-cda3b60d7359.json",
  "timeseries_file": "timeseries/5a36315e-0453-48f3-aadd-cda3b60d7359.csv"
}