{
  "run_id": "5a471a80-a003-4f73-b01c-63a3833819ff",
  "timestamp": "2026-05-17T01:48:41.144060",
  "scenario": "healthy",
  "duration": 3600.0,
  "num_points": 361,
  "environment_params": {
    "Estrogen": 0.7661947968446272,
    "PTH": 53.067888934090305,
    "k_prod_Scl": 5.23871526240535e-06,
    "k_deg_Scl": 6.304749882305962e-05,
    "Sclerostin_bone": 0.058149384162969435,
    "k_prod_RANKL": 9.78280403809715e-06,
    "k_deg_RANKL": 1.695158157894905e-05,
    "RANKL_bone": 0.5047271270070908,
    "k_prod_OPG": 0.0001105915775011667,
    "k_deg_OPG": 2.505416512632267e-05,
    "OPG_bone": 5.164688885969401,
    "MineralIon": 4.779211209888739,
    "k_prod_Mineral": 0.0858208645190011,
    "k_loss_Mineral": 0.04191024232635421
  },
  "biosensor_config": {
    "circuit_type": "threshold",
    "sensitivity": 2.1747768344140628,
    "threshold": 0.016022023265239445,
    "dynamic_range": [
      0.0,
      1.2465931534723151
    ],
    "kd": 0.4071776019114899,
    "response_type": "hill",
    "hill_coefficient": 6.945233900491764,
    "off_level": 0.8579240582075908,
    "on_level": 18.11404278885108
  },
  "noise_preset": "high",
  "noise_params": {
    "additive_sigma": 0.08,
    "multiplicative_sigma": 0.12,
    "drift_rate": 0.0004,
    "outlier_probability": 0.005,
    "outlier_magnitude": 6.0,
    "shot_noise_enabled": 0,
    "seed": null
  },
  "measurement": {
    "snr_db": 3.3950910364979805,
    "n_detections": 361,
    "detection_rate": 1.0,
    "time_to_detection": 634.6970654424438,
    "false_negative_rate": 0.08438751048337552,
    "max_signal": 3.0121911226666875,
    "mean_signal": 1.960973471517984,
    "signal_std": 0.44709375545003416,
    "has_noise": 1
  },
  "false_negative_rate": 0.08438751048337552,
  "sclerostin_mean": 0.6436673630252069,
  "sclerostin_max": 0.7326733964946598,
  "sclerostin_min": 0.025000000000000005,
  "sclerostin_std": 0.05536383463506192,
  "metadata_file": "metadata/5a471a80-a003-4f73-b01c-63a3833819ff.json",
  "timeseries_file": "timeseries/5a471a80-a003-4f73-b01c-63a3833819ff.csv"
}