{
  "run_id": "5abe58fd-9806-4c33-ae29-9b8200b1bc8e",
  "timestamp": "2026-01-31T04:10:12.660449",
  "scenario": "ckd_mbd",
  "duration": 3600.0,
  "num_points": 361,
  "environment_params": {
    "Estrogen": 1.0686998514483823,
    "PTH": 292.2248307130474,
    "k_prod_Scl": 1.3301372146105084e-05,
    "k_deg_Scl": 3.8593226878199504e-05,
    "k_prod_RANKL": 1.8257818979345148e-05,
    "k_prod_OPG": 0.00012562427474936797,
    "Sclerostin_bone": 0.34241842219423624,
    "RANKL_bone": 0.6354575161033921,
    "OPG_bone": 3.418273591191384,
    "MineralIon": 2.7859070505126375,
    "k_prod_Mineral": 0.24204932000139234
  },
  "biosensor_config": {
    "circuit_type": "direct_binding",
    "sensitivity": 0.20369863073252814,
    "threshold": 3.6000221716104366e-05,
    "dynamic_range": [
      0.0,
      8.110612812697353
    ],
    "kd": 1.1322116884661608,
    "response_type": "linear",
    "receptor_concentration": 2.069110091654451,
    "kon": 147122.99943353492,
    "koff": 166574.3796008486
  },
  "noise_preset": "medium",
  "noise_params": {
    "additive_sigma": 0.03,
    "multiplicative_sigma": 0.06,
    "drift_rate": 0.0003,
    "outlier_probability": 0.003,
    "outlier_magnitude": 4.0,
    "shot_noise_enabled": false,
    "seed": null
  },
  "measurement": {
    "snr_db": -5.91681041392389,
    "n_detections": 360,
    "detection_rate": 0.997229916897507,
    "time_to_detection": 5723.318566078342,
    "false_negative_rate": 0.0036332613762085366,
    "max_signal": 1.4541179411771206,
    "mean_signal": 0.856054960724,
    "signal_std": 0.31895392099524783,
    "has_noise": true
  },
  "false_negative_rate": 0.0036332613762085366,
  "sclerostin_mean": 3.420949302500452,
  "sclerostin_max": 3.592051726446146,
  "sclerostin_min": 0.025000000000000005,
  "sclerostin_std": 0.19714031035687218,
  "metadata_file": "metadata/5abe58fd-9806-4c33-ae29-9b8200b1bc8e.json",
  "timeseries_file": "timeseries/5abe58fd-9806-4c33-ae29-9b8200b1bc8e.csv"
}