{
  "run_id": "5b6d052e-bfe8-48ee-afc4-7c17db0b6eae",
  "timestamp": "2026-01-31T04:11:13.065683",
  "scenario": "healthy",
  "duration": 3600.0,
  "num_points": 361,
  "environment_params": {
    "Estrogen": 0.5806733362229072,
    "PTH": 39.94496542150251,
    "k_prod_Scl": 3.478072844121912e-06,
    "k_prod_RANKL": 1.0228982658431916e-05,
    "k_prod_OPG": 0.0001354696826947728,
    "Sclerostin_bone": 0.0721878878655249,
    "RANKL_bone": 0.715580883399566,
    "OPG_bone": 6.702715320748301
  },
  "biosensor_config": {
    "circuit_type": "threshold",
    "sensitivity": 2.7207691532135985,
    "threshold": 0.0026268907739850416,
    "dynamic_range": [
      0.0,
      15.02730752531557
    ],
    "kd": 0.053930768427701274,
    "response_type": "hill",
    "hill_coefficient": 5.313331134778331,
    "off_level": 0.3321941262224428,
    "on_level": 13.643183092163923
  },
  "noise_preset": "medium",
  "noise_params": {
    "additive_sigma": 0.03,
    "multiplicative_sigma": 0.06,
    "drift_rate": 0.0003,
    "outlier_probability": 0.003,
    "outlier_magnitude": 4.0,
    "shot_noise_enabled": false,
    "seed": null
  },
  "measurement": {
    "snr_db": 21.856326886181595,
    "n_detections": 361,
    "detection_rate": 1.0,
    "time_to_detection": 81.93358025988624,
    "false_negative_rate": 0.0029779357274950604,
    "max_signal": 17.26065399877793,
    "mean_signal": 14.202563818704485,
    "signal_std": 1.1722972569075694,
    "has_noise": true
  },
  "false_negative_rate": 0.0029779357274950604,
  "sclerostin_mean": 0.7731603651277343,
  "sclerostin_max": 0.855307437283869,
  "sclerostin_min": 0.025000000000000005,
  "sclerostin_std": 0.05691614808995237,
  "metadata_file": "metadata/5b6d052e-bfe8-48ee-afc4-7c17db0b6eae.json",
  "timeseries_file": "timeseries/5b6d052e-bfe8-48ee-afc4-7c17db0b6eae.csv"
}