{
  "run_id": "5b966ab8-2238-4812-8a8b-875ba2bfe9dd",
  "timestamp": "2026-05-17T01:48:50.619684",
  "scenario": "ckd_mbd",
  "duration": 3600.0,
  "num_points": 361,
  "environment_params": {
    "Estrogen": 0.6513695796070516,
    "PTH": 169.98832559884343,
    "k_prod_Scl": 1.408354314360378e-05,
    "k_deg_Scl": 4.9236367749682344e-05,
    "Sclerostin_bone": 0.09845636167812526,
    "k_prod_RANKL": 1.2943490892493265e-05,
    "k_deg_RANKL": 2.2666268410619376e-05,
    "RANKL_bone": 0.9457136654462924,
    "k_prod_OPG": 8.616673712863988e-05,
    "k_deg_OPG": 2.0253353350388053e-05,
    "OPG_bone": 5.749285888288233,
    "MineralIon": 3.5731884291860654,
    "k_prod_Mineral": 0.15311416845241674,
    "k_loss_Mineral": 0.019978514298933353
  },
  "biosensor_config": {
    "circuit_type": "direct_binding",
    "sensitivity": 0.7910771897430909,
    "threshold": 0.013088553913813488,
    "dynamic_range": [
      0.0,
      3.5465661324689655
    ],
    "kd": 2.4746795638421446,
    "response_type": "hill",
    "receptor_concentration": 8.58007892394051,
    "kon": 29917.181177488572,
    "koff": 74035.43686769383
  },
  "noise_preset": "medium",
  "noise_params": {
    "additive_sigma": 0.03,
    "multiplicative_sigma": 0.06,
    "drift_rate": 0.0002,
    "outlier_probability": 0.003,
    "outlier_magnitude": 4.0,
    "shot_noise_enabled": 0,
    "seed": null
  },
  "measurement": {
    "snr_db": 0.5680471361725868,
    "n_detections": 360,
    "detection_rate": 0.997229916897507,
    "time_to_detection": 1783.397382171098,
    "false_negative_rate": 0.08137589104808515,
    "max_signal": 1.2772160513678732,
    "mean_signal": 0.8042612613496154,
    "signal_std": 0.2513668755506994,
    "has_noise": 1
  },
  "false_negative_rate": 0.08137589104808515,
  "sclerostin_mean": 1.219422914787484,
  "sclerostin_max": 1.573345213341381,
  "sclerostin_min": 0.025000000000000005,
  "sclerostin_std": 0.1907716950351665,
  "metadata_file": "metadata/5b966ab8-2238-4812-8a8b-875ba2bfe9dd.json",
  "timeseries_file": "timeseries/5b966ab8-2238-4812-8a8b-875ba2bfe9dd.csv"
}