{
  "run_id": "5c636c43-2d5b-428a-907b-2ef703402cb6",
  "timestamp": "2026-01-31T04:10:31.991391",
  "scenario": "healthy",
  "duration": 3600.0,
  "num_points": 361,
  "environment_params": {
    "Estrogen": 0.5135838212959394,
    "PTH": 39.383264724878245,
    "k_prod_Scl": 4.243294067903593e-06,
    "k_prod_RANKL": 1.3326794278587066e-05,
    "k_prod_OPG": 0.00016242879000961366,
    "Sclerostin_bone": 0.09262465438490454,
    "RANKL_bone": 0.7755598513487764,
    "OPG_bone": 5.538433023894025
  },
  "biosensor_config": {
    "circuit_type": "threshold",
    "sensitivity": 25.79357537023697,
    "threshold": 0.0024673369684105476,
    "dynamic_range": [
      0.0,
      3.743050653252055
    ],
    "kd": 0.010028499508062408,
    "response_type": "linear",
    "hill_coefficient": 4.347506255925879,
    "off_level": 0.9556817806945546,
    "on_level": 15.857618426521014
  },
  "noise_preset": "medium",
  "noise_params": {
    "additive_sigma": 0.03,
    "multiplicative_sigma": 0.06,
    "drift_rate": 0.0003,
    "outlier_probability": 0.003,
    "outlier_magnitude": 4.0,
    "shot_noise_enabled": false,
    "seed": null
  },
  "measurement": {
    "snr_db": 15.304940093880624,
    "n_detections": 361,
    "detection_rate": 1.0,
    "time_to_detection": 1790.7384263639,
    "false_negative_rate": 0.01635698582458109,
    "max_signal": 5.22122276185633,
    "mean_signal": 4.264743530889216,
    "signal_std": 0.3752912585656863,
    "has_noise": true
  },
  "false_negative_rate": 0.01635698582458109,
  "sclerostin_mean": 0.9921825219177334,
  "sclerostin_max": 1.1070747442550493,
  "sclerostin_min": 0.025000000000000005,
  "sclerostin_std": 0.07688260022545629,
  "metadata_file": "metadata/5c636c43-2d5b-428a-907b-2ef703402cb6.json",
  "timeseries_file": "timeseries/5c636c43-2d5b-428a-907b-2ef703402cb6.csv"
}