{
  "run_id": "5c9e7241-0091-440d-b4e7-7adfd839b82e",
  "timestamp": "2026-01-31T04:10:02.722771",
  "scenario": "healthy",
  "duration": 3600.0,
  "num_points": 361,
  "environment_params": {
    "Estrogen": 0.9372548747717933,
    "PTH": 38.46072838181715,
    "k_prod_Scl": 4.247801385283863e-06,
    "k_prod_RANKL": 1.6350017730138878e-05,
    "k_prod_OPG": 0.0001477978140348499,
    "Sclerostin_bone": 0.05177009486392051,
    "RANKL_bone": 0.4602032324957668,
    "OPG_bone": 4.9898215982410195
  },
  "biosensor_config": {
    "circuit_type": "threshold",
    "sensitivity": 14.504979344723516,
    "threshold": 0.01193784973241458,
    "dynamic_range": [
      0.0,
      12.237259911394762
    ],
    "kd": 0.7593609196102703,
    "response_type": "michaelis_menten",
    "hill_coefficient": 2.2402026448709744,
    "off_level": 0.23532255800186544,
    "on_level": 25.657929104385733
  },
  "noise_preset": "high",
  "noise_params": {
    "additive_sigma": 0.1,
    "multiplicative_sigma": 0.2,
    "drift_rate": 0.001,
    "outlier_probability": 0.01,
    "outlier_magnitude": 10.0,
    "shot_noise_enabled": true,
    "seed": null
  },
  "measurement": {
    "snr_db": 10.095735603858376,
    "n_detections": 361,
    "detection_rate": 1.0,
    "time_to_detection": 1364.8687977032503,
    "false_negative_rate": 0.003442221815086757,
    "max_signal": 17.88201495934182,
    "mean_signal": 10.491127334054484,
    "signal_std": 2.46938637661978,
    "has_noise": true
  },
  "false_negative_rate": 0.003442221815086757,
  "sclerostin_mean": 0.5563950339225043,
  "sclerostin_max": 0.6084746675017765,
  "sclerostin_min": 0.025000000000000005,
  "sclerostin_std": 0.03816985595303119,
  "metadata_file": "metadata/5c9e7241-0091-440d-b4e7-7adfd839b82e.json",
  "timeseries_file": "timeseries/5c9e7241-0091-440d-b4e7-7adfd839b82e.csv"
}