{
  "run_id": "5ca84617-0392-4a1e-9ee5-40c3afd08e77",
  "timestamp": "2026-05-17T01:40:43.597189",
  "scenario": "healthy",
  "duration": 3600.0,
  "num_points": 361,
  "environment_params": {
    "Estrogen": 0.8996732345147679,
    "PTH": 53.435061475820966,
    "k_prod_Scl": 4.042325616682399e-06,
    "k_deg_Scl": 7.204673631775546e-05,
    "Sclerostin_bone": 0.044759774934763255,
    "k_prod_RANKL": 1.1613252410668918e-05,
    "k_deg_RANKL": 2.3374084765772194e-05,
    "RANKL_bone": 0.5960033934566347,
    "k_prod_OPG": 9.253499907739137e-05,
    "k_deg_OPG": 2.2863493775312536e-05,
    "OPG_bone": 4.306934152386017,
    "MineralIon": 2.3368446108754375,
    "k_prod_Mineral": 0.06915054161036938,
    "k_loss_Mineral": 0.05156798275715402
  },
  "biosensor_config": {
    "circuit_type": "threshold",
    "sensitivity": 30.280101196287884,
    "threshold": 0.005409588421904569,
    "dynamic_range": [
      0.0,
      6.088497240759049
    ],
    "kd": 0.37207501315721975,
    "response_type": "linear",
    "hill_coefficient": 7.847841408231982,
    "off_level": 0.8413951026459006,
    "on_level": 18.439447205152668
  },
  "biosensor_type": "threshold",
  "noise_preset": "medium",
  "noise_params": {
    "additive_sigma": 0.03,
    "multiplicative_sigma": 0.06,
    "drift_rate": 0.0002,
    "outlier_probability": 0.003,
    "outlier_magnitude": 4.0,
    "shot_noise_enabled": false,
    "seed": null
  },
  "measurement": {
    "snr_db": 21.39575524354988,
    "n_detections": 361,
    "detection_rate": 1.0,
    "time_to_detection": 3035.233531312076,
    "false_negative_rate": 0.013387265921512313,
    "max_signal": 7.316501860931687,
    "mean_signal": 6.395007773762763,
    "signal_std": 0.49643332253829536,
    "has_noise": true
  },
  "signal_to_noise_ratio_SNR": 21.39575524354988,
  "time_to_detection_threshold": 3035.233531312076,
  "false_negative_rate": 0.013387265921512313,
  "dynamic_range_of_output": 0.0,
  "sclerostin_mean": 0.49035361454871335,
  "sclerostin_max": 0.5441781476609313,
  "sclerostin_min": 0.025000000000000005,
  "sclerostin_std": 0.036394168754340275,
  "sclerostin_change": 