{
  "run_id": "5cfaf98b-71d8-4fe3-a4f2-a01d3028fcef",
  "timestamp": "2026-01-31T04:10:45.125292",
  "scenario": "ckd_mbd",
  "duration": 3600.0,
  "num_points": 361,
  "environment_params": {
    "Estrogen": 0.7410535642568687,
    "PTH": 195.70945217137393,
    "k_prod_Scl": 1.5641136135093925e-05,
    "k_deg_Scl": 3.7179184489807116e-05,
    "k_prod_RANKL": 2.0450420823475987e-05,
    "k_prod_OPG": 0.00010563971673252698,
    "Sclerostin_bone": 0.3076239492287055,
    "RANKL_bone": 0.7734009431534687,
    "OPG_bone": 5.536666337849462,
    "MineralIon": 3.226178246046245,
    "k_prod_Mineral": 0.19933573400283325
  },
  "biosensor_config": {
    "circuit_type": "direct_binding",
    "sensitivity": 4.142206659371103,
    "threshold": 8.059344757117862e-05,
    "dynamic_range": [
      0.0,
      2.6122595640613318
    ],
    "kd": 0.013680609339207225,
    "response_type": "hill",
    "receptor_concentration": 4.211563060884935,
    "kon": 185616.86004647455,
    "koff": 2539.35174906612
  },
  "noise_preset": "medium",
  "noise_params": {
    "additive_sigma": 0.03,
    "multiplicative_sigma": 0.06,
    "drift_rate": 0.0003,
    "outlier_probability": 0.003,
    "outlier_magnitude": 4.0,
    "shot_noise_enabled": false,
    "seed": null
  },
  "measurement": {
    "snr_db": 12.200355791524926,
    "n_detections": 361,
    "detection_rate": 1.0,
    "time_to_detection": 466.903159379455,
    "false_negative_rate": 0.00048468156126630914,
    "max_signal": 3.986377782399566,
    "mean_signal": 3.1460971475879775,
    "signal_std": 0.355196266832387,
    "has_noise": true
  },
  "false_negative_rate": 0.00048468156126630914,
  "sclerostin_mean": 3.2082507422992674,
  "sclerostin_max": 3.5462837613845655,
  "sclerostin_min": 0.025000000000000005,
  "sclerostin_std": 0.23801439537544347,
  "metadata_file": "metadata/5cfaf98b-71d8-4fe3-a4f2-a01d3028fcef.json",
  "timeseries_file": "timeseries/5cfaf98b-71d8-4fe3-a4f2-a01d3028fcef.csv"
}