{
  "run_id": "5d52b4e4-9d93-4ec9-9128-ea0de6c7fd67",
  "timestamp": "2026-01-31T04:10:27.470005",
  "scenario": "ckd_mbd",
  "duration": 3600.0,
  "num_points": 361,
  "environment_params": {
    "Estrogen": 0.8198245514979214,
    "PTH": 195.0288899733953,
    "k_prod_Scl": 1.7362558583168263e-05,
    "k_deg_Scl": 4.8534855242380435e-05,
    "k_prod_RANKL": 1.3685436415980917e-05,
    "k_prod_OPG": 5.890754588997261e-05,
    "Sclerostin_bone": 0.12138071281138095,
    "RANKL_bone": 1.4126462213044257,
    "OPG_bone": 3.527024014339825,
    "MineralIon": 7.3876336033572505,
    "k_prod_Mineral": 0.19037634164934863
  },
  "biosensor_config": {
    "circuit_type": "direct_binding",
    "sensitivity": 2.148593717673673,
    "threshold": 0.005458856569288888,
    "dynamic_range": [
      0.0,
      15.970315593944116
    ],
    "kd": 1.0591815274706635,
    "response_type": "linear",
    "receptor_concentration": 4.269125617661071,
    "kon": 375116.14793209516,
    "koff": 397316.09454562794
  },
  "noise_preset": "medium",
  "noise_params": {
    "additive_sigma": 0.03,
    "multiplicative_sigma": 0.06,
    "drift_rate": 0.0003,
    "outlier_probability": 0.003,
    "outlier_magnitude": 4.0,
    "shot_noise_enabled": false,
    "seed": null
  },
  "measurement": {
    "snr_db": 17.474357253218052,
    "n_detections": 361,
    "detection_rate": 1.0,
    "time_to_detection": 722.1960416737968,
    "false_negative_rate": 0.045211648948072614,
    "max_signal": 7.441461410308533,
    "mean_signal": 5.771514761781064,
    "signal_std": 0.7099554972700319,
    "has_noise": true
  },
  "false_negative_rate": 0.045211648948072614,
  "sclerostin_mean": 1.4170311309192554,
  "sclerostin_max": 1.74095238939115,
  "sclerostin_min": 0.025000000000000005,
  "sclerostin_std": 0.17997215378524922,
  "metadata_file": "metadata/5d52b4e4-9d93-4ec9-9128-ea0de6c7fd67.json",
  "timeseries_file": "timeseries/5d52b4e4-9d93-4ec9-9128-ea0de6c7fd67.csv"
}