{
  "run_id": "5dababa2-aeeb-4bbc-80ce-cab2be4dabe3",
  "timestamp": "2026-05-17T01:58:23.355565",
  "scenario": "ckd_mbd",
  "duration": 3600.0,
  "num_points": 361,
  "environment_params": {
    "Estrogen": 0.49106369509452175,
    "PTH": 167.17036471296,
    "k_prod_Scl": 1.2839402437957814e-05,
    "k_deg_Scl": 4.3909766637549913e-05,
    "Sclerostin_bone": 0.18473957608137023,
    "k_prod_RANKL": 1.693482836843253e-05,
    "k_deg_RANKL": 2.440895412062465e-05,
    "RANKL_bone": 0.7240387779153082,
    "k_prod_OPG": 0.00010056652122724326,
    "k_deg_OPG": 1.821486299652142e-05,
    "OPG_bone": 4.493460138351705,
    "MineralIon": 3.586900344735729,
    "k_prod_Mineral": 0.16609745754163868,
    "k_loss_Mineral": 0.022025686218573374
  },
  "biosensor_config": {
    "circuit_type": "ratiometric",
    "sensitivity": 4.782511251086643,
    "threshold": 5.5431826429779365e-05,
    "dynamic_range": [
      0.0,
      17.32021249042307
    ],
    "kd": 0.03644082140705339,
    "response_type": "michaelis_menten",
    "reference_kd": 12.416887276989042,
    "ratio_exponent": 2.5970269629412512
  },
  "noise_preset": "high",
  "noise_params": {
    "additive_sigma": 0.08,
    "multiplicative_sigma": 0.12,
    "drift_rate": 0.0004,
    "outlier_probability": 0.005,
    "outlier_magnitude": 6.0,
    "shot_noise_enabled": 0,
    "seed": null
  },
  "measurement": {
    "snr_db": 13.4059256364844,
    "n_detections": 361,
    "detection_rate": 1.0,
    "time_to_detection": 3139.693210037815,
    "false_negative_rate": 0.028712478659449293,
    "max_signal": 7.437556358527457,
    "mean_signal": 5.524292247302653,
    "signal_std": 0.7027135307955542,
    "has_noise": 1
  },
  "false_negative_rate": 0.028712478659449293,
  "sclerostin_mean": 2.1079099292348524,
  "sclerostin_max": 2.550207706588378,
  "sclerostin_min": 0.025000000000000005,
  "sclerostin_std": 0.24957357499405008,
  "metadata_file": "metadata/5dababa2-aeeb-4bbc-80ce-cab2be4dabe3.json",
  "timeseries_file": "timeseries/5dababa2-aeeb-4bbc-80ce-cab2be4dabe3.csv"
}