{
  "run_id": "5df5c36e-b831-4350-82a9-4e64b1ca67f7",
  "timestamp": "2026-01-31T04:10:01.615689",
  "scenario": "pmo",
  "duration": 3600.0,
  "num_points": 361,
  "environment_params": {
    "Estrogen": 0.11879461964393893,
    "PTH": 66.67148214079295,
    "k_prod_Scl": 4.153033516731402e-06,
    "k_prod_RANKL": 2.926870525956899e-05,
    "k_prod_OPG": 6.215668245456446e-05,
    "Sclerostin_bone": 0.07360151946500305,
    "RANKL_bone": 1.3288610386990154,
    "OPG_bone": 1.5081069698070768
  },
  "biosensor_config": {
    "circuit_type": "ratiometric",
    "sensitivity": 24.59352756663032,
    "threshold": 0.006559409782638878,
    "dynamic_range": [
      0.0,
      16.773035807731926
    ],
    "kd": 0.24873125208619665,
    "response_type": "linear",
    "reference_kd": 0.23643515371018864,
    "ratio_exponent": 0.9886146507555709
  },
  "noise_preset": "medium",
  "noise_params": {
    "additive_sigma": 0.03,
    "multiplicative_sigma": 0.06,
    "drift_rate": 0.0003,
    "outlier_probability": 0.003,
    "outlier_magnitude": 4.0,
    "shot_noise_enabled": false,
    "seed": null
  },
  "measurement": {
    "snr_db": 23.323381401505074,
    "n_detections": 361,
    "detection_rate": 1.0,
    "time_to_detection": 3172.0671105992014,
    "false_negative_rate": 0.010554675494746202,
    "max_signal": 19.81354808398439,
    "mean_signal": 17.29544819308875,
    "signal_std": 1.0178021555633174,
    "has_noise": true
  },
  "false_negative_rate": 0.010554675494746202,
  "sclerostin_mean": 0.8955477697281355,
  "sclerostin_max": 1.1292336733874109,
  "sclerostin_min": 0.025000000000000005,
  "sclerostin_std": 0.12733422856053525,
  "metadata_file": "metadata/5df5c36e-b831-4350-82a9-4e64b1ca67f7.json",
  "timeseries_file": "timeseries/5df5c36e-b831-4350-82a9-4e64b1ca67f7.csv"
}