{
  "run_id": "5e0f41b0-d203-4679-ad05-5c50d01ab2ba",
  "timestamp": "2026-01-31T04:10:34.428721",
  "scenario": "healthy",
  "duration": 3600.0,
  "num_points": 361,
  "environment_params": {
    "Estrogen": 1.0626436274470004,
    "PTH": 46.24229572091619,
    "k_prod_Scl": 3.6462175938074355e-06,
    "k_prod_RANKL": 1.5040078713730073e-05,
    "k_prod_OPG": 0.0001232311235243323,
    "Sclerostin_bone": 0.03740377965487718,
    "RANKL_bone": 0.4613898447011301,
    "OPG_bone": 9.40387428784225
  },
  "biosensor_config": {
    "circuit_type": "amplifying",
    "sensitivity": 8.173799490338881,
    "threshold": 0.00010444268791881351,
    "dynamic_range": [
      0.0,
      6.203899651777345
    ],
    "kd": 0.0628672516144572,
    "response_type": "michaelis_menten",
    "receptor_concentration": 1.8224472904968123,
    "enzyme_concentration": 10.837677053924445,
    "amplification_gain": 3668.4160611196444,
    "response_time": 297.5845886995525
  },
  "noise_preset": "high",
  "noise_params": {
    "additive_sigma": 0.1,
    "multiplicative_sigma": 0.2,
    "drift_rate": 0.001,
    "outlier_probability": 0.01,
    "outlier_magnitude": 10.0,
    "shot_noise_enabled": true,
    "seed": null
  },
  "measurement": {
    "snr_db": 8.101389864072546,
    "n_detections": 361,
    "detection_rate": 1.0,
    "time_to_detection": 3370.8465995264864,
    "false_negative_rate": 0.013557669825431199,
    "max_signal": 12.414320399167341,
    "mean_signal": 7.97529743029768,
    "signal_std": 1.7061161965072267,
    "has_noise": true
  },
  "false_negative_rate": 0.013557669825431199,
  "sclerostin_mean": 0.40852951631849393,
  "sclerostin_max": 0.4459467869672106,
  "sclerostin_min": 0.025000000000000005,
  "sclerostin_std": 0.027490710433981425,
  "metadata_file": "metadata/5e0f41b0-d203-4679-ad05-5c50d01ab2ba.json",
  "timeseries_file": "timeseries/5e0f41b0-d203-4679-ad05-5c50d01ab2ba.csv"
}