{
  "run_id": "5eaa2f5d-44f8-4bfa-be80-2069c9cd7ac2",
  "timestamp": "2026-05-17T01:58:27.436169",
  "scenario": "healthy",
  "duration": 3600.0,
  "num_points": 361,
  "environment_params": {
    "Estrogen": 1.0393434840877607,
    "PTH": 42.650797737620366,
    "k_prod_Scl": 3.8092741094693406e-06,
    "k_deg_Scl": 6.539370790954422e-05,
    "Sclerostin_bone": 0.047180214095258265,
    "k_prod_RANKL": 1.4951961578174398e-05,
    "k_deg_RANKL": 2.3108434023106453e-05,
    "RANKL_bone": 0.47328289273892915,
    "k_prod_OPG": 9.09612672669322e-05,
    "k_deg_OPG": 2.0883680076747944e-05,
    "OPG_bone": 4.6636065629165575,
    "MineralIon": 3.218844595592854,
    "k_prod_Mineral": 0.11181181238057679,
    "k_loss_Mineral": 0.03872466281385369
  },
  "biosensor_config": {
    "circuit_type": "ratiometric",
    "sensitivity": 1.043766859548057,
    "threshold": 5.247722073029014e-05,
    "dynamic_range": [
      0.0,
      18.686955998252447
    ],
    "kd": 0.5577898710252857,
    "response_type": "hill",
    "reference_kd": 0.6139606039579923,
    "ratio_exponent": 1.6925104241661582
  },
  "noise_preset": "medium",
  "noise_params": {
    "additive_sigma": 0.03,
    "multiplicative_sigma": 0.06,
    "drift_rate": 0.0002,
    "outlier_probability": 0.003,
    "outlier_magnitude": 4.0,
    "shot_noise_enabled": 0,
    "seed": null
  },
  "measurement": {
    "snr_db": 7.853409810545751,
    "n_detections": 361,
    "detection_rate": 1.0,
    "time_to_detection": 1199.9855954944114,
    "false_negative_rate": 0.017833667910640085,
    "max_signal": 1.8828298420354352,
    "mean_signal": 1.4047808072093753,
    "signal_std": 0.21968729873960252,
    "has_noise": 1
  },
  "false_negative_rate": 0.017833667910640085,
  "sclerostin_mean": 0.5030163484607606,
  "sclerostin_max": 0.5421953205494934,
  "sclerostin_min": 0.025000000000000005,
  "sclerostin_std": 0.031762800117409756,
  "metadata_file": "metadata/5eaa2f5d-44f8-4bfa-be80-2069c9cd7ac2.json",
  "timeseries_file": "timeseries/5eaa2f5d-44f8-4bfa-be80-2069c9cd7ac2.csv"
}