{
  "run_id": "5ec7e9a5-6797-4e78-bfea-a825bef588a5",
  "timestamp": "2026-05-17T02:01:36.693885",
  "scenario": "ckd_mbd",
  "duration": 3600.0,
  "num_points": 361,
  "environment_params": {
    "Estrogen": 0.7400899730380207,
    "PTH": 171.6703192026797,
    "k_prod_Scl": 1.2380426045674783e-05,
    "k_deg_Scl": 6.449183704906881e-05,
    "Sclerostin_bone": 0.15080316283404469,
    "k_prod_RANKL": 1.896747939385565e-05,
    "k_deg_RANKL": 1.8769965756828674e-05,
    "RANKL_bone": 0.9464944400400229,
    "k_prod_OPG": 0.00011206010412856418,
    "k_deg_OPG": 2.133877944595636e-05,
    "OPG_bone": 6.299331140771322,
    "MineralIon": 2.344018007397001,
    "k_prod_Mineral": 0.14346526147772642,
    "k_loss_Mineral": 0.02092966533330144
  },
  "biosensor_config": {
    "circuit_type": "direct_binding",
    "sensitivity": 14.344934619199286,
    "threshold": 0.004588554621683968,
    "dynamic_range": [
      0.0,
      19.934922763591523
    ],
    "kd": 0.15871279256741355,
    "response_type": "michaelis_menten",
    "receptor_concentration": 0.8955276681476253,
    "kon": 48668.15743918175,
    "koff": 7724.259176283078
  },
  "noise_preset": "medium",
  "noise_params": {
    "additive_sigma": 0.03,
    "multiplicative_sigma": 0.06,
    "drift_rate": 0.0002,
    "outlier_probability": 0.003,
    "outlier_magnitude": 4.0,
    "shot_noise_enabled": 0,
    "seed": null
  },
  "measurement": {
    "snr_db": 23.398808949549917,
    "n_detections": 361,
    "detection_rate": 1.0,
    "time_to_detection": 1722.295382300993,
    "false_negative_rate": 0.03447466272112573,
    "max_signal": 14.205545388703012,
    "mean_signal": 12.373275897267906,
    "signal_std": 0.7917855639889042,
    "has_noise": 1
  },
  "false_negative_rate": 0.03447466272112573,
  "sclerostin_mean": 1.6526112964224593,
  "sclerostin_max": 1.9135107947452539,
  "sclerostin_min": 0.025000000000000005,
  "sclerostin_std": 0.15698950114860505,
  "metadata_file": "metadata/5ec7e9a5-6797-4e78-bfea-a825bef588a5.json",
  "timeseries_file": "timeseries/5ec7e9a5-6797-4e78-bfea-a825bef588a5.csv"
}