{
  "run_id": "5f194eef-8f84-4be8-9c3f-a4e03400a115",
  "timestamp": "2026-01-31T04:10:31.640789",
  "scenario": "pmo",
  "duration": 3600.0,
  "num_points": 361,
  "environment_params": {
    "Estrogen": 0.14582725863599366,
    "PTH": 51.00321700032002,
    "k_prod_Scl": 6.266955373485446e-06,
    "k_prod_RANKL": 3.4037428133793086e-05,
    "k_prod_OPG": 5.60231246039624e-05,
    "Sclerostin_bone": 0.11856273730609163,
    "RANKL_bone": 0.9413159198682759,
    "OPG_bone": 1.3824456442053241
  },
  "biosensor_config": {
    "circuit_type": "direct_binding",
    "sensitivity": 4.4726403880459085,
    "threshold": 0.0015311252227712233,
    "dynamic_range": [
      0.0,
      1.9102098823868336
    ],
    "kd": 0.020414380593430755,
    "response_type": "hill",
    "receptor_concentration": 8.077658092013351,
    "kon": 15711.427722052986,
    "koff": 320.73906518416845
  },
  "noise_preset": "medium",
  "noise_params": {
    "additive_sigma": 0.03,
    "multiplicative_sigma": 0.06,
    "drift_rate": 0.0003,
    "outlier_probability": 0.003,
    "outlier_magnitude": 4.0,
    "shot_noise_enabled": false,
    "seed": null
  },
  "measurement": {
    "snr_db": 9.621856196454099,
    "n_detections": 361,
    "detection_rate": 1.0,
    "time_to_detection": 486.2859649205388,
    "false_negative_rate": 0.11177544174530447,
    "max_signal": 3.2267281415498226,
    "mean_signal": 2.4477397792123607,
    "signal_std": 0.33037446948425936,
    "has_noise": true
  },
  "false_negative_rate": 0.11177544174530447,
  "sclerostin_mean": 1.3952139384001734,
  "sclerostin_max": 1.7260407638645425,
  "sclerostin_min": 0.025000000000000005,
  "sclerostin_std": 0.18281535011604122,
  "metadata_file": "metadata/5f194eef-8f84-4be8-9c3f-a4e03400a115.json",
  "timeseries_file": "timeseries/5f194eef-8f84-4be8-9c3f-a4e03400a115.csv"
}