{
  "run_id": "5f3a24c4-e2be-4887-ac03-0410726ddd66",
  "timestamp": "2026-01-31T04:10:04.651952",
  "scenario": "healthy",
  "duration": 3600.0,
  "num_points": 361,
  "environment_params": {
    "Estrogen": 0.725132289947306,
    "PTH": 54.21628414586606,
    "k_prod_Scl": 4.58428332039746e-06,
    "k_prod_RANKL": 1.610591680704236e-05,
    "k_prod_OPG": 0.00011535448089243325,
    "Sclerostin_bone": 0.053868313519627946,
    "RANKL_bone": 0.8589784956550048,
    "OPG_bone": 8.28132102005373
  },
  "biosensor_config": {
    "circuit_type": "ratiometric",
    "sensitivity": 1.1120986600901805,
    "threshold": 0.005415159646335765,
    "dynamic_range": [
      0.0,
      12.260372935817305
    ],
    "kd": 0.09290372418706516,
    "response_type": "hill",
    "reference_kd": 0.12760569398585575,
    "ratio_exponent": 1.3784074858524349
  },
  "noise_preset": "medium",
  "noise_params": {
    "additive_sigma": 0.03,
    "multiplicative_sigma": 0.06,
    "drift_rate": 0.0003,
    "outlier_probability": 0.003,
    "outlier_magnitude": 4.0,
    "shot_noise_enabled": false,
    "seed": null
  },
  "measurement": {
    "snr_db": 4.84214055630477,
    "n_detections": 361,
    "detection_rate": 1.0,
    "time_to_detection": 5685.487786864729,
    "false_negative_rate": 0.09131409945651688,
    "max_signal": 2.2628313145048575,
    "mean_signal": 1.6643251353842525,
    "signal_std": 0.317209800324897,
    "has_noise": true
  },
  "false_negative_rate": 0.09131409945651688,
  "sclerostin_mean": 0.6003772807462768,
  "sclerostin_max": 0.6857375762807523,
  "sclerostin_min": 0.025000000000000005,
  "sclerostin_std": 0.05260145169615359,
  "metadata_file": "metadata/5f3a24c4-e2be-4887-ac03-0410726ddd66.json",
  "timeseries_file": "timeseries/5f3a24c4-e2be-4887-ac03-0410726ddd66.csv"
}