{
  "run_id": "6212e8d4-587c-45c8-af78-bac005eb4384",
  "timestamp": "2026-01-31T04:10:49.145623",
  "scenario": "pmo",
  "duration": 3600.0,
  "num_points": 361,
  "environment_params": {
    "Estrogen": 0.17999340489696217,
    "PTH": 62.06856796993336,
    "k_prod_Scl": 5.907910495485057e-06,
    "k_prod_RANKL": 3.804865139717906e-05,
    "k_prod_OPG": 2.943219394073018e-05,
    "Sclerostin_bone": 0.10260365514470793,
    "RANKL_bone": 0.5069961769993547,
    "OPG_bone": 1.4314161051721104
  },
  "biosensor_config": {
    "circuit_type": "amplifying",
    "sensitivity": 16.6941343309855,
    "threshold": 3.836413134407953e-05,
    "dynamic_range": [
      0.0,
      6.12902549157402
    ],
    "kd": 0.21992365500665773,
    "response_type": "michaelis_menten",
    "receptor_concentration": 1.6719327951677445,
    "enzyme_concentration": 22.778712835798625,
    "amplification_gain": 2258.8208042475235,
    "response_time": 286.20123734926614
  },
  "noise_preset": "medium",
  "noise_params": {
    "additive_sigma": 0.03,
    "multiplicative_sigma": 0.06,
    "drift_rate": 0.0003,
    "outlier_probability": 0.003,
    "outlier_magnitude": 4.0,
    "shot_noise_enabled": false,
    "seed": null
  },
  "measurement": {
    "snr_db": 18.57970850087152,
    "n_detections": 360,
    "detection_rate": 0.997229916897507,
    "time_to_detection": 2388.6263276088985,
    "false_negative_rate": 0.04272989189623384,
    "max_signal": 7.912475439932361,
    "mean_signal": 6.632908065405469,
    "signal_std": 0.6080184332140388,
    "has_noise": true
  },
  "false_negative_rate": 0.04272989189623384,
  "sclerostin_mean": 1.2261531636515506,
  "sclerostin_max": 1.534018167700214,
  "sclerostin_min": 0.025000000000000005,
  "sclerostin_std": 0.1687343202943493,
  "metadata_file": "metadata/6212e8d4-587c-45c8-af78-bac005eb4384.json",
  "timeseries_file": "timeseries/6212e8d4-587c-45c8-af78-bac005eb4384.csv"
}