{
  "run_id": "6316bf42-26cf-446a-919c-a2766bb92c7e",
  "timestamp": "2026-01-31T04:09:58.530869",
  "scenario": "pmo",
  "duration": 3600.0,
  "num_points": 361,
  "environment_params": {
    "Estrogen": 0.14162942053175986,
    "PTH": 46.75512131815983,
    "k_prod_Scl": 4.667886294560248e-06,
    "k_prod_RANKL": 3.935004771329989e-05,
    "k_prod_OPG": 4.960662401509964e-05,
    "Sclerostin_bone": 0.16868712675759281,
    "RANKL_bone": 1.2623861993056498,
    "OPG_bone": 1.4672173993480173
  },
  "biosensor_config": {
    "circuit_type": "threshold",
    "sensitivity": 1.1206473446413334,
    "threshold": 0.01793039700882667,
    "dynamic_range": [
      0.0,
      8.634654756637095
    ],
    "kd": 3.6740114721766677,
    "response_type": "hill",
    "hill_coefficient": 6.906673058667173,
    "off_level": 0.05126981334930506,
    "on_level": 7.270110448357618
  },
  "noise_preset": "medium",
  "noise_params": {
    "additive_sigma": 0.03,
    "multiplicative_sigma": 0.06,
    "drift_rate": 0.0003,
    "outlier_probability": 0.003,
    "outlier_magnitude": 4.0,
    "shot_noise_enabled": false,
    "seed": null
  },
  "measurement": {
    "snr_db": -14.691073885697143,
    "n_detections": 360,
    "detection_rate": 0.997229916897507,
    "time_to_detection": 360.01999456556786,
    "false_negative_rate": 0.17050744701554804,
    "max_signal": 1.2998212681101324,
    "mean_signal": 0.6540591698667523,
    "signal_std": 0.34082802276544233,
    "has_noise": true
  },
  "false_negative_rate": 0.17050744701554804,
  "sclerostin_mean": 1.8121523914189113,
  "sclerostin_max": 2.056371366271675,
  "sclerostin_min": 0.025000000000000005,
  "sclerostin_std": 0.1547123381020776,
  "metadata_file": "metadata/6316bf42-26cf-446a-919c-a2766bb92c7e.json",
  "timeseries_file": "timeseries/6316bf42-26cf-446a-919c-a2766bb92c7e.csv"
}