{
  "run_id": "64578f8b-aff0-4b01-b2e3-a107b30fbfcf",
  "timestamp": "2026-01-31T04:10:04.102006",
  "scenario": "ckd_mbd",
  "duration": 3600.0,
  "num_points": 361,
  "environment_params": {
    "Estrogen": 0.5240522254034781,
    "PTH": 374.4577448661302,
    "k_prod_Scl": 1.4740026268223571e-05,
    "k_deg_Scl": 3.227836803432821e-05,
    "k_prod_RANKL": 1.5342945552775512e-05,
    "k_prod_OPG": 6.41132939486664e-05,
    "Sclerostin_bone": 0.3688515939823822,
    "RANKL_bone": 1.2653492999380245,
    "OPG_bone": 4.295928282162686,
    "MineralIon": 1.8542072254938589,
    "k_prod_Mineral": 0.15585732944082106
  },
  "biosensor_config": {
    "circuit_type": "direct_binding",
    "sensitivity": 5.909092106102346,
    "threshold": 3.085536443847882e-05,
    "dynamic_range": [
      0.0,
      12.10595884141119
    ],
    "kd": 0.3677650645737169,
    "response_type": "michaelis_menten",
    "receptor_concentration": 4.457153649126736,
    "kon": 80311.51386074159,
    "koff": 29535.769081008588
  },
  "noise_preset": "medium",
  "noise_params": {
    "additive_sigma": 0.03,
    "multiplicative_sigma": 0.06,
    "drift_rate": 0.0003,
    "outlier_probability": 0.003,
    "outlier_magnitude": 4.0,
    "shot_noise_enabled": false,
    "seed": null
  },
  "measurement": {
    "snr_db": 17.572854398190827,
    "n_detections": 361,
    "detection_rate": 1.0,
    "time_to_detection": 1129.6491741643729,
    "false_negative_rate": 0.009937740280291811,
    "max_signal": 7.095814464700364,
    "mean_signal": 5.964790948179579,
    "signal_std": 0.49040037979020845,
    "has_noise": true
  },
  "false_negative_rate": 0.009937740280291811,
  "sclerostin_mean": 3.919159802017892,
  "sclerostin_max": 4.431355028453567,
  "sclerostin_min": 0.025000000000000005,
  "sclerostin_std": 0.32916121202821896,
  "metadata_file": "metadata/64578f8b-aff0-4b01-b2e3-a107b30fbfcf.json",
  "timeseries_file": "timeseries/64578f8b-aff0-4b01-b2e3-a107b30fbfcf.csv"
}