{
  "run_id": "65e22252-3288-4803-bbc7-093f5e4cc3ad",
  "timestamp": "2026-01-31T04:10:49.592714",
  "scenario": "ckd_mbd",
  "duration": 3600.0,
  "num_points": 361,
  "environment_params": {
    "Estrogen": 0.6834667857524219,
    "PTH": 310.8055805995685,
    "k_prod_Scl": 1.0569015968476729e-05,
    "k_deg_Scl": 3.4082131454206715e-05,
    "k_prod_RANKL": 2.378362502845868e-05,
    "k_prod_OPG": 6.851805318518164e-05,
    "Sclerostin_bone": 0.176122769391381,
    "RANKL_bone": 1.043682374342096,
    "OPG_bone": 6.112296049179794,
    "MineralIon": 3.425184197323208,
    "k_prod_Mineral": 0.19826165825158215
  },
  "biosensor_config": {
    "circuit_type": "ratiometric",
    "sensitivity": 5.790343895673191,
    "threshold": 0.007251141766965301,
    "dynamic_range": [
      0.0,
      13.678860803382609
    ],
    "kd": 3.5623453876400712,
    "response_type": "hill",
    "reference_kd": 0.007688541486997854,
    "ratio_exponent": 1.968838096313044
  },
  "noise_preset": "medium",
  "noise_params": {
    "additive_sigma": 0.03,
    "multiplicative_sigma": 0.06,
    "drift_rate": 0.0003,
    "outlier_probability": 0.003,
    "outlier_magnitude": 4.0,
    "shot_noise_enabled": false,
    "seed": null
  },
  "measurement": {
    "snr_db": 18.28686225928894,
    "n_detections": 361,
    "detection_rate": 1.0,
    "time_to_detection": 2197.4413294951846,
    "false_negative_rate": 0.046367056647551336,
    "max_signal": 7.671778180572908,
    "mean_signal": 6.315835104067397,
    "signal_std": 0.4704019263701271,
    "has_noise": true
  },
  "false_negative_rate": 0.046367056647551336,
  "sclerostin_mean": 1.8989021920814944,
  "sclerostin_max": 2.164503597407066,
  "sclerostin_min": 0.025000000000000005,
  "sclerostin_std": 0.16617698552726995,
  "metadata_file": "metadata/65e22252-3288-4803-bbc7-093f5e4cc3ad.json",
  "timeseries_file": "timeseries/65e22252-3288-4803-bbc7-093f5e4cc3ad.csv"
}