{
  "run_id": "6656ae6a-6ec2-4b7c-b282-39274552de41",
  "timestamp": "2026-05-17T01:40:42.100574",
  "scenario": "healthy",
  "duration": 3600.0,
  "num_points": 361,
  "environment_params": {
    "Estrogen": 0.8072936580041525,
    "PTH": 31.065328953483338,
    "k_prod_Scl": 3.887376694232541e-06,
    "k_deg_Scl": 8.148019351680973e-05,
    "Sclerostin_bone": 0.05743051907684987,
    "k_prod_RANKL": 9.777568605317596e-06,
    "k_deg_RANKL": 2.3704682039136152e-05,
    "RANKL_bone": 0.4086328017186073,
    "k_prod_OPG": 8.709720861137456e-05,
    "k_deg_OPG": 1.6376009730687976e-05,
    "OPG_bone": 3.4067144755369987,
    "MineralIon": 2.347162222620111,
    "k_prod_Mineral": 0.12373469197452935,
    "k_loss_Mineral": 0.06389913935288094
  },
  "biosensor_config": {
    "circuit_type": "ratiometric",
    "sensitivity": 18.226888470598258,
    "threshold": 0.00026903075708847434,
    "dynamic_range": [
      0.0,
      3.8314665637451464
    ],
    "kd": 0.024817374588689926,
    "response_type": "linear",
    "reference_kd": 0.44717023622852203,
    "ratio_exponent": 0.4123123774171249
  },
  "biosensor_type": "ratiometric",
  "noise_preset": "low",
  "noise_params": {
    "additive_sigma": 0.005,
    "multiplicative_sigma": 0.01,
    "drift_rate": 2e-05,
    "outlier_probability": 0.0002,
    "outlier_magnitude": 2.0,
    "shot_noise_enabled": false,
    "seed": null
  },
  "measurement": {
    "snr_db": 36.72955898258411,
    "n_detections": 361,
    "detection_rate": 1.0,
    "time_to_detection": 82.59413020685035,
    "false_negative_rate": 0.004804256471546891,
    "max_signal": 3.998052841510588,
    "mean_signal": 3.8661930016760095,
    "signal_std": 0.04371890663638318,
    "has_noise": true
  },
  "signal_to_noise_ratio_SNR": 36.72955898258411,
  "time_to_detection_threshold": 82.59413020685035,
  "false_negative_rate": 0.004804256471546891,
  "dynamic_range_of_output": 0.0,
  "sclerostin_mean": 0.6133417459921034,
  "sclerostin_max": 0.6699888010767147,
  "sclerostin_min": 0.025000000000000005,
  "sclerostin_std": 0.041854474488515994,
  "sclerostin_change": 