{
  "run_id": "669ec040-fa4a-4638-a353-bbc511487017",
  "timestamp": "2026-05-17T01:40:41.446454",
  "scenario": "pmo",
  "duration": 3600.0,
  "num_points": 361,
  "environment_params": {
    "Estrogen": 0.2433156344490342,
    "PTH": 81.01239670001051,
    "k_prod_Scl": 6.929427012410147e-06,
    "k_deg_Scl": 6.921345259024493e-05,
    "Sclerostin_bone": 0.1298297050666763,
    "k_prod_RANKL": 1.822551135563486e-05,
    "k_deg_RANKL": 1.7471985226021804e-05,
    "RANKL_bone": 1.0040354364115363,
    "k_prod_OPG": 6.975817394923797e-05,
    "k_deg_OPG": 2.5361923674402498e-05,
    "OPG_bone": 6.228711341194422,
    "MineralIon": 2.044570387129213,
    "k_prod_Mineral": 0.1059065764543046,
    "k_loss_Mineral": 0.07776117149400041
  },
  "biosensor_config": {
    "circuit_type": "threshold",
    "sensitivity": 23.989554285180787,
    "threshold": 0.0026473037005129763,
    "dynamic_range": [
      0.0,
      16.282372462312843
    ],
    "kd": 0.10699022470865631,
    "response_type": "linear",
    "hill_coefficient": 6.859247376232299,
    "off_level": 0.6676225909847371,
    "on_level": 12.583183369844955
  },
  "biosensor_type": "threshold",
  "noise_preset": "medium",
  "noise_params": {
    "additive_sigma": 0.03,
    "multiplicative_sigma": 0.06,
    "drift_rate": 0.0002,
    "outlier_probability": 0.003,
    "outlier_magnitude": 4.0,
    "shot_noise_enabled": false,
    "seed": null
  },
  "measurement": {
    "snr_db": 23.62954770002364,
    "n_detections": 361,
    "detection_rate": 1.0,
    "time_to_detection": 2008.2856740714974,
    "false_negative_rate": 0.052578338327587265,
    "max_signal": 14.839256300520582,
    "mean_signal": 12.866492147566452,
    "signal_std": 0.9983127408823558,
    "has_noise": true
  },
  "signal_to_noise_ratio_SNR": 23.62954770002364,
  "time_to_detection_threshold": 2008.2856740714974,
  "false_negative_rate": 0.052578338327587265,
  "dynamic_range_of_output": 0.0,
  "sclerostin_mean": 1.5085625087895271,
  "sclerostin_max": 1.8480419130322419,
  "sclerostin_min": 0.025000000000000005,
  "sclerostin_std": 0.18906265630682084,
  "sclerostin_change": 