{
  "run_id": "66a225c5-0335-44bf-ad9d-03223d7019dd",
  "timestamp": "2026-05-17T01:40:40.316644",
  "scenario": "ckd_mbd",
  "duration": 3600.0,
  "num_points": 361,
  "environment_params": {
    "Estrogen": 0.5687396941749756,
    "PTH": 250.3906942899926,
    "k_prod_Scl": 1.3498385520640771e-05,
    "k_deg_Scl": 4.987372771833665e-05,
    "Sclerostin_bone": 0.12556553198782355,
    "k_prod_RANKL": 1.8081322977330578e-05,
    "k_deg_RANKL": 1.763478741709147e-05,
    "RANKL_bone": 0.6199680736551689,
    "k_prod_OPG": 0.00011574297755772206,
    "k_deg_OPG": 2.2968945167467968e-05,
    "OPG_bone": 4.462526536788684,
    "MineralIon": 3.189795790402406,
    "k_prod_Mineral": 0.21008834542655408,
    "k_loss_Mineral": 0.018486548067685488
  },
  "biosensor_config": {
    "circuit_type": "ratiometric",
    "sensitivity": 8.203547523742992,
    "threshold": 6.99692211433772e-05,
    "dynamic_range": [
      0.0,
      10.53726567530234
    ],
    "kd": 0.782476665468404,
    "response_type": "hill",
    "reference_kd": 2.70743288800947,
    "ratio_exponent": 0.9631223454902236
  },
  "biosensor_type": "ratiometric",
  "noise_preset": "medium",
  "noise_params": {
    "additive_sigma": 0.03,
    "multiplicative_sigma": 0.06,
    "drift_rate": 0.0002,
    "outlier_probability": 0.003,
    "outlier_magnitude": 4.0,
    "shot_noise_enabled": false,
    "seed": null
  },
  "measurement": {
    "snr_db": 21.761186121387524,
    "n_detections": 361,
    "detection_rate": 1.0,
    "time_to_detection": 3051.6004172642015,
    "false_negative_rate": 0.0485778976281794,
    "max_signal": 10.37313214440114,
    "mean_signal": 8.557886612949655,
    "signal_std": 0.5682852255214753,
    "has_noise": true
  },
  "signal_to_noise_ratio_SNR": 21.761186121387524,
  "time_to_detection_threshold": 3051.6004172642015,
  "false_negative_rate": 0.0485778976281794,
  "dynamic_range_of_output": 0.0,
  "sclerostin_mean": 1.5223554046393768,
  "sclerostin_max": 1.9372318669032411,
  "sclerostin_min": 0.025000000000000005,
  "sclerostin_std": 0.2252259218124686,
  "sclerostin_change": 