{
  "run_id": "673248bf-808c-4e90-b05f-1693486a192d",
  "timestamp": "2026-01-31T04:10:25.870669",
  "scenario": "pmo",
  "duration": 3600.0,
  "num_points": 361,
  "environment_params": {
    "Estrogen": 0.1451443283152479,
    "PTH": 53.81351802355024,
    "k_prod_Scl": 5.795179244474989e-06,
    "k_prod_RANKL": 2.936555038259764e-05,
    "k_prod_OPG": 4.626864173361486e-05,
    "Sclerostin_bone": 0.13945223087599581,
    "RANKL_bone": 1.642473762193541,
    "OPG_bone": 1.9081537441424516
  },
  "biosensor_config": {
    "circuit_type": "amplifying",
    "sensitivity": 0.7871241400657507,
    "threshold": 0.0006995090745015229,
    "dynamic_range": [
      0.0,
      19.782816529937886
    ],
    "kd": 0.04575051259989891,
    "response_type": "hill",
    "receptor_concentration": 0.5646813046961653,
    "enzyme_concentration": 17.620158384093028,
    "amplification_gain": 4388.269375590786,
    "response_time": 164.45122461235522
  },
  "noise_preset": "medium",
  "noise_params": {
    "additive_sigma": 0.03,
    "multiplicative_sigma": 0.06,
    "drift_rate": 0.0003,
    "outlier_probability": 0.003,
    "outlier_magnitude": 4.0,
    "shot_noise_enabled": false,
    "seed": null
  },
  "measurement": {
    "snr_db": 2.0170307600833195,
    "n_detections": 361,
    "detection_rate": 1.0,
    "time_to_detection": 4425.664567122172,
    "false_negative_rate": 0.13415908585100486,
    "max_signal": 1.92713286848254,
    "mean_signal": 1.3250339719333994,
    "signal_std": 0.31719745476631245,
    "has_noise": true
  },
  "false_negative_rate": 0.13415908585100486,
  "sclerostin_mean": 1.579015429167892,
  "sclerostin_max": 1.8875780610719817,
  "sclerostin_min": 0.025000000000000005,
  "sclerostin_std": 0.17638664068159673,
  "metadata_file": "metadata/673248bf-808c-4e90-b05f-1693486a192d.json",
  "timeseries_file": "timeseries/673248bf-808c-4e90-b05f-1693486a192d.csv"
}