{
  "run_id": "686460c2-7fe1-4b69-bded-b4aebf1e6cad",
  "timestamp": "2026-01-31T04:10:31.711004",
  "scenario": "pmo",
  "duration": 3600.0,
  "num_points": 361,
  "environment_params": {
    "Estrogen": 0.15396182629437355,
    "PTH": 73.3770549727072,
    "k_prod_Scl": 8.421594389228303e-06,
    "k_prod_RANKL": 2.283284121526719e-05,
    "k_prod_OPG": 5.4322427811492536e-05,
    "Sclerostin_bone": 0.07419857489451534,
    "RANKL_bone": 0.9716198128530456,
    "OPG_bone": 1.0877754078662187
  },
  "biosensor_config": {
    "circuit_type": "threshold",
    "sensitivity": 4.1145210943928285,
    "threshold": 0.0018706985005496393,
    "dynamic_range": [
      0.0,
      13.722909442821113
    ],
    "kd": 0.010289507085507585,
    "response_type": "michaelis_menten",
    "hill_coefficient": 5.9044180389251135,
    "off_level": 0.21467107197432111,
    "on_level": 24.108601301515723
  },
  "noise_preset": "medium",
  "noise_params": {
    "additive_sigma": 0.03,
    "multiplicative_sigma": 0.06,
    "drift_rate": 0.0003,
    "outlier_probability": 0.003,
    "outlier_magnitude": 4.0,
    "shot_noise_enabled": false,
    "seed": null
  },
  "measurement": {
    "snr_db": 22.506028740806133,
    "n_detections": 361,
    "detection_rate": 1.0,
    "time_to_detection": 773.6981312941534,
    "false_negative_rate": 0.0,
    "max_signal": 17.235242821988315,
    "mean_signal": 14.281546102608168,
    "signal_std": 0.8633929290585567,
    "has_noise": true
  },
  "false_negative_rate": 0.0,
  "sclerostin_mean": 1.066206685339529,
  "sclerostin_max": 1.529612830982972,
  "sclerostin_min": 0.025000000000000005,
  "sclerostin_std": 0.24292054532732382,
  "metadata_file": "metadata/686460c2-7fe1-4b69-bded-b4aebf1e6cad.json",
  "timeseries_file": "timeseries/686460c2-7fe1-4b69-bded-b4aebf1e6cad.csv"
}