{
  "run_id": "68d6ec1d-fc71-4063-b610-61988cac7902",
  "timestamp": "2026-01-31T04:09:50.171617",
  "scenario": "ckd_mbd",
  "duration": 3600.0,
  "num_points": 361,
  "environment_params": {
    "Estrogen": 0.4036174695207661,
    "PTH": 517.2260251071579,
    "k_prod_Scl": 1.4369919949796595e-05,
    "k_deg_Scl": 3.846086371994931e-05,
    "k_prod_RANKL": 1.8666947640844095e-05,
    "k_prod_OPG": 7.932928791362645e-05,
    "Sclerostin_bone": 0.19238771313876926,
    "RANKL_bone": 0.9654273530874833,
    "OPG_bone": 4.647768789973552,
    "MineralIon": 3.555742690791396,
    "k_prod_Mineral": 0.15742402507259382
  },
  "biosensor_config": {
    "circuit_type": "ratiometric",
    "sensitivity": 27.295179996876715,
    "threshold": 0.0036596027571830685,
    "dynamic_range": [
      0.0,
      0.7900953543259173
    ],
    "kd": 0.08259979858628518,
    "response_type": "hill",
    "reference_kd": 0.053108033478130846,
    "ratio_exponent": 0.8040232067326147
  },
  "noise_preset": "high",
  "noise_params": {
    "additive_sigma": 0.1,
    "multiplicative_sigma": 0.2,
    "drift_rate": 0.001,
    "outlier_probability": 0.01,
    "outlier_magnitude": 10.0,
    "shot_noise_enabled": true,
    "seed": null
  },
  "measurement": {
    "snr_db": -8.432057553349907,
    "n_detections": 361,
    "detection_rate": 1.0,
    "time_to_detection": 4004.415728034767,
    "false_negative_rate": 0.13068886511474365,
    "max_signal": 4.823333243836558,
    "mean_signal": 2.585032478611649,
    "signal_std": 1.0625239574597412,
    "has_noise": true
  },
  "false_negative_rate": 0.13068886511474365,
  "sclerostin_mean": 2.3247253435935624,
  "sclerostin_max": 2.9668313220078657,
  "sclerostin_min": 0.025000000000000005,
  "sclerostin_std": 0.34833617970402836,
  "metadata_file": "metadata/68d6ec1d-fc71-4063-b610-61988cac7902.json",
  "timeseries_file": "timeseries/68d6ec1d-fc71-4063-b610-61988cac7902.csv"
}