{
  "run_id": "6942d112-b06e-47d5-89f4-b49e6b0b3e13",
  "timestamp": "2026-01-31T04:10:15.734262",
  "scenario": "pmo",
  "duration": 3600.0,
  "num_points": 361,
  "environment_params": {
    "Estrogen": 0.22166226782729592,
    "PTH": 86.68571241496025,
    "k_prod_Scl": 5.765665387102443e-06,
    "k_prod_RANKL": 2.735655873940008e-05,
    "k_prod_OPG": 6.501075589037906e-05,
    "Sclerostin_bone": 0.07089519157612051,
    "RANKL_bone": 0.7427220923079305,
    "OPG_bone": 2.197841456463345
  },
  "biosensor_config": {
    "circuit_type": "amplifying",
    "sensitivity": 3.956083216491024,
    "threshold": 6.67287671506705e-05,
    "dynamic_range": [
      0.0,
      8.681178291400995
    ],
    "kd": 0.11374085251669062,
    "response_type": "linear",
    "receptor_concentration": 1.8055215779531628,
    "enzyme_concentration": 15.81073527386319,
    "amplification_gain": 2414.032490606139,
    "response_time": 235.73507343790263
  },
  "noise_preset": "low",
  "noise_params": {
    "additive_sigma": 0.005,
    "multiplicative_sigma": 0.01,
    "drift_rate": 2e-05,
    "outlier_probability": 0.0002,
    "outlier_magnitude": 2.0,
    "shot_noise_enabled": false,
    "seed": null
  },
  "measurement": {
    "snr_db": 39.36715962310171,
    "n_detections": 361,
    "detection_rate": 1.0,
    "time_to_detection": 1172.1241675584733,
    "false_negative_rate": 0.016699869263826814,
    "max_signal": 8.936898746913492,
    "mean_signal": 8.686166821786914,
    "signal_std": 0.4657386267896409,
    "has_noise": true
  },
  "false_negative_rate": 0.016699869263826814,
  "sclerostin_mean": 0.9152378134390945,
  "sclerostin_max": 1.2124915179251046,
  "sclerostin_min": 0.025000000000000005,
  "sclerostin_std": 0.15853241183888997,
  "metadata_file": "metadata/6942d112-b06e-47d5-89f4-b49e6b0b3e13.json",
  "timeseries_file": "timeseries/6942d112-b06e-47d5-89f4-b49e6b0b3e13.csv"
}