{
  "run_id": "6951f2f6-6814-4023-a394-cfdaf28e6758",
  "timestamp": "2026-05-17T01:48:50.882373",
  "scenario": "ckd_mbd",
  "duration": 3600.0,
  "num_points": 361,
  "environment_params": {
    "Estrogen": 0.4315721823805393,
    "PTH": 208.29480996526064,
    "k_prod_Scl": 1.1881120154699148e-05,
    "k_deg_Scl": 6.448726781251574e-05,
    "Sclerostin_bone": 0.22769227958526608,
    "k_prod_RANKL": 1.5261891455394903e-05,
    "k_deg_RANKL": 2.1260326865210045e-05,
    "RANKL_bone": 1.0694382921185603,
    "k_prod_OPG": 9.819861066651002e-05,
    "k_deg_OPG": 1.517052878862911e-05,
    "OPG_bone": 5.9842685040248105,
    "MineralIon": 4.455422107200244,
    "k_prod_Mineral": 0.14046459570263584,
    "k_loss_Mineral": 0.017249473667369362
  },
  "biosensor_config": {
    "circuit_type": "amplifying",
    "sensitivity": 1.5959133075055718,
    "threshold": 0.0007417752463842978,
    "dynamic_range": [
      0.0,
      5.394850148884596
    ],
    "kd": 0.7363762601913109,
    "response_type": "hill",
    "receptor_concentration": 1.150667028999041,
    "enzyme_concentration": 24.683812369980277,
    "amplification_gain": 7641.38948337129,
    "response_time": 279.9525787201599
  },
  "noise_preset": "medium",
  "noise_params": {
    "additive_sigma": 0.03,
    "multiplicative_sigma": 0.06,
    "drift_rate": 0.0002,
    "outlier_probability": 0.003,
    "outlier_magnitude": 4.0,
    "shot_noise_enabled": 0,
    "seed": null
  },
  "measurement": {
    "snr_db": 11.44845234297426,
    "n_detections": 361,
    "detection_rate": 1.0,
    "time_to_detection": 1406.273305735818,
    "false_negative_rate": 0.04053271757161608,
    "max_signal": 2.4845806789841265,
    "mean_signal": 1.9514743903135623,
    "signal_std": 0.24985340139524215,
    "has_noise": 1
  },
  "false_negative_rate": 0.04053271757161608,
  "sclerostin_mean": 2.536417764159506,
  "sclerostin_max": 3.004629065484504,
  "sclerostin_min": 0.025000000000000005,
  "sclerostin_std": 0.27116313192885294,
  "metadata_file": "metadata/6951f2f6-6814-4023-a394-cfdaf28e6758.json",
  "timeseries_file": "timeseries/6951f2f6-6814-4023-a394-cfdaf28e6758.csv"
}