{
  "run_id": "69514803-3688-47c3-a80e-3a19e191bfb5",
  "timestamp": "2026-01-31T04:11:08.345399",
  "scenario": "ckd_mbd",
  "duration": 3600.0,
  "num_points": 361,
  "environment_params": {
    "Estrogen": 0.5460052011673171,
    "PTH": 381.91479631952296,
    "k_prod_Scl": 1.9144142883166157e-05,
    "k_deg_Scl": 4.623059329928743e-05,
    "k_prod_RANKL": 1.9463693884909478e-05,
    "k_prod_OPG": 8.064849621551597e-05,
    "Sclerostin_bone": 0.34862526778111363,
    "RANKL_bone": 0.5520973882862279,
    "OPG_bone": 3.7113854859155766,
    "MineralIon": 3.9314573549673706,
    "k_prod_Mineral": 0.16682069782918035
  },
  "biosensor_config": {
    "circuit_type": "direct_binding",
    "sensitivity": 136.39145234495658,
    "threshold": 0.0016488125999269108,
    "dynamic_range": [
      0.0,
      8.838490415583658
    ],
    "kd": 0.02094571937331606,
    "response_type": "hill",
    "receptor_concentration": 5.336506670954476,
    "kon": 136054.56987549138,
    "koff": 2849.7608400692634
  },
  "noise_preset": "medium",
  "noise_params": {
    "additive_sigma": 0.03,
    "multiplicative_sigma": 0.06,
    "drift_rate": 0.0003,
    "outlier_probability": 0.003,
    "outlier_magnitude": 4.0,
    "shot_noise_enabled": false,
    "seed": null
  },
  "measurement": {
    "snr_db": 20.810262719028078,
    "n_detections": 361,
    "detection_rate": 1.0,
    "time_to_detection": 3373.2912841208035,
    "false_negative_rate": 0.0,
    "max_signal": 11.304136215323027,
    "mean_signal": 9.353379505774212,
    "signal_std": 0.6189672104740819,
    "has_noise": true
  },
  "false_negative_rate": 0.0,
  "sclerostin_mean": 3.8117016906426957,
  "sclerostin_max": 4.444720470802957,
  "sclerostin_min": 0.025000000000000005,
  "sclerostin_std": 0.3767146252808404,
  "metadata_file": "metadata/69514803-3688-47c3-a80e-3a19e191bfb5.json",
  "timeseries_file": "timeseries/69514803-3688-47c3-a80e-3a19e191bfb5.csv"
}