{
  "run_id": "6962d75a-df41-474b-b1be-3831b9b29aae",
  "timestamp": "2026-05-17T01:40:37.994575",
  "scenario": "pmo",
  "duration": 3600.0,
  "num_points": 361,
  "environment_params": {
    "Estrogen": 0.3388320464312246,
    "PTH": 44.956799462067934,
    "k_prod_Scl": 6.3095053779203706e-06,
    "k_deg_Scl": 7.978266212319922e-05,
    "Sclerostin_bone": 0.07011541756676162,
    "k_prod_RANKL": 1.9449410333738192e-05,
    "k_deg_RANKL": 1.6567470376151497e-05,
    "RANKL_bone": 0.5925621607864671,
    "k_prod_OPG": 8.185521330872875e-05,
    "k_deg_OPG": 2.2938207766469295e-05,
    "OPG_bone": 3.5856321586490716,
    "MineralIon": 2.369178862842314,
    "k_prod_Mineral": 0.08894525951293437,
    "k_loss_Mineral": 0.07050469907199573
  },
  "biosensor_config": {
    "circuit_type": "ratiometric",
    "sensitivity": 11.013439088417115,
    "threshold": 0.020917171759473635,
    "dynamic_range": [
      0.0,
      9.653904982708863
    ],
    "kd": 1.491817652178559,
    "response_type": "hill",
    "reference_kd": 0.6597925368000253,
    "ratio_exponent": 2.4444923991718954
  },
  "biosensor_type": "ratiometric",
  "noise_preset": "medium",
  "noise_params": {
    "additive_sigma": 0.03,
    "multiplicative_sigma": 0.06,
    "drift_rate": 0.0002,
    "outlier_probability": 0.003,
    "outlier_magnitude": 4.0,
    "shot_noise_enabled": false,
    "seed": null
  },
  "measurement": {
    "snr_db": 22.159169905614515,
    "n_detections": 361,
    "detection_rate": 1.0,
    "time_to_detection": 3220.7350222151026,
    "false_negative_rate": 0.007936057926399539,
    "max_signal": 12.072024569458451,
    "mean_signal": 10.043535467428521,
    "signal_std": 0.6442556660067701,
    "has_noise": true
  },
  "signal_to_noise_ratio_SNR": 22.159169905614515,
  "time_to_detection_threshold": 3220.7350222151026,
  "false_negative_rate": 0.007936057926399539,
  "dynamic_range_of_output": 0.0,
  "sclerostin_mean": 0.8672469005658044,
  "sclerostin_max": 1.1084845628949274,
  "sclerostin_min": 0.025000000000000005,
  "sclerostin_std": 0.1304491874043952,
  "sclerostin_change": 