{
  "run_id": "698e8071-62ae-47b3-8806-84b5b1779b88",
  "timestamp": "2026-05-17T01:48:47.067112",
  "scenario": "healthy",
  "duration": 3600.0,
  "num_points": 361,
  "environment_params": {
    "Estrogen": 1.1196315822824547,
    "PTH": 27.56615729214871,
    "k_prod_Scl": 4.742184152191164e-06,
    "k_deg_Scl": 7.764019096377533e-05,
    "Sclerostin_bone": 0.054074450019677874,
    "k_prod_RANKL": 1.1393738306738289e-05,
    "k_deg_RANKL": 1.6139747689205772e-05,
    "RANKL_bone": 0.6272635374359273,
    "k_prod_OPG": 0.00010321510346019268,
    "k_deg_OPG": 1.9351626280632648e-05,
    "OPG_bone": 3.9829617478628023,
    "MineralIon": 2.4079985704190903,
    "k_prod_Mineral": 0.10612238857035279,
    "k_loss_Mineral": 0.060169578160521944
  },
  "biosensor_config": {
    "circuit_type": "amplifying",
    "sensitivity": 0.8873444576313835,
    "threshold": 0.00017616685817508525,
    "dynamic_range": [
      0.0,
      19.348529374577176
    ],
    "kd": 1.3394427714338066,
    "response_type": "hill",
    "receptor_concentration": 2.4097226896119577,
    "enzyme_concentration": 5.517079205572867,
    "amplification_gain": 7751.109342700251,
    "response_time": 167.9342647318617
  },
  "noise_preset": "high",
  "noise_params": {
    "additive_sigma": 0.08,
    "multiplicative_sigma": 0.12,
    "drift_rate": 0.0004,
    "outlier_probability": 0.005,
    "outlier_magnitude": 6.0,
    "shot_noise_enabled": 0,
    "seed": null
  },
  "measurement": {
    "snr_db": 0.45470027979093974,
    "n_detections": 360,
    "detection_rate": 0.997229916897507,
    "time_to_detection": 611.0208555304771,
    "false_negative_rate": 0.01516712218150708,
    "max_signal": 2.565525318025696,
    "mean_signal": 1.6061162638920237,
    "signal_std": 0.43897066088836606,
    "has_noise": 1
  },
  "false_negative_rate": 0.01516712218150708,
  "sclerostin_mean": 0.5699412633613212,
  "sclerostin_max": 0.6107556810907877,
  "sclerostin_min": 0.025000000000000005,
  "sclerostin_std": 0.0350259392066329,
  "metadata_file": "metadata/698e8071-62ae-47b3-8806-84b5b1779b88.json",
  "timeseries_file": "timeseries/698e8071-62ae-47b3-8806-84b5b1779b88.csv"
}