{
  "run_id": "6abbdbb6-5df9-4d44-8c9b-d6590484dc5a",
  "timestamp": "2026-01-31T04:09:56.410964",
  "scenario": "healthy",
  "duration": 3600.0,
  "num_points": 361,
  "environment_params": {
    "Estrogen": 0.5707617275811664,
    "PTH": 56.96390769013941,
    "k_prod_Scl": 4.869266904495099e-06,
    "k_prod_RANKL": 1.04895703505709e-05,
    "k_prod_OPG": 9.591564371336831e-05,
    "Sclerostin_bone": 0.05183865131608091,
    "RANKL_bone": 0.8271290653561855,
    "OPG_bone": 4.417345964157395
  },
  "biosensor_config": {
    "circuit_type": "ratiometric",
    "sensitivity": 14.423608248976109,
    "threshold": 0.0005430730438446404,
    "dynamic_range": [
      0.0,
      0.7677532645224125
    ],
    "kd": 0.05145638551569673,
    "response_type": "hill",
    "reference_kd": 2.7874246523342983,
    "ratio_exponent": 1.957046436654061
  },
  "noise_preset": "low",
  "noise_params": {
    "additive_sigma": 0.005,
    "multiplicative_sigma": 0.01,
    "drift_rate": 2e-05,
    "outlier_probability": 0.0002,
    "outlier_magnitude": 2.0,
    "shot_noise_enabled": false,
    "seed": null
  },
  "measurement": {
    "snr_db": 24.98942376219513,
    "n_detections": 361,
    "detection_rate": 1.0,
    "time_to_detection": 566.601569920686,
    "false_negative_rate": 0.012033657094573528,
    "max_signal": 0.8632713889172935,
    "mean_signal": 0.8044886964711493,
    "signal_std": 0.022782490613507112,
    "has_noise": true
  },
  "false_negative_rate": 0.012033657094573528,
  "sclerostin_mean": 0.6080555867080197,
  "sclerostin_max": 0.7311164791313626,
  "sclerostin_min": 0.025000000000000005,
  "sclerostin_std": 0.06951586435072069,
  "metadata_file": "metadata/6abbdbb6-5df9-4d44-8c9b-d6590484dc5a.json",
  "timeseries_file": "timeseries/6abbdbb6-5df9-4d44-8c9b-d6590484dc5a.csv"
}