{
  "run_id": "6adfd707-45ed-4a44-a858-831621db088d",
  "timestamp": "2026-01-31T04:10:51.059343",
  "scenario": "pmo",
  "duration": 3600.0,
  "num_points": 361,
  "environment_params": {
    "Estrogen": 0.15768242115841863,
    "PTH": 62.34568765087003,
    "k_prod_Scl": 5.237283326622397e-06,
    "k_prod_RANKL": 3.531954947373141e-05,
    "k_prod_OPG": 5.0142923545317325e-05,
    "Sclerostin_bone": 0.13176958360219412,
    "RANKL_bone": 1.1244875363326763,
    "OPG_bone": 2.01040102442731
  },
  "biosensor_config": {
    "circuit_type": "amplifying",
    "sensitivity": 9.450343832257449,
    "threshold": 0.006488243173276008,
    "dynamic_range": [
      0.0,
      16.439967475277978
    ],
    "kd": 0.3016115917042184,
    "response_type": "michaelis_menten",
    "receptor_concentration": 0.14632422320518992,
    "enzyme_concentration": 28.795320805922547,
    "amplification_gain": 3838.881852846239,
    "response_time": 241.08024003761105
  },
  "noise_preset": "medium",
  "noise_params": {
    "additive_sigma": 0.03,
    "multiplicative_sigma": 0.06,
    "drift_rate": 0.0003,
    "outlier_probability": 0.003,
    "outlier_magnitude": 4.0,
    "shot_noise_enabled": false,
    "seed": null
  },
  "measurement": {
    "snr_db": 21.197233845897546,
    "n_detections": 360,
    "detection_rate": 0.997229916897507,
    "time_to_detection": 3206.203750263106,
    "false_negative_rate": 0.02022612066038104,
    "max_signal": 11.859856085244537,
    "mean_signal": 9.9252629657488,
    "signal_std": 0.8353282462932397,
    "has_noise": true
  },
  "false_negative_rate": 0.02022612066038104,
  "sclerostin_mean": 1.4852423863169835,
  "sclerostin_max": 1.7656078814610265,
  "sclerostin_min": 0.025000000000000005,
  "sclerostin_std": 0.16138835238826593,
  "metadata_file": "metadata/6adfd707-45ed-4a44-a858-831621db088d.json",
  "timeseries_file": "timeseries/6adfd707-45ed-4a44-a858-831621db088d.csv"
}