{
  "run_id": "6b32cf2b-397e-4a2b-b886-cbb8f5b850ac",
  "timestamp": "2026-01-31T04:10:54.242952",
  "scenario": "ckd_mbd",
  "duration": 3600.0,
  "num_points": 361,
  "environment_params": {
    "Estrogen": 0.9784804856397749,
    "PTH": 272.63153922441194,
    "k_prod_Scl": 1.488277419154038e-05,
    "k_deg_Scl": 3.7802618959900927e-05,
    "k_prod_RANKL": 2.3273148749159e-05,
    "k_prod_OPG": 8.747377032292591e-05,
    "Sclerostin_bone": 0.21929494388236562,
    "RANKL_bone": 0.7760917858111414,
    "OPG_bone": 7.329227501095593,
    "MineralIon": 3.793140584623581,
    "k_prod_Mineral": 0.14241287885959045
  },
  "biosensor_config": {
    "circuit_type": "threshold",
    "sensitivity": 1.6322218893870062,
    "threshold": 0.0010017455265607681,
    "dynamic_range": [
      0.0,
      12.222481653653373
    ],
    "kd": 0.11722627751254933,
    "response_type": "hill",
    "hill_coefficient": 2.993442856652301,
    "off_level": 0.7838540732933146,
    "on_level": 20.654501223608754
  },
  "noise_preset": "medium",
  "noise_params": {
    "additive_sigma": 0.03,
    "multiplicative_sigma": 0.06,
    "drift_rate": 0.0003,
    "outlier_probability": 0.003,
    "outlier_magnitude": 4.0,
    "shot_noise_enabled": false,
    "seed": null
  },
  "measurement": {
    "snr_db": 22.108208257116075,
    "n_detections": 361,
    "detection_rate": 1.0,
    "time_to_detection": 2704.28881848462,
    "false_negative_rate": 0.017198230603431668,
    "max_signal": 15.313674558150002,
    "mean_signal": 12.765558010698905,
    "signal_std": 0.9845769361703998,
    "has_noise": true
  },
  "false_negative_rate": 0.017198230603431668,
  "sclerostin_mean": 2.2785721579499203,
  "sclerostin_max": 2.498198070628109,
  "sclerostin_min": 0.025000000000000005,
  "sclerostin_std": 0.16147198324739742,
  "metadata_file": "metadata/6b32cf2b-397e-4a2b-b886-cbb8f5b850ac.json",
  "timeseries_file": "timeseries/6b32cf2b-397e-4a2b-b886-cbb8f5b850ac.csv"
}