{
  "run_id": "6c09b328-75a4-4d19-bc4f-f60cbcf28b90",
  "timestamp": "2026-01-31T04:10:22.607415",
  "scenario": "ckd_mbd",
  "duration": 3600.0,
  "num_points": 361,
  "environment_params": {
    "Estrogen": 0.5853889633064369,
    "PTH": 512.7169780453015,
    "k_prod_Scl": 1.4608771586364504e-05,
    "k_deg_Scl": 3.801251263488866e-05,
    "k_prod_RANKL": 1.6803244453941235e-05,
    "k_prod_OPG": 7.003206217459187e-05,
    "Sclerostin_bone": 0.2775199668770351,
    "RANKL_bone": 0.7102724101667492,
    "OPG_bone": 4.454257935168465,
    "MineralIon": 1.331209207818669,
    "k_prod_Mineral": 0.17113933550493893
  },
  "biosensor_config": {
    "circuit_type": "amplifying",
    "sensitivity": 2.8832496219471206,
    "threshold": 0.0004071168606853074,
    "dynamic_range": [
      0.0,
      10.84689653899409
    ],
    "kd": 0.05169693672833351,
    "response_type": "michaelis_menten",
    "receptor_concentration": 4.795208553980898,
    "enzyme_concentration": 6.965250239919782,
    "amplification_gain": 3015.1504005134934,
    "response_time": 494.0080486178191
  },
  "noise_preset": "medium",
  "noise_params": {
    "additive_sigma": 0.03,
    "multiplicative_sigma": 0.06,
    "drift_rate": 0.0003,
    "outlier_probability": 0.003,
    "outlier_magnitude": 4.0,
    "shot_noise_enabled": false,
    "seed": null
  },
  "measurement": {
    "snr_db": 12.840779369753792,
    "n_detections": 361,
    "detection_rate": 1.0,
    "time_to_detection": 577.6466227293919,
    "false_negative_rate": 0.07700310515967208,
    "max_signal": 4.3279780346613785,
    "mean_signal": 3.428033342803686,
    "signal_std": 0.3962900831830484,
    "has_noise": true
  },
  "false_negative_rate": 0.07700310515967208,
  "sclerostin_mean": 3.004131173804407,
  "sclerostin_max": 3.4587924586192753,
  "sclerostin_min": 0.025000000000000005,
  "sclerostin_std": 0.2777543926492207,
  "metadata_file": "metadata/6c09b328-75a4-4d19-bc4f-f60cbcf28b90.json",
  "timeseries_file": "timeseries/6c09b328-75a4-4d19-bc4f-f60cbcf28b90.csv"
}