{
  "run_id": "6c35d41c-b8d6-4501-94f2-8fabda4f7d5f",
  "timestamp": "2026-01-31T04:09:59.820771",
  "scenario": "pmo",
  "duration": 3600.0,
  "num_points": 361,
  "environment_params": {
    "Estrogen": 0.12186288133553502,
    "PTH": 45.51358195168817,
    "k_prod_Scl": 7.893791148529368e-06,
    "k_prod_RANKL": 3.637342148199936e-05,
    "k_prod_OPG": 6.378993140846013e-05,
    "Sclerostin_bone": 0.17816516972604984,
    "RANKL_bone": 1.712512124388359,
    "OPG_bone": 2.1187729783129416
  },
  "biosensor_config": {
    "circuit_type": "amplifying",
    "sensitivity": 0.19085596217301168,
    "threshold": 6.976300206358864e-05,
    "dynamic_range": [
      0.0,
      14.503041056179924
    ],
    "kd": 1.3802325643121187,
    "response_type": "hill",
    "receptor_concentration": 4.301164771691247,
    "enzyme_concentration": 6.291011957028085,
    "amplification_gain": 2442.926754582833,
    "response_time": 253.53101612474723
  },
  "noise_preset": "medium",
  "noise_params": {
    "additive_sigma": 0.03,
    "multiplicative_sigma": 0.06,
    "drift_rate": 0.0003,
    "outlier_probability": 0.003,
    "outlier_magnitude": 4.0,
    "shot_noise_enabled": false,
    "seed": null
  },
  "measurement": {
    "snr_db": -10.29649231634594,
    "n_detections": 361,
    "detection_rate": 1.0,
    "time_to_detection": 3412.5999566421083,
    "false_negative_rate": 0.14624646983627942,
    "max_signal": 1.282510418648767,
    "mean_signal": 0.72939157490207,
    "signal_std": 0.3146116481552291,
    "has_noise": true
  },
  "false_negative_rate": 0.14624646983627942,
  "sclerostin_mean": 2.028630331934127,
  "sclerostin_max": 2.448176419330165,
  "sclerostin_min": 0.025000000000000005,
  "sclerostin_std": 0.23733377232973923,
  "metadata_file": "metadata/6c35d41c-b8d6-4501-94f2-8fabda4f7d5f.json",
  "timeseries_file": "timeseries/6c35d41c-b8d6-4501-94f2-8fabda4f7d5f.csv"
}