{
  "run_id": "6c7928e8-9001-4538-b00a-c0d035ead3f3",
  "timestamp": "2026-05-17T02:01:42.404197",
  "scenario": "pmo",
  "duration": 3600.0,
  "num_points": 361,
  "environment_params": {
    "Estrogen": 0.2444408813828613,
    "PTH": 53.28317342555272,
    "k_prod_Scl": 9.99462961744776e-06,
    "k_deg_Scl": 8.956367740093744e-05,
    "Sclerostin_bone": 0.06988403054239414,
    "k_prod_RANKL": 2.303861872897138e-05,
    "k_deg_RANKL": 2.027244675584906e-05,
    "RANKL_bone": 0.5801760987527042,
    "k_prod_OPG": 8.784407133487962e-05,
    "k_deg_OPG": 2.257932140159304e-05,
    "OPG_bone": 4.426017379036547,
    "MineralIon": 2.1736438645441334,
    "k_prod_Mineral": 0.0985986318279304,
    "k_loss_Mineral": 0.05195845438906236
  },
  "biosensor_config": {
    "circuit_type": "direct_binding",
    "sensitivity": 1.3464863606030912,
    "threshold": 0.008362812830110795,
    "dynamic_range": [
      0.0,
      12.224973630407654
    ],
    "kd": 1.2345284538014862,
    "response_type": "linear",
    "receptor_concentration": 4.926976237172365,
    "kon": 39147.101337160195,
    "koff": 48328.21048457447
  },
  "noise_preset": "medium",
  "noise_params": {
    "additive_sigma": 0.03,
    "multiplicative_sigma": 0.06,
    "drift_rate": 0.0002,
    "outlier_probability": 0.003,
    "outlier_magnitude": 4.0,
    "shot_noise_enabled": 0,
    "seed": null
  },
  "measurement": {
    "snr_db": 15.931296395402386,
    "n_detections": 361,
    "detection_rate": 1.0,
    "time_to_detection": 1936.7328566210244,
    "false_negative_rate": 0.058754891959966346,
    "max_signal": 4.877236887325712,
    "mean_signal": 3.346134266056328,
    "signal_std": 0.641407983636808,
    "has_noise": 1
  },
  "false_negative_rate": 0.058754891959966346,
  "sclerostin_mean": 1.02282446636843,
  "sclerostin_max": 1.4835911167481355,
  "sclerostin_min": 0.025000000000000005,
  "sclerostin_std": 0.24117943765342478,
  "metadata_file": "metadata/6c7928e8-9001-4538-b00a-c0d035ead3f3.json",
  "timeseries_file": "timeseries/6c7928e8-9001-4538-b00a-c0d035ead3f3.csv"
}