{
  "run_id": "6c95a8cf-29d9-494a-8bb6-fa2ed36b31cd",
  "timestamp": "2026-01-31T04:09:59.638263",
  "scenario": "pmo",
  "duration": 3600.0,
  "num_points": 361,
  "environment_params": {
    "Estrogen": 0.165763503214526,
    "PTH": 45.29785033302476,
    "k_prod_Scl": 5.36189691126097e-06,
    "k_prod_RANKL": 2.874228882065804e-05,
    "k_prod_OPG": 4.27154043213914e-05,
    "Sclerostin_bone": 0.08330399306735342,
    "RANKL_bone": 0.8157106213535843,
    "OPG_bone": 4.069538063984215
  },
  "biosensor_config": {
    "circuit_type": "direct_binding",
    "sensitivity": 0.1314287376413272,
    "threshold": 6.368985039291198e-05,
    "dynamic_range": [
      0.0,
      9.166213802291649
    ],
    "kd": 0.03443500641944132,
    "response_type": "hill",
    "receptor_concentration": 0.07139947762359798,
    "kon": 101434.60399569706,
    "koff": 3492.9012397453166
  },
  "noise_preset": "medium",
  "noise_params": {
    "additive_sigma": 0.03,
    "multiplicative_sigma": 0.06,
    "drift_rate": 0.0003,
    "outlier_probability": 0.003,
    "outlier_magnitude": 4.0,
    "shot_noise_enabled": false,
    "seed": null
  },
  "measurement": {
    "snr_db": -15.509266582447118,
    "n_detections": 361,
    "detection_rate": 1.0,
    "time_to_detection": 8125.9030496217,
    "false_negative_rate": 0.17826030097814874,
    "max_signal": 1.2410250084863699,
    "mean_signal": 0.647374726614787,
    "signal_std": 0.31499796528656515,
    "has_noise": true
  },
  "false_negative_rate": 0.17826030097814874,
  "sclerostin_mean": 1.0161168948745931,
  "sclerostin_max": 1.288559791791927,
  "sclerostin_min": 0.025000000000000005,
  "sclerostin_std": 0.14803848494293043,
  "metadata_file": "metadata/6c95a8cf-29d9-494a-8bb6-fa2ed36b31cd.json",
  "timeseries_file": "timeseries/6c95a8cf-29d9-494a-8bb6-fa2ed36b31cd.csv"
}