{
  "run_id": "6cf93016-83be-4965-80e1-de0ffc425cfb",
  "timestamp": "2026-01-31T04:10:14.718896",
  "scenario": "pmo",
  "duration": 3600.0,
  "num_points": 361,
  "environment_params": {
    "Estrogen": 0.11470576158607668,
    "PTH": 74.34406819153625,
    "k_prod_Scl": 5.969532978191685e-06,
    "k_prod_RANKL": 2.1725372587413907e-05,
    "k_prod_OPG": 8.119042764688524e-05,
    "Sclerostin_bone": 0.09103549797729556,
    "RANKL_bone": 2.2751287196810424,
    "OPG_bone": 3.770799493041229
  },
  "biosensor_config": {
    "circuit_type": "direct_binding",
    "sensitivity": 0.9610071978795216,
    "threshold": 4.3348398315172104e-05,
    "dynamic_range": [
      0.0,
      4.699867639013711
    ],
    "kd": 2.0534979547731242,
    "response_type": "hill",
    "receptor_concentration": 9.897526765501127,
    "kon": 78679.6306326247,
    "koff": 161568.46058639968
  },
  "noise_preset": "medium",
  "noise_params": {
    "additive_sigma": 0.03,
    "multiplicative_sigma": 0.06,
    "drift_rate": 0.0003,
    "outlier_probability": 0.003,
    "outlier_magnitude": 4.0,
    "shot_noise_enabled": false,
    "seed": null
  },
  "measurement": {
    "snr_db": 1.2295797922755998,
    "n_detections": 361,
    "detection_rate": 1.0,
    "time_to_detection": 5608.322825382055,
    "false_negative_rate": 0.1344626360204884,
    "max_signal": 1.9433939292489457,
    "mean_signal": 1.245580228839832,
    "signal_std": 0.35348958183194845,
    "has_noise": true
  },
  "false_negative_rate": 0.1344626360204884,
  "sclerostin_mean": 1.1397735458295044,
  "sclerostin_max": 1.481566792340464,
  "sclerostin_min": 0.025000000000000005,
  "sclerostin_std": 0.18362945523500454,
  "metadata_file": "metadata/6cf93016-83be-4965-80e1-de0ffc425cfb.json",
  "timeseries_file": "timeseries/6cf93016-83be-4965-80e1-de0ffc425cfb.csv"
}