{
  "run_id": "6d3d6ad3-c292-4480-8410-4e0357a0adc0",
  "timestamp": "2026-01-31T04:10:53.381810",
  "scenario": "ckd_mbd",
  "duration": 3600.0,
  "num_points": 361,
  "environment_params": {
    "Estrogen": 1.1607125308664745,
    "PTH": 337.0446477360119,
    "k_prod_Scl": 2.2301769379796108e-05,
    "k_deg_Scl": 3.880822324390505e-05,
    "k_prod_RANKL": 1.7112538634376852e-05,
    "k_prod_OPG": 0.00010357086283358514,
    "Sclerostin_bone": 0.210132162543873,
    "RANKL_bone": 0.5044541292687331,
    "OPG_bone": 4.010340533936006,
    "MineralIon": 5.683733188330205,
    "k_prod_Mineral": 0.16158950044221576
  },
  "biosensor_config": {
    "circuit_type": "amplifying",
    "sensitivity": 0.5649593642350534,
    "threshold": 6.621659690705913e-05,
    "dynamic_range": [
      0.0,
      3.133404595909158
    ],
    "kd": 1.9319233850424748,
    "response_type": "hill",
    "receptor_concentration": 3.3720349646876757,
    "enzyme_concentration": 27.729508055785903,
    "amplification_gain": 4878.119322813223,
    "response_time": 447.12312331127606
  },
  "noise_preset": "high",
  "noise_params": {
    "additive_sigma": 0.1,
    "multiplicative_sigma": 0.2,
    "drift_rate": 0.001,
    "outlier_probability": 0.01,
    "outlier_magnitude": 10.0,
    "shot_noise_enabled": true,
    "seed": null
  },
  "measurement": {
    "snr_db": -11.335263265377243,
    "n_detections": 361,
    "detection_rate": 1.0,
    "time_to_detection": 4063.6116460624057,
    "false_negative_rate": 0.003432660776847567,
    "max_signal": 4.246911909427252,
    "mean_signal": 2.3611193399859602,
    "signal_std": 1.0503376104252014,
    "has_noise": true
  },
  "false_negative_rate": 0.003432660776847567,
  "sclerostin_mean": 2.2144167052845707,
  "sclerostin_max": 2.466756976554855,
  "sclerostin_min": 0.025000000000000005,
  "sclerostin_std": 0.17107996801666353,
  "metadata_file": "metadata/6d3d6ad3-c292-4480-8410-4e0357a0adc0.json",
  "timeseries_file": "timeseries/6d3d6ad3-c292-4480-8410-4e0357a0adc0.csv"
}