{
  "run_id": "6d54a3a5-887c-4ceb-8138-5bcf632d293a",
  "timestamp": "2026-01-31T04:11:01.185202",
  "scenario": "ckd_mbd",
  "duration": 3600.0,
  "num_points": 361,
  "environment_params": {
    "Estrogen": 0.8878140835937044,
    "PTH": 331.0833410846718,
    "k_prod_Scl": 1.7032171929424987e-05,
    "k_deg_Scl": 3.489677198210106e-05,
    "k_prod_RANKL": 2.004981219318804e-05,
    "k_prod_OPG": 0.00011777141287823347,
    "Sclerostin_bone": 0.21866185989284587,
    "RANKL_bone": 0.6846246229078319,
    "OPG_bone": 2.507526743085654,
    "MineralIon": 3.6621492328427214,
    "k_prod_Mineral": 0.19802429016714765
  },
  "biosensor_config": {
    "circuit_type": "amplifying",
    "sensitivity": 12.195076884852822,
    "threshold": 0.0014088914102734675,
    "dynamic_range": [
      0.0,
      2.5735384200896987
    ],
    "kd": 0.10205988201936661,
    "response_type": "hill",
    "receptor_concentration": 3.173695990241087,
    "enzyme_concentration": 27.74519877227113,
    "amplification_gain": 3626.3732365138944,
    "response_time": 362.9917967386759
  },
  "noise_preset": "medium",
  "noise_params": {
    "additive_sigma": 0.03,
    "multiplicative_sigma": 0.06,
    "drift_rate": 0.0003,
    "outlier_probability": 0.003,
    "outlier_magnitude": 4.0,
    "shot_noise_enabled": false,
    "seed": null
  },
  "measurement": {
    "snr_db": 12.09490773687092,
    "n_detections": 361,
    "detection_rate": 1.0,
    "time_to_detection": 4748.886579879366,
    "false_negative_rate": 0.008816951736272415,
    "max_signal": 4.088797594545374,
    "mean_signal": 3.097183260543574,
    "signal_std": 0.38886634701214,
    "has_noise": true
  },
  "false_negative_rate": 0.008816951736272415,
  "sclerostin_mean": 2.328037457529353,
  "sclerostin_max": 2.6248027202253104,
  "sclerostin_min": 0.025000000000000005,
  "sclerostin_std": 0.19218090222342185,
  "metadata_file": "metadata/6d54a3a5-887c-4ceb-8138-5bcf632d293a.json",
  "timeseries_file": "timeseries/6d54a3a5-887c-4ceb-8138-5bcf632d293a.csv"
}