{
  "run_id": "6d7adf6c-c8a2-4a18-a2de-36072ca3fcf8",
  "timestamp": "2026-05-17T01:54:28.500972",
  "scenario": "ckd_mbd",
  "duration": 3600.0,
  "num_points": 361,
  "environment_params": {
    "Estrogen": 0.7024962056075487,
    "PTH": 255.59412493928465,
    "k_prod_Scl": 1.2422184825786732e-05,
    "k_deg_Scl": 6.71665553750503e-05,
    "Sclerostin_bone": 0.16873910835170927,
    "k_prod_RANKL": 1.7640729238188245e-05,
    "k_deg_RANKL": 1.861301741855581e-05,
    "RANKL_bone": 1.1949042122025797,
    "k_prod_OPG": 7.794655206921649e-05,
    "k_deg_OPG": 1.8939568485055267e-05,
    "OPG_bone": 7.021649570838111,
    "MineralIon": 7.003679603893825,
    "k_prod_Mineral": 0.12365978051178456,
    "k_loss_Mineral": 0.020224735787682628
  },
  "biosensor_config": {
    "circuit_type": "direct_binding",
    "sensitivity": 3.5926543439986527,
    "threshold": 0.002204487108554494,
    "dynamic_range": [
      0.0,
      11.744683836743386
    ],
    "kd": 0.5642119088593559,
    "response_type": "linear",
    "receptor_concentration": 0.5582479291400577,
    "kon": 677073.5823343188,
    "koff": 382012.9783270883
  },
  "noise_preset": "high",
  "noise_params": {
    "additive_sigma": 0.08,
    "multiplicative_sigma": 0.12,
    "drift_rate": 0.0004,
    "outlier_probability": 0.005,
    "outlier_magnitude": 6.0,
    "shot_noise_enabled": 0,
    "seed": null
  },
  "measurement": {
    "snr_db": 4.974321337928985,
    "n_detections": 361,
    "detection_rate": 1.0,
    "time_to_detection": 4119.253570211467,
    "false_negative_rate": 0.06703705388772285,
    "max_signal": 3.3283029299188103,
    "mean_signal": 2.268360998889104,
    "signal_std": 0.49028401198194826,
    "has_noise": 1
  },
  "false_negative_rate": 0.06703705388772285,
  "sclerostin_mean": 1.846356044006081,
  "sclerostin_max": 2.1384479421795586,
  "sclerostin_min": 0.025000000000000005,
  "sclerostin_std": 0.17572716871381144,
  "metadata_file": "metadata/6d7adf6c-c8a2-4a18-a2de-36072ca3fcf8.json",
  "timeseries_file": "timeseries/6d7adf6c-c8a2-4a18-a2de-36072ca3fcf8.csv"
}