{
  "run_id": "6d8a8e3f-f4e7-40cb-af6a-6e094babb9ad",
  "timestamp": "2026-05-17T01:48:42.941034",
  "scenario": "pmo",
  "duration": 3600.0,
  "num_points": 361,
  "environment_params": {
    "Estrogen": 0.3905643387381409,
    "PTH": 45.80465818550117,
    "k_prod_Scl": 6.4771002598137915e-06,
    "k_deg_Scl": 6.990230499194131e-05,
    "Sclerostin_bone": 0.09416104844711169,
    "k_prod_RANKL": 1.5339560885905104e-05,
    "k_deg_RANKL": 1.8604050233602427e-05,
    "RANKL_bone": 0.7609647809808597,
    "k_prod_OPG": 6.777923659689194e-05,
    "k_deg_OPG": 1.4225991927927698e-05,
    "OPG_bone": 3.2075473177603575,
    "MineralIon": 3.120082724801998,
    "k_prod_Mineral": 0.0990372657814298,
    "k_loss_Mineral": 0.0529915736042506
  },
  "biosensor_config": {
    "circuit_type": "threshold",
    "sensitivity": 19.209550957645824,
    "threshold": 0.00038275666000932193,
    "dynamic_range": [
      0.0,
      11.08798685613473
    ],
    "kd": 2.614885346787243,
    "response_type": "hill",
    "hill_coefficient": 4.409707898385067,
    "off_level": 0.6508938157837761,
    "on_level": 24.51015877459524
  },
  "noise_preset": "low",
  "noise_params": {
    "additive_sigma": 0.005,
    "multiplicative_sigma": 0.01,
    "drift_rate": 2e-05,
    "outlier_probability": 0.0002,
    "outlier_magnitude": 2.0,
    "shot_noise_enabled": 0,
    "seed": null
  },
  "measurement": {
    "snr_db": 28.71230618602899,
    "n_detections": 361,
    "detection_rate": 1.0,
    "time_to_detection": 1760.5021092762142,
    "false_negative_rate": 0.011655747581602365,
    "max_signal": 1.8119692682402702,
    "mean_signal": 1.2133642293171003,
    "signal_std": 0.2636227923647111,
    "has_noise": 1
  },
  "false_negative_rate": 0.011655747581602365,
  "sclerostin_mean": 1.0853879723271498,
  "sclerostin_max": 1.3103220356264338,
  "sclerostin_min": 0.025000000000000005,
  "sclerostin_std": 0.12688668217219232,
  "metadata_file": "metadata/6d8a8e3f-f4e7-40cb-af6a-6e094babb9ad.json",
  "timeseries_file": "timeseries/6d8a8e3f-f4e7-40cb-af6a-6e094babb9ad.csv"
}