{
  "run_id": "6da39219-7d73-4136-844d-117ddda20482",
  "timestamp": "2026-01-31T04:10:56.109288",
  "scenario": "healthy",
  "duration": 3600.0,
  "num_points": 361,
  "environment_params": {
    "Estrogen": 0.5400236485772861,
    "PTH": 44.7662139213888,
    "k_prod_Scl": 3.5893898116653464e-06,
    "k_prod_RANKL": 9.362692610192712e-06,
    "k_prod_OPG": 9.746984841836506e-05,
    "Sclerostin_bone": 0.06811509937976572,
    "RANKL_bone": 0.3819158546351588,
    "OPG_bone": 5.5802260959157275
  },
  "biosensor_config": {
    "circuit_type": "amplifying",
    "sensitivity": 25.582491614222988,
    "threshold": 0.00014870395420717088,
    "dynamic_range": [
      0.0,
      0.749954891116452
    ],
    "kd": 0.035957217023157795,
    "response_type": "michaelis_menten",
    "receptor_concentration": 3.7855133595006407,
    "enzyme_concentration": 6.1971363279514184,
    "amplification_gain": 2649.312807004287,
    "response_time": 336.83732844711255
  },
  "noise_preset": "medium",
  "noise_params": {
    "additive_sigma": 0.03,
    "multiplicative_sigma": 0.06,
    "drift_rate": 0.0003,
    "outlier_probability": 0.003,
    "outlier_magnitude": 4.0,
    "shot_noise_enabled": false,
    "seed": null
  },
  "measurement": {
    "snr_db": 1.4893277022241602,
    "n_detections": 360,
    "detection_rate": 0.997229916897507,
    "time_to_detection": 2341.0287877926144,
    "false_negative_rate": 0.00974842157716754,
    "max_signal": 1.9742846174775777,
    "mean_signal": 1.2902497947985936,
    "signal_std": 0.3281539081996437,
    "has_noise": true
  },
  "false_negative_rate": 0.00974842157716754,
  "sclerostin_mean": 0.7423968131395213,
  "sclerostin_max": 0.8358340816281945,
  "sclerostin_min": 0.025000000000000005,
  "sclerostin_std": 0.06025064932210824,
  "metadata_file": "metadata/6da39219-7d73-4136-844d-117ddda20482.json",
  "timeseries_file": "timeseries/6da39219-7d73-4136-844d-117ddda20482.csv"
}