{
  "run_id": "6dafb89f-87ce-4e52-9d15-63581190bf08",
  "timestamp": "2026-01-31T04:10:06.850679",
  "scenario": "pmo",
  "duration": 3600.0,
  "num_points": 361,
  "environment_params": {
    "Estrogen": 0.14683481122255268,
    "PTH": 32.27294662648388,
    "k_prod_Scl": 7.04309656448045e-06,
    "k_prod_RANKL": 3.678807384750938e-05,
    "k_prod_OPG": 4.662458370924361e-05,
    "Sclerostin_bone": 0.07574674054569186,
    "RANKL_bone": 1.4834112640875758,
    "OPG_bone": 1.7903103225084442
  },
  "biosensor_config": {
    "circuit_type": "threshold",
    "sensitivity": 2.908992091907641,
    "threshold": 0.002583482972691549,
    "dynamic_range": [
      0.0,
      10.079230133716498
    ],
    "kd": 0.0961085828473561,
    "response_type": "hill",
    "hill_coefficient": 1.5267672246090107,
    "off_level": 0.9121260102990042,
    "on_level": 27.67889523814624
  },
  "noise_preset": "medium",
  "noise_params": {
    "additive_sigma": 0.03,
    "multiplicative_sigma": 0.06,
    "drift_rate": 0.0003,
    "outlier_probability": 0.003,
    "outlier_magnitude": 4.0,
    "shot_noise_enabled": false,
    "seed": null
  },
  "measurement": {
    "snr_db": 21.43069485121558,
    "n_detections": 361,
    "detection_rate": 1.0,
    "time_to_detection": 3119.4208590037756,
    "false_negative_rate": 0.024418987251236157,
    "max_signal": 12.455168811971031,
    "mean_signal": 10.63990973792228,
    "signal_std": 0.717140709751678,
    "has_noise": true
  },
  "false_negative_rate": 0.024418987251236157,
  "sclerostin_mean": 1.0004992411207243,
  "sclerostin_max": 1.35201154181311,
  "sclerostin_min": 0.025000000000000005,
  "sclerostin_std": 0.18642294620071506,
  "metadata_file": "metadata/6dafb89f-87ce-4e52-9d15-63581190bf08.json",
  "timeseries_file": "timeseries/6dafb89f-87ce-4e52-9d15-63581190bf08.csv"
}