{
  "run_id": "6e4d73f5-f7bc-439d-a95c-6fed7b61c0e3",
  "timestamp": "2026-01-31T04:09:57.723300",
  "scenario": "pmo",
  "duration": 3600.0,
  "num_points": 361,
  "environment_params": {
    "Estrogen": 0.23983702460073753,
    "PTH": 71.56055218286005,
    "k_prod_Scl": 8.362994401954814e-06,
    "k_prod_RANKL": 3.210890628049524e-05,
    "k_prod_OPG": 4.87366625297867e-05,
    "Sclerostin_bone": 0.12937163243673158,
    "RANKL_bone": 2.868629227263805,
    "OPG_bone": 2.795154769655879
  },
  "biosensor_config": {
    "circuit_type": "direct_binding",
    "sensitivity": 2.7306242422747835,
    "threshold": 4.038165299731123e-05,
    "dynamic_range": [
      0.0,
      17.9214246613175
    ],
    "kd": 0.7389784999399301,
    "response_type": "linear",
    "receptor_concentration": 4.18878928765182,
    "kon": 83776.75811533802,
    "koff": 61909.22304190286
  },
  "noise_preset": "medium",
  "noise_params": {
    "additive_sigma": 0.03,
    "multiplicative_sigma": 0.06,
    "drift_rate": 0.0003,
    "outlier_probability": 0.003,
    "outlier_magnitude": 4.0,
    "shot_noise_enabled": false,
    "seed": null
  },
  "measurement": {
    "snr_db": 19.654939222931084,
    "n_detections": 361,
    "detection_rate": 1.0,
    "time_to_detection": 531.2637956376949,
    "false_negative_rate": 0.061315990032100316,
    "max_signal": 10.418723227573954,
    "mean_signal": 8.275526645369723,
    "signal_std": 0.8995525727478699,
    "has_noise": true
  },
  "false_negative_rate": 0.061315990032100316,
  "sclerostin_mean": 1.5539925123435785,
  "sclerostin_max": 1.9620486919360636,
  "sclerostin_min": 0.025000000000000005,
  "sclerostin_std": 0.22251167384738843,
  "metadata_file": "metadata/6e4d73f5-f7bc-439d-a95c-6fed7b61c0e3.json",
  "timeseries_file": "timeseries/6e4d73f5-f7bc-439d-a95c-6fed7b61c0e3.csv"
}