{
  "run_id": "6ec2f7ca-6020-4dd7-8605-bf30ab3677c7",
  "timestamp": "2026-01-31T04:10:43.038340",
  "scenario": "healthy",
  "duration": 3600.0,
  "num_points": 361,
  "environment_params": {
    "Estrogen": 0.5754932445290435,
    "PTH": 43.98552521758754,
    "k_prod_Scl": 4.6322520198569765e-06,
    "k_prod_RANKL": 1.0294640769283777e-05,
    "k_prod_OPG": 0.0001576931540041178,
    "Sclerostin_bone": 0.08591706210192157,
    "RANKL_bone": 0.4416306731142839,
    "OPG_bone": 5.418291634759972
  },
  "biosensor_config": {
    "circuit_type": "amplifying",
    "sensitivity": 37.71349567460132,
    "threshold": 0.0039037183495658706,
    "dynamic_range": [
      0.0,
      4.264213907837086
    ],
    "kd": 0.08707000964297935,
    "response_type": "linear",
    "receptor_concentration": 4.108149572786584,
    "enzyme_concentration": 10.562094070202994,
    "amplification_gain": 5682.272151341771,
    "response_time": 283.3687077369677
  },
  "noise_preset": "high",
  "noise_params": {
    "additive_sigma": 0.1,
    "multiplicative_sigma": 0.2,
    "drift_rate": 0.001,
    "outlier_probability": 0.01,
    "outlier_magnitude": 10.0,
    "shot_noise_enabled": true,
    "seed": null
  },
  "measurement": {
    "snr_db": 5.7378402718213195,
    "n_detections": 360,
    "detection_rate": 0.997229916897507,
    "time_to_detection": 2352.968036965832,
    "false_negative_rate": 0.014726863087503548,
    "max_signal": 9.32497562939598,
    "mean_signal": 6.037638981368264,
    "signal_std": 1.320452097684783,
    "has_noise": true
  },
  "false_negative_rate": 0.014726863087503548,
  "sclerostin_mean": 0.9263057219520359,
  "sclerostin_max": 1.0387239249526135,
  "sclerostin_min": 0.025000000000000005,
  "sclerostin_std": 0.07373284558269641,
  "metadata_file": "metadata/6ec2f7ca-6020-4dd7-8605-bf30ab3677c7.json",
  "timeseries_file": "timeseries/6ec2f7ca-6020-4dd7-8605-bf30ab3677c7.csv"
}