{
  "run_id": "6ffeca5b-01e7-4bb3-88d1-8224b8262ad1",
  "timestamp": "2026-05-17T01:54:30.728679",
  "scenario": "pmo",
  "duration": 3600.0,
  "num_points": 361,
  "environment_params": {
    "Estrogen": 0.33606119984895166,
    "PTH": 60.37825272154276,
    "k_prod_Scl": 6.444875928941948e-06,
    "k_deg_Scl": 6.953199185013479e-05,
    "Sclerostin_bone": 0.10651552846122464,
    "k_prod_RANKL": 2.0307433418761493e-05,
    "k_deg_RANKL": 1.866101249111665e-05,
    "RANKL_bone": 0.8628503433247808,
    "k_prod_OPG": 8.379837027000304e-05,
    "k_deg_OPG": 1.796255458937341e-05,
    "OPG_bone": 4.178508222296889,
    "MineralIon": 1.6420979114325236,
    "k_prod_Mineral": 0.07424635558226901,
    "k_loss_Mineral": 0.05094725975101463
  },
  "biosensor_config": {
    "circuit_type": "threshold",
    "sensitivity": 9.741560015496855,
    "threshold": 0.0007012639453297403,
    "dynamic_range": [
      0.0,
      7.359218305043079
    ],
    "kd": 1.2607170663227631,
    "response_type": "linear",
    "hill_coefficient": 4.394694871963822,
    "off_level": 0.5272589915553624,
    "on_level": 17.64209119900447
  },
  "noise_preset": "medium",
  "noise_params": {
    "additive_sigma": 0.03,
    "multiplicative_sigma": 0.06,
    "drift_rate": 0.0002,
    "outlier_probability": 0.003,
    "outlier_magnitude": 4.0,
    "shot_noise_enabled": 0,
    "seed": null
  },
  "measurement": {
    "snr_db": 21.10348904362342,
    "n_detections": 361,
    "detection_rate": 1.0,
    "time_to_detection": 2592.7264153726487,
    "false_negative_rate": 0.0373970965734325,
    "max_signal": 9.229219191411087,
    "mean_signal": 7.4013394137373,
    "signal_std": 0.9045730311819403,
    "has_noise": 1
  },
  "false_negative_rate": 0.0373970965734325,
  "sclerostin_mean": 1.2268273346218534,
  "sclerostin_max": 1.4842919623767559,
  "sclerostin_min": 0.025000000000000005,
  "sclerostin_std": 0.1449831369858272,
  "metadata_file": "metadata/6ffeca5b-01e7-4bb3-88d1-8224b8262ad1.json",
  "timeseries_file": "timeseries/6ffeca5b-01e7-4bb3-88d1-8224b8262ad1.csv"
}