{
  "run_id": "7161ae3c-0e85-407f-8978-dd7b6118a28b",
  "timestamp": "2026-05-17T01:40:39.710171",
  "scenario": "ckd_mbd",
  "duration": 3600.0,
  "num_points": 361,
  "environment_params": {
    "Estrogen": 0.46092800165436293,
    "PTH": 193.74237819068208,
    "k_prod_Scl": 1.0555628276577761e-05,
    "k_deg_Scl": 6.297647268733334e-05,
    "Sclerostin_bone": 0.15606916690727685,
    "k_prod_RANKL": 1.5694386947339055e-05,
    "k_deg_RANKL": 2.508082182733695e-05,
    "RANKL_bone": 0.6869689555608435,
    "k_prod_OPG": 0.00010239014118069599,
    "k_deg_OPG": 2.7995706020781184e-05,
    "OPG_bone": 7.783932379858254,
    "MineralIon": 3.2420018458133586,
    "k_prod_Mineral": 0.16672900617502687,
    "k_loss_Mineral": 0.015353069261263797
  },
  "biosensor_config": {
    "circuit_type": "amplifying",
    "sensitivity": 5.514425142393478,
    "threshold": 0.0012816027274291323,
    "dynamic_range": [
      0.0,
      15.001606959365168
    ],
    "kd": 0.16670862374468481,
    "response_type": "hill",
    "receptor_concentration": 4.814179593080173,
    "enzyme_concentration": 6.290712538688042,
    "amplification_gain": 522.110561599018,
    "response_time": 297.4063350071702
  },
  "biosensor_type": "amplifying",
  "noise_preset": "medium",
  "noise_params": {
    "additive_sigma": 0.03,
    "multiplicative_sigma": 0.06,
    "drift_rate": 0.0002,
    "outlier_probability": 0.003,
    "outlier_magnitude": 4.0,
    "shot_noise_enabled": false,
    "seed": null
  },
  "measurement": {
    "snr_db": 20.009817780526987,
    "n_detections": 360,
    "detection_rate": 0.997229916897507,
    "time_to_detection": 1666.1807474352238,
    "false_negative_rate": 0.045986354729949025,
    "max_signal": 6.951551281641342,
    "mean_signal": 5.872923780719524,
    "signal_std": 0.5082082093866869,
    "has_noise": true
  },
  "signal_to_noise_ratio_SNR": 20.009817780526987,
  "time_to_detection_threshold": 1666.1807474352238,
  "false_negative_rate": 0.045986354729949025,
  "dynamic_range_of_output": 0.0,
  "sclerostin_mean": 1.796007158534268,
  "sclerostin_max": 2.1863462166347203,
  "sclerostin_min": 0.025000000000000005,
  "sclerostin_std": 0.218753713965546,
  "sclerostin_change": 