{
  "run_id": "7172db8b-7601-4e8c-8b89-654ab5b92886",
  "timestamp": "2026-01-31T04:10:35.223241",
  "scenario": "ckd_mbd",
  "duration": 3600.0,
  "num_points": 361,
  "environment_params": {
    "Estrogen": 1.104245156850262,
    "PTH": 291.1637110487502,
    "k_prod_Scl": 1.5474017308736222e-05,
    "k_deg_Scl": 4.396599126396122e-05,
    "k_prod_RANKL": 1.7866375667906997e-05,
    "k_prod_OPG": 8.590698742319479e-05,
    "Sclerostin_bone": 0.15493347904839264,
    "RANKL_bone": 1.250900856692513,
    "OPG_bone": 3.179539226243783,
    "MineralIon": 6.288770137687539,
    "k_prod_Mineral": 0.17546328156341226
  },
  "biosensor_config": {
    "circuit_type": "direct_binding",
    "sensitivity": 4.094325465218093,
    "threshold": 0.0016397235500940474,
    "dynamic_range": [
      0.0,
      6.092523012194462
    ],
    "kd": 0.10223660968030479,
    "response_type": "linear",
    "receptor_concentration": 6.201738988569669,
    "kon": 54179.20167390978,
    "koff": 5539.097894326031
  },
  "noise_preset": "medium",
  "noise_params": {
    "additive_sigma": 0.03,
    "multiplicative_sigma": 0.06,
    "drift_rate": 0.0003,
    "outlier_probability": 0.003,
    "outlier_magnitude": 4.0,
    "shot_noise_enabled": false,
    "seed": null
  },
  "measurement": {
    "snr_db": 18.734609861676507,
    "n_detections": 361,
    "detection_rate": 1.0,
    "time_to_detection": 2562.9202660819883,
    "false_negative_rate": 0.00928646259650577,
    "max_signal": 7.818956366358099,
    "mean_signal": 6.614755910293693,
    "signal_std": 0.47794241629699685,
    "has_noise": true
  },
  "false_negative_rate": 0.00928646259650577,
  "sclerostin_mean": 1.640187342452386,
  "sclerostin_max": 1.8280706901062032,
  "sclerostin_min": 0.025000000000000005,
  "sclerostin_std": 0.12684481129200784,
  "metadata_file": "metadata/7172db8b-7601-4e8c-8b89-654ab5b92886.json",
  "timeseries_file": "timeseries/7172db8b-7601-4e8c-8b89-654ab5b92886.csv"
}