{
  "run_id": "71f3be45-e001-4c2e-9806-75d85a8e7274",
  "timestamp": "2026-01-31T04:10:31.816809",
  "scenario": "pmo",
  "duration": 3600.0,
  "num_points": 361,
  "environment_params": {
    "Estrogen": 0.14753790387859286,
    "PTH": 88.16349142790246,
    "k_prod_Scl": 4.928981948088721e-06,
    "k_prod_RANKL": 2.8903698374751886e-05,
    "k_prod_OPG": 3.502470769464154e-05,
    "Sclerostin_bone": 0.09035180260405422,
    "RANKL_bone": 1.1680213655597385,
    "OPG_bone": 1.5457930223849676
  },
  "biosensor_config": {
    "circuit_type": "amplifying",
    "sensitivity": 7.063095144872212,
    "threshold": 0.011378130372793597,
    "dynamic_range": [
      0.0,
      1.6553058982998223
    ],
    "kd": 0.0845208111487642,
    "response_type": "hill",
    "receptor_concentration": 4.341147199517431,
    "enzyme_concentration": 17.82317126673371,
    "amplification_gain": 2949.0459167951863,
    "response_time": 70.31916011340584
  },
  "noise_preset": "medium",
  "noise_params": {
    "additive_sigma": 0.03,
    "multiplicative_sigma": 0.06,
    "drift_rate": 0.0003,
    "outlier_probability": 0.003,
    "outlier_magnitude": 4.0,
    "shot_noise_enabled": false,
    "seed": null
  },
  "measurement": {
    "snr_db": 8.27242575833632,
    "n_detections": 360,
    "detection_rate": 0.997229916897507,
    "time_to_detection": 3958.6313878129527,
    "false_negative_rate": 0.08069662070489084,
    "max_signal": 2.9315000177016017,
    "mean_signal": 2.1946368633756577,
    "signal_std": 0.3513475351052698,
    "has_noise": true
  },
  "false_negative_rate": 0.08069662070489084,
  "sclerostin_mean": 1.0888419453811249,
  "sclerostin_max": 1.3688903884112662,
  "sclerostin_min": 0.025000000000000005,
  "sclerostin_std": 0.15294517702719462,
  "metadata_file": "metadata/71f3be45-e001-4c2e-9806-75d85a8e7274.json",
  "timeseries_file": "timeseries/71f3be45-e001-4c2e-9806-75d85a8e7274.csv"
}