{
  "run_id": "72d87b1f-32a3-4543-987a-f567565ff32c",
  "timestamp": "2026-01-31T04:10:00.939011",
  "scenario": "ckd_mbd",
  "duration": 3600.0,
  "num_points": 361,
  "environment_params": {
    "Estrogen": 0.5082551920318386,
    "PTH": 388.8151619959651,
    "k_prod_Scl": 1.8741214247439396e-05,
    "k_deg_Scl": 4.043014717621277e-05,
    "k_prod_RANKL": 1.3706744769960441e-05,
    "k_prod_OPG": 7.300432998531973e-05,
    "Sclerostin_bone": 0.10684014382925927,
    "RANKL_bone": 0.596878090073131,
    "OPG_bone": 7.106015223234732,
    "MineralIon": 2.8170697146662027,
    "k_prod_Mineral": 0.2145850764332094
  },
  "biosensor_config": {
    "circuit_type": "ratiometric",
    "sensitivity": 3.6128187623809276,
    "threshold": 0.024368331803682686,
    "dynamic_range": [
      0.0,
      13.691461406487521
    ],
    "kd": 3.8111260351144622,
    "response_type": "hill",
    "reference_kd": 0.2651719495740712,
    "ratio_exponent": 1.6564370633612553
  },
  "noise_preset": "medium",
  "noise_params": {
    "additive_sigma": 0.03,
    "multiplicative_sigma": 0.06,
    "drift_rate": 0.0003,
    "outlier_probability": 0.003,
    "outlier_magnitude": 4.0,
    "shot_noise_enabled": false,
    "seed": null
  },
  "measurement": {
    "snr_db": 14.803239299722486,
    "n_detections": 361,
    "detection_rate": 1.0,
    "time_to_detection": 935.680996175514,
    "false_negative_rate": 0.0846717019118039,
    "max_signal": 5.258474510402294,
    "mean_signal": 4.157658361674363,
    "signal_std": 0.3674698521053658,
    "has_noise": true
  },
  "false_negative_rate": 0.0846717019118039,
  "sclerostin_mean": 1.5279058855032412,
  "sclerostin_max": 2.1995466456480974,
  "sclerostin_min": 0.025000000000000005,
  "sclerostin_std": 0.3520282955209412,
  "metadata_file": "metadata/72d87b1f-32a3-4543-987a-f567565ff32c.json",
  "timeseries_file": "timeseries/72d87b1f-32a3-4543-987a-f567565ff32c.csv"
}