{
  "run_id": "73faa544-7f9f-4bee-bd5e-26999f95a2e7",
  "timestamp": "2026-05-17T01:40:43.194562",
  "scenario": "pmo",
  "duration": 3600.0,
  "num_points": 361,
  "environment_params": {
    "Estrogen": 0.16588867431188795,
    "PTH": 46.82696340044939,
    "k_prod_Scl": 5.271595393709761e-06,
    "k_deg_Scl": 6.419841988417367e-05,
    "Sclerostin_bone": 0.11606830260964263,
    "k_prod_RANKL": 1.6750819525865034e-05,
    "k_deg_RANKL": 2.208429722712419e-05,
    "RANKL_bone": 1.0935424601013526,
    "k_prod_OPG": 6.0691781299338816e-05,
    "k_deg_OPG": 1.7068038130109096e-05,
    "OPG_bone": 3.3065040472546814,
    "MineralIon": 1.3956089311690032,
    "k_prod_Mineral": 0.10561305508598856,
    "k_loss_Mineral": 0.06015373157692965
  },
  "biosensor_config": {
    "circuit_type": "direct_binding",
    "sensitivity": 23.501931173188364,
    "threshold": 8.185605038273634e-05,
    "dynamic_range": [
      0.0,
      16.794035891276852
    ],
    "kd": 0.06301353337663752,
    "response_type": "michaelis_menten",
    "receptor_concentration": 4.99777922507954,
    "kon": 131833.27064878345,
    "koff": 8307.280200178404
  },
  "biosensor_type": "direct_binding",
  "noise_preset": "medium",
  "noise_params": {
    "additive_sigma": 0.03,
    "multiplicative_sigma": 0.06,
    "drift_rate": 0.0002,
    "outlier_probability": 0.003,
    "outlier_magnitude": 4.0,
    "shot_noise_enabled": false,
    "seed": null
  },
  "measurement": {
    "snr_db": 23.89706734892002,
    "n_detections": 361,
    "detection_rate": 1.0,
    "time_to_detection": 1475.34524492436,
    "false_negative_rate": 0.03668527393654682,
    "max_signal": 19.916501047889316,
    "mean_signal": 17.112265784863727,
    "signal_std": 1.0239529955586197,
    "has_noise": true
  },
  "signal_to_noise_ratio_SNR": 23.89706734892002,
  "time_to_detection_threshold": 1475.34524492436,
  "false_negative_rate": 0.03668527393654682,
  "dynamic_range_of_output": 0.0,
  "sclerostin_mean": 1.3248461918421448,
  "sclerostin_max": 1.591547110690383,
  "sclerostin_min": 0.025000000000000005,
  "sclerostin_std": 0.15140132020000405,
  "sclerostin_change": 