{
  "run_id": "740cf753-a6bf-46a7-87f7-70bc1a657402",
  "timestamp": "2026-05-17T01:40:40.310908",
  "scenario": "pmo",
  "duration": 3600.0,
  "num_points": 361,
  "environment_params": {
    "Estrogen": 0.2650983930196743,
    "PTH": 51.36026670474568,
    "k_prod_Scl": 7.355110076885637e-06,
    "k_deg_Scl": 5.897094472626595e-05,
    "Sclerostin_bone": 0.06577955698682081,
    "k_prod_RANKL": 2.3519827610967306e-05,
    "k_deg_RANKL": 1.7386655032426204e-05,
    "RANKL_bone": 0.9562928692794002,
    "k_prod_OPG": 8.780350019291524e-05,
    "k_deg_OPG": 2.394347014633531e-05,
    "OPG_bone": 2.4794420727194795,
    "MineralIon": 1.6203334626171562,
    "k_prod_Mineral": 0.08226300463132903,
    "k_loss_Mineral": 0.06821994747921853
  },
  "biosensor_config": {
    "circuit_type": "threshold",
    "sensitivity": 9.645422606812904,
    "threshold": 0.00010834562689511697,
    "dynamic_range": [
      0.0,
      18.62862361162315
    ],
    "kd": 0.026429745918109745,
    "response_type": "michaelis_menten",
    "hill_coefficient": 3.828771688554236,
    "off_level": 0.7443960570750777,
    "on_level": 4.061532769166899
  },
  "biosensor_type": "threshold",
  "noise_preset": "medium",
  "noise_params": {
    "additive_sigma": 0.03,
    "multiplicative_sigma": 0.06,
    "drift_rate": 0.0002,
    "outlier_probability": 0.003,
    "outlier_magnitude": 4.0,
    "shot_noise_enabled": false,
    "seed": null
  },
  "measurement": {
    "snr_db": 18.382174594744253,
    "n_detections": 361,
    "detection_rate": 1.0,
    "time_to_detection": 3795.4866618300834,
    "false_negative_rate": 0.059401167139811924,
    "max_signal": 5.414866678673954,
    "mean_signal": 4.419926400571195,
    "signal_std": 0.344057383613284,
    "has_noise": true
  },
  "signal_to_noise_ratio_SNR": 18.382174594744253,
  "time_to_detection_threshold": 3795.4866618300834,
  "false_negative_rate": 0.059401167139811924,
  "dynamic_range_of_output": 0.0,
  "sclerostin_mean": 0.8882848269441095,
  "sclerostin_max": 1.2161886311486552,
  "sclerostin_min": 0.025000000000000005,
  "sclerostin_std": 0.17331355556472966,
  "sclerostin_change": 