{
  "run_id": "742c0ded-f8f1-4b56-acb6-1b82f41dcaf0",
  "timestamp": "2026-01-31T04:11:06.480978",
  "scenario": "pmo",
  "duration": 3600.0,
  "num_points": 361,
  "environment_params": {
    "Estrogen": 0.14278413795875186,
    "PTH": 83.04099802351405,
    "k_prod_Scl": 6.0781977738342546e-06,
    "k_prod_RANKL": 2.6896104969782115e-05,
    "k_prod_OPG": 5.2070516874570584e-05,
    "Sclerostin_bone": 0.04904870064132822,
    "RANKL_bone": 2.3668451179563434,
    "OPG_bone": 2.9997694731581688
  },
  "biosensor_config": {
    "circuit_type": "ratiometric",
    "sensitivity": 3.4945564053158242,
    "threshold": 0.0057323872562309915,
    "dynamic_range": [
      0.0,
      10.745772255459325
    ],
    "kd": 0.07096315416183016,
    "response_type": "linear",
    "reference_kd": 3.3686030726009197,
    "ratio_exponent": 0.38868957975519136
  },
  "noise_preset": "medium",
  "noise_params": {
    "additive_sigma": 0.03,
    "multiplicative_sigma": 0.06,
    "drift_rate": 0.0003,
    "outlier_probability": 0.003,
    "outlier_magnitude": 4.0,
    "shot_noise_enabled": false,
    "seed": null
  },
  "measurement": {
    "snr_db": 21.913359933178338,
    "n_detections": 361,
    "detection_rate": 1.0,
    "time_to_detection": 218.60488093088202,
    "false_negative_rate": 0.07999688970624913,
    "max_signal": 13.193322102554209,
    "mean_signal": 11.213771664546348,
    "signal_std": 0.7240400557481722,
    "has_noise": true
  },
  "false_negative_rate": 0.07999688970624913,
  "sclerostin_mean": 0.7403572451346403,
  "sclerostin_max": 1.0849010075906012,
  "sclerostin_min": 0.025000000000000005,
  "sclerostin_std": 0.18002749829360595,
  "metadata_file": "metadata/742c0ded-f8f1-4b56-acb6-1b82f41dcaf0.json",
  "timeseries_file": "timeseries/742c0ded-f8f1-4b56-acb6-1b82f41dcaf0.csv"
}