{
  "run_id": "74375750-1052-448d-894d-5f5178c701ee",
  "timestamp": "2026-01-31T04:10:12.610303",
  "scenario": "pmo",
  "duration": 3600.0,
  "num_points": 361,
  "environment_params": {
    "Estrogen": 0.15848746213677065,
    "PTH": 75.96920397367793,
    "k_prod_Scl": 8.4303634972275e-06,
    "k_prod_RANKL": 4.528989967398263e-05,
    "k_prod_OPG": 4.365451636607688e-05,
    "Sclerostin_bone": 0.06534514788052545,
    "RANKL_bone": 1.8824338350597802,
    "OPG_bone": 2.1943221931419483
  },
  "biosensor_config": {
    "circuit_type": "threshold",
    "sensitivity": 4.946685814740012,
    "threshold": 0.001538384074688547,
    "dynamic_range": [
      0.0,
      19.635128631641827
    ],
    "kd": 3.2592644023617123,
    "response_type": "hill",
    "hill_coefficient": 6.1318532288761425,
    "off_level": 0.4913904567232298,
    "on_level": 11.388429023777448
  },
  "noise_preset": "high",
  "noise_params": {
    "additive_sigma": 0.1,
    "multiplicative_sigma": 0.2,
    "drift_rate": 0.001,
    "outlier_probability": 0.01,
    "outlier_magnitude": 10.0,
    "shot_noise_enabled": true,
    "seed": null
  },
  "measurement": {
    "snr_db": -12.304591541972163,
    "n_detections": 361,
    "detection_rate": 1.0,
    "time_to_detection": 2708.2602649767305,
    "false_negative_rate": 0.1351493616948341,
    "max_signal": 5.323535078238725,
    "mean_signal": 2.31409490895954,
    "signal_std": 1.0638731241718349,
    "has_noise": true
  },
  "false_negative_rate": 0.1351493616948341,
  "sclerostin_mean": 0.9826312649874667,
  "sclerostin_max": 1.4474603779617372,
  "sclerostin_min": 0.025000000000000005,
  "sclerostin_std": 0.2428013955214594,
  "metadata_file": "metadata/74375750-1052-448d-894d-5f5178c701ee.json",
  "timeseries_file": "timeseries/74375750-1052-448d-894d-5f5178c701ee.csv"
}