{
  "run_id": "74488c48-c849-447a-8d87-42b6a8f51c32",
  "timestamp": "2026-05-17T01:48:51.175617",
  "scenario": "healthy",
  "duration": 3600.0,
  "num_points": 361,
  "environment_params": {
    "Estrogen": 0.9553431089252709,
    "PTH": 44.748567818317795,
    "k_prod_Scl": 4.0274477738341286e-06,
    "k_deg_Scl": 6.928804081141144e-05,
    "Sclerostin_bone": 0.0685746567377026,
    "k_prod_RANKL": 9.17060954254702e-06,
    "k_deg_RANKL": 1.6703641948794865e-05,
    "RANKL_bone": 0.5664840212481768,
    "k_prod_OPG": 6.638939607678094e-05,
    "k_deg_OPG": 2.0016243066248497e-05,
    "OPG_bone": 5.54312786821773,
    "MineralIon": 2.2444570086268274,
    "k_prod_Mineral": 0.09373361207834048,
    "k_loss_Mineral": 0.0524834965688972
  },
  "biosensor_config": {
    "circuit_type": "threshold",
    "sensitivity": 3.4769984543948764,
    "threshold": 0.012620374843085678,
    "dynamic_range": [
      0.0,
      15.399981246018987
    ],
    "kd": 0.3181247351224411,
    "response_type": "hill",
    "hill_coefficient": 1.504922346572089,
    "off_level": 0.3393895945892391,
    "on_level": 20.27391376567271
  },
  "noise_preset": "high",
  "noise_params": {
    "additive_sigma": 0.08,
    "multiplicative_sigma": 0.12,
    "drift_rate": 0.0004,
    "outlier_probability": 0.005,
    "outlier_magnitude": 6.0,
    "shot_noise_enabled": 0,
    "seed": null
  },
  "measurement": {
    "snr_db": 17.70935297976922,
    "n_detections": 361,
    "detection_rate": 1.0,
    "time_to_detection": 1408.8205960724333,
    "false_negative_rate": 0.011060459847164533,
    "max_signal": 21.405413396097778,
    "mean_signal": 15.992019689495574,
    "signal_std": 2.0623559913490195,
    "has_noise": 1
  },
  "false_negative_rate": 0.011060459847164533,
  "sclerostin_mean": 0.7132419338294453,
  "sclerostin_max": 0.7605390806383414,
  "sclerostin_min": 0.025000000000000005,
  "sclerostin_std": 0.04303452784224048,
  "metadata_file": "metadata/74488c48-c849-447a-8d87-42b6a8f51c32.json",
  "timeseries_file": "timeseries/74488c48-c849-447a-8d87-42b6a8f51c32.csv"
}