{
  "run_id": "74d127af-ea8a-4d07-a79b-e08fd5ce9ba4",
  "timestamp": "2026-01-31T04:10:53.263798",
  "scenario": "healthy",
  "duration": 3600.0,
  "num_points": 361,
  "environment_params": {
    "Estrogen": 0.7186612828769705,
    "PTH": 49.64886790564092,
    "k_prod_Scl": 3.238631775231128e-06,
    "k_prod_RANKL": 1.4260726597428956e-05,
    "k_prod_OPG": 0.00012151748829024554,
    "Sclerostin_bone": 0.05645066586175883,
    "RANKL_bone": 0.40263824787473973,
    "OPG_bone": 4.01821264839612
  },
  "biosensor_config": {
    "circuit_type": "direct_binding",
    "sensitivity": 14.972224454766367,
    "threshold": 0.0012623317823530046,
    "dynamic_range": [
      0.0,
      16.662433108457044
    ],
    "kd": 0.021053240185402316,
    "response_type": "linear",
    "receptor_concentration": 5.245409253809901,
    "kon": 227438.22437560998,
    "koff": 4788.31156512114
  },
  "noise_preset": "high",
  "noise_params": {
    "additive_sigma": 0.1,
    "multiplicative_sigma": 0.2,
    "drift_rate": 0.001,
    "outlier_probability": 0.01,
    "outlier_magnitude": 10.0,
    "shot_noise_enabled": true,
    "seed": null
  },
  "measurement": {
    "snr_db": 12.679373094907131,
    "n_detections": 361,
    "detection_rate": 1.0,
    "time_to_detection": 168.76516607945555,
    "false_negative_rate": 0.013027732082165996,
    "max_signal": 28.361677522708,
    "mean_signal": 18.442373618400385,
    "signal_std": 3.4369707270586916,
    "has_noise": true
  },
  "false_negative_rate": 0.013027732082165996,
  "sclerostin_mean": 0.6071381057460317,
  "sclerostin_max": 0.6675153463811684,
  "sclerostin_min": 0.025000000000000005,
  "sclerostin_std": 0.04299889650783644,
  "metadata_file": "metadata/74d127af-ea8a-4d07-a79b-e08fd5ce9ba4.json",
  "timeseries_file": "timeseries/74d127af-ea8a-4d07-a79b-e08fd5ce9ba4.csv"
}