{
  "run_id": "751de926-3b33-48b3-a3ae-f00358733e73",
  "timestamp": "2026-01-31T04:10:35.759341",
  "scenario": "pmo",
  "duration": 3600.0,
  "num_points": 361,
  "environment_params": {
    "Estrogen": 0.17228094290965765,
    "PTH": 39.40437996864431,
    "k_prod_Scl": 9.039970253270711e-06,
    "k_prod_RANKL": 2.2858144167125697e-05,
    "k_prod_OPG": 3.532299570107018e-05,
    "Sclerostin_bone": 0.05975394368927355,
    "RANKL_bone": 1.8338700184157748,
    "OPG_bone": 1.791783688253878
  },
  "biosensor_config": {
    "circuit_type": "direct_binding",
    "sensitivity": 6.644124601086212,
    "threshold": 3.7782361101003745e-05,
    "dynamic_range": [
      0.0,
      18.333390731187283
    ],
    "kd": 0.5786994846836782,
    "response_type": "michaelis_menten",
    "receptor_concentration": 9.654625613965958,
    "kon": 123899.80295152041,
    "koff": 71700.75212045413
  },
  "noise_preset": "medium",
  "noise_params": {
    "additive_sigma": 0.03,
    "multiplicative_sigma": 0.06,
    "drift_rate": 0.0003,
    "outlier_probability": 0.003,
    "outlier_magnitude": 4.0,
    "shot_noise_enabled": false,
    "seed": null
  },
  "measurement": {
    "snr_db": 18.567678868843615,
    "n_detections": 361,
    "detection_rate": 1.0,
    "time_to_detection": 673.7817440765097,
    "false_negative_rate": 0.07019811693767218,
    "max_signal": 7.869360611366519,
    "mean_signal": 6.5803876387636295,
    "signal_std": 0.5272571559398318,
    "has_noise": true
  },
  "false_negative_rate": 0.07019811693767218,
  "sclerostin_mean": 0.9178780714304702,
  "sclerostin_max": 1.3670101251049616,
  "sclerostin_min": 0.025000000000000005,
  "sclerostin_std": 0.23430414132558777,
  "metadata_file": "metadata/751de926-3b33-48b3-a3ae-f00358733e73.json",
  "timeseries_file": "timeseries/751de926-3b33-48b3-a3ae-f00358733e73.csv"
}