{
  "run_id": "762c4171-1483-40da-8559-e9df3913b5f2",
  "timestamp": "2026-01-31T04:10:00.389793",
  "scenario": "ckd_mbd",
  "duration": 3600.0,
  "num_points": 361,
  "environment_params": {
    "Estrogen": 0.7417904009037343,
    "PTH": 240.75629251010315,
    "k_prod_Scl": 1.5879663773435042e-05,
    "k_deg_Scl": 5.135267640401285e-05,
    "k_prod_RANKL": 1.9576862522159967e-05,
    "k_prod_OPG": 9.058660540141614e-05,
    "Sclerostin_bone": 0.21510444360567998,
    "RANKL_bone": 0.9238935005588171,
    "OPG_bone": 5.950121382404532,
    "MineralIon": 2.238785080352905,
    "k_prod_Mineral": 0.26255665178490445
  },
  "biosensor_config": {
    "circuit_type": "direct_binding",
    "sensitivity": 7.553648667583927,
    "threshold": 0.00023824897648685797,
    "dynamic_range": [
      0.0,
      0.3276957323430568
    ],
    "kd": 0.08852068439192927,
    "response_type": "hill",
    "receptor_concentration": 8.783013695908648,
    "kon": 166836.08806169278,
    "koff": 14768.444696493225
  },
  "noise_preset": "low",
  "noise_params": {
    "additive_sigma": 0.005,
    "multiplicative_sigma": 0.01,
    "drift_rate": 2e-05,
    "outlier_probability": 0.0002,
    "outlier_magnitude": 2.0,
    "shot_noise_enabled": false,
    "seed": null
  },
  "measurement": {
    "snr_db": 17.80374933841694,
    "n_detections": 361,
    "detection_rate": 1.0,
    "time_to_detection": 1997.2133387144281,
    "false_negative_rate": 0.07309546142340409,
    "max_signal": 0.4076850562938645,
    "mean_signal": 0.36417957775006315,
    "signal_std": 0.021202125450438626,
    "has_noise": true
  },
  "false_negative_rate": 0.07309546142340409,
  "sclerostin_mean": 2.329765974084159,
  "sclerostin_max": 2.677161846639997,
  "sclerostin_min": 0.025000000000000005,
  "sclerostin_std": 0.21296766826674884,
  "metadata_file": "metadata/762c4171-1483-40da-8559-e9df3913b5f2.json",
  "timeseries_file": "timeseries/762c4171-1483-40da-8559-e9df3913b5f2.csv"
}