{
  "run_id": "7775545c-f1d5-4844-b2f4-148cccdaed34",
  "timestamp": "2026-05-17T01:48:53.574823",
  "scenario": "healthy",
  "duration": 3600.0,
  "num_points": 361,
  "environment_params": {
    "Estrogen": 1.1037572405879905,
    "PTH": 36.754127029256146,
    "k_prod_Scl": 3.762815050847675e-06,
    "k_deg_Scl": 7.045452599717226e-05,
    "Sclerostin_bone": 0.050159310976824585,
    "k_prod_RANKL": 9.958649038201386e-06,
    "k_deg_RANKL": 2.1379266447318754e-05,
    "RANKL_bone": 0.4125397352652852,
    "k_prod_OPG": 0.00010145733824336839,
    "k_deg_OPG": 2.2740211915988747e-05,
    "OPG_bone": 8.377515147330456,
    "MineralIon": 2.2681789292039016,
    "k_prod_Mineral": 0.10836464622690607,
    "k_loss_Mineral": 0.04410926645797773
  },
  "biosensor_config": {
    "circuit_type": "threshold",
    "sensitivity": 5.877510726451727,
    "threshold": 0.024900011178627564,
    "dynamic_range": [
      0.0,
      14.200430169101391
    ],
    "kd": 0.03937870536072014,
    "response_type": "hill",
    "hill_coefficient": 3.9987725185314904,
    "off_level": 0.4275942470175792,
    "on_level": 6.676174911427122
  },
  "noise_preset": "medium",
  "noise_params": {
    "additive_sigma": 0.03,
    "multiplicative_sigma": 0.06,
    "drift_rate": 0.0002,
    "outlier_probability": 0.003,
    "outlier_magnitude": 4.0,
    "shot_noise_enabled": 0,
    "seed": null
  },
  "measurement": {
    "snr_db": 21.63987277430305,
    "n_detections": 361,
    "detection_rate": 1.0,
    "time_to_detection": 330.41439730037945,
    "false_negative_rate": 0.006254392087559527,
    "max_signal": 8.242022907561093,
    "mean_signal": 6.985944043710231,
    "signal_std": 0.5363072863584485,
    "has_noise": 1
  },
  "false_negative_rate": 0.006254392087559527,
  "sclerostin_mean": 0.527823750193333,
  "sclerostin_max": 0.5619791124318141,
  "sclerostin_min": 0.025000000000000005,
  "sclerostin_std": 0.03132830571901879,
  "metadata_file": "metadata/7775545c-f1d5-4844-b2f4-148cccdaed34.json",
  "timeseries_file": "timeseries/7775545c-f1d5-4844-b2f4-148cccdaed34.csv"
}