{
  "run_id": "77ec28a7-8dbf-426a-b920-5829589b60b6",
  "timestamp": "2026-05-17T01:54:24.372590",
  "scenario": "ckd_mbd",
  "duration": 3600.0,
  "num_points": 361,
  "environment_params": {
    "Estrogen": 0.6286922113381173,
    "PTH": 168.2905631481434,
    "k_prod_Scl": 1.035781455197069e-05,
    "k_deg_Scl": 6.278313540905087e-05,
    "Sclerostin_bone": 0.13685031387047153,
    "k_prod_RANKL": 1.5864528005589696e-05,
    "k_deg_RANKL": 2.413741576542238e-05,
    "RANKL_bone": 0.5559681020173322,
    "k_prod_OPG": 0.0001122669061765466,
    "k_deg_OPG": 2.3698028193212314e-05,
    "OPG_bone": 8.937000873034387,
    "MineralIon": 2.4669259474394725,
    "k_prod_Mineral": 0.16563139911511793,
    "k_loss_Mineral": 0.018858316460899322
  },
  "biosensor_config": {
    "circuit_type": "amplifying",
    "sensitivity": 2.2109722583071854,
    "threshold": 0.00015816898567690352,
    "dynamic_range": [
      0.0,
      18.306969947529694
    ],
    "kd": 0.015359398484671228,
    "response_type": "hill",
    "receptor_concentration": 0.24770819601635252,
    "enzyme_concentration": 2.1524860757280493,
    "amplification_gain": 3919.2080310925735,
    "response_time": 11.599201692366044
  },
  "noise_preset": "low",
  "noise_params": {
    "additive_sigma": 0.005,
    "multiplicative_sigma": 0.01,
    "drift_rate": 2e-05,
    "outlier_probability": 0.0002,
    "outlier_magnitude": 2.0,
    "shot_noise_enabled": 0,
    "seed": null
  },
  "measurement": {
    "snr_db": 33.32272170102694,
    "n_detections": 360,
    "detection_rate": 0.997229916897507,
    "time_to_detection": 1112.7671687266907,
    "false_negative_rate": 0.028322584852368875,
    "max_signal": 2.3292772320294697,
    "mean_signal": 2.239995462242416,
    "signal_std": 0.12234037333749848,
    "has_noise": 1
  },
  "false_negative_rate": 0.028322584852368875,
  "sclerostin_mean": 1.5256594058062884,
  "sclerostin_max": 1.7953909409492779,
  "sclerostin_min": 0.025000000000000005,
  "sclerostin_std": 0.15753608404188435,
  "metadata_file": "metadata/77ec28a7-8dbf-426a-b920-5829589b60b6.json",
  "timeseries_file": "timeseries/77ec28a7-8dbf-426a-b920-5829589b60b6.csv"
}