{
  "run_id": "786acf9a-dad9-4117-bef1-372e4f78ad41",
  "timestamp": "2026-01-31T04:10:08.623291",
  "scenario": "pmo",
  "duration": 3600.0,
  "num_points": 361,
  "environment_params": {
    "Estrogen": 0.17732154075836384,
    "PTH": 67.45319109283956,
    "k_prod_Scl": 5.0615179600420294e-06,
    "k_prod_RANKL": 2.6434841950014243e-05,
    "k_prod_OPG": 4.195188174387138e-05,
    "Sclerostin_bone": 0.1152130696165461,
    "RANKL_bone": 2.3368234895412403,
    "OPG_bone": 2.3932609999255123
  },
  "biosensor_config": {
    "circuit_type": "ratiometric",
    "sensitivity": 4.881651440783739,
    "threshold": 0.0001587167885834728,
    "dynamic_range": [
      0.0,
      1.9496127885360617
    ],
    "kd": 0.18368200678898172,
    "response_type": "hill",
    "reference_kd": 3.0797187078175465,
    "ratio_exponent": 2.808242936023798
  },
  "noise_preset": "high",
  "noise_params": {
    "additive_sigma": 0.1,
    "multiplicative_sigma": 0.2,
    "drift_rate": 0.001,
    "outlier_probability": 0.01,
    "outlier_magnitude": 10.0,
    "shot_noise_enabled": true,
    "seed": null
  },
  "measurement": {
    "snr_db": -0.6535770157112802,
    "n_detections": 361,
    "detection_rate": 1.0,
    "time_to_detection": 2154.8170640026055,
    "false_negative_rate": 0.15465146723917972,
    "max_signal": 6.18371267105141,
    "mean_signal": 3.7498128014235124,
    "signal_std": 1.0851599357077055,
    "has_noise": true
  },
  "false_negative_rate": 0.15465146723917972,
  "sclerostin_mean": 1.3180253637435984,
  "sclerostin_max": 1.5859204572801155,
  "sclerostin_min": 0.025000000000000005,
  "sclerostin_std": 0.15186251528593428,
  "metadata_file": "metadata/786acf9a-dad9-4117-bef1-372e4f78ad41.json",
  "timeseries_file": "timeseries/786acf9a-dad9-4117-bef1-372e4f78ad41.csv"
}