{
  "run_id": "7872e83e-5e28-4abb-b48c-c2af027a9cd8",
  "timestamp": "2026-01-31T04:10:07.467072",
  "scenario": "healthy",
  "duration": 3600.0,
  "num_points": 361,
  "environment_params": {
    "Estrogen": 0.9215801080017223,
    "PTH": 50.25968295626361,
    "k_prod_Scl": 4.402397228842472e-06,
    "k_prod_RANKL": 7.431015795302489e-06,
    "k_prod_OPG": 9.23996182551428e-05,
    "Sclerostin_bone": 0.06500164698058274,
    "RANKL_bone": 0.8695922287547516,
    "OPG_bone": 7.706394610238702
  },
  "biosensor_config": {
    "circuit_type": "ratiometric",
    "sensitivity": 24.977303247991397,
    "threshold": 6.149668916141489e-05,
    "dynamic_range": [
      0.0,
      6.3225374650225055
    ],
    "kd": 0.5615281175536633,
    "response_type": "hill",
    "reference_kd": 0.40816392950365515,
    "ratio_exponent": 2.920320648686035
  },
  "noise_preset": "low",
  "noise_params": {
    "additive_sigma": 0.005,
    "multiplicative_sigma": 0.01,
    "drift_rate": 2e-05,
    "outlier_probability": 0.0002,
    "outlier_magnitude": 2.0,
    "shot_noise_enabled": false,
    "seed": null
  },
  "measurement": {
    "snr_db": 38.32613902512226,
    "n_detections": 361,
    "detection_rate": 1.0,
    "time_to_detection": 1393.0779075630912,
    "false_negative_rate": 0.013250044239741875,
    "max_signal": 6.587494743714837,
    "mean_signal": 6.362883978870199,
    "signal_std": 0.06518694541113557,
    "has_noise": true
  },
  "false_negative_rate": 0.013250044239741875,
  "sclerostin_mean": 0.6866815003732738,
  "sclerostin_max": 0.7439795832136812,
  "sclerostin_min": 0.025000000000000005,
  "sclerostin_std": 0.04498523224977209,
  "metadata_file": "metadata/7872e83e-5e28-4abb-b48c-c2af027a9cd8.json",
  "timeseries_file": "timeseries/7872e83e-5e28-4abb-b48c-c2af027a9cd8.csv"
}