{
  "run_id": "79157a04-a6f4-443b-a72a-02c1bf38224c",
  "timestamp": "2026-01-31T04:09:45.647079",
  "scenario": "healthy",
  "duration": 3600.0,
  "num_points": 361,
  "environment_params": {
    "Estrogen": 0.7975909679889577,
    "PTH": 53.70693380403127,
    "k_prod_Scl": 3.693999809302803e-06,
    "k_prod_RANKL": 1.2466758259255097e-05,
    "k_prod_OPG": 0.0001454603764553765,
    "Sclerostin_bone": 0.0997266056764536,
    "RANKL_bone": 0.38911262473117564,
    "OPG_bone": 5.667757941378552
  },
  "biosensor_config": {
    "circuit_type": "direct_binding",
    "sensitivity": 11.36435039919869,
    "threshold": 0.0015055936542635409,
    "dynamic_range": [
      0.0,
      6.3455358043427
    ],
    "kd": 0.5411633363737853,
    "response_type": "linear",
    "receptor_concentration": 2.89052571143297,
    "kon": 153604.5543012046,
    "koff": 83125.15308784816
  },
  "noise_preset": "medium",
  "noise_params": {
    "additive_sigma": 0.03,
    "multiplicative_sigma": 0.06,
    "drift_rate": 0.0003,
    "outlier_probability": 0.003,
    "outlier_magnitude": 4.0,
    "shot_noise_enabled": false,
    "seed": null
  },
  "measurement": {
    "snr_db": 18.54071156104553,
    "n_detections": 361,
    "detection_rate": 1.0,
    "time_to_detection": 2092.110476999494,
    "false_negative_rate": 0.009472447909350151,
    "max_signal": 8.098933558499622,
    "mean_signal": 6.888415013043317,
    "signal_std": 0.5746142364583886,
    "has_noise": true
  },
  "false_negative_rate": 0.009472447909350151,
  "sclerostin_mean": 1.0206115100884778,
  "sclerostin_max": 1.0806299802890866,
  "sclerostin_min": 0.025000000000000005,
  "sclerostin_std": 0.06009074539863479,
  "metadata_file": "metadata/79157a04-a6f4-443b-a72a-02c1bf38224c.json",
  "timeseries_file": "timeseries/79157a04-a6f4-443b-a72a-02c1bf38224c.csv"
}