{
  "run_id": "7924503d-7b80-4ffa-ad0c-b8168a121fda",
  "timestamp": "2026-01-31T04:10:27.691966",
  "scenario": "healthy",
  "duration": 3600.0,
  "num_points": 361,
  "environment_params": {
    "Estrogen": 0.8452400033897837,
    "PTH": 42.46445670246048,
    "k_prod_Scl": 2.970167108940257e-06,
    "k_prod_RANKL": 1.3915939261061563e-05,
    "k_prod_OPG": 0.00016657484392029048,
    "Sclerostin_bone": 0.08054004205744553,
    "RANKL_bone": 0.5287377590990071,
    "OPG_bone": 3.989629931443653
  },
  "biosensor_config": {
    "circuit_type": "threshold",
    "sensitivity": 2.3625741308682007,
    "threshold": 5.6113436675857254e-05,
    "dynamic_range": [
      0.0,
      13.051957525606953
    ],
    "kd": 3.6329891219155233,
    "response_type": "hill",
    "hill_coefficient": 4.964674587199227,
    "off_level": 0.8335192085223664,
    "on_level": 27.333177223783675
  },
  "noise_preset": "low",
  "noise_params": {
    "additive_sigma": 0.005,
    "multiplicative_sigma": 0.01,
    "drift_rate": 2e-05,
    "outlier_probability": 0.0002,
    "outlier_magnitude": 2.0,
    "shot_noise_enabled": false,
    "seed": null
  },
  "measurement": {
    "snr_db": 25.939981713938867,
    "n_detections": 361,
    "detection_rate": 1.0,
    "time_to_detection": 2526.106061151006,
    "false_negative_rate": 0.0014324856639417094,
    "max_signal": 0.948830301954855,
    "mean_signal": 0.8868037193167164,
    "signal_std": 0.02510990791708452,
    "has_noise": true
  },
  "false_negative_rate": 0.0014324856639417094,
  "sclerostin_mean": 0.8247523229349336,
  "sclerostin_max": 0.8675713510141754,
  "sclerostin_min": 0.025000000000000005,
  "sclerostin_std": 0.04697518858463644,
  "metadata_file": "metadata/7924503d-7b80-4ffa-ad0c-b8168a121fda.json",
  "timeseries_file": "timeseries/7924503d-7b80-4ffa-ad0c-b8168a121fda.csv"
}