{
  "run_id": "797597a5-e541-41c6-8600-2d8446f09b57",
  "timestamp": "2026-01-31T04:10:31.698216",
  "scenario": "healthy",
  "duration": 3600.0,
  "num_points": 361,
  "environment_params": {
    "Estrogen": 0.9294670391044803,
    "PTH": 53.14833354627766,
    "k_prod_Scl": 4.690898633108829e-06,
    "k_prod_RANKL": 1.6062071404890718e-05,
    "k_prod_OPG": 0.00011644862905680398,
    "Sclerostin_bone": 0.05322993766123414,
    "RANKL_bone": 0.5457880552272913,
    "OPG_bone": 5.658496470062301
  },
  "biosensor_config": {
    "circuit_type": "direct_binding",
    "sensitivity": 11.946521592699138,
    "threshold": 0.00012320453858115604,
    "dynamic_range": [
      0.0,
      3.227699683013552
    ],
    "kd": 0.09041364742465463,
    "response_type": "hill",
    "receptor_concentration": 2.6126851337625587,
    "kon": 591190.3170258162,
    "koff": 53451.67288444194
  },
  "noise_preset": "medium",
  "noise_params": {
    "additive_sigma": 0.03,
    "multiplicative_sigma": 0.06,
    "drift_rate": 0.0003,
    "outlier_probability": 0.003,
    "outlier_magnitude": 4.0,
    "shot_noise_enabled": false,
    "seed": null
  },
  "measurement": {
    "snr_db": 13.967357453591633,
    "n_detections": 361,
    "detection_rate": 1.0,
    "time_to_detection": 1986.7659045655457,
    "false_negative_rate": 0.001509180749710648,
    "max_signal": 4.732415400757404,
    "mean_signal": 3.75042853877456,
    "signal_std": 0.3803071027600514,
    "has_noise": true
  },
  "false_negative_rate": 0.001509180749710648,
  "sclerostin_mean": 0.5763055388224214,
  "sclerostin_max": 0.6367285554603402,
  "sclerostin_min": 0.025000000000000005,
  "sclerostin_std": 0.0418978382689452,
  "metadata_file": "metadata/797597a5-e541-41c6-8600-2d8446f09b57.json",
  "timeseries_file": "timeseries/797597a5-e541-41c6-8600-2d8446f09b57.csv"
}