{
  "run_id": "7996a683-0e95-4e52-8c9c-c0e51b2a1896",
  "timestamp": "2026-05-17T01:58:22.039222",
  "scenario": "pmo",
  "duration": 3600.0,
  "num_points": 361,
  "environment_params": {
    "Estrogen": 0.1542919561768248,
    "PTH": 46.456558358638624,
    "k_prod_Scl": 8.473702365095145e-06,
    "k_deg_Scl": 7.805764226178134e-05,
    "Sclerostin_bone": 0.06915147251949445,
    "k_prod_RANKL": 1.3371954833226282e-05,
    "k_deg_RANKL": 2.2623682671070905e-05,
    "RANKL_bone": 0.8545390763546826,
    "k_prod_OPG": 7.427863980609355e-05,
    "k_deg_OPG": 2.0837924820413454e-05,
    "OPG_bone": 2.919728276097122,
    "MineralIon": 3.97955719721798,
    "k_prod_Mineral": 0.12276941391360575,
    "k_loss_Mineral": 0.04202926676062533
  },
  "biosensor_config": {
    "circuit_type": "amplifying",
    "sensitivity": 0.09986423849018337,
    "threshold": 0.00029544090265263396,
    "dynamic_range": [
      0.0,
      18.97901643218469
    ],
    "kd": 0.210077115788118,
    "response_type": "hill",
    "receptor_concentration": 0.4845301296145155,
    "enzyme_concentration": 2.894745150632038,
    "amplification_gain": 8516.17206143634,
    "response_time": 288.0195334014579
  },
  "noise_preset": "high",
  "noise_params": {
    "additive_sigma": 0.08,
    "multiplicative_sigma": 0.12,
    "drift_rate": 0.0004,
    "outlier_probability": 0.005,
    "outlier_magnitude": 6.0,
    "shot_noise_enabled": 0,
    "seed": null
  },
  "measurement": {
    "snr_db": -18.44609151891901,
    "n_detections": 360,
    "detection_rate": 0.997229916897507,
    "time_to_detection": 2265.4675242476665,
    "false_negative_rate": 0.12257072925663862,
    "max_signal": 1.718979446631084,
    "mean_signal": 0.8137331057362676,
    "signal_std": 0.43104277087312065,
    "has_noise": 1
  },
  "false_negative_rate": 0.12257072925663862,
  "sclerostin_mean": 0.9974054732296469,
  "sclerostin_max": 1.4324685307577463,
  "sclerostin_min": 0.025000000000000005,
  "sclerostin_std": 0.22802029701066104,
  "metadata_file": "metadata/7996a683-0e95-4e52-8c9c-c0e51b2a1896.json",
  "timeseries_file": "timeseries/7996a683-0e95-4e52-8c9c-c0e51b2a1896.csv"
}