{
  "run_id": "79eb7451-5154-4323-8a4b-3b487d752493",
  "timestamp": "2026-01-31T04:10:45.861268",
  "scenario": "healthy",
  "duration": 3600.0,
  "num_points": 361,
  "environment_params": {
    "Estrogen": 0.8413921789020469,
    "PTH": 68.8800645786273,
    "k_prod_Scl": 3.53801818789987e-06,
    "k_prod_RANKL": 1.276289719696387e-05,
    "k_prod_OPG": 9.789698415674388e-05,
    "Sclerostin_bone": 0.043222392688454285,
    "RANKL_bone": 0.7895214723205283,
    "OPG_bone": 5.498744838406208
  },
  "biosensor_config": {
    "circuit_type": "ratiometric",
    "sensitivity": 9.500350112544904,
    "threshold": 9.79164504000032e-05,
    "dynamic_range": [
      0.0,
      18.48939691766165
    ],
    "kd": 0.3036530618835043,
    "response_type": "michaelis_menten",
    "reference_kd": 1.1996770237341077,
    "ratio_exponent": 1.8113269629759965
  },
  "noise_preset": "medium",
  "noise_params": {
    "additive_sigma": 0.03,
    "multiplicative_sigma": 0.06,
    "drift_rate": 0.0003,
    "outlier_probability": 0.003,
    "outlier_magnitude": 4.0,
    "shot_noise_enabled": false,
    "seed": null
  },
  "measurement": {
    "snr_db": 20.774474729899524,
    "n_detections": 361,
    "detection_rate": 1.0,
    "time_to_detection": 2596.5701461777253,
    "false_negative_rate": 0.007931145010422658,
    "max_signal": 12.19164424084332,
    "mean_signal": 10.073642965825655,
    "signal_std": 0.6511799034848003,
    "has_noise": true
  },
  "false_negative_rate": 0.007931145010422658,
  "sclerostin_mean": 0.4768915000730813,
  "sclerostin_max": 0.5320456493699056,
  "sclerostin_min": 0.025000000000000005,
  "sclerostin_std": 0.03648760309639458,
  "metadata_file": "metadata/79eb7451-5154-4323-8a4b-3b487d752493.json",
  "timeseries_file": "timeseries/79eb7451-5154-4323-8a4b-3b487d752493.csv"
}