{
  "run_id": "79fdb5cb-f92f-43ab-8b7e-9d4dd128ce03",
  "timestamp": "2026-01-31T04:11:12.879608",
  "scenario": "ckd_mbd",
  "duration": 3600.0,
  "num_points": 361,
  "environment_params": {
    "Estrogen": 0.7377765747998419,
    "PTH": 237.71632129504715,
    "k_prod_Scl": 1.3007250189436694e-05,
    "k_deg_Scl": 5.329031749316091e-05,
    "k_prod_RANKL": 1.8099756730483743e-05,
    "k_prod_OPG": 9.584004322892466e-05,
    "Sclerostin_bone": 0.1185313907159826,
    "RANKL_bone": 0.9487535281280164,
    "OPG_bone": 5.420122162326075,
    "MineralIon": 4.12535991048373,
    "k_prod_Mineral": 0.14416986289171416
  },
  "biosensor_config": {
    "circuit_type": "amplifying",
    "sensitivity": 1.9601854324037669,
    "threshold": 0.0005931057574221098,
    "dynamic_range": [
      0.0,
      14.881135226084082
    ],
    "kd": 4.629112743768965,
    "response_type": "linear",
    "receptor_concentration": 4.114818227133633,
    "enzyme_concentration": 25.832545187804055,
    "amplification_gain": 8743.390838335961,
    "response_time": 172.51923367172037
  },
  "noise_preset": "high",
  "noise_params": {
    "additive_sigma": 0.1,
    "multiplicative_sigma": 0.2,
    "drift_rate": 0.001,
    "outlier_probability": 0.01,
    "outlier_magnitude": 10.0,
    "shot_noise_enabled": true,
    "seed": null
  },
  "measurement": {
    "snr_db": 11.75677591347843,
    "n_detections": 360,
    "detection_rate": 0.997229916897507,
    "time_to_detection": 2964.576891844891,
    "false_negative_rate": 0.04148797659233007,
    "max_signal": 27.84225344114578,
    "mean_signal": 16.790914511292645,
    "signal_std": 3.4208945863413662,
    "has_noise": true
  },
  "false_negative_rate": 0.04148797659233007,
  "sclerostin_mean": 1.3630100976699349,
  "sclerostin_max": 1.6497753111078477,
  "sclerostin_min": 0.025000000000000005,
  "sclerostin_std": 0.16151131183337974,
  "metadata_file": "metadata/79fdb5cb-f92f-43ab-8b7e-9d4dd128ce03.json",
  "timeseries_file": "timeseries/79fdb5cb-f92f-43ab-8b7e-9d4dd128ce03.csv"
}