{
  "run_id": "7a0b340b-e066-4a46-a631-4b96c62af728",
  "timestamp": "2026-01-31T04:10:55.911152",
  "scenario": "pmo",
  "duration": 3600.0,
  "num_points": 361,
  "environment_params": {
    "Estrogen": 0.0813793681005095,
    "PTH": 52.13363259492559,
    "k_prod_Scl": 5.476663596433163e-06,
    "k_prod_RANKL": 2.5311949745700585e-05,
    "k_prod_OPG": 5.248747852189079e-05,
    "Sclerostin_bone": 0.11305387725215905,
    "RANKL_bone": 1.3391762112140841,
    "OPG_bone": 1.6015429162246178
  },
  "biosensor_config": {
    "circuit_type": "threshold",
    "sensitivity": 0.5892251609863262,
    "threshold": 6.4200701023016e-05,
    "dynamic_range": [
      0.0,
      10.578510863462899
    ],
    "kd": 3.382477928465911,
    "response_type": "hill",
    "hill_coefficient": 2.6424276455449007,
    "off_level": 0.7768994045844139,
    "on_level": 8.016915097849385
  },
  "noise_preset": "medium",
  "noise_params": {
    "additive_sigma": 0.03,
    "multiplicative_sigma": 0.06,
    "drift_rate": 0.0003,
    "outlier_probability": 0.003,
    "outlier_magnitude": 4.0,
    "shot_noise_enabled": false,
    "seed": null
  },
  "measurement": {
    "snr_db": 6.797819729967594,
    "n_detections": 361,
    "detection_rate": 1.0,
    "time_to_detection": 4301.268796970529,
    "false_negative_rate": 0.08000858787814363,
    "max_signal": 2.8126671652833974,
    "mean_signal": 1.8888036475581955,
    "signal_std": 0.4767047863578333,
    "has_noise": true
  },
  "false_negative_rate": 0.08000858787814363,
  "sclerostin_mean": 1.325130515663052,
  "sclerostin_max": 1.631696430929487,
  "sclerostin_min": 0.025000000000000005,
  "sclerostin_std": 0.17000490511091973,
  "metadata_file": "metadata/7a0b340b-e066-4a46-a631-4b96c62af728.json",
  "timeseries_file": "timeseries/7a0b340b-e066-4a46-a631-4b96c62af728.csv"
}