{
  "run_id": "7a65e49f-6260-48e9-bd89-8e61aaf2f87b",
  "timestamp": "2026-01-31T04:10:52.399608",
  "scenario": "pmo",
  "duration": 3600.0,
  "num_points": 361,
  "environment_params": {
    "Estrogen": 0.14318855672289799,
    "PTH": 73.39914192803667,
    "k_prod_Scl": 6.377496307817938e-06,
    "k_prod_RANKL": 3.100603688273018e-05,
    "k_prod_OPG": 5.44722118327376e-05,
    "Sclerostin_bone": 0.08679018667185907,
    "RANKL_bone": 0.6205719153712645,
    "OPG_bone": 1.5569465530126785
  },
  "biosensor_config": {
    "circuit_type": "direct_binding",
    "sensitivity": 1.5436651266134152,
    "threshold": 5.881018870714435e-05,
    "dynamic_range": [
      0.0,
      12.358869685068871
    ],
    "kd": 0.16121631071038345,
    "response_type": "michaelis_menten",
    "receptor_concentration": 3.2128015131682908,
    "kon": 354693.1436985227,
    "koff": 57182.32006134372
  },
  "noise_preset": "high",
  "noise_params": {
    "additive_sigma": 0.1,
    "multiplicative_sigma": 0.2,
    "drift_rate": 0.001,
    "outlier_probability": 0.01,
    "outlier_magnitude": 10.0,
    "shot_noise_enabled": true,
    "seed": null
  },
  "measurement": {
    "snr_db": -3.1574598367156907,
    "n_detections": 361,
    "detection_rate": 1.0,
    "time_to_detection": 5808.833828644912,
    "false_negative_rate": 0.12294101070848094,
    "max_signal": 5.666866659804718,
    "mean_signal": 3.261013248015696,
    "signal_std": 1.0771759604967917,
    "has_noise": true
  },
  "false_negative_rate": 0.12294101070848094,
  "sclerostin_mean": 1.109138539790746,
  "sclerostin_max": 1.4646246130374179,
  "sclerostin_min": 0.025000000000000005,
  "sclerostin_std": 0.189878876554915,
  "metadata_file": "metadata/7a65e49f-6260-48e9-bd89-8e61aaf2f87b.json",
  "timeseries_file": "timeseries/7a65e49f-6260-48e9-bd89-8e61aaf2f87b.csv"
}