{
  "run_id": "7ae7cdf6-56ae-41b6-aee2-54c7fa72de30",
  "timestamp": "2026-05-17T01:58:35.214987",
  "scenario": "pmo",
  "duration": 3600.0,
  "num_points": 361,
  "environment_params": {
    "Estrogen": 0.23630350892417326,
    "PTH": 35.79904527508443,
    "k_prod_Scl": 4.728924659440585e-06,
    "k_deg_Scl": 6.767814882822727e-05,
    "Sclerostin_bone": 0.09343698983190249,
    "k_prod_RANKL": 1.4084347916453647e-05,
    "k_deg_RANKL": 1.6287513468780747e-05,
    "RANKL_bone": 1.0896487026584136,
    "k_prod_OPG": 9.217305982041381e-05,
    "k_deg_OPG": 2.8699467383979024e-05,
    "OPG_bone": 4.50833410287722,
    "MineralIon": 2.725743209485091,
    "k_prod_Mineral": 0.10327553376863118,
    "k_loss_Mineral": 0.0556238424718442
  },
  "biosensor_config": {
    "circuit_type": "direct_binding",
    "sensitivity": 0.8295500596924685,
    "threshold": 0.008387478266883538,
    "dynamic_range": [
      0.0,
      19.329016356307214
    ],
    "kd": 0.024589563303379393,
    "response_type": "hill",
    "receptor_concentration": 9.193522945606967,
    "kon": 226683.39508910038,
    "koff": 5574.045693368395
  },
  "noise_preset": "high",
  "noise_params": {
    "additive_sigma": 0.08,
    "multiplicative_sigma": 0.12,
    "drift_rate": 0.0004,
    "outlier_probability": 0.005,
    "outlier_magnitude": 6.0,
    "shot_noise_enabled": 0,
    "seed": null
  },
  "measurement": {
    "snr_db": -0.07669985156932241,
    "n_detections": 361,
    "detection_rate": 1.0,
    "time_to_detection": 7009.8702030962095,
    "false_negative_rate": 0.11210830100197296,
    "max_signal": 2.422615050443858,
    "mean_signal": 1.5439424721662858,
    "signal_std": 0.43593424631651845,
    "has_noise": 1
  },
  "false_negative_rate": 0.11210830100197296,
  "sclerostin_mean": 1.0680508470337722,
  "sclerostin_max": 1.2784424302635304,
  "sclerostin_min": 0.025000000000000005,
  "sclerostin_std": 0.11982294807380879,
  "metadata_file": "metadata/7ae7cdf6-56ae-41b6-aee2-54c7fa72de30.json",
  "timeseries_file": "timeseries/7ae7cdf6-56ae-41b6-aee2-54c7fa72de30.csv"
}