{
  "run_id": "7bb3834f-486f-4b8e-a242-02f20ec89d91",
  "timestamp": "2026-01-31T04:10:06.594733",
  "scenario": "ckd_mbd",
  "duration": 3600.0,
  "num_points": 361,
  "environment_params": {
    "Estrogen": 0.7702657094704081,
    "PTH": 277.49477160798676,
    "k_prod_Scl": 1.2310434512774864e-05,
    "k_deg_Scl": 3.544922343223295e-05,
    "k_prod_RANKL": 2.2824971988938118e-05,
    "k_prod_OPG": 7.258997855359931e-05,
    "Sclerostin_bone": 0.2771491815674385,
    "RANKL_bone": 1.4615654758470675,
    "OPG_bone": 4.421850324132509,
    "MineralIon": 2.9450651188421153,
    "k_prod_Mineral": 0.12298101477718253
  },
  "biosensor_config": {
    "circuit_type": "direct_binding",
    "sensitivity": 1.288012936623675,
    "threshold": 0.001624052981208087,
    "dynamic_range": [
      0.0,
      17.42332932085818
    ],
    "kd": 0.015873370404326168,
    "response_type": "michaelis_menten",
    "receptor_concentration": 4.188060789266615,
    "kon": 60354.283742560656,
    "koff": 958.0259013334663
  },
  "noise_preset": "high",
  "noise_params": {
    "additive_sigma": 0.1,
    "multiplicative_sigma": 0.2,
    "drift_rate": 0.001,
    "outlier_probability": 0.01,
    "outlier_magnitude": 10.0,
    "shot_noise_enabled": true,
    "seed": null
  },
  "measurement": {
    "snr_db": -4.213149906188472,
    "n_detections": 361,
    "detection_rate": 1.0,
    "time_to_detection": 3432.694365699547,
    "false_negative_rate": 0.010919675618850313,
    "max_signal": 5.114432305198695,
    "mean_signal": 3.0748509660010246,
    "signal_std": 1.0645473619689754,
    "has_noise": true
  },
  "false_negative_rate": 0.010919675618850313,
  "sclerostin_mean": 2.861519475990004,
  "sclerostin_max": 3.122398760900379,
  "sclerostin_min": 0.025000000000000005,
  "sclerostin_std": 0.19792636350494963,
  "metadata_file": "metadata/7bb3834f-486f-4b8e-a242-02f20ec89d91.json",
  "timeseries_file": "timeseries/7bb3834f-486f-4b8e-a242-02f20ec89d91.csv"
}