{
  "run_id": "7bd1888b-4f96-4722-b909-cfbddbbf21a9",
  "timestamp": "2026-01-31T04:10:29.431262",
  "scenario": "ckd_mbd",
  "duration": 3600.0,
  "num_points": 361,
  "environment_params": {
    "Estrogen": 0.5889344293160201,
    "PTH": 281.36415517837884,
    "k_prod_Scl": 1.600534634158276e-05,
    "k_deg_Scl": 3.808264797273294e-05,
    "k_prod_RANKL": 1.6613723871848095e-05,
    "k_prod_OPG": 6.668739026870613e-05,
    "Sclerostin_bone": 0.13248725268443595,
    "RANKL_bone": 1.4765932652801401,
    "OPG_bone": 4.8966500580567915,
    "MineralIon": 4.41539315792939,
    "k_prod_Mineral": 0.1595625580371868
  },
  "biosensor_config": {
    "circuit_type": "amplifying",
    "sensitivity": 9.38326821725151,
    "threshold": 0.0002242047303125572,
    "dynamic_range": [
      0.0,
      7.153939896177967
    ],
    "kd": 0.1401619939973616,
    "response_type": "linear",
    "receptor_concentration": 4.526207426258973,
    "enzyme_concentration": 29.83499471211187,
    "amplification_gain": 8773.271773296947,
    "response_time": 360.4380045100858
  },
  "noise_preset": "high",
  "noise_params": {
    "additive_sigma": 0.1,
    "multiplicative_sigma": 0.2,
    "drift_rate": 0.001,
    "outlier_probability": 0.01,
    "outlier_magnitude": 10.0,
    "shot_noise_enabled": true,
    "seed": null
  },
  "measurement": {
    "snr_db": 8.753008649251331,
    "n_detections": 360,
    "detection_rate": 0.997229916897507,
    "time_to_detection": 743.0160972969194,
    "false_negative_rate": 0.1124104549815764,
    "max_signal": 15.902991297985247,
    "mean_signal": 8.985116165617237,
    "signal_std": 1.8946648065653966,
    "has_noise": true
  },
  "false_negative_rate": 0.1124104549815764,
  "sclerostin_mean": 1.6345702478966595,
  "sclerostin_max": 2.113246053492596,
  "sclerostin_min": 0.025000000000000005,
  "sclerostin_std": 0.25795132977591473,
  "metadata_file": "metadata/7bd1888b-4f96-4722-b909-cfbddbbf21a9.json",
  "timeseries_file": "timeseries/7bd1888b-4f96-4722-b909-cfbddbbf21a9.csv"
}