{
  "run_id": "7c4cb154-9770-4942-bb6b-567d5f816ba9",
  "timestamp": "2026-05-17T01:40:39.119056",
  "scenario": "ckd_mbd",
  "duration": 3600.0,
  "num_points": 361,
  "environment_params": {
    "Estrogen": 0.41202908039305597,
    "PTH": 235.94929100842182,
    "k_prod_Scl": 1.0463896146737922e-05,
    "k_deg_Scl": 6.290215364599976e-05,
    "Sclerostin_bone": 0.1602313935496941,
    "k_prod_RANKL": 1.674896711850692e-05,
    "k_deg_RANKL": 1.7106703904064775e-05,
    "RANKL_bone": 0.7070824119075007,
    "k_prod_OPG": 0.00011748380478110879,
    "k_deg_OPG": 1.533687653163513e-05,
    "OPG_bone": 6.3573193739043745,
    "MineralIon": 4.358001369173358,
    "k_prod_Mineral": 0.19284662304382055,
    "k_loss_Mineral": 0.0238587460530939
  },
  "biosensor_config": {
    "circuit_type": "amplifying",
    "sensitivity": 2.9274642629333263,
    "threshold": 0.004524085608697758,
    "dynamic_range": [
      0.0,
      7.75404769662316
    ],
    "kd": 0.6306409759883589,
    "response_type": "michaelis_menten",
    "receptor_concentration": 0.27383961095873083,
    "enzyme_concentration": 5.260916430264851,
    "amplification_gain": 266.13039147926685,
    "response_time": 328.3172419011312
  },
  "biosensor_type": "amplifying",
  "noise_preset": "medium",
  "noise_params": {
    "additive_sigma": 0.03,
    "multiplicative_sigma": 0.06,
    "drift_rate": 0.0002,
    "outlier_probability": 0.003,
    "outlier_magnitude": 4.0,
    "shot_noise_enabled": false,
    "seed": null
  },
  "measurement": {
    "snr_db": 16.26347286925679,
    "n_detections": 361,
    "detection_rate": 1.0,
    "time_to_detection": 2704.2929877011143,
    "false_negative_rate": 0.06045497607271443,
    "max_signal": 4.076034719695063,
    "mean_signal": 3.2632061204252865,
    "signal_std": 0.3288186334593097,
    "has_noise": true
  },
  "signal_to_noise_ratio_SNR": 16.26347286925679,
  "time_to_detection_threshold": 2704.2929877011143,
  "false_negative_rate": 0.06045497607271443,
  "dynamic_range_of_output": 0.0,
  "sclerostin_mean": 1.8678695083782646,
  "sclerostin_max": 2.302845641431761,
  "sclerostin_min": 0.025000000000000005,
  "sclerostin_std": 0.24111410010044818,
  "sclerostin_change": 