{
  "run_id": "7c92c9a8-206c-4ac1-b901-253c45172059",
  "timestamp": "2026-05-17T02:01:39.488584",
  "scenario": "healthy",
  "duration": 3600.0,
  "num_points": 361,
  "environment_params": {
    "Estrogen": 1.009043160120572,
    "PTH": 75.61839194471908,
    "k_prod_Scl": 5.046997203467387e-06,
    "k_deg_Scl": 6.928262343423839e-05,
    "Sclerostin_bone": 0.04426662513584031,
    "k_prod_RANKL": 1.1827395748941852e-05,
    "k_deg_RANKL": 1.9475704304568702e-05,
    "RANKL_bone": 0.5226014167695071,
    "k_prod_OPG": 8.593850588975849e-05,
    "k_deg_OPG": 2.3139198094140473e-05,
    "OPG_bone": 5.997060362183918,
    "MineralIon": 1.847635571895537,
    "k_prod_Mineral": 0.11685874164415888,
    "k_loss_Mineral": 0.049435812632206734
  },
  "biosensor_config": {
    "circuit_type": "amplifying",
    "sensitivity": 6.175265037832389,
    "threshold": 0.00907188583759226,
    "dynamic_range": [
      0.0,
      15.645131666930373
    ],
    "kd": 0.15964364141576348,
    "response_type": "linear",
    "receptor_concentration": 2.366154304993595,
    "enzyme_concentration": 19.30504257451176,
    "amplification_gain": 9568.61153211058,
    "response_time": 348.96066263495703
  },
  "noise_preset": "medium",
  "noise_params": {
    "additive_sigma": 0.03,
    "multiplicative_sigma": 0.06,
    "drift_rate": 0.0002,
    "outlier_probability": 0.003,
    "outlier_magnitude": 4.0,
    "shot_noise_enabled": 0,
    "seed": null
  },
  "measurement": {
    "snr_db": 23.491202366030734,
    "n_detections": 360,
    "detection_rate": 0.997229916897507,
    "time_to_detection": 2278.2377844394596,
    "false_negative_rate": 0.008568347328869564,
    "max_signal": 18.633575556328836,
    "mean_signal": 15.985584849633995,
    "signal_std": 1.2863341769404009,
    "has_noise": 1
  },
  "false_negative_rate": 0.008568347328869564,
  "sclerostin_mean": 0.4895273076505258,
  "sclerostin_max": 0.548726166904408,
  "sclerostin_min": 0.025000000000000005,
  "sclerostin_std": 0.038458575622891504,
  "metadata_file": "metadata/7c92c9a8-206c-4ac1-b901-253c45172059.json",
  "timeseries_file": "timeseries/7c92c9a8-206c-4ac1-b901-253c45172059.csv"
}