{
  "run_id": "7d7bc4cf-8daa-4e66-afa8-365999526627",
  "timestamp": "2026-01-31T04:10:28.035233",
  "scenario": "ckd_mbd",
  "duration": 3600.0,
  "num_points": 361,
  "environment_params": {
    "Estrogen": 0.8043716949729343,
    "PTH": 430.0103721143667,
    "k_prod_Scl": 1.801150914213337e-05,
    "k_deg_Scl": 4.139297735076163e-05,
    "k_prod_RANKL": 1.8806053088866147e-05,
    "k_prod_OPG": 8.705821186019716e-05,
    "Sclerostin_bone": 0.3917184935101035,
    "RANKL_bone": 1.33552767990881,
    "OPG_bone": 5.048345106456196,
    "MineralIon": 5.349527423392292,
    "k_prod_Mineral": 0.2318133459373599
  },
  "biosensor_config": {
    "circuit_type": "amplifying",
    "sensitivity": 6.2388680734961195,
    "threshold": 0.002975999993671392,
    "dynamic_range": [
      0.0,
      3.161214157900813
    ],
    "kd": 0.04859539528317992,
    "response_type": "linear",
    "receptor_concentration": 3.094976942494386,
    "enzyme_concentration": 14.621677538773953,
    "amplification_gain": 8337.090179424978,
    "response_time": 39.7272601054232
  },
  "noise_preset": "high",
  "noise_params": {
    "additive_sigma": 0.1,
    "multiplicative_sigma": 0.2,
    "drift_rate": 0.001,
    "outlier_probability": 0.01,
    "outlier_magnitude": 10.0,
    "shot_noise_enabled": true,
    "seed": null
  },
  "measurement": {
    "snr_db": 3.070215086276011,
    "n_detections": 360,
    "detection_rate": 0.997229916897507,
    "time_to_detection": 5912.351036253554,
    "false_negative_rate": 0.013557338431085027,
    "max_signal": 7.811666202548766,
    "mean_signal": 4.958721692726224,
    "signal_std": 1.3081187826099216,
    "has_noise": true
  },
  "false_negative_rate": 0.013557338431085027,
  "sclerostin_mean": 4.032628103297621,
  "sclerostin_max": 4.39928898306546,
  "sclerostin_min": 0.025000000000000005,
  "sclerostin_std": 0.2789534324914124,
  "metadata_file": "metadata/7d7bc4cf-8daa-4e66-afa8-365999526627.json",
  "timeseries_file": "timeseries/7d7bc4cf-8daa-4e66-afa8-365999526627.csv"
}