{
  "run_id": "7fe8df96-da64-43bc-91af-cc3402cb5793",
  "timestamp": "2026-01-31T04:09:45.898025",
  "scenario": "pmo",
  "duration": 3600.0,
  "num_points": 361,
  "environment_params": {
    "Estrogen": 0.21610390931704818,
    "PTH": 68.76836663541413,
    "k_prod_Scl": 6.11511480681736e-06,
    "k_prod_RANKL": 2.4394698259233553e-05,
    "k_prod_OPG": 7.362897173715756e-05,
    "Sclerostin_bone": 0.09015459086037332,
    "RANKL_bone": 1.5398516675163578,
    "OPG_bone": 1.9696291096618235
  },
  "biosensor_config": {
    "circuit_type": "direct_binding",
    "sensitivity": 2.313584232415312,
    "threshold": 4.2347724621454304e-05,
    "dynamic_range": [
      0.0,
      16.703921259780927
    ],
    "kd": 0.23016933979372622,
    "response_type": "hill",
    "receptor_concentration": 8.934765158036285,
    "kon": 322753.41132369864,
    "koff": 74287.93960054868
  },
  "noise_preset": "medium",
  "noise_params": {
    "additive_sigma": 0.03,
    "multiplicative_sigma": 0.06,
    "drift_rate": 0.0003,
    "outlier_probability": 0.003,
    "outlier_magnitude": 4.0,
    "shot_noise_enabled": false,
    "seed": null
  },
  "measurement": {
    "snr_db": 11.204161309835252,
    "n_detections": 361,
    "detection_rate": 1.0,
    "time_to_detection": 3151.282563063109,
    "false_negative_rate": 0.05173362074873787,
    "max_signal": 3.545194863689443,
    "mean_signal": 2.851264854513088,
    "signal_std": 0.3366990619667395,
    "has_noise": true
  },
  "false_negative_rate": 0.05173362074873787,
  "sclerostin_mean": 1.1070844941056968,
  "sclerostin_max": 1.414907307299254,
  "sclerostin_min": 0.025000000000000005,
  "sclerostin_std": 0.16663599619293407,
  "metadata_file": "metadata/7fe8df96-da64-43bc-91af-cc3402cb5793.json",
  "timeseries_file": "timeseries/7fe8df96-da64-43bc-91af-cc3402cb5793.csv"
}