{
  "run_id": "8021ffda-975d-49a2-a050-bdb086ded301",
  "timestamp": "2026-01-31T04:10:43.077229",
  "scenario": "ckd_mbd",
  "duration": 3600.0,
  "num_points": 361,
  "environment_params": {
    "Estrogen": 0.5073503363149879,
    "PTH": 281.06671944402603,
    "k_prod_Scl": 1.255393200583009e-05,
    "k_deg_Scl": 3.392226327948036e-05,
    "k_prod_RANKL": 1.5570060303144404e-05,
    "k_prod_OPG": 5.2924766949933416e-05,
    "Sclerostin_bone": 0.38015754937301577,
    "RANKL_bone": 0.9600085034842852,
    "OPG_bone": 4.236403827518198,
    "MineralIon": 4.806886247275574,
    "k_prod_Mineral": 0.13578599245127704
  },
  "biosensor_config": {
    "circuit_type": "ratiometric",
    "sensitivity": 4.091355779350133,
    "threshold": 0.0044742881335796654,
    "dynamic_range": [
      0.0,
      19.18755531771753
    ],
    "kd": 0.0724183869572413,
    "response_type": "michaelis_menten",
    "reference_kd": 0.32330201355694216,
    "ratio_exponent": 1.2722827861925312
  },
  "noise_preset": "medium",
  "noise_params": {
    "additive_sigma": 0.03,
    "multiplicative_sigma": 0.06,
    "drift_rate": 0.0003,
    "outlier_probability": 0.003,
    "outlier_magnitude": 4.0,
    "shot_noise_enabled": false,
    "seed": null
  },
  "measurement": {
    "snr_db": 15.95007161593845,
    "n_detections": 361,
    "detection_rate": 1.0,
    "time_to_detection": 1443.583342387621,
    "false_negative_rate": 0.009673951783808156,
    "max_signal": 5.604777227285959,
    "mean_signal": 4.609606348059399,
    "signal_std": 0.39567629020598244,
    "has_noise": true
  },
  "false_negative_rate": 0.009673951783808156,
  "sclerostin_mean": 3.9770620607606686,
  "sclerostin_max": 4.419507239207452,
  "sclerostin_min": 0.025000000000000005,
  "sclerostin_std": 0.30395327344445816,
  "metadata_file": "metadata/8021ffda-975d-49a2-a050-bdb086ded301.json",
  "timeseries_file": "timeseries/8021ffda-975d-49a2-a050-bdb086ded301.csv"
}