{
  "run_id": "80c133f2-2375-4731-aeb4-a34149cdfe34",
  "timestamp": "2026-01-31T04:10:39.525174",
  "scenario": "ckd_mbd",
  "duration": 3600.0,
  "num_points": 361,
  "environment_params": {
    "Estrogen": 0.9200950702371131,
    "PTH": 213.05595707906218,
    "k_prod_Scl": 1.1833242383325804e-05,
    "k_deg_Scl": 3.665390782255157e-05,
    "k_prod_RANKL": 1.9874836000341026e-05,
    "k_prod_OPG": 7.565109143673626e-05,
    "Sclerostin_bone": 0.3003253882708934,
    "RANKL_bone": 0.8928029725162736,
    "OPG_bone": 8.665758833176161,
    "MineralIon": 2.320718741396673,
    "k_prod_Mineral": 0.18065900607209143
  },
  "biosensor_config": {
    "circuit_type": "direct_binding",
    "sensitivity": 22.20101787629697,
    "threshold": 6.10103131216857e-05,
    "dynamic_range": [
      0.0,
      11.831418662658757
    ],
    "kd": 1.4898147699123132,
    "response_type": "hill",
    "receptor_concentration": 8.882103702304317,
    "kon": 292031.4651732709,
    "koff": 435072.7900942723
  },
  "noise_preset": "medium",
  "noise_params": {
    "additive_sigma": 0.03,
    "multiplicative_sigma": 0.06,
    "drift_rate": 0.0003,
    "outlier_probability": 0.003,
    "outlier_magnitude": 4.0,
    "shot_noise_enabled": false,
    "seed": null
  },
  "measurement": {
    "snr_db": 21.56916719915087,
    "n_detections": 361,
    "detection_rate": 1.0,
    "time_to_detection": 1203.6480918017064,
    "false_negative_rate": 0.003416586627022793,
    "max_signal": 14.433565392275426,
    "mean_signal": 12.323394836453865,
    "signal_std": 1.05192505126691,
    "has_noise": true
  },
  "false_negative_rate": 0.003416586627022793,
  "sclerostin_mean": 3.0310129855493577,
  "sclerostin_max": 3.219417576470598,
  "sclerostin_min": 0.025000000000000005,
  "sclerostin_std": 0.18329128353309349,
  "metadata_file": "metadata/80c133f2-2375-4731-aeb4-a34149cdfe34.json",
  "timeseries_file": "timeseries/80c133f2-2375-4731-aeb4-a34149cdfe34.csv"
}