{
  "run_id": "81e1448e-fc6c-4471-a7b8-042f11450a47",
  "timestamp": "2026-01-31T04:10:54.031813",
  "scenario": "healthy",
  "duration": 3600.0,
  "num_points": 361,
  "environment_params": {
    "Estrogen": 1.082233240308599,
    "PTH": 51.85671475942482,
    "k_prod_Scl": 4.736272592865025e-06,
    "k_prod_RANKL": 1.3325377729429012e-05,
    "k_prod_OPG": 0.0001445082836804122,
    "Sclerostin_bone": 0.08112417084001182,
    "RANKL_bone": 0.6333875588677473,
    "OPG_bone": 5.239369181085232
  },
  "biosensor_config": {
    "circuit_type": "direct_binding",
    "sensitivity": 0.924678787703275,
    "threshold": 3.5046595319145925e-05,
    "dynamic_range": [
      0.0,
      8.035625078819592
    ],
    "kd": 0.018681980738163104,
    "response_type": "hill",
    "receptor_concentration": 2.2188322366763895,
    "kon": 100589.6336520207,
    "koff": 1879.2135983459339
  },
  "noise_preset": "medium",
  "noise_params": {
    "additive_sigma": 0.03,
    "multiplicative_sigma": 0.06,
    "drift_rate": 0.0003,
    "outlier_probability": 0.003,
    "outlier_magnitude": 4.0,
    "shot_noise_enabled": false,
    "seed": null
  },
  "measurement": {
    "snr_db": 3.346925751792572,
    "n_detections": 361,
    "detection_rate": 1.0,
    "time_to_detection": 5863.946652743224,
    "false_negative_rate": 0.018042016838981104,
    "max_signal": 2.1112541523296056,
    "mean_signal": 1.4671155707552115,
    "signal_std": 0.3182122314670387,
    "has_noise": true
  },
  "false_negative_rate": 0.018042016838981104,
  "sclerostin_mean": 0.8339379188707157,
  "sclerostin_max": 0.881683853820888,
  "sclerostin_min": 0.025000000000000005,
  "sclerostin_std": 0.04857010671200275,
  "metadata_file": "metadata/81e1448e-fc6c-4471-a7b8-042f11450a47.json",
  "timeseries_file": "timeseries/81e1448e-fc6c-4471-a7b8-042f11450a47.csv"
}