{
  "run_id": "83540fd3-5121-4c49-81d5-d4062945c668",
  "timestamp": "2026-05-17T01:54:26.033522",
  "scenario": "pmo",
  "duration": 3600.0,
  "num_points": 361,
  "environment_params": {
    "Estrogen": 0.22761159016098223,
    "PTH": 73.89478720615104,
    "k_prod_Scl": 5.821527679424756e-06,
    "k_deg_Scl": 5.520828731268154e-05,
    "Sclerostin_bone": 0.1087048658493577,
    "k_prod_RANKL": 1.7337597587309098e-05,
    "k_deg_RANKL": 1.6244788010899584e-05,
    "RANKL_bone": 0.5166898385736834,
    "k_prod_OPG": 9.703265343415015e-05,
    "k_deg_OPG": 2.3070823000619983e-05,
    "OPG_bone": 4.95655485377129,
    "MineralIon": 1.9601587172668247,
    "k_prod_Mineral": 0.096870118899315,
    "k_loss_Mineral": 0.07707074046289702
  },
  "biosensor_config": {
    "circuit_type": "direct_binding",
    "sensitivity": 14.031652535531679,
    "threshold": 6.754042188875826e-05,
    "dynamic_range": [
      0.0,
      17.295841192622852
    ],
    "kd": 4.162693187996338,
    "response_type": "hill",
    "receptor_concentration": 6.682668401435479,
    "kon": 119977.98544137471,
    "koff": 499431.54270633426
  },
  "noise_preset": "medium",
  "noise_params": {
    "additive_sigma": 0.03,
    "multiplicative_sigma": 0.06,
    "drift_rate": 0.0002,
    "outlier_probability": 0.003,
    "outlier_magnitude": 4.0,
    "shot_noise_enabled": 0,
    "seed": null
  },
  "measurement": {
    "snr_db": 12.311865759897787,
    "n_detections": 360,
    "detection_rate": 0.997229916897507,
    "time_to_detection": 3886.0780505040525,
    "false_negative_rate": 0.04120654993250885,
    "max_signal": 3.19460684039229,
    "mean_signal": 2.0910208994141137,
    "signal_std": 0.4944800775262873,
    "has_noise": 1
  },
  "false_negative_rate": 0.04120654993250885,
  "sclerostin_mean": 1.2710540315070573,
  "sclerostin_max": 1.5606099384039258,
  "sclerostin_min": 0.025000000000000005,
  "sclerostin_std": 0.16089675573787673,
  "metadata_file": "metadata/83540fd3-5121-4c49-81d5-d4062945c668.json",
  "timeseries_file": "timeseries/83540fd3-5121-4c49-81d5-d4062945c668.csv"
}