{
  "run_id": "83ac55bc-e69e-4d51-a391-2221c26bca39",
  "timestamp": "2026-01-31T04:11:13.029254",
  "scenario": "pmo",
  "duration": 3600.0,
  "num_points": 361,
  "environment_params": {
    "Estrogen": 0.10254783766824262,
    "PTH": 60.847282247709224,
    "k_prod_Scl": 6.060897816047563e-06,
    "k_prod_RANKL": 2.402882942551997e-05,
    "k_prod_OPG": 4.018120683672504e-05,
    "Sclerostin_bone": 0.15238866075312688,
    "RANKL_bone": 0.7056094842007086,
    "OPG_bone": 1.4244208459775054
  },
  "biosensor_config": {
    "circuit_type": "direct_binding",
    "sensitivity": 7.813935177305864,
    "threshold": 0.015088412860664837,
    "dynamic_range": [
      0.0,
      10.625396932519523
    ],
    "kd": 0.033838926435193095,
    "response_type": "michaelis_menten",
    "receptor_concentration": 0.8385608859077646,
    "kon": 92181.85655165468,
    "koff": 3119.3350625109656
  },
  "noise_preset": "medium",
  "noise_params": {
    "additive_sigma": 0.03,
    "multiplicative_sigma": 0.06,
    "drift_rate": 0.0003,
    "outlier_probability": 0.003,
    "outlier_magnitude": 4.0,
    "shot_noise_enabled": false,
    "seed": null
  },
  "measurement": {
    "snr_db": 19.479769010695595,
    "n_detections": 361,
    "detection_rate": 1.0,
    "time_to_detection": 3191.269101035825,
    "false_negative_rate": 0.0,
    "max_signal": 9.974657731427442,
    "mean_signal": 8.067775168257759,
    "signal_std": 0.56477277038237,
    "has_noise": true
  },
  "false_negative_rate": 0.0,
  "sclerostin_mean": 1.726878512364619,
  "sclerostin_max": 2.0689284139230977,
  "sclerostin_min": 0.025000000000000005,
  "sclerostin_std": 0.19506873246514456,
  "metadata_file": "metadata/83ac55bc-e69e-4d51-a391-2221c26bca39.json",
  "timeseries_file": "timeseries/83ac55bc-e69e-4d51-a391-2221c26bca39.csv"
}