{
  "run_id": "84141959-bcc6-4f9f-a827-bed38f1b1eef",
  "timestamp": "2026-01-31T04:10:53.518602",
  "scenario": "ckd_mbd",
  "duration": 3600.0,
  "num_points": 361,
  "environment_params": {
    "Estrogen": 0.8723556718405988,
    "PTH": 327.4246289632164,
    "k_prod_Scl": 1.3215029275596058e-05,
    "k_deg_Scl": 4.2167314818772916e-05,
    "k_prod_RANKL": 1.7208807308477022e-05,
    "k_prod_OPG": 9.537256918304971e-05,
    "Sclerostin_bone": 0.23421461593311524,
    "RANKL_bone": 1.0945085162416766,
    "OPG_bone": 2.50028419872675,
    "MineralIon": 1.883331988155053,
    "k_prod_Mineral": 0.1878217716705211
  },
  "biosensor_config": {
    "circuit_type": "direct_binding",
    "sensitivity": 1.5706009945880577,
    "threshold": 0.012584199196615109,
    "dynamic_range": [
      0.0,
      4.876086898074181
    ],
    "kd": 0.06741254295364843,
    "response_type": "hill",
    "receptor_concentration": 7.439326751776572,
    "kon": 68279.30657841584,
    "koff": 4602.881687562787
  },
  "noise_preset": "high",
  "noise_params": {
    "additive_sigma": 0.1,
    "multiplicative_sigma": 0.2,
    "drift_rate": 0.001,
    "outlier_probability": 0.01,
    "outlier_magnitude": 10.0,
    "shot_noise_enabled": true,
    "seed": null
  },
  "measurement": {
    "snr_db": -2.521404434436577,
    "n_detections": 361,
    "detection_rate": 1.0,
    "time_to_detection": 3707.7467667870546,
    "false_negative_rate": 0.005617681582749721,
    "max_signal": 5.821345298724628,
    "mean_signal": 3.367612876416248,
    "signal_std": 1.0852555170418747,
    "has_noise": true
  },
  "false_negative_rate": 0.005617681582749721,
  "sclerostin_mean": 2.432234751372893,
  "sclerostin_max": 2.667445641606459,
  "sclerostin_min": 0.025000000000000005,
  "sclerostin_std": 0.1726727626306903,
  "metadata_file": "metadata/84141959-bcc6-4f9f-a827-bed38f1b1eef.json",
  "timeseries_file": "timeseries/84141959-bcc6-4f9f-a827-bed38f1b1eef.csv"
}