{
  "run_id": "845c9bf2-7327-49bb-9d27-34d1d5f9f19a",
  "timestamp": "2026-01-31T04:10:11.720563",
  "scenario": "pmo",
  "duration": 3600.0,
  "num_points": 361,
  "environment_params": {
    "Estrogen": 0.12671016087608591,
    "PTH": 75.53962561960104,
    "k_prod_Scl": 5.634293314627255e-06,
    "k_prod_RANKL": 3.4564454134632667e-05,
    "k_prod_OPG": 3.5126533040921226e-05,
    "Sclerostin_bone": 0.09798400989973481,
    "RANKL_bone": 0.6797493105952936,
    "OPG_bone": 1.821405203568833
  },
  "biosensor_config": {
    "circuit_type": "amplifying",
    "sensitivity": 5.119567218811333,
    "threshold": 0.00024935901288351673,
    "dynamic_range": [
      0.0,
      0.6129055199384039
    ],
    "kd": 0.1627132058509033,
    "response_type": "michaelis_menten",
    "receptor_concentration": 0.9011338343660511,
    "enzyme_concentration": 8.935580344977657,
    "amplification_gain": 2427.258963516868,
    "response_time": 143.9670766521384
  },
  "noise_preset": "medium",
  "noise_params": {
    "additive_sigma": 0.03,
    "multiplicative_sigma": 0.06,
    "drift_rate": 0.0003,
    "outlier_probability": 0.003,
    "outlier_magnitude": 4.0,
    "shot_noise_enabled": false,
    "seed": null
  },
  "measurement": {
    "snr_db": -0.2450338293570899,
    "n_detections": 360,
    "detection_rate": 0.997229916897507,
    "time_to_detection": 5153.432376014513,
    "false_negative_rate": 0.1440493426877062,
    "max_signal": 1.7665462042701807,
    "mean_signal": 1.151918393983149,
    "signal_std": 0.32689753033693003,
    "has_noise": true
  },
  "false_negative_rate": 0.1440493426877062,
  "sclerostin_mean": 1.1904748656576698,
  "sclerostin_max": 1.5103534350111247,
  "sclerostin_min": 0.025000000000000005,
  "sclerostin_std": 0.17383984105011058,
  "metadata_file": "metadata/845c9bf2-7327-49bb-9d27-34d1d5f9f19a.json",
  "timeseries_file": "timeseries/845c9bf2-7327-49bb-9d27-34d1d5f9f19a.csv"
}