{
  "run_id": "8475c97b-1d47-483d-b882-6ce47f25a025",
  "timestamp": "2026-05-17T01:48:48.015774",
  "scenario": "pmo",
  "duration": 3600.0,
  "num_points": 361,
  "environment_params": {
    "Estrogen": 0.21074802343856366,
    "PTH": 44.54821352419505,
    "k_prod_Scl": 6.754523802292446e-06,
    "k_deg_Scl": 8.344999894800546e-05,
    "Sclerostin_bone": 0.1342950525114354,
    "k_prod_RANKL": 1.811874504042044e-05,
    "k_deg_RANKL": 2.3673775518494907e-05,
    "RANKL_bone": 1.0581753976378658,
    "k_prod_OPG": 8.219488230430405e-05,
    "k_deg_OPG": 1.977841087380485e-05,
    "OPG_bone": 4.539609862742494,
    "MineralIon": 2.6310812537354464,
    "k_prod_Mineral": 0.09148059522276838,
    "k_loss_Mineral": 0.066682504046216
  },
  "biosensor_config": {
    "circuit_type": "threshold",
    "sensitivity": 1.2178791345600213,
    "threshold": 0.004965467672819149,
    "dynamic_range": [
      0.0,
      5.05476541144531
    ],
    "kd": 0.17852760626105618,
    "response_type": "hill",
    "hill_coefficient": 3.8531356878025154,
    "off_level": 0.9586140337585648,
    "on_level": 9.294556668039208
  },
  "noise_preset": "medium",
  "noise_params": {
    "additive_sigma": 0.03,
    "multiplicative_sigma": 0.06,
    "drift_rate": 0.0002,
    "outlier_probability": 0.003,
    "outlier_magnitude": 4.0,
    "shot_noise_enabled": 0,
    "seed": null
  },
  "measurement": {
    "snr_db": 19.607698017198565,
    "n_detections": 361,
    "detection_rate": 1.0,
    "time_to_detection": 1559.1164352703872,
    "false_negative_rate": 0.023248924353335452,
    "max_signal": 6.558365890737313,
    "mean_signal": 5.4123290756528615,
    "signal_std": 0.44617748279320496,
    "has_noise": 1
  },
  "false_negative_rate": 0.023248924353335452,
  "sclerostin_mean": 1.5355288381298147,
  "sclerostin_max": 1.8535889314369554,
  "sclerostin_min": 0.025000000000000005,
  "sclerostin_std": 0.17963083820931303,
  "metadata_file": "metadata/8475c97b-1d47-483d-b882-6ce47f25a025.json",
  "timeseries_file": "timeseries/8475c97b-1d47-483d-b882-6ce47f25a025.csv"
}