{
  "run_id": "84a1d602-fe44-4f99-9421-9e7dda112ebf",
  "timestamp": "2026-01-31T04:10:07.263998",
  "scenario": "ckd_mbd",
  "duration": 3600.0,
  "num_points": 361,
  "environment_params": {
    "Estrogen": 0.8414446087977788,
    "PTH": 296.7444868727205,
    "k_prod_Scl": 1.536464180897862e-05,
    "k_deg_Scl": 3.061022706104687e-05,
    "k_prod_RANKL": 1.889321164087693e-05,
    "k_prod_OPG": 6.891337131556552e-05,
    "Sclerostin_bone": 0.22314064700871314,
    "RANKL_bone": 1.0389683145390531,
    "OPG_bone": 5.0312521063309745,
    "MineralIon": 3.733563773313296,
    "k_prod_Mineral": 0.1758515829163731
  },
  "biosensor_config": {
    "circuit_type": "ratiometric",
    "sensitivity": 1.133998167124417,
    "threshold": 3.699129375137239e-05,
    "dynamic_range": [
      0.0,
      9.23204763679574
    ],
    "kd": 0.020526090838345022,
    "response_type": "linear",
    "reference_kd": 0.13780270128853642,
    "ratio_exponent": 2.545093649011005
  },
  "noise_preset": "medium",
  "noise_params": {
    "additive_sigma": 0.03,
    "multiplicative_sigma": 0.06,
    "drift_rate": 0.0003,
    "outlier_probability": 0.003,
    "outlier_magnitude": 4.0,
    "shot_noise_enabled": false,
    "seed": null
  },
  "measurement": {
    "snr_db": 21.017912722621315,
    "n_detections": 361,
    "detection_rate": 1.0,
    "time_to_detection": 2210.076110691679,
    "false_negative_rate": 0.018039470160329304,
    "max_signal": 11.82576209383699,
    "mean_signal": 9.768201105009224,
    "signal_std": 0.6219038348403301,
    "has_noise": true
  },
  "false_negative_rate": 0.018039470160329304,
  "sclerostin_mean": 2.3652591950618405,
  "sclerostin_max": 2.6539772917759965,
  "sclerostin_min": 0.025000000000000005,
  "sclerostin_std": 0.1902352200899531,
  "metadata_file": "metadata/84a1d602-fe44-4f99-9421-9e7dda112ebf.json",
  "timeseries_file": "timeseries/84a1d602-fe44-4f99-9421-9e7dda112ebf.csv"
}