{
  "run_id": "856ce7e1-55e8-4867-887f-0345a42f0088",
  "timestamp": "2026-01-31T04:10:42.536936",
  "scenario": "pmo",
  "duration": 3600.0,
  "num_points": 361,
  "environment_params": {
    "Estrogen": 0.13754578877882823,
    "PTH": 78.8225480094604,
    "k_prod_Scl": 5.812901208893292e-06,
    "k_prod_RANKL": 2.8083939784482624e-05,
    "k_prod_OPG": 4.5887679372615025e-05,
    "Sclerostin_bone": 0.10931109436623569,
    "RANKL_bone": 1.0746556692760147,
    "OPG_bone": 1.3333515332639077
  },
  "biosensor_config": {
    "circuit_type": "direct_binding",
    "sensitivity": 2.671404840142818,
    "threshold": 7.184717877922446e-05,
    "dynamic_range": [
      0.0,
      14.77617170226391
    ],
    "kd": 0.6991077417704995,
    "response_type": "michaelis_menten",
    "receptor_concentration": 5.783049609180932,
    "kon": 75135.44311701381,
    "koff": 52527.769964461346
  },
  "noise_preset": "low",
  "noise_params": {
    "additive_sigma": 0.005,
    "multiplicative_sigma": 0.01,
    "drift_rate": 2e-05,
    "outlier_probability": 0.0002,
    "outlier_magnitude": 2.0,
    "shot_noise_enabled": false,
    "seed": null
  },
  "measurement": {
    "snr_db": 33.31723089127296,
    "n_detections": 361,
    "detection_rate": 1.0,
    "time_to_detection": 3417.1968860956886,
    "false_negative_rate": 0.004539951585185929,
    "max_signal": 2.38604747058509,
    "mean_signal": 2.2840847112318245,
    "signal_std": 0.0983705952340813,
    "has_noise": true
  },
  "false_negative_rate": 0.004539951585185929,
  "sclerostin_mean": 1.3053255799715082,
  "sclerostin_max": 1.6342520515124954,
  "sclerostin_min": 0.025000000000000005,
  "sclerostin_std": 0.1802133767799292,
  "metadata_file": "metadata/856ce7e1-55e8-4867-887f-0345a42f0088.json",
  "timeseries_file": "timeseries/856ce7e1-55e8-4867-887f-0345a42f0088.csv"
}