{
  "run_id": "859d09fe-e897-4082-82a6-431139fc5046",
  "timestamp": "2026-01-31T04:09:55.229430",
  "scenario": "pmo",
  "duration": 3600.0,
  "num_points": 361,
  "environment_params": {
    "Estrogen": 0.15359754037073084,
    "PTH": 68.08560671301721,
    "k_prod_Scl": 6.158937950174238e-06,
    "k_prod_RANKL": 3.992304471239853e-05,
    "k_prod_OPG": 4.514288596573804e-05,
    "Sclerostin_bone": 0.0758739249044344,
    "RANKL_bone": 1.4119091330230369,
    "OPG_bone": 3.7916985076088947
  },
  "biosensor_config": {
    "circuit_type": "threshold",
    "sensitivity": 2.552999381853523,
    "threshold": 0.0004704926889035739,
    "dynamic_range": [
      0.0,
      16.122896508462176
    ],
    "kd": 0.7092717054399924,
    "response_type": "hill",
    "hill_coefficient": 1.890759089095733,
    "off_level": 0.26018177434855627,
    "on_level": 5.908508565135272
  },
  "noise_preset": "high",
  "noise_params": {
    "additive_sigma": 0.1,
    "multiplicative_sigma": 0.2,
    "drift_rate": 0.001,
    "outlier_probability": 0.01,
    "outlier_magnitude": 10.0,
    "shot_noise_enabled": true,
    "seed": null
  },
  "measurement": {
    "snr_db": 4.8609021163366,
    "n_detections": 361,
    "detection_rate": 1.0,
    "time_to_detection": 4752.291655346076,
    "false_negative_rate": 0.1276949127074641,
    "max_signal": 10.380769641182688,
    "mean_signal": 5.666497991276971,
    "signal_std": 1.7262432572256527,
    "has_noise": true
  },
  "false_negative_rate": 0.1276949127074641,
  "sclerostin_mean": 0.9904866474037176,
  "sclerostin_max": 1.3261096197524784,
  "sclerostin_min": 0.025000000000000005,
  "sclerostin_std": 0.17845786476398315,
  "metadata_file": "metadata/859d09fe-e897-4082-82a6-431139fc5046.json",
  "timeseries_file": "timeseries/859d09fe-e897-4082-82a6-431139fc5046.csv"
}