{
  "run_id": "8636a4fd-a0bb-411b-86bf-23eafa9ba2c4",
  "timestamp": "2026-01-31T04:11:11.720834",
  "scenario": "pmo",
  "duration": 3600.0,
  "num_points": 361,
  "environment_params": {
    "Estrogen": 0.18386824436542298,
    "PTH": 67.30771472912711,
    "k_prod_Scl": 7.408290594585472e-06,
    "k_prod_RANKL": 2.542960566620558e-05,
    "k_prod_OPG": 4.895685929516568e-05,
    "Sclerostin_bone": 0.10537195930396662,
    "RANKL_bone": 1.321469838747949,
    "OPG_bone": 1.0576362195971143
  },
  "biosensor_config": {
    "circuit_type": "ratiometric",
    "sensitivity": 9.74453289684868,
    "threshold": 6.945428445141448e-05,
    "dynamic_range": [
      0.0,
      18.373760101163526
    ],
    "kd": 0.3743642572184073,
    "response_type": "hill",
    "reference_kd": 0.28325724805756725,
    "ratio_exponent": 1.3847877285182693
  },
  "noise_preset": "high",
  "noise_params": {
    "additive_sigma": 0.1,
    "multiplicative_sigma": 0.2,
    "drift_rate": 0.001,
    "outlier_probability": 0.01,
    "outlier_magnitude": 10.0,
    "shot_noise_enabled": true,
    "seed": null
  },
  "measurement": {
    "snr_db": 10.784554106330324,
    "n_detections": 361,
    "detection_rate": 1.0,
    "time_to_detection": 1533.6453606095479,
    "false_negative_rate": 0.03956173980709856,
    "max_signal": 17.25969831686136,
    "mean_signal": 11.492562141969847,
    "signal_std": 2.2069424539034936,
    "has_noise": true
  },
  "false_negative_rate": 0.03956173980709856,
  "sclerostin_mean": 1.3101700865843398,
  "sclerostin_max": 1.6982665391679754,
  "sclerostin_min": 0.025000000000000005,
  "sclerostin_std": 0.20881598683279542,
  "metadata_file": "metadata/8636a4fd-a0bb-411b-86bf-23eafa9ba2c4.json",
  "timeseries_file": "timeseries/8636a4fd-a0bb-411b-86bf-23eafa9ba2c4.csv"
}