{
  "run_id": "8715ebf4-96fd-47b0-b3fe-5b45f5ddb8c4",
  "timestamp": "2026-01-31T04:09:48.563354",
  "scenario": "pmo",
  "duration": 3600.0,
  "num_points": 361,
  "environment_params": {
    "Estrogen": 0.15299987381308386,
    "PTH": 64.35766848450851,
    "k_prod_Scl": 8.98706501544737e-06,
    "k_prod_RANKL": 3.4869971777853534e-05,
    "k_prod_OPG": 5.766400218626314e-05,
    "Sclerostin_bone": 0.10444315594501868,
    "RANKL_bone": 1.719855281745891,
    "OPG_bone": 2.9222649267454384
  },
  "biosensor_config": {
    "circuit_type": "ratiometric",
    "sensitivity": 4.217248349033215,
    "threshold": 0.00012959815813327452,
    "dynamic_range": [
      0.0,
      1.1319933751483169
    ],
    "kd": 0.15144519390629416,
    "response_type": "michaelis_menten",
    "reference_kd": 0.07781033814721287,
    "ratio_exponent": 1.1082039292898105
  },
  "noise_preset": "medium",
  "noise_params": {
    "additive_sigma": 0.03,
    "multiplicative_sigma": 0.06,
    "drift_rate": 0.0003,
    "outlier_probability": 0.003,
    "outlier_magnitude": 4.0,
    "shot_noise_enabled": false,
    "seed": null
  },
  "measurement": {
    "snr_db": 5.0267451848367894,
    "n_detections": 361,
    "detection_rate": 1.0,
    "time_to_detection": 663.9982209804052,
    "false_negative_rate": 0.05449819989848163,
    "max_signal": 2.3187401243448775,
    "mean_signal": 1.6769241565470276,
    "signal_std": 0.3252380149654216,
    "has_noise": true
  },
  "false_negative_rate": 0.05449819989848163,
  "sclerostin_mean": 1.3716685694102255,
  "sclerostin_max": 1.8576812224345884,
  "sclerostin_min": 0.025000000000000005,
  "sclerostin_std": 0.2577506010349572,
  "metadata_file": "metadata/8715ebf4-96fd-47b0-b3fe-5b45f5ddb8c4.json",
  "timeseries_file": "timeseries/8715ebf4-96fd-47b0-b3fe-5b45f5ddb8c4.csv"
}