{
  "run_id": "879f8425-da95-49de-a397-583fdc285996",
  "timestamp": "2026-01-31T04:10:07.446484",
  "scenario": "pmo",
  "duration": 3600.0,
  "num_points": 361,
  "environment_params": {
    "Estrogen": 0.11636373116702939,
    "PTH": 77.17374187230266,
    "k_prod_Scl": 5.700661669587767e-06,
    "k_prod_RANKL": 2.1153705757920837e-05,
    "k_prod_OPG": 5.352841348821161e-05,
    "Sclerostin_bone": 0.0661250574623909,
    "RANKL_bone": 1.7948811628685526,
    "OPG_bone": 1.4865507425378337
  },
  "biosensor_config": {
    "circuit_type": "amplifying",
    "sensitivity": 1.062416104903845,
    "threshold": 8.618926112749776e-05,
    "dynamic_range": [
      0.0,
      16.9950515558241
    ],
    "kd": 0.01901384977608758,
    "response_type": "michaelis_menten",
    "receptor_concentration": 4.0882383531417705,
    "enzyme_concentration": 13.32890311380964,
    "amplification_gain": 507.2464879349371,
    "response_time": 448.5653058115556
  },
  "noise_preset": "high",
  "noise_params": {
    "additive_sigma": 0.1,
    "multiplicative_sigma": 0.2,
    "drift_rate": 0.001,
    "outlier_probability": 0.01,
    "outlier_magnitude": 10.0,
    "shot_noise_enabled": true,
    "seed": null
  },
  "measurement": {
    "snr_db": -5.844075300637256,
    "n_detections": 361,
    "detection_rate": 1.0,
    "time_to_detection": 1900.3369784646268,
    "false_negative_rate": 0.1586559520543675,
    "max_signal": 5.265040645059764,
    "mean_signal": 2.8544394466964587,
    "signal_std": 1.0557070915351479,
    "has_noise": true
  },
  "false_negative_rate": 0.1586559520543675,
  "sclerostin_mean": 0.8922774989792649,
  "sclerostin_max": 1.220933766459704,
  "sclerostin_min": 0.025000000000000005,
  "sclerostin_std": 0.17374220060784856,
  "metadata_file": "metadata/879f8425-da95-49de-a397-583fdc285996.json",
  "timeseries_file": "timeseries/879f8425-da95-49de-a397-583fdc285996.csv"
}