{
  "run_id": "87c36b04-7ec8-46f6-b54f-8b167875b48c",
  "timestamp": "2026-05-17T02:01:42.942037",
  "scenario": "healthy",
  "duration": 3600.0,
  "num_points": 361,
  "environment_params": {
    "Estrogen": 1.0599359962522754,
    "PTH": 85.20391315720322,
    "k_prod_Scl": 3.5595666084072574e-06,
    "k_deg_Scl": 5.803260056235181e-05,
    "Sclerostin_bone": 0.07557693810144497,
    "k_prod_RANKL": 1.1860560333669937e-05,
    "k_deg_RANKL": 2.2113074668768242e-05,
    "RANKL_bone": 0.5312097880172754,
    "k_prod_OPG": 8.021477997845745e-05,
    "k_deg_OPG": 1.2413989338985315e-05,
    "OPG_bone": 6.44763871482673,
    "MineralIon": 2.1197666102648176,
    "k_prod_Mineral": 0.12677569685113732,
    "k_loss_Mineral": 0.051856303604254306
  },
  "biosensor_config": {
    "circuit_type": "ratiometric",
    "sensitivity": 4.890893118929851,
    "threshold": 0.02529246911283411,
    "dynamic_range": [
      0.0,
      17.364240150863502
    ],
    "kd": 0.25171368853873294,
    "response_type": "michaelis_menten",
    "reference_kd": 0.03984335029807547,
    "ratio_exponent": 1.8438209957407203
  },
  "noise_preset": "high",
  "noise_params": {
    "additive_sigma": 0.08,
    "multiplicative_sigma": 0.12,
    "drift_rate": 0.0004,
    "outlier_probability": 0.005,
    "outlier_magnitude": 6.0,
    "shot_noise_enabled": 0,
    "seed": null
  },
  "measurement": {
    "snr_db": 13.57679769095598,
    "n_detections": 361,
    "detection_rate": 1.0,
    "time_to_detection": 2748.027360924634,
    "false_negative_rate": 0.009782475050840084,
    "max_signal": 8.423775498318442,
    "mean_signal": 5.622827682682878,
    "signal_std": 0.7167709745117822,
    "has_noise": 1
  },
  "false_negative_rate": 0.009782475050840084,
  "sclerostin_mean": 0.7743104545583297,
  "sclerostin_max": 0.813244081040674,
  "sclerostin_min": 0.025000000000000005,
  "sclerostin_std": 0.043730644274932874,
  "metadata_file": "metadata/87c36b04-7ec8-46f6-b54f-8b167875b48c.json",
  "timeseries_file": "timeseries/87c36b04-7ec8-46f6-b54f-8b167875b48c.csv"
}