{
  "run_id": "87c955f9-c9a7-4999-8d71-af562ff225a0",
  "timestamp": "2026-05-17T01:40:40.491835",
  "scenario": "ckd_mbd",
  "duration": 3600.0,
  "num_points": 361,
  "environment_params": {
    "Estrogen": 0.4879681271380733,
    "PTH": 171.26451904741262,
    "k_prod_Scl": 9.404803269447237e-06,
    "k_deg_Scl": 5.855274084155554e-05,
    "Sclerostin_bone": 0.12951111512264007,
    "k_prod_RANKL": 1.9014549802709624e-05,
    "k_deg_RANKL": 2.0157816736669717e-05,
    "RANKL_bone": 0.8501240951628838,
    "k_prod_OPG": 0.00016404776075140838,
    "k_deg_OPG": 2.2650207833377927e-05,
    "OPG_bone": 6.325513717797824,
    "MineralIon": 2.1858179710683148,
    "k_prod_Mineral": 0.10569057800954242,
    "k_loss_Mineral": 0.015030276745037168
  },
  "biosensor_config": {
    "circuit_type": "ratiometric",
    "sensitivity": 0.40057759668219195,
    "threshold": 7.95708539544803e-05,
    "dynamic_range": [
      0.0,
      6.7872827778260705
    ],
    "kd": 0.7705668175460173,
    "response_type": "hill",
    "reference_kd": 1.2245778789555266,
    "ratio_exponent": 0.9701350238695217
  },
  "biosensor_type": "ratiometric",
  "noise_preset": "high",
  "noise_params": {
    "additive_sigma": 0.08,
    "multiplicative_sigma": 0.12,
    "drift_rate": 0.0004,
    "outlier_probability": 0.005,
    "outlier_magnitude": 6.0,
    "shot_noise_enabled": false,
    "seed": null
  },
  "measurement": {
    "snr_db": -6.407292152825366,
    "n_detections": 361,
    "detection_rate": 1.0,
    "time_to_detection": 4788.952187251702,
    "false_negative_rate": 0.1526143155491649,
    "max_signal": 1.969344931920022,
    "mean_signal": 1.1218714020529,
    "signal_std": 0.42578540650855135,
    "has_noise": true
  },
  "signal_to_noise_ratio_SNR": -6.407292152825366,
  "time_to_detection_threshold": 4788.952187251702,
  "false_negative_rate": 0.1526143155491649,
  "dynamic_range_of_output": 0.0,
  "sclerostin_mean": 1.4956535396882233,
  "sclerostin_max": 1.8211081259391044,
  "sclerostin_min": 0.025000000000000005,
  "sclerostin_std": 0.1822738871005688,
  "sclerostin_change": 