{
  "run_id": "88408ae6-6945-494c-bd1c-f3243c5541f2",
  "timestamp": "2026-01-31T04:10:14.845599",
  "scenario": "ckd_mbd",
  "duration": 3600.0,
  "num_points": 361,
  "environment_params": {
    "Estrogen": 0.6357288575706079,
    "PTH": 262.32583064069973,
    "k_prod_Scl": 1.538939168191607e-05,
    "k_deg_Scl": 5.850598567837976e-05,
    "k_prod_RANKL": 1.6066843782299648e-05,
    "k_prod_OPG": 6.850881463789843e-05,
    "Sclerostin_bone": 0.28013148474139427,
    "RANKL_bone": 0.9374282689941521,
    "OPG_bone": 5.002821993342221,
    "MineralIon": 3.243563609493593,
    "k_prod_Mineral": 0.15439387354339273
  },
  "biosensor_config": {
    "circuit_type": "ratiometric",
    "sensitivity": 11.246385224987591,
    "threshold": 9.557616777821134e-05,
    "dynamic_range": [
      0.0,
      0.324290699448019
    ],
    "kd": 0.021470834544332976,
    "response_type": "linear",
    "reference_kd": 0.7826328164721107,
    "ratio_exponent": 0.946274976447631
  },
  "noise_preset": "medium",
  "noise_params": {
    "additive_sigma": 0.03,
    "multiplicative_sigma": 0.06,
    "drift_rate": 0.0003,
    "outlier_probability": 0.003,
    "outlier_magnitude": 4.0,
    "shot_noise_enabled": false,
    "seed": null
  },
  "measurement": {
    "snr_db": -5.650724330074622,
    "n_detections": 361,
    "detection_rate": 1.0,
    "time_to_detection": 3815.351360936366,
    "false_negative_rate": 0.11312322376666761,
    "max_signal": 1.4574856617625822,
    "mean_signal": 0.8603635798056259,
    "signal_std": 0.31454845749517846,
    "has_noise": true
  },
  "false_negative_rate": 0.11312322376666761,
  "sclerostin_mean": 2.9981797891928483,
  "sclerostin_max": 3.4112036367406255,
  "sclerostin_min": 0.025000000000000005,
  "sclerostin_std": 0.2600577733818355,
  "metadata_file": "metadata/88408ae6-6945-494c-bd1c-f3243c5541f2.json",
  "timeseries_file": "timeseries/88408ae6-6945-494c-bd1c-f3243c5541f2.csv"
}