{
  "run_id": "889fb184-fd31-45a2-b5c5-3065d116f4ee",
  "timestamp": "2026-01-31T04:10:56.670465",
  "scenario": "healthy",
  "duration": 3600.0,
  "num_points": 361,
  "environment_params": {
    "Estrogen": 0.7744928056261645,
    "PTH": 50.55502537988896,
    "k_prod_Scl": 4.653461470447747e-06,
    "k_prod_RANKL": 1.1507084473759702e-05,
    "k_prod_OPG": 0.00013096883739816667,
    "Sclerostin_bone": 0.02815558624154409,
    "RANKL_bone": 0.6704185957141998,
    "OPG_bone": 3.9440680279309444
  },
  "biosensor_config": {
    "circuit_type": "threshold",
    "sensitivity": 13.829640846783109,
    "threshold": 0.026778517935012566,
    "dynamic_range": [
      0.0,
      18.192941542700634
    ],
    "kd": 0.17246349811315756,
    "response_type": "hill",
    "hill_coefficient": 6.209153005526455,
    "off_level": 0.2858209321815634,
    "on_level": 3.5626781816585598
  },
  "noise_preset": "medium",
  "noise_params": {
    "additive_sigma": 0.03,
    "multiplicative_sigma": 0.06,
    "drift_rate": 0.0003,
    "outlier_probability": 0.003,
    "outlier_magnitude": 4.0,
    "shot_noise_enabled": false,
    "seed": null
  },
  "measurement": {
    "snr_db": 14.744000719839693,
    "n_detections": 361,
    "detection_rate": 1.0,
    "time_to_detection": 1828.9707871673068,
    "false_negative_rate": 0.04661979478407641,
    "max_signal": 5.09120125606373,
    "mean_signal": 4.023796643867164,
    "signal_std": 0.4468705952698153,
    "has_noise": true
  },
  "false_negative_rate": 0.04661979478407641,
  "sclerostin_mean": 0.3494809052264667,
  "sclerostin_max": 0.4278230686711476,
  "sclerostin_min": 0.025000000000000005,
  "sclerostin_std": 0.04328702781051031,
  "metadata_file": "metadata/889fb184-fd31-45a2-b5c5-3065d116f4ee.json",
  "timeseries_file": "timeseries/889fb184-fd31-45a2-b5c5-3065d116f4ee.csv"
}