{
  "run_id": "88d6e935-3421-42aa-9e68-383366be8e29",
  "timestamp": "2026-01-31T04:10:38.664770",
  "scenario": "ckd_mbd",
  "duration": 3600.0,
  "num_points": 361,
  "environment_params": {
    "Estrogen": 0.9159353238850506,
    "PTH": 427.01629263613097,
    "k_prod_Scl": 1.4701990281311861e-05,
    "k_deg_Scl": 5.052963776696928e-05,
    "k_prod_RANKL": 1.4917411134070117e-05,
    "k_prod_OPG": 5.917493131149977e-05,
    "Sclerostin_bone": 0.17785057598317444,
    "RANKL_bone": 0.794710179189931,
    "OPG_bone": 3.1941468064022276,
    "MineralIon": 5.029941068291502,
    "k_prod_Mineral": 0.1974809918274622
  },
  "biosensor_config": {
    "circuit_type": "ratiometric",
    "sensitivity": 3.309089992744424,
    "threshold": 0.001227948291880072,
    "dynamic_range": [
      0.0,
      11.831367464851601
    ],
    "kd": 4.442314129344776,
    "response_type": "linear",
    "reference_kd": 0.8393473471439621,
    "ratio_exponent": 1.0936215400468463
  },
  "noise_preset": "medium",
  "noise_params": {
    "additive_sigma": 0.03,
    "multiplicative_sigma": 0.06,
    "drift_rate": 0.0003,
    "outlier_probability": 0.003,
    "outlier_magnitude": 4.0,
    "shot_noise_enabled": false,
    "seed": null
  },
  "measurement": {
    "snr_db": 22.265617036068278,
    "n_detections": 361,
    "detection_rate": 1.0,
    "time_to_detection": 727.822110346281,
    "false_negative_rate": 0.004126423769397334,
    "max_signal": 14.612021728094785,
    "mean_signal": 12.361466041671509,
    "signal_std": 0.7414970472577392,
    "has_noise": true
  },
  "false_negative_rate": 0.004126423769397334,
  "sclerostin_mean": 1.9005412893446016,
  "sclerostin_max": 2.146148493768561,
  "sclerostin_min": 0.025000000000000005,
  "sclerostin_std": 0.15801042165384302,
  "metadata_file": "metadata/88d6e935-3421-42aa-9e68-383366be8e29.json",
  "timeseries_file": "timeseries/88d6e935-3421-42aa-9e68-383366be8e29.csv"
}