{
  "run_id": "89db5c07-266f-4865-8342-dc3b592c7660",
  "timestamp": "2026-05-17T01:58:32.815603",
  "scenario": "healthy",
  "duration": 3600.0,
  "num_points": 361,
  "environment_params": {
    "Estrogen": 0.6653434128320396,
    "PTH": 30.42060763048401,
    "k_prod_Scl": 2.7772001969025176e-06,
    "k_deg_Scl": 6.584100707969085e-05,
    "Sclerostin_bone": 0.06269485521559562,
    "k_prod_RANKL": 6.749281888968598e-06,
    "k_deg_RANKL": 2.081926170741839e-05,
    "RANKL_bone": 0.6836033020798759,
    "k_prod_OPG": 0.00010733199790440747,
    "k_deg_OPG": 2.2194844492920896e-05,
    "OPG_bone": 6.553810159889889,
    "MineralIon": 2.1934643335472366,
    "k_prod_Mineral": 0.0899910591013053,
    "k_loss_Mineral": 0.053698243494908884
  },
  "biosensor_config": {
    "circuit_type": "threshold",
    "sensitivity": 28.83774812038193,
    "threshold": 0.00010807371540091832,
    "dynamic_range": [
      0.0,
      2.3660266232953155
    ],
    "kd": 0.13677579251841696,
    "response_type": "hill",
    "hill_coefficient": 2.3215325778911895,
    "off_level": 0.5367084482964587,
    "on_level": 8.854174600897275
  },
  "noise_preset": "medium",
  "noise_params": {
    "additive_sigma": 0.03,
    "multiplicative_sigma": 0.06,
    "drift_rate": 0.0002,
    "outlier_probability": 0.003,
    "outlier_magnitude": 4.0,
    "shot_noise_enabled": 0,
    "seed": null
  },
  "measurement": {
    "snr_db": 14.677979084043617,
    "n_detections": 361,
    "detection_rate": 1.0,
    "time_to_detection": 3011.2326865409154,
    "false_negative_rate": 0.005618287110889642,
    "max_signal": 3.3219929095375456,
    "mean_signal": 2.7286123346207107,
    "signal_std": 0.2563562673601277,
    "has_noise": 1
  },
  "false_negative_rate": 0.005618287110889642,
  "sclerostin_mean": 0.6612368211930082,
  "sclerostin_max": 0.7142880421602352,
  "sclerostin_min": 0.025000000000000005,
  "sclerostin_std": 0.042561849387268834,
  "metadata_file": "metadata/89db5c07-266f-4865-8342-dc3b592c7660.json",
  "timeseries_file": "timeseries/89db5c07-266f-4865-8342-dc3b592c7660.csv"
}