{
  "run_id": "8be5d9ac-2d6b-433a-8baf-d577fbe0ff35",
  "timestamp": "2026-05-17T01:58:24.133447",
  "scenario": "pmo",
  "duration": 3600.0,
  "num_points": 361,
  "environment_params": {
    "Estrogen": 0.2003914233856343,
    "PTH": 46.37914310334059,
    "k_prod_Scl": 4.166935627874774e-06,
    "k_deg_Scl": 7.413362327633892e-05,
    "Sclerostin_bone": 0.13402821011695343,
    "k_prod_RANKL": 2.576771479102862e-05,
    "k_deg_RANKL": 1.8835120207269274e-05,
    "RANKL_bone": 0.9195529670994858,
    "k_prod_OPG": 5.9732670729547264e-05,
    "k_deg_OPG": 1.9486146769564295e-05,
    "OPG_bone": 5.126511244888148,
    "MineralIon": 2.0797518802938115,
    "k_prod_Mineral": 0.11723116921942764,
    "k_loss_Mineral": 0.04716354035114778
  },
  "biosensor_config": {
    "circuit_type": "direct_binding",
    "sensitivity": 4.929604138001592,
    "threshold": 0.01021984931111952,
    "dynamic_range": [
      0.0,
      5.569397235388136
    ],
    "kd": 0.1503986513646406,
    "response_type": "hill",
    "receptor_concentration": 4.550460364866,
    "kon": 552901.7440627161,
    "koff": 83155.67664419019
  },
  "noise_preset": "high",
  "noise_params": {
    "additive_sigma": 0.08,
    "multiplicative_sigma": 0.12,
    "drift_rate": 0.0004,
    "outlier_probability": 0.005,
    "outlier_magnitude": 6.0,
    "shot_noise_enabled": 0,
    "seed": null
  },
  "measurement": {
    "snr_db": 13.550147616140713,
    "n_detections": 361,
    "detection_rate": 1.0,
    "time_to_detection": 2391.8999282139707,
    "false_negative_rate": 0.04253164398448673,
    "max_signal": 7.701844242183738,
    "mean_signal": 5.649125014385014,
    "signal_std": 0.7372954183433638,
    "has_noise": 1
  },
  "false_negative_rate": 0.04253164398448673,
  "sclerostin_mean": 1.4480069592341929,
  "sclerostin_max": 1.6475923334890485,
  "sclerostin_min": 0.025000000000000005,
  "sclerostin_std": 0.12519204170700057,
  "metadata_file": "metadata/8be5d9ac-2d6b-433a-8baf-d577fbe0ff35.json",
  "timeseries_file": "timeseries/8be5d9ac-2d6b-433a-8baf-d577fbe0ff35.csv"
}