{
  "run_id": "8c087538-a1da-4e9c-b3e4-20327edbbee8",
  "timestamp": "2026-01-31T04:10:26.570517",
  "scenario": "pmo",
  "duration": 3600.0,
  "num_points": 361,
  "environment_params": {
    "Estrogen": 0.07315358318992975,
    "PTH": 41.88718570746466,
    "k_prod_Scl": 7.6118227019729704e-06,
    "k_prod_RANKL": 4.089383588091094e-05,
    "k_prod_OPG": 5.2305088711640804e-05,
    "Sclerostin_bone": 0.10088633280677908,
    "RANKL_bone": 3.169188876227786,
    "OPG_bone": 1.5907879719305467
  },
  "biosensor_config": {
    "circuit_type": "direct_binding",
    "sensitivity": 1.8258709892523162,
    "threshold": 4.0386420960705024e-05,
    "dynamic_range": [
      0.0,
      11.504451388863924
    ],
    "kd": 0.010147913274337256,
    "response_type": "hill",
    "receptor_concentration": 9.4321912219092,
    "kon": 477103.7795373043,
    "koff": 4841.607777603086
  },
  "noise_preset": "low",
  "noise_params": {
    "additive_sigma": 0.005,
    "multiplicative_sigma": 0.01,
    "drift_rate": 2e-05,
    "outlier_probability": 0.0002,
    "outlier_magnitude": 2.0,
    "shot_noise_enabled": false,
    "seed": null
  },
  "measurement": {
    "snr_db": 31.926551426005013,
    "n_detections": 361,
    "detection_rate": 1.0,
    "time_to_detection": 2652.3200636126694,
    "false_negative_rate": 0.029193446974557443,
    "max_signal": 1.9516061080902252,
    "mean_signal": 1.8621626411374688,
    "signal_std": 0.028672657621570577,
    "has_noise": true
  },
  "false_negative_rate": 0.029193446974557443,
  "sclerostin_mean": 1.2880089761447642,
  "sclerostin_max": 1.7048808275526472,
  "sclerostin_min": 0.025000000000000005,
  "sclerostin_std": 0.22255165499123597,
  "metadata_file": "metadata/8c087538-a1da-4e9c-b3e4-20327edbbee8.json",
  "timeseries_file": "timeseries/8c087538-a1da-4e9c-b3e4-20327edbbee8.csv"
}