{
  "run_id": "8c113bc1-b97c-4b3f-b17f-293896551530",
  "timestamp": "2026-01-31T04:09:56.458652",
  "scenario": "ckd_mbd",
  "duration": 3600.0,
  "num_points": 361,
  "environment_params": {
    "Estrogen": 0.8000436328388717,
    "PTH": 284.8757702399257,
    "k_prod_Scl": 1.0702728763549216e-05,
    "k_deg_Scl": 3.673445274492863e-05,
    "k_prod_RANKL": 2.4575917910075552e-05,
    "k_prod_OPG": 0.00010597033794463464,
    "Sclerostin_bone": 0.245178406961929,
    "RANKL_bone": 1.3591304361181749,
    "OPG_bone": 3.0690028360748873,
    "MineralIon": 3.955271594133569,
    "k_prod_Mineral": 0.18646850430133846
  },
  "biosensor_config": {
    "circuit_type": "ratiometric",
    "sensitivity": 42.769626975363515,
    "threshold": 3.6207268175315234e-05,
    "dynamic_range": [
      0.0,
      13.17944317331103
    ],
    "kd": 0.2317663141531714,
    "response_type": "hill",
    "reference_kd": 0.039028799004260234,
    "ratio_exponent": 1.1604440957188824
  },
  "noise_preset": "medium",
  "noise_params": {
    "additive_sigma": 0.03,
    "multiplicative_sigma": 0.06,
    "drift_rate": 0.0003,
    "outlier_probability": 0.003,
    "outlier_magnitude": 4.0,
    "shot_noise_enabled": false,
    "seed": null
  },
  "measurement": {
    "snr_db": 22.419658840194437,
    "n_detections": 361,
    "detection_rate": 1.0,
    "time_to_detection": 3515.581641524817,
    "false_negative_rate": 0.0016063239630930393,
    "max_signal": 16.318676024604205,
    "mean_signal": 13.73140480394414,
    "signal_std": 0.8308731418955325,
    "has_noise": true
  },
  "false_negative_rate": 0.0016063239630930393,
  "sclerostin_mean": 2.5229285355723006,
  "sclerostin_max": 2.7381176671041767,
  "sclerostin_min": 0.025000000000000005,
  "sclerostin_std": 0.16948332197475918,
  "metadata_file": "metadata/8c113bc1-b97c-4b3f-b17f-293896551530.json",
  "timeseries_file": "timeseries/8c113bc1-b97c-4b3f-b17f-293896551530.csv"
}