{
  "run_id": "8c4ae9ba-5929-4fd8-8db4-f59e3f36fdd2",
  "timestamp": "2026-01-31T04:10:42.278148",
  "scenario": "healthy",
  "duration": 3600.0,
  "num_points": 361,
  "environment_params": {
    "Estrogen": 0.9493222642966144,
    "PTH": 36.999654575271244,
    "k_prod_Scl": 4.6030440531418e-06,
    "k_prod_RANKL": 1.3499274656700218e-05,
    "k_prod_OPG": 0.00013807128673180014,
    "Sclerostin_bone": 0.04588957358848784,
    "RANKL_bone": 0.45756011603009555,
    "OPG_bone": 3.6436935784979196
  },
  "biosensor_config": {
    "circuit_type": "direct_binding",
    "sensitivity": 0.37604627974969984,
    "threshold": 0.0002156244707089852,
    "dynamic_range": [
      0.0,
      9.017237400097843
    ],
    "kd": 0.01778372398707792,
    "response_type": "linear",
    "receptor_concentration": 7.551064066490894,
    "kon": 60696.7782602393,
    "koff": 1079.4147514849672
  },
  "noise_preset": "high",
  "noise_params": {
    "additive_sigma": 0.1,
    "multiplicative_sigma": 0.2,
    "drift_rate": 0.001,
    "outlier_probability": 0.01,
    "outlier_magnitude": 10.0,
    "shot_noise_enabled": true,
    "seed": null
  },
  "measurement": {
    "snr_db": 2.041080668385185,
    "n_detections": 361,
    "detection_rate": 1.0,
    "time_to_detection": 1988.8424616043046,
    "false_negative_rate": 0.01252075293905934,
    "max_signal": 7.068804783972576,
    "mean_signal": 4.557820655184846,
    "signal_std": 1.1869078432148292,
    "has_noise": true
  },
  "false_negative_rate": 0.01252075293905934,
  "sclerostin_mean": 0.5022390892941252,
  "sclerostin_max": 0.5572352626386462,
  "sclerostin_min": 0.025000000000000005,
  "sclerostin_std": 0.03727854695266647,
  "metadata_file": "metadata/8c4ae9ba-5929-4fd8-8db4-f59e3f36fdd2.json",
  "timeseries_file": "timeseries/8c4ae9ba-5929-4fd8-8db4-f59e3f36fdd2.csv"
}