{
  "run_id": "8ca3effe-ddfa-4374-9f77-a07bccf3e616",
  "timestamp": "2026-01-31T04:09:56.523838",
  "scenario": "ckd_mbd",
  "duration": 3600.0,
  "num_points": 361,
  "environment_params": {
    "Estrogen": 0.6420006871232918,
    "PTH": 436.79164715324555,
    "k_prod_Scl": 1.6059853779036378e-05,
    "k_deg_Scl": 3.679858154503462e-05,
    "k_prod_RANKL": 1.78937332973581e-05,
    "k_prod_OPG": 7.719577120358901e-05,
    "Sclerostin_bone": 0.1934267517383414,
    "RANKL_bone": 0.8771382202735913,
    "OPG_bone": 2.9165566279526196,
    "MineralIon": 3.5541411100322344,
    "k_prod_Mineral": 0.19318557679494724
  },
  "biosensor_config": {
    "circuit_type": "amplifying",
    "sensitivity": 2.2258794977280534,
    "threshold": 0.0006432618471601821,
    "dynamic_range": [
      0.0,
      8.222878913888191
    ],
    "kd": 0.7624507376045092,
    "response_type": "hill",
    "receptor_concentration": 3.262278503627485,
    "enzyme_concentration": 4.395493278304569,
    "amplification_gain": 8426.190647578505,
    "response_time": 113.24435007002758
  },
  "noise_preset": "medium",
  "noise_params": {
    "additive_sigma": 0.03,
    "multiplicative_sigma": 0.06,
    "drift_rate": 0.0003,
    "outlier_probability": 0.003,
    "outlier_magnitude": 4.0,
    "shot_noise_enabled": false,
    "seed": null
  },
  "measurement": {
    "snr_db": 10.775064881159365,
    "n_detections": 360,
    "detection_rate": 0.997229916897507,
    "time_to_detection": 1095.2523766734098,
    "false_negative_rate": 0.06854974082791382,
    "max_signal": 3.6616184813304784,
    "mean_signal": 2.77023705242096,
    "signal_std": 0.3615587778078278,
    "has_noise": true
  },
  "false_negative_rate": 0.06854974082791382,
  "sclerostin_mean": 2.1929276003778577,
  "sclerostin_max": 2.6376491176753936,
  "sclerostin_min": 0.025000000000000005,
  "sclerostin_std": 0.2525963045984559,
  "metadata_file": "metadata/8ca3effe-ddfa-4374-9f77-a07bccf3e616.json",
  "timeseries_file": "timeseries/8ca3effe-ddfa-4374-9f77-a07bccf3e616.csv"
}