{
  "run_id": "8df7304b-5373-481f-8f30-239c72b531fe",
  "timestamp": "2026-01-31T04:10:11.900163",
  "scenario": "healthy",
  "duration": 3600.0,
  "num_points": 361,
  "environment_params": {
    "Estrogen": 0.7600951556766743,
    "PTH": 48.180902310872696,
    "k_prod_Scl": 3.503229235724002e-06,
    "k_prod_RANKL": 9.549263519266558e-06,
    "k_prod_OPG": 0.00014246960017927175,
    "Sclerostin_bone": 0.06496393024244056,
    "RANKL_bone": 0.6050223063311575,
    "OPG_bone": 11.863968458501603
  },
  "biosensor_config": {
    "circuit_type": "direct_binding",
    "sensitivity": 6.44181403213309,
    "threshold": 0.0032588883640035132,
    "dynamic_range": [
      0.0,
      17.288774080236998
    ],
    "kd": 0.12416314733615909,
    "response_type": "hill",
    "receptor_concentration": 2.344895725679878,
    "kon": 454121.4091348726,
    "koff": 56385.14343091737
  },
  "noise_preset": "medium",
  "noise_params": {
    "additive_sigma": 0.03,
    "multiplicative_sigma": 0.06,
    "drift_rate": 0.0003,
    "outlier_probability": 0.003,
    "outlier_magnitude": 4.0,
    "shot_noise_enabled": false,
    "seed": null
  },
  "measurement": {
    "snr_db": 18.798521827638364,
    "n_detections": 361,
    "detection_rate": 1.0,
    "time_to_detection": 3286.604445532681,
    "false_negative_rate": 0.009473318458769057,
    "max_signal": 8.548453801087199,
    "mean_signal": 6.945296037510351,
    "signal_std": 0.5142345585154822,
    "has_noise": true
  },
  "false_negative_rate": 0.009473318458769057,
  "sclerostin_mean": 0.6880940245419737,
  "sclerostin_max": 0.7479833958106004,
  "sclerostin_min": 0.025000000000000005,
  "sclerostin_std": 0.04588359441046711,
  "metadata_file": "metadata/8df7304b-5373-481f-8f30-239c72b531fe.json",
  "timeseries_file": "timeseries/8df7304b-5373-481f-8f30-239c72b531fe.csv"
}