{
  "run_id": "8dfddb70-b3c0-441f-aa93-fa71a2e6af45",
  "timestamp": "2026-01-31T04:09:54.479394",
  "scenario": "healthy",
  "duration": 3600.0,
  "num_points": 361,
  "environment_params": {
    "Estrogen": 0.7164683379997916,
    "PTH": 74.52799834628858,
    "k_prod_Scl": 3.860937725980957e-06,
    "k_prod_RANKL": 1.1455500648781068e-05,
    "k_prod_OPG": 0.00011950127673500414,
    "Sclerostin_bone": 0.06699417696241307,
    "RANKL_bone": 0.7066388453047929,
    "OPG_bone": 10.906175978695192
  },
  "biosensor_config": {
    "circuit_type": "direct_binding",
    "sensitivity": 2.6605282950746294,
    "threshold": 0.00010551730620364368,
    "dynamic_range": [
      0.0,
      14.372380668814111
    ],
    "kd": 0.3465358577187152,
    "response_type": "hill",
    "receptor_concentration": 5.572201883534939,
    "kon": 408830.4313240285,
    "koff": 141674.4041803845
  },
  "noise_preset": "medium",
  "noise_params": {
    "additive_sigma": 0.03,
    "multiplicative_sigma": 0.06,
    "drift_rate": 0.0003,
    "outlier_probability": 0.003,
    "outlier_magnitude": 4.0,
    "shot_noise_enabled": false,
    "seed": null
  },
  "measurement": {
    "snr_db": 12.310746942344817,
    "n_detections": 361,
    "detection_rate": 1.0,
    "time_to_detection": 2598.666654495414,
    "false_negative_rate": 0.006813457123079603,
    "max_signal": 4.200684467600504,
    "mean_signal": 3.164029094421618,
    "signal_std": 0.36794569947745254,
    "has_noise": true
  },
  "false_negative_rate": 0.006813457123079603,
  "sclerostin_mean": 0.7190066938061018,
  "sclerostin_max": 0.7949688295139212,
  "sclerostin_min": 0.025000000000000005,
  "sclerostin_std": 0.052700346414587346,
  "metadata_file": "metadata/8dfddb70-b3c0-441f-aa93-fa71a2e6af45.json",
  "timeseries_file": "timeseries/8dfddb70-b3c0-441f-aa93-fa71a2e6af45.csv"
}