{
  "run_id": "8fb90dcb-6463-4027-8be5-6079e30f6996",
  "timestamp": "2026-05-17T01:48:50.001010",
  "scenario": "ckd_mbd",
  "duration": 3600.0,
  "num_points": 361,
  "environment_params": {
    "Estrogen": 0.6324842732442305,
    "PTH": 217.40406544390257,
    "k_prod_Scl": 1.5640940521374174e-05,
    "k_deg_Scl": 5.103367536513732e-05,
    "Sclerostin_bone": 0.13448087165803543,
    "k_prod_RANKL": 1.733981761885604e-05,
    "k_deg_RANKL": 1.5339801617892843e-05,
    "RANKL_bone": 0.9688394165299056,
    "k_prod_OPG": 0.00012037392039155931,
    "k_deg_OPG": 2.988278465472179e-05,
    "OPG_bone": 5.079153062352577,
    "MineralIon": 5.315804531886969,
    "k_prod_Mineral": 0.1466535209488493,
    "k_loss_Mineral": 0.017217668665116294
  },
  "biosensor_config": {
    "circuit_type": "direct_binding",
    "sensitivity": 14.236954291962338,
    "threshold": 0.003909443815865657,
    "dynamic_range": [
      0.0,
      12.107144098004806
    ],
    "kd": 2.117083785406941,
    "response_type": "hill",
    "receptor_concentration": 6.142193478852484,
    "kon": 22327.425567997325,
    "koff": 47269.0306398875
  },
  "noise_preset": "high",
  "noise_params": {
    "additive_sigma": 0.08,
    "multiplicative_sigma": 0.12,
    "drift_rate": 0.0004,
    "outlier_probability": 0.005,
    "outlier_magnitude": 6.0,
    "shot_noise_enabled": 0,
    "seed": null
  },
  "measurement": {
    "snr_db": 16.264940453312555,
    "n_detections": 361,
    "detection_rate": 1.0,
    "time_to_detection": 194.59056821363697,
    "false_negative_rate": 0.03607860954215365,
    "max_signal": 12.751345344312632,
    "mean_signal": 9.405192922579024,
    "signal_std": 1.433804131728307,
    "has_noise": 1
  },
  "false_negative_rate": 0.03607860954215365,
  "sclerostin_mean": 1.6100860674000308,
  "sclerostin_max": 2.0284790684755114,
  "sclerostin_min": 0.025000000000000005,
  "sclerostin_std": 0.22843577665684667,
  "metadata_file": "metadata/8fb90dcb-6463-4027-8be5-6079e30f6996.json",
  "timeseries_file": "timeseries/8fb90dcb-6463-4027-8be5-6079e30f6996.csv"
}