{
  "run_id": "90f66b4e-8add-4e5b-8d26-16ae1294c378",
  "timestamp": "2026-05-17T01:48:49.506989",
  "scenario": "pmo",
  "duration": 3600.0,
  "num_points": 361,
  "environment_params": {
    "Estrogen": 0.4763175591971533,
    "PTH": 67.27180918952325,
    "k_prod_Scl": 7.2496410019904525e-06,
    "k_deg_Scl": 4.892288057973596e-05,
    "Sclerostin_bone": 0.0842688637624847,
    "k_prod_RANKL": 2.0256656467862438e-05,
    "k_deg_RANKL": 1.405991253378484e-05,
    "RANKL_bone": 0.7977832237338096,
    "k_prod_OPG": 8.159942926426189e-05,
    "k_deg_OPG": 1.640006670339107e-05,
    "OPG_bone": 3.3301338394240956,
    "MineralIon": 2.497310937180877,
    "k_prod_Mineral": 0.08516320202635562,
    "k_loss_Mineral": 0.050981602927772665
  },
  "biosensor_config": {
    "circuit_type": "direct_binding",
    "sensitivity": 13.637232728199347,
    "threshold": 6.884260508951871e-05,
    "dynamic_range": [
      0.0,
      4.178281164452905
    ],
    "kd": 0.057091224315159034,
    "response_type": "hill",
    "receptor_concentration": 6.872202071437574,
    "kon": 28694.550727640053,
    "koff": 1638.2070322144082
  },
  "noise_preset": "low",
  "noise_params": {
    "additive_sigma": 0.005,
    "multiplicative_sigma": 0.01,
    "drift_rate": 2e-05,
    "outlier_probability": 0.0002,
    "outlier_magnitude": 2.0,
    "shot_noise_enabled": 0,
    "seed": null
  },
  "measurement": {
    "snr_db": 36.69738728481097,
    "n_detections": 361,
    "detection_rate": 1.0,
    "time_to_detection": 3176.1441315382767,
    "false_negative_rate": 0.0,
    "max_signal": 4.355855540855043,
    "mean_signal": 4.215962419635424,
    "signal_std": 0.048112685516041524,
    "has_noise": 1
  },
  "false_negative_rate": 0.0,
  "sclerostin_mean": 0.9915847296688094,
  "sclerostin_max": 1.2171369277039712,
  "sclerostin_min": 0.025000000000000005,
  "sclerostin_std": 0.12525850543494277,
  "metadata_file": "metadata/90f66b4e-8add-4e5b-8d26-16ae1294c378.json",
  "timeseries_file": "timeseries/90f66b4e-8add-4e5b-8d26-16ae1294c378.csv"
}