{
  "run_id": "91e1077a-7393-4901-a697-8aa159a6d29b",
  "timestamp": "2026-05-17T01:54:24.806547",
  "scenario": "healthy",
  "duration": 3600.0,
  "num_points": 361,
  "environment_params": {
    "Estrogen": 0.9041749276544975,
    "PTH": 39.012396988533084,
    "k_prod_Scl": 4.287830219866187e-06,
    "k_deg_Scl": 7.570810259308735e-05,
    "Sclerostin_bone": 0.04956747019439764,
    "k_prod_RANKL": 1.112043641168512e-05,
    "k_deg_RANKL": 2.481788807540825e-05,
    "RANKL_bone": 0.6196213592447696,
    "k_prod_OPG": 8.010826521183939e-05,
    "k_deg_OPG": 1.9574248350576648e-05,
    "OPG_bone": 5.19943731855853,
    "MineralIon": 3.2335546891794653,
    "k_prod_Mineral": 0.09275447855982472,
    "k_loss_Mineral": 0.0495501319402992
  },
  "biosensor_config": {
    "circuit_type": "direct_binding",
    "sensitivity": 5.421552289995822,
    "threshold": 0.015561559665156321,
    "dynamic_range": [
      0.0,
      10.252037748527053
    ],
    "kd": 0.011638596008517892,
    "response_type": "hill",
    "receptor_concentration": 4.067410145381768,
    "kon": 48491.9377182146,
    "koff": 564.3780727725107
  },
  "noise_preset": "medium",
  "noise_params": {
    "additive_sigma": 0.03,
    "multiplicative_sigma": 0.06,
    "drift_rate": 0.0002,
    "outlier_probability": 0.003,
    "outlier_magnitude": 4.0,
    "shot_noise_enabled": 0,
    "seed": null
  },
  "measurement": {
    "snr_db": 20.146342274444194,
    "n_detections": 361,
    "detection_rate": 1.0,
    "time_to_detection": 2852.3796434202186,
    "false_negative_rate": 0.0015617359293561939,
    "max_signal": 6.742747240417926,
    "mean_signal": 5.780208336117141,
    "signal_std": 0.39436108803109976,
    "has_noise": 1
  },
  "false_negative_rate": 0.0015617359293561939,
  "sclerostin_mean": 0.5366114059085694,
  "sclerostin_max": 0.5909326130487789,
  "sclerostin_min": 0.025000000000000005,
  "sclerostin_std": 0.038200220455825315,
  "metadata_file": "metadata/91e1077a-7393-4901-a697-8aa159a6d29b.json",
  "timeseries_file": "timeseries/91e1077a-7393-4901-a697-8aa159a6d29b.csv"
}