{
  "run_id": "92f9a08a-c2c3-465b-a368-5488d808ae2a",
  "timestamp": "2026-01-31T04:10:58.332430",
  "scenario": "pmo",
  "duration": 3600.0,
  "num_points": 361,
  "environment_params": {
    "Estrogen": 0.11629939871535894,
    "PTH": 71.09185402525819,
    "k_prod_Scl": 5.147459984181934e-06,
    "k_prod_RANKL": 3.638551567356239e-05,
    "k_prod_OPG": 5.782146076314963e-05,
    "Sclerostin_bone": 0.05204153839343216,
    "RANKL_bone": 1.6119215025878515,
    "OPG_bone": 2.672350440487962
  },
  "biosensor_config": {
    "circuit_type": "amplifying",
    "sensitivity": 0.6911862198558583,
    "threshold": 0.0024792935883960077,
    "dynamic_range": [
      0.0,
      8.122664419189269
    ],
    "kd": 0.05056476183970528,
    "response_type": "hill",
    "receptor_concentration": 4.581821848241293,
    "enzyme_concentration": 5.668715718178116,
    "amplification_gain": 5419.839346146278,
    "response_time": 153.82895203407983
  },
  "noise_preset": "medium",
  "noise_params": {
    "additive_sigma": 0.03,
    "multiplicative_sigma": 0.06,
    "drift_rate": 0.0003,
    "outlier_probability": 0.003,
    "outlier_magnitude": 4.0,
    "shot_noise_enabled": false,
    "seed": null
  },
  "measurement": {
    "snr_db": 0.7942324804088469,
    "n_detections": 360,
    "detection_rate": 0.997229916897507,
    "time_to_detection": 3494.2804008348935,
    "false_negative_rate": 0.13450749407600976,
    "max_signal": 1.8851642658150516,
    "mean_signal": 1.2332510440609712,
    "signal_std": 0.3229248342302403,
    "has_noise": true
  },
  "false_negative_rate": 0.13450749407600976,
  "sclerostin_mean": 0.7314403366458174,
  "sclerostin_max": 1.0237569729261045,
  "sclerostin_min": 0.025000000000000005,
  "sclerostin_std": 0.15376339032934444,
  "metadata_file": "metadata/92f9a08a-c2c3-465b-a368-5488d808ae2a.json",
  "timeseries_file": "timeseries/92f9a08a-c2c3-465b-a368-5488d808ae2a.csv"
}