{
  "run_id": "93785645-34eb-4f61-ab9c-8432daa2c59b",
  "timestamp": "2026-01-31T04:10:27.092272",
  "scenario": "pmo",
  "duration": 3600.0,
  "num_points": 361,
  "environment_params": {
    "Estrogen": 0.27554531179708863,
    "PTH": 45.55385233316343,
    "k_prod_Scl": 5.310949600415567e-06,
    "k_prod_RANKL": 2.4544381115012105e-05,
    "k_prod_OPG": 4.959778804486936e-05,
    "Sclerostin_bone": 0.10334507407351191,
    "RANKL_bone": 1.1993827813408606,
    "OPG_bone": 2.9692929244968114
  },
  "biosensor_config": {
    "circuit_type": "threshold",
    "sensitivity": 2.715281499214604,
    "threshold": 0.025161752306750912,
    "dynamic_range": [
      0.0,
      5.799410928307897
    ],
    "kd": 0.19380001083575352,
    "response_type": "linear",
    "hill_coefficient": 6.545167976312029,
    "off_level": 0.6962042035138979,
    "on_level": 14.841616608294295
  },
  "noise_preset": "medium",
  "noise_params": {
    "additive_sigma": 0.03,
    "multiplicative_sigma": 0.06,
    "drift_rate": 0.0003,
    "outlier_probability": 0.003,
    "outlier_magnitude": 4.0,
    "shot_noise_enabled": false,
    "seed": null
  },
  "measurement": {
    "snr_db": 18.42415817169352,
    "n_detections": 361,
    "detection_rate": 1.0,
    "time_to_detection": 705.5370815399272,
    "false_negative_rate": 0.0425654613111453,
    "max_signal": 7.532005790863196,
    "mean_signal": 6.3079055185671855,
    "signal_std": 0.542742272965447,
    "has_noise": true
  },
  "false_negative_rate": 0.0425654613111453,
  "sclerostin_mean": 1.1782889076145349,
  "sclerostin_max": 1.4093915947160633,
  "sclerostin_min": 0.025000000000000005,
  "sclerostin_std": 0.13188065768628432,
  "metadata_file": "metadata/93785645-34eb-4f61-ab9c-8432daa2c59b.json",
  "timeseries_file": "timeseries/93785645-34eb-4f61-ab9c-8432daa2c59b.csv"
}