{
  "run_id": "938808e3-b05f-4864-a8bf-04f5894a088b",
  "timestamp": "2026-05-17T02:01:39.017446",
  "scenario": "healthy",
  "duration": 3600.0,
  "num_points": 361,
  "environment_params": {
    "Estrogen": 0.924287423872018,
    "PTH": 62.68613735556681,
    "k_prod_Scl": 4.670119779373396e-06,
    "k_deg_Scl": 7.122081498876832e-05,
    "Sclerostin_bone": 0.03407522120823414,
    "k_prod_RANKL": 1.0677551579222183e-05,
    "k_deg_RANKL": 1.7719490463587842e-05,
    "RANKL_bone": 0.4132736915430708,
    "k_prod_OPG": 0.00011411658057614439,
    "k_deg_OPG": 1.7369264415073112e-05,
    "OPG_bone": 5.231223443482447,
    "MineralIon": 2.2076511204579328,
    "k_prod_Mineral": 0.10344308971392013,
    "k_loss_Mineral": 0.04376614156651324
  },
  "biosensor_config": {
    "circuit_type": "amplifying",
    "sensitivity": 2.2967721930215164,
    "threshold": 0.0015820116955726471,
    "dynamic_range": [
      0.0,
      4.861615727623135
    ],
    "kd": 1.178569238178103,
    "response_type": "hill",
    "receptor_concentration": 2.0832178665015353,
    "enzyme_concentration": 24.362582595592137,
    "amplification_gain": 2976.026752834843,
    "response_time": 483.04821740130444
  },
  "noise_preset": "medium",
  "noise_params": {
    "additive_sigma": 0.03,
    "multiplicative_sigma": 0.06,
    "drift_rate": 0.0002,
    "outlier_probability": 0.003,
    "outlier_magnitude": 4.0,
    "shot_noise_enabled": 0,
    "seed": null
  },
  "measurement": {
    "snr_db": 14.295837522318745,
    "n_detections": 360,
    "detection_rate": 0.997229916897507,
    "time_to_detection": 4006.8327771675386,
    "false_negative_rate": 0.031006103526829525,
    "max_signal": 3.269984454997748,
    "mean_signal": 2.6580247262320817,
    "signal_std": 0.28239089466279,
    "has_noise": 1
  },
  "false_negative_rate": 0.031006103526829525,
  "sclerostin_mean": 0.3936985314111809,
  "sclerostin_max": 0.45507380433879174,
  "sclerostin_min": 0.025000000000000005,
  "sclerostin_std": 0.0365359220434549,
  "metadata_file": "metadata/938808e3-b05f-4864-a8bf-04f5894a088b.json",
  "timeseries_file": "timeseries/938808e3-b05f-4864-a8bf-04f5894a088b.csv"
}