{
  "run_id": "9402cc3e-145c-4679-a8e1-d60909d23f7b",
  "timestamp": "2026-01-31T04:10:21.461017",
  "scenario": "pmo",
  "duration": 3600.0,
  "num_points": 361,
  "environment_params": {
    "Estrogen": 0.31195634007593304,
    "PTH": 80.37644503551275,
    "k_prod_Scl": 4.989259105518257e-06,
    "k_prod_RANKL": 2.6099926646234167e-05,
    "k_prod_OPG": 5.77494562622109e-05,
    "Sclerostin_bone": 0.08220734695161215,
    "RANKL_bone": 1.9520194942580669,
    "OPG_bone": 2.4751254371905267
  },
  "biosensor_config": {
    "circuit_type": "threshold",
    "sensitivity": 22.922235577542594,
    "threshold": 0.00039018496344250163,
    "dynamic_range": [
      0.0,
      7.344261746868435
    ],
    "kd": 0.05577927032249953,
    "response_type": "hill",
    "hill_coefficient": 4.609106229748054,
    "off_level": 0.05524248809824769,
    "on_level": 8.992864351384888
  },
  "noise_preset": "high",
  "noise_params": {
    "additive_sigma": 0.1,
    "multiplicative_sigma": 0.2,
    "drift_rate": 0.001,
    "outlier_probability": 0.01,
    "outlier_magnitude": 10.0,
    "shot_noise_enabled": true,
    "seed": null
  },
  "measurement": {
    "snr_db": 9.311468977945092,
    "n_detections": 361,
    "detection_rate": 1.0,
    "time_to_detection": 3163.134670828317,
    "false_negative_rate": 0.14911763690243865,
    "max_signal": 13.80055962602366,
    "mean_signal": 9.165014703964193,
    "signal_std": 1.7675910232231364,
    "has_noise": true
  },
  "false_negative_rate": 0.14911763690243865,
  "sclerostin_mean": 0.9678325885554523,
  "sclerostin_max": 1.1875408034269803,
  "sclerostin_min": 0.025000000000000005,
  "sclerostin_std": 0.1220577954887669,
  "metadata_file": "metadata/9402cc3e-145c-4679-a8e1-d60909d23f7b.json",
  "timeseries_file": "timeseries/9402cc3e-145c-4679-a8e1-d60909d23f7b.csv"
}