{
  "run_id": "9463b616-8b32-439e-8bce-9d48f4e0d8b3",
  "timestamp": "2026-01-31T04:11:02.216147",
  "scenario": "healthy",
  "duration": 3600.0,
  "num_points": 361,
  "environment_params": {
    "Estrogen": 0.9193168448406448,
    "PTH": 47.5991478589122,
    "k_prod_Scl": 3.072045157015107e-06,
    "k_prod_RANKL": 1.7175805825609498e-05,
    "k_prod_OPG": 0.00012705557096857745,
    "Sclerostin_bone": 0.04480221325743968,
    "RANKL_bone": 0.48642482902834555,
    "OPG_bone": 11.012813460293783
  },
  "biosensor_config": {
    "circuit_type": "threshold",
    "sensitivity": 35.07895528885073,
    "threshold": 6.10907558612078e-05,
    "dynamic_range": [
      0.0,
      12.731222597109976
    ],
    "kd": 2.5291838909795445,
    "response_type": "linear",
    "hill_coefficient": 2.7062843052357515,
    "off_level": 0.39502640242098724,
    "on_level": 4.218376787866898
  },
  "noise_preset": "medium",
  "noise_params": {
    "additive_sigma": 0.03,
    "multiplicative_sigma": 0.06,
    "drift_rate": 0.0003,
    "outlier_probability": 0.003,
    "outlier_magnitude": 4.0,
    "shot_noise_enabled": false,
    "seed": null
  },
  "measurement": {
    "snr_db": -3.07444549671333,
    "n_detections": 361,
    "detection_rate": 1.0,
    "time_to_detection": 4877.685782576067,
    "false_negative_rate": 0.017972431809258164,
    "max_signal": 1.5614031262817105,
    "mean_signal": 0.9779973978917024,
    "signal_std": 0.31649542855714385,
    "has_noise": true
  },
  "false_negative_rate": 0.017972431809258164,
  "sclerostin_mean": 0.48114333297219236,
  "sclerostin_max": 0.5211234872549849,
  "sclerostin_min": 0.025000000000000005,
  "sclerostin_std": 0.0311711918501988,
  "metadata_file": "metadata/9463b616-8b32-439e-8bce-9d48f4e0d8b3.json",
  "timeseries_file": "timeseries/9463b616-8b32-439e-8bce-9d48f4e0d8b3.csv"
}