{
  "run_id": "95a51d3e-21f5-453a-afa3-16972d83d564",
  "timestamp": "2026-05-17T01:48:40.666803",
  "scenario": "pmo",
  "duration": 3600.0,
  "num_points": 361,
  "environment_params": {
    "Estrogen": 0.13946202656944834,
    "PTH": 47.03971235552407,
    "k_prod_Scl": 6.554980973043197e-06,
    "k_deg_Scl": 6.773203066670761e-05,
    "Sclerostin_bone": 0.11066537576628242,
    "k_prod_RANKL": 1.5678385095820078e-05,
    "k_deg_RANKL": 2.041143212096035e-05,
    "RANKL_bone": 0.7349563042341825,
    "k_prod_OPG": 9.406259601193281e-05,
    "k_deg_OPG": 1.6671227460771864e-05,
    "OPG_bone": 2.6312468914188303,
    "MineralIon": 2.575041244920944,
    "k_prod_Mineral": 0.08854483654029731,
    "k_loss_Mineral": 0.0537442297831509
  },
  "biosensor_config": {
    "circuit_type": "amplifying",
    "sensitivity": 0.5021277030588067,
    "threshold": 0.0007196206518596331,
    "dynamic_range": [
      0.0,
      2.4074542733293436
    ],
    "kd": 0.014839305656883489,
    "response_type": "hill",
    "receptor_concentration": 2.2338481445087712,
    "enzyme_concentration": 8.647412036302848,
    "amplification_gain": 3013.681021699521,
    "response_time": 212.09535883271042
  },
  "noise_preset": "high",
  "noise_params": {
    "additive_sigma": 0.08,
    "multiplicative_sigma": 0.12,
    "drift_rate": 0.0004,
    "outlier_probability": 0.005,
    "outlier_magnitude": 6.0,
    "shot_noise_enabled": 0,
    "seed": null
  },
  "measurement": {
    "snr_db": -4.449986574396709,
    "n_detections": 361,
    "detection_rate": 1.0,
    "time_to_detection": 7449.661338303823,
    "false_negative_rate": 0.09901671910487544,
    "max_signal": 2.224313583657441,
    "mean_signal": 1.2256511986388614,
    "signal_std": 0.4209797350255705,
    "has_noise": 1
  },
  "false_negative_rate": 0.09901671910487544,
  "sclerostin_mean": 1.3272964907544849,
  "sclerostin_max": 1.6693280781956665,
  "sclerostin_min": 0.025000000000000005,
  "sclerostin_std": 0.1868246972307564,
  "metadata_file": "metadata/95a51d3e-21f5-453a-afa3-16972d83d564.json",
  "timeseries_file": "timeseries/95a51d3e-21f5-453a-afa3-16972d83d564.csv"
}