{
  "run_id": "96b49946-71b1-464a-b57a-3877d8bf4ede",
  "timestamp": "2026-01-31T04:09:59.695714",
  "scenario": "ckd_mbd",
  "duration": 3600.0,
  "num_points": 361,
  "environment_params": {
    "Estrogen": 1.2031909446983116,
    "PTH": 466.36111402199657,
    "k_prod_Scl": 1.358252624075346e-05,
    "k_deg_Scl": 3.907827559354194e-05,
    "k_prod_RANKL": 1.7762088818029043e-05,
    "k_prod_OPG": 8.362045604925672e-05,
    "Sclerostin_bone": 0.2637333896683603,
    "RANKL_bone": 1.3236730832373962,
    "OPG_bone": 2.732034376852908,
    "MineralIon": 2.4116305885671396,
    "k_prod_Mineral": 0.20711190365376836
  },
  "biosensor_config": {
    "circuit_type": "threshold",
    "sensitivity": 14.87905392967263,
    "threshold": 8.626927626918252e-05,
    "dynamic_range": [
      0.0,
      14.623153863656995
    ],
    "kd": 0.29988497774814876,
    "response_type": "hill",
    "hill_coefficient": 2.334215946356655,
    "off_level": 0.1965839563015794,
    "on_level": 22.551434979098314
  },
  "noise_preset": "low",
  "noise_params": {
    "additive_sigma": 0.005,
    "multiplicative_sigma": 0.01,
    "drift_rate": 2e-05,
    "outlier_probability": 0.0002,
    "outlier_magnitude": 2.0,
    "shot_noise_enabled": false,
    "seed": null
  },
  "measurement": {
    "snr_db": 39.29076956728097,
    "n_detections": 361,
    "detection_rate": 1.0,
    "time_to_detection": 75.08412717393863,
    "false_negative_rate": 0.006276995536757422,
    "max_signal": 15.129552177213032,
    "mean_signal": 14.612332213595616,
    "signal_std": 0.7723925863101843,
    "has_noise": true
  },
  "false_negative_rate": 0.006276995536757422,
  "sclerostin_mean": 2.6513145955222597,
  "sclerostin_max": 2.7983971101865226,
  "sclerostin_min": 0.025000000000000005,
  "sclerostin_std": 0.1557914098124328,
  "metadata_file": "metadata/96b49946-71b1-464a-b57a-3877d8bf4ede.json",
  "timeseries_file": "timeseries/96b49946-71b1-464a-b57a-3877d8bf4ede.csv"
}