{
  "run_id": "979cf82b-35c8-4503-a89e-dffcf9f7987e",
  "timestamp": "2026-01-31T04:09:59.663230",
  "scenario": "pmo",
  "duration": 3600.0,
  "num_points": 361,
  "environment_params": {
    "Estrogen": 0.14364662344855003,
    "PTH": 66.95162636516208,
    "k_prod_Scl": 4.433753611699137e-06,
    "k_prod_RANKL": 4.132433591476974e-05,
    "k_prod_OPG": 4.735947226084868e-05,
    "Sclerostin_bone": 0.0595387507432712,
    "RANKL_bone": 1.646279875172588,
    "OPG_bone": 2.2080713442768736
  },
  "biosensor_config": {
    "circuit_type": "amplifying",
    "sensitivity": 45.72882994274455,
    "threshold": 0.00012004321049780834,
    "dynamic_range": [
      0.0,
      10.938704282452836
    ],
    "kd": 4.559711565811278,
    "response_type": "michaelis_menten",
    "receptor_concentration": 4.140324786241061,
    "enzyme_concentration": 4.78238099740652,
    "amplification_gain": 9861.385081592733,
    "response_time": 450.28072400391756
  },
  "noise_preset": "medium",
  "noise_params": {
    "additive_sigma": 0.03,
    "multiplicative_sigma": 0.06,
    "drift_rate": 0.0003,
    "outlier_probability": 0.003,
    "outlier_magnitude": 4.0,
    "shot_noise_enabled": false,
    "seed": null
  },
  "measurement": {
    "snr_db": 21.728208109639972,
    "n_detections": 361,
    "detection_rate": 1.0,
    "time_to_detection": 837.2490048677074,
    "false_negative_rate": 0.040964015231505405,
    "max_signal": 13.279205914392337,
    "mean_signal": 11.449834980390289,
    "signal_std": 0.9336439931413063,
    "has_noise": true
  },
  "false_negative_rate": 0.040964015231505405,
  "sclerostin_mean": 0.7687202646171749,
  "sclerostin_max": 1.0129292906076017,
  "sclerostin_min": 0.025000000000000005,
  "sclerostin_std": 0.1304279386121631,
  "metadata_file": "metadata/979cf82b-35c8-4503-a89e-dffcf9f7987e.json",
  "timeseries_file": "timeseries/979cf82b-35c8-4503-a89e-dffcf9f7987e.csv"
}