{
  "run_id": "97fdbe73-abeb-4b09-ac56-b49767b2882f",
  "timestamp": "2026-05-17T01:40:37.095830",
  "scenario": "pmo",
  "duration": 3600.0,
  "num_points": 361,
  "environment_params": {
    "Estrogen": 0.3055637175879366,
    "PTH": 68.85470498755414,
    "k_prod_Scl": 5.028510180890285e-06,
    "k_deg_Scl": 7.00888219198001e-05,
    "Sclerostin_bone": 0.09222306360583479,
    "k_prod_RANKL": 1.7774862030611514e-05,
    "k_deg_RANKL": 1.2266583512702837e-05,
    "RANKL_bone": 0.7628440656572023,
    "k_prod_OPG": 9.251607104981784e-05,
    "k_deg_OPG": 1.637487785242951e-05,
    "OPG_bone": 4.324036442790473,
    "MineralIon": 1.5315893161147494,
    "k_prod_Mineral": 0.08419838891031398,
    "k_loss_Mineral": 0.06429629879498654
  },
  "biosensor_config": {
    "circuit_type": "direct_binding",
    "sensitivity": 0.632377153248986,
    "threshold": 0.01921601792208156,
    "dynamic_range": [
      0.0,
      9.2932930269087
    ],
    "kd": 1.067683632862134,
    "response_type": "hill",
    "receptor_concentration": 0.6957568754132353,
    "kon": 88034.36829700849,
    "koff": 93992.8541600731
  },
  "biosensor_type": "direct_binding",
  "noise_preset": "high",
  "noise_params": {
    "additive_sigma": 0.08,
    "multiplicative_sigma": 0.12,
    "drift_rate": 0.0004,
    "outlier_probability": 0.005,
    "outlier_magnitude": 6.0,
    "shot_noise_enabled": false,
    "seed": null
  },
  "measurement": {
    "snr_db": -22.823037137993683,
    "n_detections": 355,
    "detection_rate": 0.9833795013850416,
    "time_to_detection": 5493.509368481253,
    "false_negative_rate": 0.08504660878544226,
    "max_signal": 1.585378006480421,
    "mean_signal": 0.7803203439681784,
    "signal_std": 0.43159402618706666,
    "has_noise": true
  },
  "signal_to_noise_ratio_SNR": -22.823037137993683,
  "time_to_detection_threshold": 5493.509368481253,
  "false_negative_rate": 0.08504660878544226,
  "dynamic_range_of_output": 0.0,
  "sclerostin_mean": 1.0606571181908921,
  "sclerostin_max": 1.2769512634207936,
  "sclerostin_min": 0.025000000000000005,
  "sclerostin_std": 0.1223613540415096,
  "sclerostin_change": 