{
  "run_id": "98374014-7713-4a89-87e0-aeb40be71260",
  "timestamp": "2026-01-31T04:10:43.435439",
  "scenario": "ckd_mbd",
  "duration": 3600.0,
  "num_points": 361,
  "environment_params": {
    "Estrogen": 0.5436170754677456,
    "PTH": 228.51387861791795,
    "k_prod_Scl": 1.8390821295518683e-05,
    "k_deg_Scl": 3.5541904421047776e-05,
    "k_prod_RANKL": 1.4472242703919189e-05,
    "k_prod_OPG": 6.756432987638317e-05,
    "Sclerostin_bone": 0.3377754003765367,
    "RANKL_bone": 0.5947806227235659,
    "OPG_bone": 5.456677180113301,
    "MineralIon": 4.2384078979145166,
    "k_prod_Mineral": 0.14856209946811394
  },
  "biosensor_config": {
    "circuit_type": "threshold",
    "sensitivity": 5.301894253479158,
    "threshold": 0.00013200833113930294,
    "dynamic_range": [
      0.0,
      15.72848904123526
    ],
    "kd": 1.3134136374116867,
    "response_type": "linear",
    "hill_coefficient": 1.7348186268062433,
    "off_level": 0.9495844385268882,
    "on_level": 24.87410721561566
  },
  "noise_preset": "medium",
  "noise_params": {
    "additive_sigma": 0.03,
    "multiplicative_sigma": 0.06,
    "drift_rate": 0.0003,
    "outlier_probability": 0.003,
    "outlier_magnitude": 4.0,
    "shot_noise_enabled": false,
    "seed": null
  },
  "measurement": {
    "snr_db": 22.7264601746028,
    "n_detections": 361,
    "detection_rate": 1.0,
    "time_to_detection": 3552.576144216575,
    "false_negative_rate": 0.04562374985490433,
    "max_signal": 18.578701537129156,
    "mean_signal": 16.16778332263526,
    "signal_std": 1.315508201620079,
    "has_noise": true
  },
  "false_negative_rate": 0.04562374985490433,
  "sclerostin_mean": 3.678613321142685,
  "sclerostin_max": 4.269924460623023,
  "sclerostin_min": 0.025000000000000005,
  "sclerostin_std": 0.3551052497257534,
  "metadata_file": "metadata/98374014-7713-4a89-87e0-aeb40be71260.json",
  "timeseries_file": "timeseries/98374014-7713-4a89-87e0-aeb40be71260.csv"
}