{
  "run_id": "98aec1ab-a34e-4e0e-8009-ef3d0a933656",
  "timestamp": "2026-05-17T01:54:22.855953",
  "scenario": "pmo",
  "duration": 3600.0,
  "num_points": 361,
  "environment_params": {
    "Estrogen": 0.24961939429459226,
    "PTH": 43.75350130954151,
    "k_prod_Scl": 8.022342103336254e-06,
    "k_deg_Scl": 7.461011351350313e-05,
    "Sclerostin_bone": 0.058010406950308326,
    "k_prod_RANKL": 1.5195340826618728e-05,
    "k_deg_RANKL": 1.9851320203388246e-05,
    "RANKL_bone": 1.1457747000341687,
    "k_prod_OPG": 6.689238471720207e-05,
    "k_deg_OPG": 1.8498731827685076e-05,
    "OPG_bone": 4.155818546208323,
    "MineralIon": 2.155210796299012,
    "k_prod_Mineral": 0.07934948576973541,
    "k_loss_Mineral": 0.07144937148552727
  },
  "biosensor_config": {
    "circuit_type": "ratiometric",
    "sensitivity": 6.794526677090554,
    "threshold": 0.00019860843779291533,
    "dynamic_range": [
      0.0,
      6.083377231688589
    ],
    "kd": 4.259426831788465,
    "response_type": "hill",
    "reference_kd": 0.0988775562223886,
    "ratio_exponent": 2.527638755734619
  },
  "noise_preset": "low",
  "noise_params": {
    "additive_sigma": 0.005,
    "multiplicative_sigma": 0.01,
    "drift_rate": 2e-05,
    "outlier_probability": 0.0002,
    "outlier_magnitude": 2.0,
    "shot_noise_enabled": 0,
    "seed": null
  },
  "measurement": {
    "snr_db": 38.127647138629904,
    "n_detections": 361,
    "detection_rate": 1.0,
    "time_to_detection": 493.67742333416527,
    "false_negative_rate": 0.003400325272652825,
    "max_signal": 6.3247141830983935,
    "mean_signal": 6.123150074397828,
    "signal_std": 0.06413679296494498,
    "has_noise": 1
  },
  "false_negative_rate": 0.003400325272652825,
  "sclerostin_mean": 0.8361088423659226,
  "sclerostin_max": 1.194847312323286,
  "sclerostin_min": 0.025000000000000005,
  "sclerostin_std": 0.18810806782936323,
  "metadata_file": "metadata/98aec1ab-a34e-4e0e-8009-ef3d0a933656.json",
  "timeseries_file": "timeseries/98aec1ab-a34e-4e0e-8009-ef3d0a933656.csv"
}