{
  "run_id": "98b728ff-da9b-44bc-b245-63354bfabc75",
  "timestamp": "2026-05-17T01:54:25.841123",
  "scenario": "healthy",
  "duration": 3600.0,
  "num_points": 361,
  "environment_params": {
    "Estrogen": 0.7854949810710182,
    "PTH": 32.32842490136554,
    "k_prod_Scl": 3.3076864957039982e-06,
    "k_deg_Scl": 5.7714572260903395e-05,
    "Sclerostin_bone": 0.05798020211774975,
    "k_prod_RANKL": 9.558753094261728e-06,
    "k_deg_RANKL": 1.9442396963926876e-05,
    "RANKL_bone": 0.45406606109595615,
    "k_prod_OPG": 9.520469184305265e-05,
    "k_deg_OPG": 2.388666861412738e-05,
    "OPG_bone": 6.649217930842766,
    "MineralIon": 2.356637356798771,
    "k_prod_Mineral": 0.08894166240764129,
    "k_loss_Mineral": 0.0570462146875413
  },
  "biosensor_config": {
    "circuit_type": "direct_binding",
    "sensitivity": 3.816274255024677,
    "threshold": 0.0008440867249633051,
    "dynamic_range": [
      0.0,
      9.602851964419918
    ],
    "kd": 0.891726595355273,
    "response_type": "linear",
    "receptor_concentration": 1.0045212927591818,
    "kon": 29583.05826509991,
    "koff": 26379.99982693421
  },
  "noise_preset": "medium",
  "noise_params": {
    "additive_sigma": 0.03,
    "multiplicative_sigma": 0.06,
    "drift_rate": 0.0002,
    "outlier_probability": 0.003,
    "outlier_magnitude": 4.0,
    "shot_noise_enabled": 0,
    "seed": null
  },
  "measurement": {
    "snr_db": 11.33994437714287,
    "n_detections": 361,
    "detection_rate": 1.0,
    "time_to_detection": 3617.3186708415033,
    "false_negative_rate": 0.018765404374442494,
    "max_signal": 2.589540609492653,
    "mean_signal": 1.9185222990989503,
    "signal_std": 0.2812173292249256,
    "has_noise": 1
  },
  "false_negative_rate": 0.018765404374442494,
  "sclerostin_mean": 0.6149010740444404,
  "sclerostin_max": 0.6660387135803029,
  "sclerostin_min": 0.025000000000000005,
  "sclerostin_std": 0.04009781586462206,
  "metadata_file": "metadata/98b728ff-da9b-44bc-b245-63354bfabc75.json",
  "timeseries_file": "timeseries/98b728ff-da9b-44bc-b245-63354bfabc75.csv"
}