{
  "run_id": "992c5cb3-8d31-439b-abee-801bef9ef66b",
  "timestamp": "2026-05-17T01:48:43.244457",
  "scenario": "healthy",
  "duration": 3600.0,
  "num_points": 361,
  "environment_params": {
    "Estrogen": 0.9197099220877807,
    "PTH": 65.31397432734026,
    "k_prod_Scl": 3.5311051518466765e-06,
    "k_deg_Scl": 9.198826949011549e-05,
    "Sclerostin_bone": 0.04654607456070348,
    "k_prod_RANKL": 8.204344155449092e-06,
    "k_deg_RANKL": 2.4552574028219555e-05,
    "RANKL_bone": 0.6000460223807201,
    "k_prod_OPG": 0.0001018427915060864,
    "k_deg_OPG": 1.8361109336950788e-05,
    "OPG_bone": 4.487707626234013,
    "MineralIon": 3.578108439703354,
    "k_prod_Mineral": 0.08871290894022335,
    "k_loss_Mineral": 0.043076995288762764
  },
  "biosensor_config": {
    "circuit_type": "ratiometric",
    "sensitivity": 16.73867523265563,
    "threshold": 0.0013349049600027368,
    "dynamic_range": [
      0.0,
      2.2668756085927937
    ],
    "kd": 0.331764420049785,
    "response_type": "hill",
    "reference_kd": 0.12344613650042967,
    "ratio_exponent": 0.5207529412718664
  },
  "noise_preset": "medium",
  "noise_params": {
    "additive_sigma": 0.03,
    "multiplicative_sigma": 0.06,
    "drift_rate": 0.0002,
    "outlier_probability": 0.003,
    "outlier_magnitude": 4.0,
    "shot_noise_enabled": 0,
    "seed": null
  },
  "measurement": {
    "snr_db": 14.295802401069153,
    "n_detections": 361,
    "detection_rate": 1.0,
    "time_to_detection": 4288.045760063905,
    "false_negative_rate": 0.011882685896715236,
    "max_signal": 3.2249741490845634,
    "mean_signal": 2.628208133227153,
    "signal_std": 0.24605927318623114,
    "has_noise": 1
  },
  "false_negative_rate": 0.011882685896715236,
  "sclerostin_mean": 0.501512341455825,
  "sclerostin_max": 0.5473676606086397,
  "sclerostin_min": 0.025000000000000005,
  "sclerostin_std": 0.03387800588413833,
  "metadata_file": "metadata/992c5cb3-8d31-439b-abee-801bef9ef66b.json",
  "timeseries_file": "timeseries/992c5cb3-8d31-439b-abee-801bef9ef66b.csv"
}