{
  "run_id": "99969a30-a173-4025-a755-ce6d328395f7",
  "timestamp": "2026-01-31T04:10:00.008534",
  "scenario": "healthy",
  "duration": 3600.0,
  "num_points": 361,
  "environment_params": {
    "Estrogen": 0.9743102735205478,
    "PTH": 33.47506497856377,
    "k_prod_Scl": 3.968386713732219e-06,
    "k_prod_RANKL": 1.0068386307696898e-05,
    "k_prod_OPG": 0.000144167146278859,
    "Sclerostin_bone": 0.07797292441991079,
    "RANKL_bone": 0.531212487490114,
    "OPG_bone": 8.505302059552417
  },
  "biosensor_config": {
    "circuit_type": "ratiometric",
    "sensitivity": 13.22647353945476,
    "threshold": 0.013574184370468492,
    "dynamic_range": [
      0.0,
      2.489186607136899
    ],
    "kd": 0.013851293614177525,
    "response_type": "hill",
    "reference_kd": 0.16261346035577184,
    "ratio_exponent": 2.4198366118795605
  },
  "noise_preset": "medium",
  "noise_params": {
    "additive_sigma": 0.03,
    "multiplicative_sigma": 0.06,
    "drift_rate": 0.0003,
    "outlier_probability": 0.003,
    "outlier_magnitude": 4.0,
    "shot_noise_enabled": false,
    "seed": null
  },
  "measurement": {
    "snr_db": 11.782429902840457,
    "n_detections": 361,
    "detection_rate": 1.0,
    "time_to_detection": 1034.4404748992638,
    "false_negative_rate": 0.00022058692626223398,
    "max_signal": 3.856495091018622,
    "mean_signal": 3.028297398007043,
    "signal_std": 0.34696979813659234,
    "has_noise": true
  },
  "false_negative_rate": 0.00022058692626223398,
  "sclerostin_mean": 0.8017442402010742,
  "sclerostin_max": 0.8466837167241587,
  "sclerostin_min": 0.025000000000000005,
  "sclerostin_std": 0.046411361019979974,
  "metadata_file": "metadata/99969a30-a173-4025-a755-ce6d328395f7.json",
  "timeseries_file": "timeseries/99969a30-a173-4025-a755-ce6d328395f7.csv"
}