{
  "run_id": "9ad1bd8b-792e-4dbf-832b-b18fc01f8e16",
  "timestamp": "2026-01-31T04:10:47.402240",
  "scenario": "ckd_mbd",
  "duration": 3600.0,
  "num_points": 361,
  "environment_params": {
    "Estrogen": 0.9526238103878175,
    "PTH": 411.2075505217139,
    "k_prod_Scl": 1.4492289190818742e-05,
    "k_deg_Scl": 3.853035852095837e-05,
    "k_prod_RANKL": 2.101275836972907e-05,
    "k_prod_OPG": 8.224460246362838e-05,
    "Sclerostin_bone": 0.15916545522732886,
    "RANKL_bone": 1.1120991962085218,
    "OPG_bone": 4.234954651206171,
    "MineralIon": 2.3481743144294733,
    "k_prod_Mineral": 0.1340620491639027
  },
  "biosensor_config": {
    "circuit_type": "direct_binding",
    "sensitivity": 19.121150826217832,
    "threshold": 0.011830100075493429,
    "dynamic_range": [
      0.0,
      5.371658789510688
    ],
    "kd": 0.2500727355014464,
    "response_type": "linear",
    "receptor_concentration": 9.952550404384667,
    "kon": 315876.7036136848,
    "koff": 78992.15135385377
  },
  "noise_preset": "medium",
  "noise_params": {
    "additive_sigma": 0.03,
    "multiplicative_sigma": 0.06,
    "drift_rate": 0.0003,
    "outlier_probability": 0.003,
    "outlier_magnitude": 4.0,
    "shot_noise_enabled": false,
    "seed": null
  },
  "measurement": {
    "snr_db": 17.77590359427987,
    "n_detections": 361,
    "detection_rate": 1.0,
    "time_to_detection": 3707.709015925609,
    "false_negative_rate": 0.0555863018867824,
    "max_signal": 7.051221992343082,
    "mean_signal": 5.886524105782268,
    "signal_std": 0.46523883536286725,
    "has_noise": true
  },
  "false_negative_rate": 0.0555863018867824,
  "sclerostin_mean": 1.7102538282840738,
  "sclerostin_max": 1.9391400694828376,
  "sclerostin_min": 0.025000000000000005,
  "sclerostin_std": 0.14533622375643995,
  "metadata_file": "metadata/9ad1bd8b-792e-4dbf-832b-b18fc01f8e16.json",
  "timeseries_file": "timeseries/9ad1bd8b-792e-4dbf-832b-b18fc01f8e16.csv"
}