{
  "run_id": "9ad4dd79-06f2-480f-a089-3155a348e64d",
  "timestamp": "2026-05-17T02:01:43.462507",
  "scenario": "pmo",
  "duration": 3600.0,
  "num_points": 361,
  "environment_params": {
    "Estrogen": 0.29802896288016995,
    "PTH": 51.77100307588689,
    "k_prod_Scl": 5.597280717227684e-06,
    "k_deg_Scl": 6.612502110528864e-05,
    "Sclerostin_bone": 0.1094688203475853,
    "k_prod_RANKL": 1.6535481113391307e-05,
    "k_deg_RANKL": 1.855531028525623e-05,
    "RANKL_bone": 0.4119032504816618,
    "k_prod_OPG": 7.586324199412647e-05,
    "k_deg_OPG": 1.9866658775023603e-05,
    "OPG_bone": 4.552822492332726,
    "MineralIon": 2.558091407404503,
    "k_prod_Mineral": 0.12401064064285007,
    "k_loss_Mineral": 0.06528651516846663
  },
  "biosensor_config": {
    "circuit_type": "threshold",
    "sensitivity": 1.4809092464072586,
    "threshold": 0.0003035065564324992,
    "dynamic_range": [
      0.0,
      7.906495930017121
    ],
    "kd": 4.304487591740919,
    "response_type": "hill",
    "hill_coefficient": 2.625042835924478,
    "off_level": 0.7717539930221221,
    "on_level": 10.367944393340316
  },
  "noise_preset": "medium",
  "noise_params": {
    "additive_sigma": 0.03,
    "multiplicative_sigma": 0.06,
    "drift_rate": 0.0002,
    "outlier_probability": 0.003,
    "outlier_magnitude": 4.0,
    "shot_noise_enabled": 0,
    "seed": null
  },
  "measurement": {
    "snr_db": 8.663562582731258,
    "n_detections": 361,
    "detection_rate": 1.0,
    "time_to_detection": 132.9660927158338,
    "false_negative_rate": 0.10284519362600832,
    "max_signal": 2.232981573846257,
    "mean_signal": 1.487210068030658,
    "signal_std": 0.3023881699103003,
    "has_noise": 1
  },
  "false_negative_rate": 0.10284519362600832,
  "sclerostin_mean": 1.2386926964487583,
  "sclerostin_max": 1.4733188325829512,
  "sclerostin_min": 0.025000000000000005,
  "sclerostin_std": 0.13479708867692317,
  "metadata_file": "metadata/9ad4dd79-06f2-480f-a089-3155a348e64d.json",
  "timeseries_file": "timeseries/9ad4dd79-06f2-480f-a089-3155a348e64d.csv"
}