{
  "run_id": "9dbfebc4-c448-490c-acd7-dbf8d6beded5",
  "timestamp": "2026-01-31T04:10:20.178989",
  "scenario": "healthy",
  "duration": 3600.0,
  "num_points": 361,
  "environment_params": {
    "Estrogen": 0.6110042078486808,
    "PTH": 31.309638121951625,
    "k_prod_Scl": 3.4657468480636006e-06,
    "k_prod_RANKL": 1.019806677551416e-05,
    "k_prod_OPG": 0.00011412987732143604,
    "Sclerostin_bone": 0.13134472154799012,
    "RANKL_bone": 0.5445950237691675,
    "OPG_bone": 7.4961308102222315
  },
  "biosensor_config": {
    "circuit_type": "ratiometric",
    "sensitivity": 3.8008158527676468,
    "threshold": 0.003061377696570514,
    "dynamic_range": [
      0.0,
      3.331296061287629
    ],
    "kd": 0.023707213208716084,
    "response_type": "hill",
    "reference_kd": 0.28476782292092157,
    "ratio_exponent": 1.6813171186578866
  },
  "noise_preset": "high",
  "noise_params": {
    "additive_sigma": 0.1,
    "multiplicative_sigma": 0.2,
    "drift_rate": 0.001,
    "outlier_probability": 0.01,
    "outlier_magnitude": 10.0,
    "shot_noise_enabled": true,
    "seed": null
  },
  "measurement": {
    "snr_db": 3.4148988824947955,
    "n_detections": 361,
    "detection_rate": 1.0,
    "time_to_detection": 2561.6195795103954,
    "false_negative_rate": 0.0086525322990599,
    "max_signal": 8.47970117450663,
    "mean_signal": 5.218898837768908,
    "signal_std": 1.2215298520113913,
    "has_noise": true
  },
  "false_negative_rate": 0.0086525322990599,
  "sclerostin_mean": 1.3340336999242868,
  "sclerostin_max": 1.4095000731839562,
  "sclerostin_min": 0.025000000000000005,
  "sclerostin_std": 0.0781624726525345,
  "metadata_file": "metadata/9dbfebc4-c448-490c-acd7-dbf8d6beded5.json",
  "timeseries_file": "timeseries/9dbfebc4-c448-490c-acd7-dbf8d6beded5.csv"
}