{
  "run_id": "9e13e154-7731-4401-987b-39dc4fd49b14",
  "timestamp": "2026-01-31T04:10:57.677980",
  "scenario": "pmo",
  "duration": 3600.0,
  "num_points": 361,
  "environment_params": {
    "Estrogen": 0.15987407773574908,
    "PTH": 74.81509736339028,
    "k_prod_Scl": 7.08638749369213e-06,
    "k_prod_RANKL": 3.243817293315546e-05,
    "k_prod_OPG": 4.695916049278878e-05,
    "Sclerostin_bone": 0.05710091056338198,
    "RANKL_bone": 2.330195870695468,
    "OPG_bone": 3.53599018139723
  },
  "biosensor_config": {
    "circuit_type": "ratiometric",
    "sensitivity": 6.000156602634251,
    "threshold": 0.014536731981654193,
    "dynamic_range": [
      0.0,
      5.880226696171787
    ],
    "kd": 0.2437370885654021,
    "response_type": "hill",
    "reference_kd": 2.205082660892387,
    "ratio_exponent": 1.0858268979640031
  },
  "noise_preset": "low",
  "noise_params": {
    "additive_sigma": 0.005,
    "multiplicative_sigma": 0.01,
    "drift_rate": 2e-05,
    "outlier_probability": 0.0002,
    "outlier_magnitude": 2.0,
    "shot_noise_enabled": false,
    "seed": null
  },
  "measurement": {
    "snr_db": 37.557034672387424,
    "n_detections": 361,
    "detection_rate": 1.0,
    "time_to_detection": 2364.7773844518497,
    "false_negative_rate": 0.002619112896020683,
    "max_signal": 6.102562296204981,
    "mean_signal": 5.9174753706911725,
    "signal_std": 0.06841843737760761,
    "has_noise": true
  },
  "false_negative_rate": 0.002619112896020683,
  "sclerostin_mean": 0.8493248309300523,
  "sclerostin_max": 1.2383200105302754,
  "sclerostin_min": 0.025000000000000005,
  "sclerostin_std": 0.20340825631198678,
  "metadata_file": "metadata/9e13e154-7731-4401-987b-39dc4fd49b14.json",
  "timeseries_file": "timeseries/9e13e154-7731-4401-987b-39dc4fd49b14.csv"
}