{
  "run_id": "9f517226-e2bf-4a54-845b-0214aba06834",
  "timestamp": "2026-05-17T01:48:51.589484",
  "scenario": "healthy",
  "duration": 3600.0,
  "num_points": 361,
  "environment_params": {
    "Estrogen": 0.9492445531372276,
    "PTH": 44.741474325459414,
    "k_prod_Scl": 5.927055544774074e-06,
    "k_deg_Scl": 7.66292789007024e-05,
    "Sclerostin_bone": 0.04013939579027029,
    "k_prod_RANKL": 9.028938056320205e-06,
    "k_deg_RANKL": 2.0805483158272676e-05,
    "RANKL_bone": 0.4218235944436538,
    "k_prod_OPG": 0.00011152578607244717,
    "k_deg_OPG": 2.6149913049092628e-05,
    "OPG_bone": 3.7259212288372288,
    "MineralIon": 4.36222532880116,
    "k_prod_Mineral": 0.10257117753300048,
    "k_loss_Mineral": 0.054400547874553055
  },
  "biosensor_config": {
    "circuit_type": "direct_binding",
    "sensitivity": 24.538574709862676,
    "threshold": 0.0006328026075224258,
    "dynamic_range": [
      0.0,
      13.318768939885578
    ],
    "kd": 0.6845983782408844,
    "response_type": "michaelis_menten",
    "receptor_concentration": 7.1676963573414065,
    "kon": 13615.405054552064,
    "koff": 9321.084219439084
  },
  "noise_preset": "medium",
  "noise_params": {
    "additive_sigma": 0.03,
    "multiplicative_sigma": 0.06,
    "drift_rate": 0.0002,
    "outlier_probability": 0.003,
    "outlier_magnitude": 4.0,
    "shot_noise_enabled": 0,
    "seed": null
  },
  "measurement": {
    "snr_db": 23.143098458804655,
    "n_detections": 361,
    "detection_rate": 1.0,
    "time_to_detection": 2391.3128996654177,
    "false_negative_rate": 0.024591156951638608,
    "max_signal": 17.03302768450317,
    "mean_signal": 13.620039718676226,
    "signal_std": 0.9542025034149481,
    "has_noise": 1
  },
  "false_negative_rate": 0.024591156951638608,
  "sclerostin_mean": 0.4587410738771778,
  "sclerostin_max": 0.5300506482262426,
  "sclerostin_min": 0.025000000000000005,
  "sclerostin_std": 0.04258876314969535,
  "metadata_file": "metadata/9f517226-e2bf-4a54-845b-0214aba06834.json",
  "timeseries_file": "timeseries/9f517226-e2bf-4a54-845b-0214aba06834.csv"
}