{
  "run_id": "a0092c5a-ad0f-4f34-a90d-a92210a925d0",
  "timestamp": "2026-01-31T04:10:38.261483",
  "scenario": "healthy",
  "duration": 3600.0,
  "num_points": 361,
  "environment_params": {
    "Estrogen": 0.7632092271589094,
    "PTH": 46.886634683116675,
    "k_prod_Scl": 3.5094149585503563e-06,
    "k_prod_RANKL": 1.1147119725885336e-05,
    "k_prod_OPG": 0.00014257401651925682,
    "Sclerostin_bone": 0.08038934054787629,
    "RANKL_bone": 0.7335583321248356,
    "OPG_bone": 6.939268475564306
  },
  "biosensor_config": {
    "circuit_type": "threshold",
    "sensitivity": 17.507688205961205,
    "threshold": 0.012732494598219613,
    "dynamic_range": [
      0.0,
      17.586395784574204
    ],
    "kd": 0.015724939307906968,
    "response_type": "hill",
    "hill_coefficient": 4.559168391433346,
    "off_level": 0.5500495181977177,
    "on_level": 27.448028417953857
  },
  "noise_preset": "medium",
  "noise_params": {
    "additive_sigma": 0.03,
    "multiplicative_sigma": 0.06,
    "drift_rate": 0.0003,
    "outlier_probability": 0.003,
    "outlier_magnitude": 4.0,
    "shot_noise_enabled": false,
    "seed": null
  },
  "measurement": {
    "snr_db": 23.31785850367631,
    "n_detections": 361,
    "detection_rate": 1.0,
    "time_to_detection": 2810.189303229496,
    "false_negative_rate": 0.014103190774202537,
    "max_signal": 20.951748047142527,
    "mean_signal": 18.080242125865805,
    "signal_std": 1.0939820899024915,
    "has_noise": true
  },
  "false_negative_rate": 0.014103190774202537,
  "sclerostin_mean": 0.8351166717534375,
  "sclerostin_max": 0.8944186420162268,
  "sclerostin_min": 0.025000000000000005,
  "sclerostin_std": 0.051720877433699436,
  "metadata_file": "metadata/a0092c5a-ad0f-4f34-a90d-a92210a925d0.json",
  "timeseries_file": "timeseries/a0092c5a-ad0f-4f34-a90d-a92210a925d0.csv"
}