{
  "run_id": "a0a97d17-8989-40af-9b4b-f9b66dc81d12",
  "timestamp": "2026-05-17T01:48:40.045875",
  "scenario": "healthy",
  "duration": 3600.0,
  "num_points": 361,
  "environment_params": {
    "Estrogen": 1.1669884431177304,
    "PTH": 39.17402650027046,
    "k_prod_Scl": 2.5720330039029986e-06,
    "k_deg_Scl": 6.549346606127695e-05,
    "Sclerostin_bone": 0.05308366113740066,
    "k_prod_RANKL": 8.113017446281414e-06,
    "k_deg_RANKL": 2.3890816116648447e-05,
    "RANKL_bone": 0.7087948384680351,
    "k_prod_OPG": 0.00013046352495027242,
    "k_deg_OPG": 1.754525879082618e-05,
    "OPG_bone": 5.556748930594696,
    "MineralIon": 2.0208497172179447,
    "k_prod_Mineral": 0.10430784302371617,
    "k_loss_Mineral": 0.04965846750018768
  },
  "biosensor_config": {
    "circuit_type": "amplifying",
    "sensitivity": 41.962365369636046,
    "threshold": 0.0029802775578458853,
    "dynamic_range": [
      0.0,
      5.883622771489077
    ],
    "kd": 0.038110869038500444,
    "response_type": "linear",
    "receptor_concentration": 0.1558670120248386,
    "enzyme_concentration": 1.4735215344206551,
    "amplification_gain": 9006.574579208112,
    "response_time": 212.79934733441536
  },
  "noise_preset": "low",
  "noise_params": {
    "additive_sigma": 0.005,
    "multiplicative_sigma": 0.01,
    "drift_rate": 2e-05,
    "outlier_probability": 0.0002,
    "outlier_magnitude": 2.0,
    "shot_noise_enabled": 0,
    "seed": null
  },
  "measurement": {
    "snr_db": 37.97133681057214,
    "n_detections": 360,
    "detection_rate": 0.997229916897507,
    "time_to_detection": 3203.921791970813,
    "false_negative_rate": 0.00561113377765833,
    "max_signal": 6.137105634602247,
    "mean_signal": 5.897629910750437,
    "signal_std": 0.3180392141033573,
    "has_noise": 1
  },
  "false_negative_rate": 0.00561113377765833,
  "sclerostin_mean": 0.5464558982881859,
  "sclerostin_max": 0.5675816072764117,
  "sclerostin_min": 0.025000000000000005,
  "sclerostin_std": 0.029240253343760177,
  "metadata_file": "metadata/a0a97d17-8989-40af-9b4b-f9b66dc81d12.json",
  "timeseries_file": "timeseries/a0a97d17-8989-40af-9b4b-f9b66dc81d12.csv"
}