{
  "run_id": "a0d13a4e-2a74-4308-85a5-76891c977145",
  "timestamp": "2026-01-31T04:11:10.778742",
  "scenario": "healthy",
  "duration": 3600.0,
  "num_points": 361,
  "environment_params": {
    "Estrogen": 0.6154949165487267,
    "PTH": 35.11749512492163,
    "k_prod_Scl": 3.4111798446578483e-06,
    "k_prod_RANKL": 1.3259151832039012e-05,
    "k_prod_OPG": 0.0001082698006730623,
    "Sclerostin_bone": 0.028693583247348203,
    "RANKL_bone": 0.6360396824077892,
    "OPG_bone": 7.199819124859456
  },
  "biosensor_config": {
    "circuit_type": "threshold",
    "sensitivity": 4.777812103170158,
    "threshold": 0.0027924264678995205,
    "dynamic_range": [
      0.0,
      10.534978808942075
    ],
    "kd": 3.065744018013457,
    "response_type": "hill",
    "hill_coefficient": 4.40588475280302,
    "off_level": 0.6062800203080366,
    "on_level": 14.421239043225068
  },
  "noise_preset": "medium",
  "noise_params": {
    "additive_sigma": 0.03,
    "multiplicative_sigma": 0.06,
    "drift_rate": 0.0003,
    "outlier_probability": 0.003,
    "outlier_magnitude": 4.0,
    "shot_noise_enabled": false,
    "seed": null
  },
  "measurement": {
    "snr_db": -0.2641476173525559,
    "n_detections": 361,
    "detection_rate": 1.0,
    "time_to_detection": 6447.454296505337,
    "false_negative_rate": 0.15084000654501328,
    "max_signal": 1.7479225606754047,
    "mean_signal": 1.1481044818723258,
    "signal_std": 0.316162760264251,
    "has_noise": true
  },
  "false_negative_rate": 0.15084000654501328,
  "sclerostin_mean": 0.351745696695863,
  "sclerostin_max": 0.4261022426294903,
  "sclerostin_min": 0.025000000000000005,
  "sclerostin_std": 0.04145627205321458,
  "metadata_file": "metadata/a0d13a4e-2a74-4308-85a5-76891c977145.json",
  "timeseries_file": "timeseries/a0d13a4e-2a74-4308-85a5-76891c977145.csv"
}