{
  "run_id": "a0dcbc2e-6963-43ef-8126-5b4568d2d396",
  "timestamp": "2026-05-17T01:40:38.827710",
  "scenario": "pmo",
  "duration": 3600.0,
  "num_points": 361,
  "environment_params": {
    "Estrogen": 0.16473818230706916,
    "PTH": 55.3802000743387,
    "k_prod_Scl": 6.450314145262835e-06,
    "k_deg_Scl": 7.582098372555073e-05,
    "Sclerostin_bone": 0.08483491289695162,
    "k_prod_RANKL": 1.4984291688693848e-05,
    "k_deg_RANKL": 1.9424171797623916e-05,
    "RANKL_bone": 0.6507143326476352,
    "k_prod_OPG": 6.460634457167692e-05,
    "k_deg_OPG": 2.008640876247678e-05,
    "OPG_bone": 6.055302831234245,
    "MineralIon": 2.208255809028946,
    "k_prod_Mineral": 0.1327989075799311,
    "k_loss_Mineral": 0.057837258044111696
  },
  "biosensor_config": {
    "circuit_type": "direct_binding",
    "sensitivity": 1.3755813867411988,
    "threshold": 8.652414986468761e-05,
    "dynamic_range": [
      0.0,
      1.746803550554221
    ],
    "kd": 0.15979034467201203,
    "response_type": "linear",
    "receptor_concentration": 7.5716018896010135,
    "kon": 295935.6384024799,
    "koff": 47287.65766106418
  },
  "biosensor_type": "direct_binding",
  "noise_preset": "high",
  "noise_params": {
    "additive_sigma": 0.08,
    "multiplicative_sigma": 0.12,
    "drift_rate": 0.0004,
    "outlier_probability": 0.005,
    "outlier_magnitude": 6.0,
    "shot_noise_enabled": false,
    "seed": null
  },
  "measurement": {
    "snr_db": 6.161782222281563,
    "n_detections": 361,
    "detection_rate": 1.0,
    "time_to_detection": 3311.4266475330487,
    "false_negative_rate": 0.11970684583449463,
    "max_signal": 3.5441737304165395,
    "mean_signal": 2.4545503930336903,
    "signal_std": 0.48735602342212664,
    "has_noise": true
  },
  "signal_to_noise_ratio_SNR": 6.161782222281563,
  "time_to_detection_threshold": 3311.4266475330487,
  "false_negative_rate": 0.11970684583449463,
  "dynamic_range_of_output": 0.0,
  "sclerostin_mean": 1.0746320887521013,
  "sclerostin_max": 1.4086717751657865,
  "sclerostin_min": 0.025000000000000005,
  "sclerostin_std": 0.1788371758462418,
  "sclerostin_change": 