{
  "run_id": "a11a28fb-92c2-4705-9dff-d969edee3134",
  "timestamp": "2026-01-31T04:10:42.587917",
  "scenario": "ckd_mbd",
  "duration": 3600.0,
  "num_points": 361,
  "environment_params": {
    "Estrogen": 0.9288615811851108,
    "PTH": 427.42290806349223,
    "k_prod_Scl": 1.2989782512254615e-05,
    "k_deg_Scl": 3.1369720811624605e-05,
    "k_prod_RANKL": 1.6080612755272627e-05,
    "k_prod_OPG": 0.00012443788767344324,
    "Sclerostin_bone": 0.18462839614335277,
    "RANKL_bone": 1.4677934144795033,
    "OPG_bone": 2.2192851602900867,
    "MineralIon": 2.876463432721799,
    "k_prod_Mineral": 0.1647060693984975
  },
  "biosensor_config": {
    "circuit_type": "threshold",
    "sensitivity": 4.987480302830288,
    "threshold": 0.009538083387017341,
    "dynamic_range": [
      0.0,
      12.021688680579079
    ],
    "kd": 1.0547290915345349,
    "response_type": "hill",
    "hill_coefficient": 2.2803241300984327,
    "off_level": 0.5043758449138626,
    "on_level": 3.1054958248694193
  },
  "noise_preset": "medium",
  "noise_params": {
    "additive_sigma": 0.03,
    "multiplicative_sigma": 0.06,
    "drift_rate": 0.0003,
    "outlier_probability": 0.003,
    "outlier_magnitude": 4.0,
    "shot_noise_enabled": false,
    "seed": null
  },
  "measurement": {
    "snr_db": 12.019497957099839,
    "n_detections": 361,
    "detection_rate": 1.0,
    "time_to_detection": 3130.491390923577,
    "false_negative_rate": 0.00536755516214908,
    "max_signal": 4.013036662745357,
    "mean_signal": 3.1234020945375933,
    "signal_std": 0.4235579820862111,
    "has_noise": true
  },
  "false_negative_rate": 0.00536755516214908,
  "sclerostin_mean": 1.9438483248777516,
  "sclerostin_max": 2.1586472775935337,
  "sclerostin_min": 0.025000000000000005,
  "sclerostin_std": 0.14757134042130673,
  "metadata_file": "metadata/a11a28fb-92c2-4705-9dff-d969edee3134.json",
  "timeseries_file": "timeseries/a11a28fb-92c2-4705-9dff-d969edee3134.csv"
}