{
  "run_id": "a227dbd4-6ac1-4111-ae5c-6a71bdda42db",
  "timestamp": "2026-05-17T01:40:43.399833",
  "scenario": "pmo",
  "duration": 3600.0,
  "num_points": 361,
  "environment_params": {
    "Estrogen": 0.33661163333145844,
    "PTH": 40.61909877270958,
    "k_prod_Scl": 5.738825317535172e-06,
    "k_deg_Scl": 7.316877014814044e-05,
    "Sclerostin_bone": 0.12376320474641159,
    "k_prod_RANKL": 1.7635978625738114e-05,
    "k_deg_RANKL": 1.8181251593419127e-05,
    "RANKL_bone": 1.3604452562195648,
    "k_prod_OPG": 0.00010815395627729545,
    "k_deg_OPG": 2.0049466786043175e-05,
    "OPG_bone": 4.694248374586953,
    "MineralIon": 2.3571012770078807,
    "k_prod_Mineral": 0.07394906639208783,
    "k_loss_Mineral": 0.060267432153287434
  },
  "biosensor_config": {
    "circuit_type": "amplifying",
    "sensitivity": 15.353662354660933,
    "threshold": 0.016626742658412432,
    "dynamic_range": [
      0.0,
      10.559191328642234
    ],
    "kd": 0.20614639106960897,
    "response_type": "linear",
    "receptor_concentration": 3.5392621561984345,
    "enzyme_concentration": 1.7055741824754715,
    "amplification_gain": 5798.436465383617,
    "response_time": 114.81883913797104
  },
  "biosensor_type": "amplifying",
  "noise_preset": "medium",
  "noise_params": {
    "additive_sigma": 0.03,
    "multiplicative_sigma": 0.06,
    "drift_rate": 0.0002,
    "outlier_probability": 0.003,
    "outlier_magnitude": 4.0,
    "shot_noise_enabled": false,
    "seed": null
  },
  "measurement": {
    "snr_db": 22.61120346440154,
    "n_detections": 361,
    "detection_rate": 1.0,
    "time_to_detection": 2223.8673177746286,
    "false_negative_rate": 0.015051149677009741,
    "max_signal": 13.047049340705668,
    "mean_signal": 10.865347671443866,
    "signal_std": 0.9074673070640819,
    "has_noise": true
  },
  "signal_to_noise_ratio_SNR": 22.61120346440154,
  "time_to_detection_threshold": 2223.8673177746286,
  "false_negative_rate": 0.015051149677009741,
  "dynamic_range_of_output": 0.0,
  "sclerostin_mean": 1.3622940283904605,
  "sclerostin_max": 1.5790475737833245,
  "sclerostin_min": 0.025000000000000005,
  "sclerostin_std": 0.12999157245873053,
  "sclerostin_change": 