{
  "run_id": "a25d7184-112e-40f0-9f07-f6e55c5e4b6e",
  "timestamp": "2026-01-31T04:11:04.792512",
  "scenario": "healthy",
  "duration": 3600.0,
  "num_points": 361,
  "environment_params": {
    "Estrogen": 0.6158072436272414,
    "PTH": 29.51397308197644,
    "k_prod_Scl": 2.733655759950582e-06,
    "k_prod_RANKL": 1.3776245861136115e-05,
    "k_prod_OPG": 0.00010634117856668331,
    "Sclerostin_bone": 0.05890413146574798,
    "RANKL_bone": 0.6672742277182627,
    "OPG_bone": 7.0939263539535204
  },
  "biosensor_config": {
    "circuit_type": "ratiometric",
    "sensitivity": 5.502949652111975,
    "threshold": 0.0005368682696250739,
    "dynamic_range": [
      0.0,
      1.2120611754929496
    ],
    "kd": 0.517580510741162,
    "response_type": "linear",
    "reference_kd": 0.4199784150041871,
    "ratio_exponent": 2.0201285895897474
  },
  "noise_preset": "medium",
  "noise_params": {
    "additive_sigma": 0.03,
    "multiplicative_sigma": 0.06,
    "drift_rate": 0.0003,
    "outlier_probability": 0.003,
    "outlier_magnitude": 4.0,
    "shot_noise_enabled": false,
    "seed": null
  },
  "measurement": {
    "snr_db": 5.6434867569321945,
    "n_detections": 361,
    "detection_rate": 1.0,
    "time_to_detection": 4210.750175857417,
    "false_negative_rate": 0.011937031917022587,
    "max_signal": 2.4074511855810306,
    "mean_signal": 1.7583536988767767,
    "signal_std": 0.3196165774054233,
    "has_noise": true
  },
  "false_negative_rate": 0.011937031917022587,
  "sclerostin_mean": 0.6293568903047172,
  "sclerostin_max": 0.6880352924681343,
  "sclerostin_min": 0.025000000000000005,
  "sclerostin_std": 0.04322056998939271,
  "metadata_file": "metadata/a25d7184-112e-40f0-9f07-f6e55c5e4b6e.json",
  "timeseries_file": "timeseries/a25d7184-112e-40f0-9f07-f6e55c5e4b6e.csv"
}