{
  "run_id": "a49ee388-7bbd-4b71-bb3e-18cf2c62980f",
  "timestamp": "2026-01-31T04:10:39.195705",
  "scenario": "pmo",
  "duration": 3600.0,
  "num_points": 361,
  "environment_params": {
    "Estrogen": 0.14540377823397974,
    "PTH": 50.5942379406149,
    "k_prod_Scl": 5.048678446645162e-06,
    "k_prod_RANKL": 2.214515109461302e-05,
    "k_prod_OPG": 6.812487470141998e-05,
    "Sclerostin_bone": 0.06763401528163018,
    "RANKL_bone": 2.195938743320074,
    "OPG_bone": 2.629578940094673
  },
  "biosensor_config": {
    "circuit_type": "ratiometric",
    "sensitivity": 15.515352034386542,
    "threshold": 6.20536334570745e-05,
    "dynamic_range": [
      0.0,
      2.6852950029513285
    ],
    "kd": 0.68446241203092,
    "response_type": "michaelis_menten",
    "reference_kd": 0.327556010830619,
    "ratio_exponent": 1.266011381260326
  },
  "noise_preset": "medium",
  "noise_params": {
    "additive_sigma": 0.03,
    "multiplicative_sigma": 0.06,
    "drift_rate": 0.0003,
    "outlier_probability": 0.003,
    "outlier_magnitude": 4.0,
    "shot_noise_enabled": false,
    "seed": null
  },
  "measurement": {
    "snr_db": 12.483438980639068,
    "n_detections": 361,
    "detection_rate": 1.0,
    "time_to_detection": 3992.9499184861365,
    "false_negative_rate": 0.07071989339191823,
    "max_signal": 3.9792115527469156,
    "mean_signal": 3.225544665968004,
    "signal_std": 0.3393716720195909,
    "has_noise": true
  },
  "false_negative_rate": 0.07071989339191823,
  "sclerostin_mean": 0.8621591360844045,
  "sclerostin_max": 1.1287646544383327,
  "sclerostin_min": 0.025000000000000005,
  "sclerostin_std": 0.14275336755946189,
  "metadata_file": "metadata/a49ee388-7bbd-4b71-bb3e-18cf2c62980f.json",
  "timeseries_file": "timeseries/a49ee388-7bbd-4b71-bb3e-18cf2c62980f.csv"
}