{
  "run_id": "a5353f85-ddfa-45ef-a69d-d507a000d3b9",
  "timestamp": "2026-05-17T01:40:38.199406",
  "scenario": "ckd_mbd",
  "duration": 3600.0,
  "num_points": 361,
  "environment_params": {
    "Estrogen": 0.8102793052229221,
    "PTH": 259.7282582226122,
    "k_prod_Scl": 9.79021888717992e-06,
    "k_deg_Scl": 5.802372358165573e-05,
    "Sclerostin_bone": 0.19132259596067022,
    "k_prod_RANKL": 2.192040462885195e-05,
    "k_deg_RANKL": 1.747589686816033e-05,
    "RANKL_bone": 0.9772173216447997,
    "k_prod_OPG": 9.271531243838548e-05,
    "k_deg_OPG": 1.4164247769056803e-05,
    "OPG_bone": 4.212241710138776,
    "MineralIon": 3.582063850110812,
    "k_prod_Mineral": 0.15133173514898454,
    "k_loss_Mineral": 0.025105980238009865
  },
  "biosensor_config": {
    "circuit_type": "ratiometric",
    "sensitivity": 8.266425975023486,
    "threshold": 8.568014296298766e-05,
    "dynamic_range": [
      0.0,
      11.326450662855033
    ],
    "kd": 1.1592336608341802,
    "response_type": "michaelis_menten",
    "reference_kd": 0.824370160863652,
    "ratio_exponent": 1.5690487923619374
  },
  "biosensor_type": "ratiometric",
  "noise_preset": "medium",
  "noise_params": {
    "additive_sigma": 0.03,
    "multiplicative_sigma": 0.06,
    "drift_rate": 0.0002,
    "outlier_probability": 0.003,
    "outlier_magnitude": 4.0,
    "shot_noise_enabled": false,
    "seed": null
  },
  "measurement": {
    "snr_db": 21.930759186146602,
    "n_detections": 361,
    "detection_rate": 1.0,
    "time_to_detection": 2055.570932359259,
    "false_negative_rate": 0.007942301762259024,
    "max_signal": 10.03696371458631,
    "mean_signal": 8.626494042364858,
    "signal_std": 0.5534294041969585,
    "has_noise": true
  },
  "signal_to_noise_ratio_SNR": 21.930759186146602,
  "time_to_detection_threshold": 2055.570932359259,
  "false_negative_rate": 0.007942301762259024,
  "dynamic_range_of_output": 0.0,
  "sclerostin_mean": 1.9882663279424335,
  "sclerostin_max": 2.1771013983818603,
  "sclerostin_min": 0.025000000000000005,
  "sclerostin_std": 0.13971676094583926,
  "sclerostin_change": 