{
  "run_id": "a56e924e-7ad7-4aeb-b424-943a2bda3e0a",
  "timestamp": "2026-05-17T01:48:40.720107",
  "scenario": "ckd_mbd",
  "duration": 3600.0,
  "num_points": 361,
  "environment_params": {
    "Estrogen": 0.4461063042607746,
    "PTH": 151.31216293624175,
    "k_prod_Scl": 1.2686711743017186e-05,
    "k_deg_Scl": 6.827308808385786e-05,
    "Sclerostin_bone": 0.15430724380142577,
    "k_prod_RANKL": 1.9281558893033674e-05,
    "k_deg_RANKL": 1.8125608865164053e-05,
    "RANKL_bone": 0.8936099759325316,
    "k_prod_OPG": 8.217866335182139e-05,
    "k_deg_OPG": 2.495244162506601e-05,
    "OPG_bone": 6.658940847588722,
    "MineralIon": 3.2066358591776987,
    "k_prod_Mineral": 0.1436187124010011,
    "k_loss_Mineral": 0.02236161774413244
  },
  "biosensor_config": {
    "circuit_type": "amplifying",
    "sensitivity": 8.69141435538321,
    "threshold": 0.028905748872142895,
    "dynamic_range": [
      0.0,
      17.355328857687198
    ],
    "kd": 0.019891024316566756,
    "response_type": "hill",
    "receptor_concentration": 1.7907109062701965,
    "enzyme_concentration": 22.557986278197994,
    "amplification_gain": 5449.813153501099,
    "response_time": 267.3372552764695
  },
  "noise_preset": "high",
  "noise_params": {
    "additive_sigma": 0.08,
    "multiplicative_sigma": 0.12,
    "drift_rate": 0.0004,
    "outlier_probability": 0.005,
    "outlier_magnitude": 6.0,
    "shot_noise_enabled": 0,
    "seed": null
  },
  "measurement": {
    "snr_db": 16.245223979048063,
    "n_detections": 361,
    "detection_rate": 1.0,
    "time_to_detection": 3022.64639216845,
    "false_negative_rate": 0.05761417438676492,
    "max_signal": 12.397659366643133,
    "mean_signal": 9.426517442062682,
    "signal_std": 1.2061558694939198,
    "has_noise": 1
  },
  "false_negative_rate": 0.05761417438676492,
  "sclerostin_mean": 1.8355821363871003,
  "sclerostin_max": 2.304574010079482,
  "sclerostin_min": 0.025000000000000005,
  "sclerostin_std": 0.2566271760104461,
  "metadata_file": "metadata/a56e924e-7ad7-4aeb-b424-943a2bda3e0a.json",
  "timeseries_file": "timeseries/a56e924e-7ad7-4aeb-b424-943a2bda3e0a.csv"
}