{
  "run_id": "a641c203-482d-48a2-a60c-36852599cb9b",
  "timestamp": "2026-01-31T04:11:08.293644",
  "scenario": "pmo",
  "duration": 3600.0,
  "num_points": 361,
  "environment_params": {
    "Estrogen": 0.07460931716563095,
    "PTH": 68.39560467885967,
    "k_prod_Scl": 7.86965711991452e-06,
    "k_prod_RANKL": 4.027161417419285e-05,
    "k_prod_OPG": 5.374665802628539e-05,
    "Sclerostin_bone": 0.19581052076360417,
    "RANKL_bone": 1.7404588559262029,
    "OPG_bone": 1.088049820805736
  },
  "biosensor_config": {
    "circuit_type": "ratiometric",
    "sensitivity": 8.169667097387613,
    "threshold": 0.0005427994186149012,
    "dynamic_range": [
      0.0,
      18.83983150202808
    ],
    "kd": 0.177001265269971,
    "response_type": "michaelis_menten",
    "reference_kd": 4.911032872821187,
    "ratio_exponent": 1.0438506913671266
  },
  "noise_preset": "medium",
  "noise_params": {
    "additive_sigma": 0.03,
    "multiplicative_sigma": 0.06,
    "drift_rate": 0.0003,
    "outlier_probability": 0.003,
    "outlier_magnitude": 4.0,
    "shot_noise_enabled": false,
    "seed": null
  },
  "measurement": {
    "snr_db": 20.196228388561384,
    "n_detections": 361,
    "detection_rate": 1.0,
    "time_to_detection": 354.9274511523306,
    "false_negative_rate": 0.0,
    "max_signal": 9.994205364486152,
    "mean_signal": 8.721041869780006,
    "signal_std": 0.5656016527961563,
    "has_noise": true
  },
  "false_negative_rate": 0.0,
  "sclerostin_mean": 2.225266996298846,
  "sclerostin_max": 2.6835946429852324,
  "sclerostin_min": 0.025000000000000005,
  "sclerostin_std": 0.25953775318634836,
  "metadata_file": "metadata/a641c203-482d-48a2-a60c-36852599cb9b.json",
  "timeseries_file": "timeseries/a641c203-482d-48a2-a60c-36852599cb9b.csv"
}