{
  "run_id": "a68bf69e-40f2-4c28-883d-5069ecd7abb8",
  "timestamp": "2026-01-31T04:10:40.920486",
  "scenario": "pmo",
  "duration": 3600.0,
  "num_points": 361,
  "environment_params": {
    "Estrogen": 0.16950570031772003,
    "PTH": 46.0201294952754,
    "k_prod_Scl": 6.688018405361111e-06,
    "k_prod_RANKL": 2.891324518195778e-05,
    "k_prod_OPG": 4.774193960195614e-05,
    "Sclerostin_bone": 0.09670441143729848,
    "RANKL_bone": 1.674027168140239,
    "OPG_bone": 2.643989350438518
  },
  "biosensor_config": {
    "circuit_type": "threshold",
    "sensitivity": 31.929074714081516,
    "threshold": 0.003752662520324965,
    "dynamic_range": [
      0.0,
      0.92285888127038
    ],
    "kd": 0.04088255614072579,
    "response_type": "linear",
    "hill_coefficient": 2.215022032077535,
    "off_level": 0.8367049520451826,
    "on_level": 23.933405917271358
  },
  "noise_preset": "low",
  "noise_params": {
    "additive_sigma": 0.005,
    "multiplicative_sigma": 0.01,
    "drift_rate": 2e-05,
    "outlier_probability": 0.0002,
    "outlier_magnitude": 2.0,
    "shot_noise_enabled": false,
    "seed": null
  },
  "measurement": {
    "snr_db": 26.603172363610845,
    "n_detections": 361,
    "detection_rate": 1.0,
    "time_to_detection": 2140.0493837940803,
    "false_negative_rate": 0.01515028664885055,
    "max_signal": 1.0114481989720845,
    "mean_signal": 0.9589455522910567,
    "signal_std": 0.02365669735313078,
    "has_noise": true
  },
  "false_negative_rate": 0.01515028664885055,
  "sclerostin_mean": 1.1925485119974282,
  "sclerostin_max": 1.5321242721844477,
  "sclerostin_min": 0.025000000000000005,
  "sclerostin_std": 0.18340127563868497,
  "metadata_file": "metadata/a68bf69e-40f2-4c28-883d-5069ecd7abb8.json",
  "timeseries_file": "timeseries/a68bf69e-40f2-4c28-883d-5069ecd7abb8.csv"
}