{
  "run_id": "a7708ed7-a30f-42d1-a1ce-f31a956682c0",
  "timestamp": "2026-01-31T04:10:44.229862",
  "scenario": "pmo",
  "duration": 3600.0,
  "num_points": 361,
  "environment_params": {
    "Estrogen": 0.14638349000452336,
    "PTH": 63.72974240782709,
    "k_prod_Scl": 4.966228442715292e-06,
    "k_prod_RANKL": 3.1377989659340516e-05,
    "k_prod_OPG": 3.6102756999248816e-05,
    "Sclerostin_bone": 0.09203655403118663,
    "RANKL_bone": 1.6798799356636973,
    "OPG_bone": 1.5665333730923736
  },
  "biosensor_config": {
    "circuit_type": "threshold",
    "sensitivity": 2.202188368928988,
    "threshold": 0.0007270924615441581,
    "dynamic_range": [
      0.0,
      11.743145842701587
    ],
    "kd": 0.4841912672844403,
    "response_type": "hill",
    "hill_coefficient": 7.0808907386784234,
    "off_level": 0.9616076002219097,
    "on_level": 6.066529509607678
  },
  "noise_preset": "medium",
  "noise_params": {
    "additive_sigma": 0.03,
    "multiplicative_sigma": 0.06,
    "drift_rate": 0.0003,
    "outlier_probability": 0.003,
    "outlier_magnitude": 4.0,
    "shot_noise_enabled": false,
    "seed": null
  },
  "measurement": {
    "snr_db": 18.312291848477884,
    "n_detections": 361,
    "detection_rate": 1.0,
    "time_to_detection": 3082.182554682898,
    "false_negative_rate": 0.03183826747241283,
    "max_signal": 7.9916640897241535,
    "mean_signal": 6.5787907466144695,
    "signal_std": 0.5757870066341589,
    "has_noise": true
  },
  "false_negative_rate": 0.03183826747241283,
  "sclerostin_mean": 1.0978784115634261,
  "sclerostin_max": 1.3678862727773904,
  "sclerostin_min": 0.025000000000000005,
  "sclerostin_std": 0.1483372568877508,
  "metadata_file": "metadata/a7708ed7-a30f-42d1-a1ce-f31a956682c0.json",
  "timeseries_file": "timeseries/a7708ed7-a30f-42d1-a1ce-f31a956682c0.csv"
}