{
  "run_id": "a80c3378-db2f-427a-8a5c-a5039b1d2e6b",
  "timestamp": "2026-01-31T04:10:52.880165",
  "scenario": "ckd_mbd",
  "duration": 3600.0,
  "num_points": 361,
  "environment_params": {
    "Estrogen": 0.6921833166684334,
    "PTH": 316.03925015265804,
    "k_prod_Scl": 2.269340593167419e-05,
    "k_deg_Scl": 3.500169285030654e-05,
    "k_prod_RANKL": 1.7170809068605582e-05,
    "k_prod_OPG": 8.576093719365072e-05,
    "Sclerostin_bone": 0.26671694888232217,
    "RANKL_bone": 1.2262937589203053,
    "OPG_bone": 3.876876188098923,
    "MineralIon": 3.6314807420009663,
    "k_prod_Mineral": 0.26174295240552176
  },
  "biosensor_config": {
    "circuit_type": "threshold",
    "sensitivity": 10.88014353896174,
    "threshold": 0.0011288495673112576,
    "dynamic_range": [
      0.0,
      11.004723984417703
    ],
    "kd": 4.264299893766452,
    "response_type": "hill",
    "hill_coefficient": 7.289929445939039,
    "off_level": 0.5796567845290771,
    "on_level": 11.046497804780236
  },
  "noise_preset": "high",
  "noise_params": {
    "additive_sigma": 0.1,
    "multiplicative_sigma": 0.2,
    "drift_rate": 0.001,
    "outlier_probability": 0.01,
    "outlier_magnitude": 10.0,
    "shot_noise_enabled": true,
    "seed": null
  },
  "measurement": {
    "snr_db": -2.8413287602916366,
    "n_detections": 361,
    "detection_rate": 1.0,
    "time_to_detection": 6665.343196148725,
    "false_negative_rate": 0.12746949194065274,
    "max_signal": 6.853347782104777,
    "mean_signal": 3.2186339062459606,
    "signal_std": 1.5858155676472334,
    "has_noise": true
  },
  "false_negative_rate": 0.12746949194065274,
  "sclerostin_mean": 2.9770466659271695,
  "sclerostin_max": 3.5376185000472264,
  "sclerostin_min": 0.025000000000000005,
  "sclerostin_std": 0.3235132320845784,
  "metadata_file": "metadata/a80c3378-db2f-427a-8a5c-a5039b1d2e6b.json",
  "timeseries_file": "timeseries/a80c3378-db2f-427a-8a5c-a5039b1d2e6b.csv"
}