{
  "run_id": "a83f4d05-a044-4cbc-aa73-df83a7b0ece9",
  "timestamp": "2026-01-31T04:11:05.828794",
  "scenario": "ckd_mbd",
  "duration": 3600.0,
  "num_points": 361,
  "environment_params": {
    "Estrogen": 0.8731811972629878,
    "PTH": 329.83475616440285,
    "k_prod_Scl": 1.529972106616763e-05,
    "k_deg_Scl": 5.438720966823515e-05,
    "k_prod_RANKL": 1.4407386254235442e-05,
    "k_prod_OPG": 6.189602910320947e-05,
    "Sclerostin_bone": 0.17157852836348367,
    "RANKL_bone": 0.8857279803513208,
    "OPG_bone": 7.076882911376511,
    "MineralIon": 3.1489025870017273,
    "k_prod_Mineral": 0.17224586376659526
  },
  "biosensor_config": {
    "circuit_type": "amplifying",
    "sensitivity": 2.45601352217307,
    "threshold": 0.0009510696673714314,
    "dynamic_range": [
      0.0,
      16.45664794371769
    ],
    "kd": 0.5846860336506131,
    "response_type": "hill",
    "receptor_concentration": 3.956767593090686,
    "enzyme_concentration": 16.426957308117704,
    "amplification_gain": 5134.774563242546,
    "response_time": 296.2539685660055
  },
  "noise_preset": "high",
  "noise_params": {
    "additive_sigma": 0.1,
    "multiplicative_sigma": 0.2,
    "drift_rate": 0.001,
    "outlier_probability": 0.01,
    "outlier_magnitude": 10.0,
    "shot_noise_enabled": true,
    "seed": null
  },
  "measurement": {
    "snr_db": 1.2258470096547707,
    "n_detections": 361,
    "detection_rate": 1.0,
    "time_to_detection": 2393.290286849284,
    "false_negative_rate": 0.10492443127827204,
    "max_signal": 6.947421247432685,
    "mean_signal": 4.233865823243443,
    "signal_std": 1.178930132454031,
    "has_noise": true
  },
  "false_negative_rate": 0.10492443127827204,
  "sclerostin_mean": 1.8584640672885973,
  "sclerostin_max": 2.129118290779329,
  "sclerostin_min": 0.025000000000000005,
  "sclerostin_std": 0.1670005816533288,
  "metadata_file": "metadata/a83f4d05-a044-4cbc-aa73-df83a7b0ece9.json",
  "timeseries_file": "timeseries/a83f4d05-a044-4cbc-aa73-df83a7b0ece9.csv"
}