{
  "run_id": "a8466510-5f2a-49c3-948c-58272e95c17c",
  "timestamp": "2026-05-17T01:48:47.539967",
  "scenario": "pmo",
  "duration": 3600.0,
  "num_points": 361,
  "environment_params": {
    "Estrogen": 0.23351923110419184,
    "PTH": 58.847666295033,
    "k_prod_Scl": 5.970583634412842e-06,
    "k_deg_Scl": 6.268032966415645e-05,
    "Sclerostin_bone": 0.07568677807306705,
    "k_prod_RANKL": 2.270625113342671e-05,
    "k_deg_RANKL": 1.837215807513429e-05,
    "RANKL_bone": 0.5283974288616802,
    "k_prod_OPG": 8.190821818975153e-05,
    "k_deg_OPG": 2.075177357457294e-05,
    "OPG_bone": 3.109064757670632,
    "MineralIon": 2.92513082468667,
    "k_prod_Mineral": 0.08212191838285776,
    "k_loss_Mineral": 0.059044047254195355
  },
  "biosensor_config": {
    "circuit_type": "ratiometric",
    "sensitivity": 15.183598011115054,
    "threshold": 0.006111368370289624,
    "dynamic_range": [
      0.0,
      3.5596621469930234
    ],
    "kd": 0.045082687200669436,
    "response_type": "michaelis_menten",
    "reference_kd": 0.2543929153112623,
    "ratio_exponent": 0.4705740543175623
  },
  "noise_preset": "medium",
  "noise_params": {
    "additive_sigma": 0.03,
    "multiplicative_sigma": 0.06,
    "drift_rate": 0.0002,
    "outlier_probability": 0.003,
    "outlier_magnitude": 4.0,
    "shot_noise_enabled": 0,
    "seed": null
  },
  "measurement": {
    "snr_db": 17.705126547164156,
    "n_detections": 361,
    "detection_rate": 1.0,
    "time_to_detection": 3791.954605170067,
    "false_negative_rate": 0.04228162675057487,
    "max_signal": 4.7518198521524795,
    "mean_signal": 3.920812062531006,
    "signal_std": 0.2906968043264692,
    "has_noise": 1
  },
  "false_negative_rate": 0.04228162675057487,
  "sclerostin_mean": 0.951821180914542,
  "sclerostin_max": 1.2364225786955296,
  "sclerostin_min": 0.025000000000000005,
  "sclerostin_std": 0.1528650695327733,
  "metadata_file": "metadata/a8466510-5f2a-49c3-948c-58272e95c17c.json",
  "timeseries_file": "timeseries/a8466510-5f2a-49c3-948c-58272e95c17c.csv"
}