{
  "run_id": "a84f6ed0-02a9-4cff-b490-e802dc63f5b8",
  "timestamp": "2026-05-17T01:40:37.630641",
  "scenario": "pmo",
  "duration": 3600.0,
  "num_points": 361,
  "environment_params": {
    "Estrogen": 0.16468803796874562,
    "PTH": 55.039391988714165,
    "k_prod_Scl": 8.314693510536742e-06,
    "k_deg_Scl": 6.466031703792026e-05,
    "Sclerostin_bone": 0.09878630467817162,
    "k_prod_RANKL": 2.0000219973367302e-05,
    "k_deg_RANKL": 1.882313468234552e-05,
    "RANKL_bone": 0.9723930907321104,
    "k_prod_OPG": 7.055332354266557e-05,
    "k_deg_OPG": 2.0944279834309934e-05,
    "OPG_bone": 4.768055191930709,
    "MineralIon": 2.1372087418365364,
    "k_prod_Mineral": 0.11456740970378426,
    "k_loss_Mineral": 0.054670985140307785
  },
  "biosensor_config": {
    "circuit_type": "threshold",
    "sensitivity": 1.6754351514218708,
    "threshold": 0.00022993425602687068,
    "dynamic_range": [
      0.0,
      3.8591392203281742
    ],
    "kd": 0.2200729072324795,
    "response_type": "hill",
    "hill_coefficient": 5.344138672233999,
    "off_level": 0.8802128565116398,
    "on_level": 24.74962333619964
  },
  "biosensor_type": "threshold",
  "noise_preset": "medium",
  "noise_params": {
    "additive_sigma": 0.03,
    "multiplicative_sigma": 0.06,
    "drift_rate": 0.0002,
    "outlier_probability": 0.003,
    "outlier_magnitude": 4.0,
    "shot_noise_enabled": false,
    "seed": null
  },
  "measurement": {
    "snr_db": 17.75578248570389,
    "n_detections": 361,
    "detection_rate": 1.0,
    "time_to_detection": 1307.3100912483922,
    "false_negative_rate": 0.056592724154101895,
    "max_signal": 5.198917893141829,
    "mean_signal": 4.234555993557478,
    "signal_std": 0.36465180838674743,
    "has_noise": true
  },
  "signal_to_noise_ratio_SNR": 17.75578248570389,
  "time_to_detection_threshold": 1307.3100912483922,
  "false_negative_rate": 0.056592724154101895,
  "dynamic_range_of_output": 0.0,
  "sclerostin_mean": 1.2781759298704527,
  "sclerostin_max": 1.7097453815802968,
  "sclerostin_min": 0.025000000000000005,
  "sclerostin_std": 0.22961815870725166,
  "sclerostin_change": 