{
  "run_id": "aacf6caa-cd84-4813-935c-512bbf7821be",
  "timestamp": "2026-01-31T04:10:02.458372",
  "scenario": "healthy",
  "duration": 3600.0,
  "num_points": 361,
  "environment_params": {
    "Estrogen": 1.0142133938700952,
    "PTH": 53.863411318618596,
    "k_prod_Scl": 4.188477061942387e-06,
    "k_prod_RANKL": 1.4447963163200604e-05,
    "k_prod_OPG": 0.0001009087195000633,
    "Sclerostin_bone": 0.0450989019889024,
    "RANKL_bone": 0.49643338011611393,
    "OPG_bone": 7.3638620873020795
  },
  "biosensor_config": {
    "circuit_type": "ratiometric",
    "sensitivity": 1.1295507580030486,
    "threshold": 0.0008963637086453098,
    "dynamic_range": [
      0.0,
      12.31635189814119
    ],
    "kd": 0.05712491523378976,
    "response_type": "hill",
    "reference_kd": 2.0261857926491835,
    "ratio_exponent": 2.1275651280097545
  },
  "noise_preset": "medium",
  "noise_params": {
    "additive_sigma": 0.03,
    "multiplicative_sigma": 0.06,
    "drift_rate": 0.0003,
    "outlier_probability": 0.003,
    "outlier_magnitude": 4.0,
    "shot_noise_enabled": false,
    "seed": null
  },
  "measurement": {
    "snr_db": 5.1908729953292285,
    "n_detections": 361,
    "detection_rate": 1.0,
    "time_to_detection": 3040.7226923827075,
    "false_negative_rate": 0.015330902980929173,
    "max_signal": 2.327247613506974,
    "mean_signal": 1.6626873723032043,
    "signal_std": 0.3191975011186491,
    "has_noise": true
  },
  "false_negative_rate": 0.015330902980929173,
  "sclerostin_mean": 0.48922046317024215,
  "sclerostin_max": 0.5365349062595424,
  "sclerostin_min": 0.025000000000000005,
  "sclerostin_std": 0.03399024800170046,
  "metadata_file": "metadata/aacf6caa-cd84-4813-935c-512bbf7821be.json",
  "timeseries_file": "timeseries/aacf6caa-cd84-4813-935c-512bbf7821be.csv"
}