{
  "run_id": "ac29bbc5-bab8-47d4-8ab0-e226cfa51716",
  "timestamp": "2026-01-31T04:09:45.959339",
  "scenario": "ckd_mbd",
  "duration": 3600.0,
  "num_points": 361,
  "environment_params": {
    "Estrogen": 0.7003377001787188,
    "PTH": 505.7318454741967,
    "k_prod_Scl": 1.6919779867854643e-05,
    "k_deg_Scl": 5.1768413053151615e-05,
    "k_prod_RANKL": 1.9158416673435757e-05,
    "k_prod_OPG": 6.473394496861408e-05,
    "Sclerostin_bone": 0.19396833627770113,
    "RANKL_bone": 1.0384446473979128,
    "OPG_bone": 3.2046429606142945,
    "MineralIon": 3.6199173130539815,
    "k_prod_Mineral": 0.17013651107463587
  },
  "biosensor_config": {
    "circuit_type": "ratiometric",
    "sensitivity": 0.31692800385371195,
    "threshold": 0.00011305080797504781,
    "dynamic_range": [
      0.0,
      15.932376998426125
    ],
    "kd": 2.4818297812959873,
    "response_type": "hill",
    "reference_kd": 0.8218261203199307,
    "ratio_exponent": 1.7490604600932471
  },
  "noise_preset": "high",
  "noise_params": {
    "additive_sigma": 0.1,
    "multiplicative_sigma": 0.2,
    "drift_rate": 0.001,
    "outlier_probability": 0.01,
    "outlier_magnitude": 10.0,
    "shot_noise_enabled": true,
    "seed": null
  },
  "measurement": {
    "snr_db": -16.393963447588305,
    "n_detections": 361,
    "detection_rate": 1.0,
    "time_to_detection": 3102.498304243214,
    "false_negative_rate": 0.1210063759025795,
    "max_signal": 4.099668998266997,
    "mean_signal": 2.127900949202425,
    "signal_std": 1.0482356447888441,
    "has_noise": true
  },
  "false_negative_rate": 0.1210063759025795,
  "sclerostin_mean": 2.179304064471528,
  "sclerostin_max": 2.5985062738523577,
  "sclerostin_min": 0.025000000000000005,
  "sclerostin_std": 0.24058258630904578,
  "metadata_file": "metadata/ac29bbc5-bab8-47d4-8ab0-e226cfa51716.json",
  "timeseries_file": "timeseries/ac29bbc5-bab8-47d4-8ab0-e226cfa51716.csv"
}