{
  "run_id": "acd6e94c-e1a6-4093-b938-f3f7ccf2c6ca",
  "timestamp": "2026-01-31T04:11:10.458564",
  "scenario": "healthy",
  "duration": 3600.0,
  "num_points": 361,
  "environment_params": {
    "Estrogen": 1.1837884137850199,
    "PTH": 56.12359877257866,
    "k_prod_Scl": 4.380594256339051e-06,
    "k_prod_RANKL": 1.2500044175428258e-05,
    "k_prod_OPG": 0.00013872783211425063,
    "Sclerostin_bone": 0.05085857695333343,
    "RANKL_bone": 0.7406684776950848,
    "OPG_bone": 5.790389027107356
  },
  "biosensor_config": {
    "circuit_type": "amplifying",
    "sensitivity": 19.88211756220459,
    "threshold": 0.0001917345613727851,
    "dynamic_range": [
      0.0,
      5.423489818393206
    ],
    "kd": 4.006905005061023,
    "response_type": "linear",
    "receptor_concentration": 0.6060807307419565,
    "enzyme_concentration": 14.431110549466442,
    "amplification_gain": 501.8579888231652,
    "response_time": 436.89956549858584
  },
  "noise_preset": "high",
  "noise_params": {
    "additive_sigma": 0.1,
    "multiplicative_sigma": 0.2,
    "drift_rate": 0.001,
    "outlier_probability": 0.01,
    "outlier_magnitude": 10.0,
    "shot_noise_enabled": true,
    "seed": null
  },
  "measurement": {
    "snr_db": 7.3183741724818585,
    "n_detections": 360,
    "detection_rate": 0.997229916897507,
    "time_to_detection": 3011.8649684457705,
    "false_negative_rate": 0.019133617535087473,
    "max_signal": 11.066734836838112,
    "mean_signal": 7.210814168693491,
    "signal_std": 1.5250926175869262,
    "has_noise": true
  },
  "false_negative_rate": 0.019133617535087473,
  "sclerostin_mean": 0.5376233334737731,
  "sclerostin_max": 0.5757890358908774,
  "sclerostin_min": 0.025000000000000005,
  "sclerostin_std": 0.03291325062315987,
  "metadata_file": "metadata/acd6e94c-e1a6-4093-b938-f3f7ccf2c6ca.json",
  "timeseries_file": "timeseries/acd6e94c-e1a6-4093-b938-f3f7ccf2c6ca.csv"
}