{
  "run_id": "acf13712-cc5a-421f-a37e-f1783b662b46",
  "timestamp": "2026-01-31T04:10:39.155560",
  "scenario": "ckd_mbd",
  "duration": 3600.0,
  "num_points": 361,
  "environment_params": {
    "Estrogen": 0.6176825509505687,
    "PTH": 364.7764936369476,
    "k_prod_Scl": 1.671590001653502e-05,
    "k_deg_Scl": 3.681789659683006e-05,
    "k_prod_RANKL": 1.7044113990772765e-05,
    "k_prod_OPG": 6.9973499460227e-05,
    "Sclerostin_bone": 0.16770839893139622,
    "RANKL_bone": 1.4376164879545368,
    "OPG_bone": 2.823662721433971,
    "MineralIon": 2.265100101302366,
    "k_prod_Mineral": 0.2181671474296237
  },
  "biosensor_config": {
    "circuit_type": "ratiometric",
    "sensitivity": 3.2583280113806388,
    "threshold": 9.98713591835865e-05,
    "dynamic_range": [
      0.0,
      5.094329297961035
    ],
    "kd": 0.016189046029824718,
    "response_type": "hill",
    "reference_kd": 0.8242810306198661,
    "ratio_exponent": 2.006057514529624
  },
  "noise_preset": "medium",
  "noise_params": {
    "additive_sigma": 0.03,
    "multiplicative_sigma": 0.06,
    "drift_rate": 0.0003,
    "outlier_probability": 0.003,
    "outlier_magnitude": 4.0,
    "shot_noise_enabled": false,
    "seed": null
  },
  "measurement": {
    "snr_db": 14.051443208516837,
    "n_detections": 361,
    "detection_rate": 1.0,
    "time_to_detection": 2928.5914433150438,
    "false_negative_rate": 0.06675671651588069,
    "max_signal": 4.7174125710959505,
    "mean_signal": 3.7824568311692315,
    "signal_std": 0.3781144296210157,
    "has_noise": true
  },
  "false_negative_rate": 0.06675671651588069,
  "sclerostin_mean": 1.9729424079882951,
  "sclerostin_max": 2.453781807486007,
  "sclerostin_min": 0.025000000000000005,
  "sclerostin_std": 0.2648958857353089,
  "metadata_file": "metadata/acf13712-cc5a-421f-a37e-f1783b662b46.json",
  "timeseries_file": "timeseries/acf13712-cc5a-421f-a37e-f1783b662b46.csv"
}