{
  "run_id": "ad118a80-2120-4bb6-8dac-f3271d84d313",
  "timestamp": "2026-01-31T04:10:09.877807",
  "scenario": "ckd_mbd",
  "duration": 3600.0,
  "num_points": 361,
  "environment_params": {
    "Estrogen": 0.6878464147251481,
    "PTH": 308.21117225613,
    "k_prod_Scl": 1.491979751080938e-05,
    "k_deg_Scl": 4.1584422896488756e-05,
    "k_prod_RANKL": 2.20699017777304e-05,
    "k_prod_OPG": 5.351006019700541e-05,
    "Sclerostin_bone": 0.20708194386137535,
    "RANKL_bone": 1.558355388317313,
    "OPG_bone": 8.535571425937656,
    "MineralIon": 3.067543730863797,
    "k_prod_Mineral": 0.24703749450726697
  },
  "biosensor_config": {
    "circuit_type": "direct_binding",
    "sensitivity": 2.05331806427723,
    "threshold": 0.029015509605318603,
    "dynamic_range": [
      0.0,
      13.774924136342213
    ],
    "kd": 0.07227249921927958,
    "response_type": "hill",
    "receptor_concentration": 6.447665986172825,
    "kon": 16455.768770691793,
    "koff": 1189.299535632468
  },
  "noise_preset": "low",
  "noise_params": {
    "additive_sigma": 0.005,
    "multiplicative_sigma": 0.01,
    "drift_rate": 2e-05,
    "outlier_probability": 0.0002,
    "outlier_magnitude": 2.0,
    "shot_noise_enabled": false,
    "seed": null
  },
  "measurement": {
    "snr_db": 32.740825955577144,
    "n_detections": 361,
    "detection_rate": 1.0,
    "time_to_detection": 2268.3513586348845,
    "false_negative_rate": 0.039276492986926745,
    "max_signal": 2.158630629984689,
    "mean_signal": 2.0908471539546416,
    "signal_std": 0.028523578343786504,
    "has_noise": true
  },
  "false_negative_rate": 0.039276492986926745,
  "sclerostin_mean": 2.2697631351841028,
  "sclerostin_max": 2.639900784532545,
  "sclerostin_min": 0.025000000000000005,
  "sclerostin_std": 0.2210949192188421,
  "metadata_file": "metadata/ad118a80-2120-4bb6-8dac-f3271d84d313.json",
  "timeseries_file": "timeseries/ad118a80-2120-4bb6-8dac-f3271d84d313.csv"
}