{
  "run_id": "ad50308f-c405-4435-b724-03692a845952",
  "timestamp": "2026-01-31T04:09:48.291769",
  "scenario": "ckd_mbd",
  "duration": 3600.0,
  "num_points": 361,
  "environment_params": {
    "Estrogen": 0.6818444651446027,
    "PTH": 228.92807579134004,
    "k_prod_Scl": 1.0922914701396433e-05,
    "k_deg_Scl": 2.6806501456565146e-05,
    "k_prod_RANKL": 1.7118487795095967e-05,
    "k_prod_OPG": 0.0001174610965225214,
    "Sclerostin_bone": 0.16046441219877167,
    "RANKL_bone": 0.6596300687300246,
    "OPG_bone": 1.8482262577464117,
    "MineralIon": 2.2372549702848685,
    "k_prod_Mineral": 0.19595572575489387
  },
  "biosensor_config": {
    "circuit_type": "amplifying",
    "sensitivity": 12.625671265674729,
    "threshold": 0.00018879650993084885,
    "dynamic_range": [
      0.0,
      15.492734133726037
    ],
    "kd": 2.632774413829101,
    "response_type": "linear",
    "receptor_concentration": 3.058824288885475,
    "enzyme_concentration": 18.752966013550463,
    "amplification_gain": 3633.527144572373,
    "response_time": 31.19049065862318
  },
  "noise_preset": "high",
  "noise_params": {
    "additive_sigma": 0.1,
    "multiplicative_sigma": 0.2,
    "drift_rate": 0.001,
    "outlier_probability": 0.01,
    "outlier_magnitude": 10.0,
    "shot_noise_enabled": true,
    "seed": null
  },
  "measurement": {
    "snr_db": 12.65177794960454,
    "n_detections": 360,
    "detection_rate": 0.997229916897507,
    "time_to_detection": 696.4366946614558,
    "false_negative_rate": 0.08485559478498952,
    "max_signal": 25.990516561297945,
    "mean_signal": 17.23130654019522,
    "signal_std": 3.2619270520060097,
    "has_noise": true
  },
  "false_negative_rate": 0.08485559478498952,
  "sclerostin_mean": 1.7521558584092642,
  "sclerostin_max": 2.0216376748678777,
  "sclerostin_min": 0.025000000000000005,
  "sclerostin_std": 0.16356890086803894,
  "metadata_file": "metadata/ad50308f-c405-4435-b724-03692a845952.json",
  "timeseries_file": "timeseries/ad50308f-c405-4435-b724-03692a845952.csv"
}