{
  "run_id": "ae3179d5-81f3-49ec-a833-0c066bf5dba5",
  "timestamp": "2026-05-17T01:40:41.246295",
  "scenario": "ckd_mbd",
  "duration": 3600.0,
  "num_points": 361,
  "environment_params": {
    "Estrogen": 0.6918277777932139,
    "PTH": 271.025888589201,
    "k_prod_Scl": 1.712120720310577e-05,
    "k_deg_Scl": 6.166174565670118e-05,
    "Sclerostin_bone": 0.21759111000774306,
    "k_prod_RANKL": 1.3794008574471301e-05,
    "k_deg_RANKL": 2.1119617799044513e-05,
    "RANKL_bone": 1.010478203214355,
    "k_prod_OPG": 0.00012064944615274537,
    "k_deg_OPG": 2.2273412120003476e-05,
    "OPG_bone": 5.0651056709456,
    "MineralIon": 3.8837905254297773,
    "k_prod_Mineral": 0.14968840807925962,
    "k_loss_Mineral": 0.020570886766490108
  },
  "biosensor_config": {
    "circuit_type": "direct_binding",
    "sensitivity": 32.80225977149332,
    "threshold": 0.0004310085673443098,
    "dynamic_range": [
      0.0,
      10.344584199722622
    ],
    "kd": 0.057262805019562386,
    "response_type": "hill",
    "receptor_concentration": 8.423254907151152,
    "kon": 373968.17510632495,
    "koff": 21414.46669463505
  },
  "biosensor_type": "direct_binding",
  "noise_preset": "high",
  "noise_params": {
    "additive_sigma": 0.08,
    "multiplicative_sigma": 0.12,
    "drift_rate": 0.0004,
    "outlier_probability": 0.005,
    "outlier_magnitude": 6.0,
    "shot_noise_enabled": false,
    "seed": null
  },
  "measurement": {
    "snr_db": 16.036943154145987,
    "n_detections": 361,
    "detection_rate": 1.0,
    "time_to_detection": 2260.9018677737795,
    "false_negative_rate": 0.05481643919127378,
    "max_signal": 15.679385183078796,
    "mean_signal": 11.147333053785221,
    "signal_std": 1.4215506645773759,
    "has_noise": true
  },
  "signal_to_noise_ratio_SNR": 16.036943154145987,
  "time_to_detection_threshold": 2260.9018677737795,
  "false_negative_rate": 0.05481643919127378,
  "dynamic_range_of_output": 0.0,
  "sclerostin_mean": 2.401020926155859,
  "sclerostin_max": 2.8150250830564363,
  "sclerostin_min": 0.025000000000000005,
  "sclerostin_std": 0.24365775915328386,
  "sclerostin_change": 