{
  "run_id": "ae6a7446-12ee-4cfe-8a5c-7560b7447859",
  "timestamp": "2026-05-17T01:40:42.882004",
  "scenario": "ckd_mbd",
  "duration": 3600.0,
  "num_points": 361,
  "environment_params": {
    "Estrogen": 0.4581512323195528,
    "PTH": 183.820379467574,
    "k_prod_Scl": 1.4939118130212095e-05,
    "k_deg_Scl": 6.203613384472599e-05,
    "Sclerostin_bone": 0.12346677241534929,
    "k_prod_RANKL": 1.7964998979405053e-05,
    "k_deg_RANKL": 2.43744436109792e-05,
    "RANKL_bone": 1.2523867671689546,
    "k_prod_OPG": 0.00012681132195370898,
    "k_deg_OPG": 1.7989767214184222e-05,
    "OPG_bone": 6.90999252335493,
    "MineralIon": 5.391163403421255,
    "k_prod_Mineral": 0.1865983938539634,
    "k_loss_Mineral": 0.023663934323807385
  },
  "biosensor_config": {
    "circuit_type": "threshold",
    "sensitivity": 33.523207191727934,
    "threshold": 0.00011538528144276007,
    "dynamic_range": [
      0.0,
      2.3921442359920952
    ],
    "kd": 0.10683003660083716,
    "response_type": "michaelis_menten",
    "hill_coefficient": 7.607854509251727,
    "off_level": 0.2662063693891811,
    "on_level": 25.59279341552464
  },
  "biosensor_type": "threshold",
  "noise_preset": "low",
  "noise_params": {
    "additive_sigma": 0.005,
    "multiplicative_sigma": 0.01,
    "drift_rate": 2e-05,
    "outlier_probability": 0.0002,
    "outlier_magnitude": 2.0,
    "shot_noise_enabled": false,
    "seed": null
  },
  "measurement": {
    "snr_db": 34.17410714569816,
    "n_detections": 361,
    "detection_rate": 1.0,
    "time_to_detection": 556.2741888429986,
    "false_negative_rate": 0.0,
    "max_signal": 2.525305205152147,
    "mean_signal": 2.420916466831135,
    "signal_std": 0.11778483785982896,
    "has_noise": true
  },
  "signal_to_noise_ratio_SNR": 34.17410714569816,
  "time_to_detection_threshold": 556.2741888429986,
  "false_negative_rate": 0.0,
  "dynamic_range_of_output": 0.0,
  "sclerostin_mean": 1.6020549075177632,
  "sclerostin_max": 2.15602949974255,
  "sclerostin_min": 0.025000000000000005,
  "sclerostin_std": 0.2943323721971027,
  "sclerostin_change": 