{
  "run_id": "aeb0a1de-1a4e-4d82-87ca-ef37266a1429",
  "timestamp": "2026-01-31T04:10:42.859994",
  "scenario": "ckd_mbd",
  "duration": 3600.0,
  "num_points": 361,
  "environment_params": {
    "Estrogen": 0.5088698384455891,
    "PTH": 292.8701716265257,
    "k_prod_Scl": 1.6980883313421468e-05,
    "k_deg_Scl": 3.877386316808312e-05,
    "k_prod_RANKL": 2.1095543089680175e-05,
    "k_prod_OPG": 8.381136125186721e-05,
    "Sclerostin_bone": 0.33934824166733457,
    "RANKL_bone": 1.0311480246420774,
    "OPG_bone": 6.549572097792413,
    "MineralIon": 3.627334071216519,
    "k_prod_Mineral": 0.17868313837998584
  },
  "biosensor_config": {
    "circuit_type": "threshold",
    "sensitivity": 0.43772938599845285,
    "threshold": 0.0006295526674931465,
    "dynamic_range": [
      0.0,
      12.843200789666197
    ],
    "kd": 0.07238536149868859,
    "response_type": "michaelis_menten",
    "hill_coefficient": 2.177354269776349,
    "off_level": 0.6770723801535946,
    "on_level": 6.2447237496415315
  },
  "noise_preset": "low",
  "noise_params": {
    "additive_sigma": 0.005,
    "multiplicative_sigma": 0.01,
    "drift_rate": 2e-05,
    "outlier_probability": 0.0002,
    "outlier_magnitude": 2.0,
    "shot_noise_enabled": false,
    "seed": null
  },
  "measurement": {
    "snr_db": 38.44542909295895,
    "n_detections": 361,
    "detection_rate": 1.0,
    "time_to_detection": 1311.5191351807562,
    "false_negative_rate": 0.0020272239058944166,
    "max_signal": 6.443366021531844,
    "mean_signal": 6.265764423384331,
    "signal_std": 0.27595630055737946,
    "has_noise": true
  },
  "false_negative_rate": 0.0020272239058944166,
  "sclerostin_mean": 3.697261187420615,
  "sclerostin_max": 4.2938523761251925,
  "sclerostin_min": 0.025000000000000005,
  "sclerostin_std": 0.3578711740876411,
  "metadata_file": "metadata/aeb0a1de-1a4e-4d82-87ca-ef37266a1429.json",
  "timeseries_file": "timeseries/aeb0a1de-1a4e-4d82-87ca-ef37266a1429.csv"
}