{
  "run_id": "aeed1f25-e398-4f00-9984-c600e69113c8",
  "timestamp": "2026-01-31T04:11:03.699409",
  "scenario": "pmo",
  "duration": 3600.0,
  "num_points": 361,
  "environment_params": {
    "Estrogen": 0.19466358952538862,
    "PTH": 113.88726941434945,
    "k_prod_Scl": 5.449014100055868e-06,
    "k_prod_RANKL": 2.9091016676052232e-05,
    "k_prod_OPG": 5.20880531935167e-05,
    "Sclerostin_bone": 0.08359663307129567,
    "RANKL_bone": 1.6755659315963851,
    "OPG_bone": 3.6041170106633813
  },
  "biosensor_config": {
    "circuit_type": "amplifying",
    "sensitivity": 1.714486240702993,
    "threshold": 0.0009873397466488758,
    "dynamic_range": [
      0.0,
      11.496931923756748
    ],
    "kd": 3.2006596873955924,
    "response_type": "hill",
    "receptor_concentration": 1.0390324461868494,
    "enzyme_concentration": 27.496510276872165,
    "amplification_gain": 6403.497655130736,
    "response_time": 153.11010337292498
  },
  "noise_preset": "high",
  "noise_params": {
    "additive_sigma": 0.1,
    "multiplicative_sigma": 0.2,
    "drift_rate": 0.001,
    "outlier_probability": 0.01,
    "outlier_magnitude": 10.0,
    "shot_noise_enabled": true,
    "seed": null
  },
  "measurement": {
    "snr_db": -1.8268294943818886,
    "n_detections": 361,
    "detection_rate": 1.0,
    "time_to_detection": 3395.6819974249483,
    "false_negative_rate": 0.14791351840525546,
    "max_signal": 6.193618664151945,
    "mean_signal": 3.510418354263828,
    "signal_std": 1.1163694601972838,
    "has_noise": true
  },
  "false_negative_rate": 0.14791351840525546,
  "sclerostin_mean": 1.0427407179601875,
  "sclerostin_max": 1.3481717273516354,
  "sclerostin_min": 0.025000000000000005,
  "sclerostin_std": 0.1644460706543458,
  "metadata_file": "metadata/aeed1f25-e398-4f00-9984-c600e69113c8.json",
  "timeseries_file": "timeseries/aeed1f25-e398-4f00-9984-c600e69113c8.csv"
}