{
  "run_id": "aeffd8c7-cbfb-43ed-8c62-e9e2fa7733ef",
  "timestamp": "2026-01-31T04:10:43.093912",
  "scenario": "healthy",
  "duration": 3600.0,
  "num_points": 361,
  "environment_params": {
    "Estrogen": 1.034144100614477,
    "PTH": 44.525176261316076,
    "k_prod_Scl": 5.314820852812573e-06,
    "k_prod_RANKL": 1.241215169937679e-05,
    "k_prod_OPG": 0.00011902332304409956,
    "Sclerostin_bone": 0.0609170020733942,
    "RANKL_bone": 0.6084052770602545,
    "OPG_bone": 5.160188038004533
  },
  "biosensor_config": {
    "circuit_type": "ratiometric",
    "sensitivity": 3.1589729898297163,
    "threshold": 0.01742817171145473,
    "dynamic_range": [
      0.0,
      18.384559509938672
    ],
    "kd": 0.02298045751179505,
    "response_type": "michaelis_menten",
    "reference_kd": 15.33908233045993,
    "ratio_exponent": 2.3344644890089814
  },
  "noise_preset": "high",
  "noise_params": {
    "additive_sigma": 0.1,
    "multiplicative_sigma": 0.2,
    "drift_rate": 0.001,
    "outlier_probability": 0.01,
    "outlier_magnitude": 10.0,
    "shot_noise_enabled": true,
    "seed": null
  },
  "measurement": {
    "snr_db": 3.1816217749203175,
    "n_detections": 361,
    "detection_rate": 1.0,
    "time_to_detection": 186.62233697193136,
    "false_negative_rate": 0.00018774356281978433,
    "max_signal": 7.8951002107261425,
    "mean_signal": 4.974631991577141,
    "signal_std": 1.2247159016817233,
    "has_noise": true
  },
  "false_negative_rate": 0.00018774356281978433,
  "sclerostin_mean": 0.6474394588326771,
  "sclerostin_max": 0.7044075442751254,
  "sclerostin_min": 0.025000000000000005,
  "sclerostin_std": 0.043336761959850666,
  "metadata_file": "metadata/aeffd8c7-cbfb-43ed-8c62-e9e2fa7733ef.json",
  "timeseries_file": "timeseries/aeffd8c7-cbfb-43ed-8c62-e9e2fa7733ef.csv"
}