{
  "run_id": "af4f8dd2-5a9b-432e-9ed1-27d87ac19b3a",
  "timestamp": "2026-01-31T04:11:12.863617",
  "scenario": "healthy",
  "duration": 3600.0,
  "num_points": 361,
  "environment_params": {
    "Estrogen": 0.8281682922067868,
    "PTH": 24.040075551199358,
    "k_prod_Scl": 3.1578899135825393e-06,
    "k_prod_RANKL": 1.0302358914711906e-05,
    "k_prod_OPG": 0.00012364319172152464,
    "Sclerostin_bone": 0.06249340137528134,
    "RANKL_bone": 0.6721279862701832,
    "OPG_bone": 6.138835250334379
  },
  "biosensor_config": {
    "circuit_type": "amplifying",
    "sensitivity": 2.5699858484331837,
    "threshold": 0.0007899118301806021,
    "dynamic_range": [
      0.0,
      6.888678938065195
    ],
    "kd": 0.05167688962854984,
    "response_type": "michaelis_menten",
    "receptor_concentration": 3.661959321300466,
    "enzyme_concentration": 15.62957799466286,
    "amplification_gain": 6755.909787995576,
    "response_time": 97.96552944398272
  },
  "noise_preset": "medium",
  "noise_params": {
    "additive_sigma": 0.03,
    "multiplicative_sigma": 0.06,
    "drift_rate": 0.0003,
    "outlier_probability": 0.003,
    "outlier_magnitude": 4.0,
    "shot_noise_enabled": false,
    "seed": null
  },
  "measurement": {
    "snr_db": 12.050309441279225,
    "n_detections": 360,
    "detection_rate": 0.997229916897507,
    "time_to_detection": 3587.986814839097,
    "false_negative_rate": 0.006829929131440677,
    "max_signal": 3.93646801906491,
    "mean_signal": 3.0962105888441713,
    "signal_std": 0.3900990806839018,
    "has_noise": true
  },
  "false_negative_rate": 0.006829929131440677,
  "sclerostin_mean": 0.6536116785588485,
  "sclerostin_max": 0.6983314291342831,
  "sclerostin_min": 0.025000000000000005,
  "sclerostin_std": 0.03976502511303974,
  "metadata_file": "metadata/af4f8dd2-5a9b-432e-9ed1-27d87ac19b3a.json",
  "timeseries_file": "timeseries/af4f8dd2-5a9b-432e-9ed1-27d87ac19b3a.csv"
}