{
  "run_id": "afc5ba40-2b65-41d5-a0c3-fc7310a7af9e",
  "timestamp": "2026-01-31T04:10:06.983941",
  "scenario": "healthy",
  "duration": 3600.0,
  "num_points": 361,
  "environment_params": {
    "Estrogen": 0.8562436874436496,
    "PTH": 24.057594588257718,
    "k_prod_Scl": 5.248657406798203e-06,
    "k_prod_RANKL": 1.1369205278615477e-05,
    "k_prod_OPG": 0.000110019126542841,
    "Sclerostin_bone": 0.08701642429313916,
    "RANKL_bone": 0.8108405037210983,
    "OPG_bone": 4.0272285990077386
  },
  "biosensor_config": {
    "circuit_type": "amplifying",
    "sensitivity": 5.413555730680576,
    "threshold": 0.00011500008560261556,
    "dynamic_range": [
      0.0,
      6.856374020226645
    ],
    "kd": 0.024505750225166566,
    "response_type": "michaelis_menten",
    "receptor_concentration": 4.256672026982674,
    "enzyme_concentration": 6.770826019766741,
    "amplification_gain": 5961.317659122848,
    "response_time": 444.29041121961063
  },
  "noise_preset": "medium",
  "noise_params": {
    "additive_sigma": 0.03,
    "multiplicative_sigma": 0.06,
    "drift_rate": 0.0003,
    "outlier_probability": 0.003,
    "outlier_magnitude": 4.0,
    "shot_noise_enabled": false,
    "seed": null
  },
  "measurement": {
    "snr_db": 17.480376111161938,
    "n_detections": 360,
    "detection_rate": 0.997229916897507,
    "time_to_detection": 3026.3940971495927,
    "false_negative_rate": 0.0031698326494958872,
    "max_signal": 7.315657816700953,
    "mean_signal": 5.95378980429343,
    "signal_std": 0.5580202184809162,
    "has_noise": true
  },
  "false_negative_rate": 0.0031698326494958872,
  "sclerostin_mean": 0.9061790613487981,
  "sclerostin_max": 0.9763505836109962,
  "sclerostin_min": 0.025000000000000005,
  "sclerostin_std": 0.057942357441789286,
  "metadata_file": "metadata/afc5ba40-2b65-41d5-a0c3-fc7310a7af9e.json",
  "timeseries_file": "timeseries/afc5ba40-2b65-41d5-a0c3-fc7310a7af9e.csv"
}