{
  "run_id": "b01d0e2e-7edc-453a-a984-2ad64fdb11cb",
  "timestamp": "2026-05-17T01:48:42.488011",
  "scenario": "pmo",
  "duration": 3600.0,
  "num_points": 361,
  "environment_params": {
    "Estrogen": 0.17992022082309309,
    "PTH": 76.86355511921153,
    "k_prod_Scl": 6.135363213300871e-06,
    "k_deg_Scl": 7.095804497155088e-05,
    "Sclerostin_bone": 0.07786303903719231,
    "k_prod_RANKL": 1.7040711951339614e-05,
    "k_deg_RANKL": 1.7205131551990034e-05,
    "RANKL_bone": 0.8205505895341041,
    "k_prod_OPG": 8.451500602987433e-05,
    "k_deg_OPG": 2.1116474967951812e-05,
    "OPG_bone": 3.796873482539167,
    "MineralIon": 1.7745550147331484,
    "k_prod_Mineral": 0.08725654862919725,
    "k_loss_Mineral": 0.07040702799130633
  },
  "biosensor_config": {
    "circuit_type": "ratiometric",
    "sensitivity": 5.173197983012133,
    "threshold": 0.0007714707615746015,
    "dynamic_range": [
      0.0,
      13.371762980732209
    ],
    "kd": 0.14089315180938158,
    "response_type": "linear",
    "reference_kd": 0.13877253923348928,
    "ratio_exponent": 0.3077459687942412
  },
  "noise_preset": "medium",
  "noise_params": {
    "additive_sigma": 0.03,
    "multiplicative_sigma": 0.06,
    "drift_rate": 0.0002,
    "outlier_probability": 0.003,
    "outlier_magnitude": 4.0,
    "shot_noise_enabled": 0,
    "seed": null
  },
  "measurement": {
    "snr_db": 23.305919077195064,
    "n_detections": 361,
    "detection_rate": 1.0,
    "time_to_detection": 1554.1015682104617,
    "false_negative_rate": 0.0,
    "max_signal": 15.91086100097965,
    "mean_signal": 13.783680236284205,
    "signal_std": 0.8157906938978001,
    "has_noise": 1
  },
  "false_negative_rate": 0.0,
  "sclerostin_mean": 1.0033054404675747,
  "sclerostin_max": 1.3307189621376425,
  "sclerostin_min": 0.025000000000000005,
  "sclerostin_std": 0.17457110399789696,
  "metadata_file": "metadata/b01d0e2e-7edc-453a-a984-2ad64fdb11cb.json",
  "timeseries_file": "timeseries/b01d0e2e-7edc-453a-a984-2ad64fdb11cb.csv"
}