{
  "run_id": "b02acf3c-5eca-4ec4-8195-c167fe27021d",
  "timestamp": "2026-01-31T04:10:22.900636",
  "scenario": "ckd_mbd",
  "duration": 3600.0,
  "num_points": 361,
  "environment_params": {
    "Estrogen": 0.892842594762983,
    "PTH": 352.9088009312822,
    "k_prod_Scl": 1.6498113748744555e-05,
    "k_deg_Scl": 7.075465222136232e-05,
    "k_prod_RANKL": 1.9211772012955004e-05,
    "k_prod_OPG": 8.751990586738014e-05,
    "Sclerostin_bone": 0.1712973385807682,
    "RANKL_bone": 0.7093192770821022,
    "OPG_bone": 3.6702739665482333,
    "MineralIon": 10.905780518625411,
    "k_prod_Mineral": 0.21796240705131606
  },
  "biosensor_config": {
    "circuit_type": "ratiometric",
    "sensitivity": 1.407522777512189,
    "threshold": 8.699149890096402e-05,
    "dynamic_range": [
      0.0,
      19.129535439239692
    ],
    "kd": 1.1157973996823498,
    "response_type": "linear",
    "reference_kd": 0.26259105804085675,
    "ratio_exponent": 1.5242116647716606
  },
  "noise_preset": "high",
  "noise_params": {
    "additive_sigma": 0.1,
    "multiplicative_sigma": 0.2,
    "drift_rate": 0.001,
    "outlier_probability": 0.01,
    "outlier_magnitude": 10.0,
    "shot_noise_enabled": true,
    "seed": null
  },
  "measurement": {
    "snr_db": 13.348864891803903,
    "n_detections": 361,
    "detection_rate": 1.0,
    "time_to_detection": 3683.0520975593,
    "false_negative_rate": 0.06515571733419818,
    "max_signal": 30.001907782197716,
    "mean_signal": 20.792223716782825,
    "signal_std": 3.763006962353793,
    "has_noise": true
  },
  "false_negative_rate": 0.06515571733419818,
  "sclerostin_mean": 1.8628917295282947,
  "sclerostin_max": 2.14412749364502,
  "sclerostin_min": 0.025000000000000005,
  "sclerostin_std": 0.1715290023629314,
  "metadata_file": "metadata/b02acf3c-5eca-4ec4-8195-c167fe27021d.json",
  "timeseries_file": "timeseries/b02acf3c-5eca-4ec4-8195-c167fe27021d.csv"
}