{
  "run_id": "b0728435-5179-47e4-8cde-20db5c89a7e1",
  "timestamp": "2026-05-17T01:48:46.998101",
  "scenario": "ckd_mbd",
  "duration": 3600.0,
  "num_points": 361,
  "environment_params": {
    "Estrogen": 0.3725426525189231,
    "PTH": 183.0293840008053,
    "k_prod_Scl": 9.993916905192325e-06,
    "k_deg_Scl": 6.517836656358568e-05,
    "Sclerostin_bone": 0.23433546328876514,
    "k_prod_RANKL": 1.3182512181883316e-05,
    "k_deg_RANKL": 2.436996947324878e-05,
    "RANKL_bone": 1.3292489434383847,
    "k_prod_OPG": 5.673399610969333e-05,
    "k_deg_OPG": 2.6068618730016534e-05,
    "OPG_bone": 5.520684194462239,
    "MineralIon": 3.485136346835429,
    "k_prod_Mineral": 0.16206063402921042,
    "k_loss_Mineral": 0.0200082303280473
  },
  "biosensor_config": {
    "circuit_type": "ratiometric",
    "sensitivity": 0.67286695647507,
    "threshold": 0.013857981459678318,
    "dynamic_range": [
      0.0,
      1.0969904782463484
    ],
    "kd": 1.4116631247688136,
    "response_type": "hill",
    "reference_kd": 0.3946040737178948,
    "ratio_exponent": 2.9145754686350225
  },
  "noise_preset": "medium",
  "noise_params": {
    "additive_sigma": 0.03,
    "multiplicative_sigma": 0.06,
    "drift_rate": 0.0002,
    "outlier_probability": 0.003,
    "outlier_magnitude": 4.0,
    "shot_noise_enabled": 0,
    "seed": null
  },
  "measurement": {
    "snr_db": 4.147476188663639,
    "n_detections": 361,
    "detection_rate": 1.0,
    "time_to_detection": 4254.009377669404,
    "false_negative_rate": 0.13638832398376935,
    "max_signal": 1.4476004487191778,
    "mean_signal": 1.0311989957562546,
    "signal_std": 0.21406371519887044,
    "has_noise": 1
  },
  "false_negative_rate": 0.13638832398376935,
  "sclerostin_mean": 2.5762189866571297,
  "sclerostin_max": 3.0115207644470967,
  "sclerostin_min": 0.025000000000000005,
  "sclerostin_std": 0.2575463075734203,
  "metadata_file": "metadata/b0728435-5179-47e4-8cde-20db5c89a7e1.json",
  "timeseries_file": "timeseries/b0728435-5179-47e4-8cde-20db5c89a7e1.csv"
}