{
  "run_id": "b090f8ee-411f-4de5-b187-8695bc3a5861",
  "timestamp": "2026-01-31T04:10:57.343658",
  "scenario": "healthy",
  "duration": 3600.0,
  "num_points": 361,
  "environment_params": {
    "Estrogen": 0.9636756019708388,
    "PTH": 37.24352872272067,
    "k_prod_Scl": 4.5377159669265756e-06,
    "k_prod_RANKL": 1.4918217744720738e-05,
    "k_prod_OPG": 0.00011604322588486574,
    "Sclerostin_bone": 0.060303043285489806,
    "RANKL_bone": 0.3075957659727363,
    "OPG_bone": 17.955181322912498
  },
  "biosensor_config": {
    "circuit_type": "direct_binding",
    "sensitivity": 2.073782217499437,
    "threshold": 0.024896628756737378,
    "dynamic_range": [
      0.0,
      4.107782690062354
    ],
    "kd": 0.08627796013143464,
    "response_type": "hill",
    "receptor_concentration": 5.679968299616253,
    "kon": 193210.8128643486,
    "koff": 16669.83480927235
  },
  "noise_preset": "medium",
  "noise_params": {
    "additive_sigma": 0.03,
    "multiplicative_sigma": 0.06,
    "drift_rate": 0.0003,
    "outlier_probability": 0.003,
    "outlier_magnitude": 4.0,
    "shot_noise_enabled": false,
    "seed": null
  },
  "measurement": {
    "snr_db": 10.292883951561372,
    "n_detections": 361,
    "detection_rate": 1.0,
    "time_to_detection": 191.70145172618427,
    "false_negative_rate": 0.01236339907763412,
    "max_signal": 3.407786301174339,
    "mean_signal": 2.613328094004746,
    "signal_std": 0.3316444197067941,
    "has_noise": true
  },
  "false_negative_rate": 0.01236339907763412,
  "sclerostin_mean": 0.6387326054399546,
  "sclerostin_max": 0.6918485781316293,
  "sclerostin_min": 0.025000000000000005,
  "sclerostin_std": 0.041713148863581365,
  "metadata_file": "metadata/b090f8ee-411f-4de5-b187-8695bc3a5861.json",
  "timeseries_file": "timeseries/b090f8ee-411f-4de5-b187-8695bc3a5861.csv"
}