{
  "run_id": "b0d0d05a-99c9-43dd-ba16-12cc0489cff4",
  "timestamp": "2026-01-31T04:10:23.925141",
  "scenario": "healthy",
  "duration": 3600.0,
  "num_points": 361,
  "environment_params": {
    "Estrogen": 0.4461856978726426,
    "PTH": 40.717122671193685,
    "k_prod_Scl": 4.727600845873487e-06,
    "k_prod_RANKL": 9.703644877769618e-06,
    "k_prod_OPG": 0.00012932205854138324,
    "Sclerostin_bone": 0.045576122184081656,
    "RANKL_bone": 1.1056962099182897,
    "OPG_bone": 6.766395718472927
  },
  "biosensor_config": {
    "circuit_type": "amplifying",
    "sensitivity": 1.0227451830725236,
    "threshold": 9.424321946815292e-05,
    "dynamic_range": [
      0.0,
      11.960151353002804
    ],
    "kd": 0.3218129699592931,
    "response_type": "linear",
    "receptor_concentration": 2.85533469012913,
    "enzyme_concentration": 16.83936944756971,
    "amplification_gain": 3787.274673720525,
    "response_time": 264.10280574276754
  },
  "noise_preset": "medium",
  "noise_params": {
    "additive_sigma": 0.03,
    "multiplicative_sigma": 0.06,
    "drift_rate": 0.0003,
    "outlier_probability": 0.003,
    "outlier_magnitude": 4.0,
    "shot_noise_enabled": false,
    "seed": null
  },
  "measurement": {
    "snr_db": 21.577403251468997,
    "n_detections": 360,
    "detection_rate": 0.997229916897507,
    "time_to_detection": 2042.7189088188813,
    "false_negative_rate": 0.027910642159098387,
    "max_signal": 14.866414087698056,
    "mean_signal": 12.556378674621952,
    "signal_std": 1.0162667795150322,
    "has_noise": true
  },
  "false_negative_rate": 0.027910642159098387,
  "sclerostin_mean": 0.5652945393112291,
  "sclerostin_max": 0.7121955138923661,
  "sclerostin_min": 0.025000000000000005,
  "sclerostin_std": 0.07992463359556407,
  "metadata_file": "metadata/b0d0d05a-99c9-43dd-ba16-12cc0489cff4.json",
  "timeseries_file": "timeseries/b0d0d05a-99c9-43dd-ba16-12cc0489cff4.csv"
}