{
  "run_id": "b0f8539a-ab45-4a8c-a4fd-3fc2fc366cf3",
  "timestamp": "2026-05-17T02:01:38.073760",
  "scenario": "pmo",
  "duration": 3600.0,
  "num_points": 361,
  "environment_params": {
    "Estrogen": 0.18196900992220397,
    "PTH": 69.3017073551774,
    "k_prod_Scl": 3.510812163787517e-06,
    "k_deg_Scl": 7.388903269335015e-05,
    "Sclerostin_bone": 0.13806832951114648,
    "k_prod_RANKL": 1.515818190696185e-05,
    "k_deg_RANKL": 2.255802941109829e-05,
    "RANKL_bone": 0.7837787033420167,
    "k_prod_OPG": 9.030577060550951e-05,
    "k_deg_OPG": 2.6126124452952603e-05,
    "OPG_bone": 3.6161873148152544,
    "MineralIon": 1.5854705985546274,
    "k_prod_Mineral": 0.08298961142986501,
    "k_loss_Mineral": 0.08545607112265184
  },
  "biosensor_config": {
    "circuit_type": "threshold",
    "sensitivity": 1.6152120150837788,
    "threshold": 3.161131559463283e-05,
    "dynamic_range": [
      0.0,
      18.88263931700823
    ],
    "kd": 4.2565922898129,
    "response_type": "linear",
    "hill_coefficient": 3.5264674622041734,
    "off_level": 0.4522961036661802,
    "on_level": 22.112268641906365
  },
  "noise_preset": "high",
  "noise_params": {
    "additive_sigma": 0.08,
    "multiplicative_sigma": 0.12,
    "drift_rate": 0.0004,
    "outlier_probability": 0.005,
    "outlier_magnitude": 6.0,
    "shot_noise_enabled": 0,
    "seed": null
  },
  "measurement": {
    "snr_db": 1.2904638407990363,
    "n_detections": 361,
    "detection_rate": 1.0,
    "time_to_detection": 5049.888663524412,
    "false_negative_rate": 0.0004427014567503651,
    "max_signal": 2.8017985227861386,
    "mean_signal": 1.683753176964627,
    "signal_std": 0.5407388399888975,
    "has_noise": 1
  },
  "false_negative_rate": 0.0004427014567503651,
  "sclerostin_mean": 1.4737431913813255,
  "sclerostin_max": 1.655425486943568,
  "sclerostin_min": 0.025000000000000005,
  "sclerostin_std": 0.1187789991354206,
  "metadata_file": "metadata/b0f8539a-ab45-4a8c-a4fd-3fc2fc366cf3.json",
  "timeseries_file": "timeseries/b0f8539a-ab45-4a8c-a4fd-3fc2fc366cf3.csv"
}