{
  "run_id": "b1534539-8265-4798-af36-b7b653f05771",
  "timestamp": "2026-05-17T01:54:30.970815",
  "scenario": "healthy",
  "duration": 3600.0,
  "num_points": 361,
  "environment_params": {
    "Estrogen": 1.0691241042886412,
    "PTH": 59.69176694290272,
    "k_prod_Scl": 3.011261250073095e-06,
    "k_deg_Scl": 7.822065549935067e-05,
    "Sclerostin_bone": 0.06723400939069119,
    "k_prod_RANKL": 1.2999805190575848e-05,
    "k_deg_RANKL": 2.351202758545272e-05,
    "RANKL_bone": 0.3911681403185541,
    "k_prod_OPG": 7.271026924787511e-05,
    "k_deg_OPG": 2.1501480661712394e-05,
    "OPG_bone": 3.6042843749837155,
    "MineralIon": 3.0594541673183073,
    "k_prod_Mineral": 0.08003840898972293,
    "k_loss_Mineral": 0.0355285363908515
  },
  "biosensor_config": {
    "circuit_type": "direct_binding",
    "sensitivity": 4.887781021139852,
    "threshold": 0.007606849614616792,
    "dynamic_range": [
      0.0,
      14.367689309768503
    ],
    "kd": 0.14425817267310242,
    "response_type": "hill",
    "receptor_concentration": 2.383068924363485,
    "kon": 216939.23434573592,
    "koff": 31295.257527817805
  },
  "noise_preset": "high",
  "noise_params": {
    "additive_sigma": 0.08,
    "multiplicative_sigma": 0.12,
    "drift_rate": 0.0004,
    "outlier_probability": 0.005,
    "outlier_magnitude": 6.0,
    "shot_noise_enabled": 0,
    "seed": null
  },
  "measurement": {
    "snr_db": 13.215508030522257,
    "n_detections": 361,
    "detection_rate": 1.0,
    "time_to_detection": 1019.9293245020704,
    "false_negative_rate": 0.01691648849277327,
    "max_signal": 7.663663874603758,
    "mean_signal": 5.596297868754483,
    "signal_std": 0.7681644518349111,
    "has_noise": 1
  },
  "false_negative_rate": 0.01691648849277327,
  "sclerostin_mean": 0.6876918099042625,
  "sclerostin_max": 0.71743166096186,
  "sclerostin_min": 0.025000000000000005,
  "sclerostin_std": 0.037682471628805114,
  "metadata_file": "metadata/b1534539-8265-4798-af36-b7b653f05771.json",
  "timeseries_file": "timeseries/b1534539-8265-4798-af36-b7b653f05771.csv"
}