{
  "run_id": "b1e5ed3e-2da3-439d-bfc1-4305e7878165",
  "timestamp": "2026-05-17T01:48:47.554761",
  "scenario": "pmo",
  "duration": 3600.0,
  "num_points": 361,
  "environment_params": {
    "Estrogen": 0.1697904584193699,
    "PTH": 80.31804228299828,
    "k_prod_Scl": 6.277688739534935e-06,
    "k_deg_Scl": 6.1673409934386e-05,
    "Sclerostin_bone": 0.10394025579783979,
    "k_prod_RANKL": 2.1129753239314716e-05,
    "k_deg_RANKL": 1.8507930835084255e-05,
    "RANKL_bone": 1.1726647323606656,
    "k_prod_OPG": 9.355083600391788e-05,
    "k_deg_OPG": 2.152421424156513e-05,
    "OPG_bone": 2.7168299725818725,
    "MineralIon": 1.7048978132107522,
    "k_prod_Mineral": 0.14004973328897288,
    "k_loss_Mineral": 0.0495272562817379
  },
  "biosensor_config": {
    "circuit_type": "amplifying",
    "sensitivity": 3.4847563635753085,
    "threshold": 3.331851793997832e-05,
    "dynamic_range": [
      0.0,
      14.062210940926258
    ],
    "kd": 0.020988713785881484,
    "response_type": "hill",
    "receptor_concentration": 3.8134127122391317,
    "enzyme_concentration": 6.9763836369146865,
    "amplification_gain": 1867.558300661427,
    "response_time": 457.9597732779605
  },
  "noise_preset": "medium",
  "noise_params": {
    "additive_sigma": 0.03,
    "multiplicative_sigma": 0.06,
    "drift_rate": 0.0002,
    "outlier_probability": 0.003,
    "outlier_magnitude": 4.0,
    "shot_noise_enabled": 0,
    "seed": null
  },
  "measurement": {
    "snr_db": 17.703980885201695,
    "n_detections": 360,
    "detection_rate": 0.997229916897507,
    "time_to_detection": 1918.8792621462019,
    "false_negative_rate": 0.03006724839230849,
    "max_signal": 4.637981425879938,
    "mean_signal": 3.822609183864445,
    "signal_std": 0.35349828344728995,
    "has_noise": 1
  },
  "false_negative_rate": 0.03006724839230849,
  "sclerostin_mean": 1.2630137967487531,
  "sclerostin_max": 1.6048961974066822,
  "sclerostin_min": 0.025000000000000005,
  "sclerostin_std": 0.18564598689031261,
  "metadata_file": "metadata/b1e5ed3e-2da3-439d-bfc1-4305e7878165.json",
  "timeseries_file": "timeseries/b1e5ed3e-2da3-439d-bfc1-4305e7878165.csv"
}