{
  "run_id": "b23c1e88-6712-4e00-89a2-2ca58c499ea3",
  "timestamp": "2026-01-31T04:10:40.302911",
  "scenario": "pmo",
  "duration": 3600.0,
  "num_points": 361,
  "environment_params": {
    "Estrogen": 0.13923303065157777,
    "PTH": 51.01259530345644,
    "k_prod_Scl": 5.1633408876345005e-06,
    "k_prod_RANKL": 3.5696071598274345e-05,
    "k_prod_OPG": 5.1815151576754984e-05,
    "Sclerostin_bone": 0.10063844651459125,
    "RANKL_bone": 1.3071434940410436,
    "OPG_bone": 2.47706687411748
  },
  "biosensor_config": {
    "circuit_type": "amplifying",
    "sensitivity": 0.32135208088518974,
    "threshold": 3.571510684954294e-05,
    "dynamic_range": [
      0.0,
      8.490649987264563
    ],
    "kd": 0.21655202228986153,
    "response_type": "hill",
    "receptor_concentration": 0.911171311006812,
    "enzyme_concentration": 15.16327832429682,
    "amplification_gain": 2945.8714689706076,
    "response_time": 199.89962275309017
  },
  "noise_preset": "medium",
  "noise_params": {
    "additive_sigma": 0.03,
    "multiplicative_sigma": 0.06,
    "drift_rate": 0.0003,
    "outlier_probability": 0.003,
    "outlier_magnitude": 4.0,
    "shot_noise_enabled": false,
    "seed": null
  },
  "measurement": {
    "snr_db": -5.78932154197588,
    "n_detections": 361,
    "detection_rate": 1.0,
    "time_to_detection": 6441.4452501323585,
    "false_negative_rate": 0.11404579565683749,
    "max_signal": 1.4484309623074736,
    "mean_signal": 0.86096833986258,
    "signal_std": 0.31560618737237034,
    "has_noise": true
  },
  "false_negative_rate": 0.11404579565683749,
  "sclerostin_mean": 1.1828602968183388,
  "sclerostin_max": 1.4567834730913416,
  "sclerostin_min": 0.025000000000000005,
  "sclerostin_std": 0.15181125338594878,
  "metadata_file": "metadata/b23c1e88-6712-4e00-89a2-2ca58c499ea3.json",
  "timeseries_file": "timeseries/b23c1e88-6712-4e00-89a2-2ca58c499ea3.csv"
}