{
  "run_id": "b276d9ad-7abe-48e8-8868-736207c2d0a3",
  "timestamp": "2026-01-31T04:11:11.922991",
  "scenario": "healthy",
  "duration": 3600.0,
  "num_points": 361,
  "environment_params": {
    "Estrogen": 0.7760744245028993,
    "PTH": 65.61697135327798,
    "k_prod_Scl": 2.9203570186133105e-06,
    "k_prod_RANKL": 1.359505661589473e-05,
    "k_prod_OPG": 0.00012276341670240762,
    "Sclerostin_bone": 0.0802178364513303,
    "RANKL_bone": 0.8534361885962551,
    "OPG_bone": 2.737466032504028
  },
  "biosensor_config": {
    "circuit_type": "amplifying",
    "sensitivity": 1.9438177376065673,
    "threshold": 0.004432601059339866,
    "dynamic_range": [
      0.0,
      13.898488601126514
    ],
    "kd": 0.06153752286495492,
    "response_type": "linear",
    "receptor_concentration": 3.882800562119781,
    "enzyme_concentration": 20.71791093338106,
    "amplification_gain": 9819.862007064417,
    "response_time": 198.7024355357766
  },
  "noise_preset": "low",
  "noise_params": {
    "additive_sigma": 0.005,
    "multiplicative_sigma": 0.01,
    "drift_rate": 2e-05,
    "outlier_probability": 0.0002,
    "outlier_magnitude": 2.0,
    "shot_noise_enabled": false,
    "seed": null
  },
  "measurement": {
    "snr_db": 39.631644997997626,
    "n_detections": 361,
    "detection_rate": 1.0,
    "time_to_detection": 2496.4701392709144,
    "false_negative_rate": 0.007413664318390638,
    "max_signal": 14.433409190336182,
    "mean_signal": 13.896523949405582,
    "signal_std": 0.7454466943188398,
    "has_noise": true
  },
  "false_negative_rate": 0.007413664318390638,
  "sclerostin_mean": 0.8275219572520254,
  "sclerostin_max": 0.878357581866007,
  "sclerostin_min": 0.025000000000000005,
  "sclerostin_std": 0.04906696428398987,
  "metadata_file": "metadata/b276d9ad-7abe-48e8-8868-736207c2d0a3.json",
  "timeseries_file": "timeseries/b276d9ad-7abe-48e8-8868-736207c2d0a3.csv"
}