{
  "run_id": "b3eeed62-3aab-4db5-b305-1dcdf28855cb",
  "timestamp": "2026-05-17T01:40:42.377106",
  "scenario": "pmo",
  "duration": 3600.0,
  "num_points": 361,
  "environment_params": {
    "Estrogen": 0.2999829095606648,
    "PTH": 42.167864286578755,
    "k_prod_Scl": 6.353978226323717e-06,
    "k_deg_Scl": 6.62346925071687e-05,
    "Sclerostin_bone": 0.08575864937508867,
    "k_prod_RANKL": 1.8286401360238722e-05,
    "k_deg_RANKL": 3.0087402397167205e-05,
    "RANKL_bone": 0.9147628186916484,
    "k_prod_OPG": 0.0001089638624980386,
    "k_deg_OPG": 2.32977611122387e-05,
    "OPG_bone": 4.133538824301366,
    "MineralIon": 1.646497764456471,
    "k_prod_Mineral": 0.07229132228631982,
    "k_loss_Mineral": 0.05717840527161444
  },
  "biosensor_config": {
    "circuit_type": "threshold",
    "sensitivity": 14.25228282040115,
    "threshold": 0.009156709357320464,
    "dynamic_range": [
      0.0,
      13.849085909811402
    ],
    "kd": 0.036004108726698805,
    "response_type": "linear",
    "hill_coefficient": 4.659693586072983,
    "off_level": 0.4694874950338997,
    "on_level": 17.86548975212193
  },
  "biosensor_type": "threshold",
  "noise_preset": "high",
  "noise_params": {
    "additive_sigma": 0.08,
    "multiplicative_sigma": 0.12,
    "drift_rate": 0.0004,
    "outlier_probability": 0.005,
    "outlier_magnitude": 6.0,
    "shot_noise_enabled": false,
    "seed": null
  },
  "measurement": {
    "snr_db": 17.43466596841724,
    "n_detections": 361,
    "detection_rate": 1.0,
    "time_to_detection": 1086.634220059297,
    "false_negative_rate": 0.0936041325604306,
    "max_signal": 19.849334285645558,
    "mean_signal": 14.505648656276623,
    "signal_std": 1.8326035218670194,
    "has_noise": true
  },
  "signal_to_noise_ratio_SNR": 17.43466596841724,
  "time_to_detection_threshold": 1086.634220059297,
  "false_negative_rate": 0.0936041325604306,
  "dynamic_range_of_output": 0.0,
  "sclerostin_mean": 1.0299713966617774,
  "sclerostin_max": 1.289441833799038,
  "sclerostin_min": 0.025000000000000005,
  "sclerostin_std": 0.14203157501505465,
  "sclerostin_change": 