{
  "run_id": "b478c840-4b15-40aa-90ad-623a98e61a80",
  "timestamp": "2026-01-31T04:10:42.190442",
  "scenario": "ckd_mbd",
  "duration": 3600.0,
  "num_points": 361,
  "environment_params": {
    "Estrogen": 0.6024088657377633,
    "PTH": 344.797517857265,
    "k_prod_Scl": 1.8236721099059123e-05,
    "k_deg_Scl": 3.805949049968017e-05,
    "k_prod_RANKL": 1.747034352826482e-05,
    "k_prod_OPG": 8.588434055277326e-05,
    "Sclerostin_bone": 0.2070529239767867,
    "RANKL_bone": 1.0457509252516193,
    "OPG_bone": 3.4447234506461326,
    "MineralIon": 3.3889415974929187,
    "k_prod_Mineral": 0.18575368590219762
  },
  "biosensor_config": {
    "circuit_type": "direct_binding",
    "sensitivity": 4.909393286908258,
    "threshold": 4.8325485675142866e-05,
    "dynamic_range": [
      0.0,
      6.282535354238422
    ],
    "kd": 3.2334745085818652,
    "response_type": "michaelis_menten",
    "receptor_concentration": 9.169585529977516,
    "kon": 11510.818809548484,
    "koff": 37219.939193579674
  },
  "noise_preset": "high",
  "noise_params": {
    "additive_sigma": 0.1,
    "multiplicative_sigma": 0.2,
    "drift_rate": 0.001,
    "outlier_probability": 0.01,
    "outlier_magnitude": 10.0,
    "shot_noise_enabled": true,
    "seed": null
  },
  "measurement": {
    "snr_db": 1.9839954201003214,
    "n_detections": 361,
    "detection_rate": 1.0,
    "time_to_detection": 3463.6066942348043,
    "false_negative_rate": 0.10292174510163354,
    "max_signal": 7.718545380924183,
    "mean_signal": 4.447688763586896,
    "signal_std": 1.2621390439149065,
    "has_noise": true
  },
  "false_negative_rate": 0.10292174510163354,
  "sclerostin_mean": 2.390483612146956,
  "sclerostin_max": 2.9289001069672236,
  "sclerostin_min": 0.025000000000000005,
  "sclerostin_std": 0.30025166415997734,
  "metadata_file": "metadata/b478c840-4b15-40aa-90ad-623a98e61a80.json",
  "timeseries_file": "timeseries/b478c840-4b15-40aa-90ad-623a98e61a80.csv"
}