{
  "run_id": "b7f52637-7766-4848-a9fd-f0e4628777d4",
  "timestamp": "2026-05-17T02:01:41.287243",
  "scenario": "ckd_mbd",
  "duration": 3600.0,
  "num_points": 361,
  "environment_params": {
    "Estrogen": 0.74045129940135,
    "PTH": 208.2615186999031,
    "k_prod_Scl": 1.2611852331773182e-05,
    "k_deg_Scl": 5.1135993584124214e-05,
    "Sclerostin_bone": 0.19725060306161074,
    "k_prod_RANKL": 2.6494587711048502e-05,
    "k_deg_RANKL": 2.327139927670894e-05,
    "RANKL_bone": 0.9985154321585344,
    "k_prod_OPG": 9.165593601027135e-05,
    "k_deg_OPG": 2.554234468101249e-05,
    "OPG_bone": 7.887093081986904,
    "MineralIon": 4.693495387611322,
    "k_prod_Mineral": 0.13459764798520163,
    "k_loss_Mineral": 0.01973456830616198
  },
  "biosensor_config": {
    "circuit_type": "ratiometric",
    "sensitivity": 15.071971917372895,
    "threshold": 9.464490213761534e-05,
    "dynamic_range": [
      0.0,
      17.84564721286681
    ],
    "kd": 1.2734786541115297,
    "response_type": "linear",
    "reference_kd": 1.149841567223079,
    "ratio_exponent": 2.52234443481286
  },
  "noise_preset": "medium",
  "noise_params": {
    "additive_sigma": 0.03,
    "multiplicative_sigma": 0.06,
    "drift_rate": 0.0002,
    "outlier_probability": 0.003,
    "outlier_magnitude": 4.0,
    "shot_noise_enabled": 0,
    "seed": null
  },
  "measurement": {
    "snr_db": 23.537442046600674,
    "n_detections": 361,
    "detection_rate": 1.0,
    "time_to_detection": 2045.604276943332,
    "false_negative_rate": 0.015406502371603657,
    "max_signal": 21.679349747969248,
    "mean_signal": 18.189677390107107,
    "signal_std": 1.1366495174557238,
    "has_noise": 1
  },
  "false_negative_rate": 0.015406502371603657,
  "sclerostin_mean": 2.105381122554914,
  "sclerostin_max": 2.3780054645511837,
  "sclerostin_min": 0.025000000000000005,
  "sclerostin_std": 0.17534413744680416,
  "metadata_file": "metadata/b7f52637-7766-4848-a9fd-f0e4628777d4.json",
  "timeseries_file": "timeseries/b7f52637-7766-4848-a9fd-f0e4628777d4.csv"
}