{
  "run_id": "b821a699-b0ab-40bc-b861-ab4136c82b29",
  "timestamp": "2026-01-31T04:10:36.841075",
  "scenario": "healthy",
  "duration": 3600.0,
  "num_points": 361,
  "environment_params": {
    "Estrogen": 0.955305852840297,
    "PTH": 32.07587770032544,
    "k_prod_Scl": 5.025658094540158e-06,
    "k_prod_RANKL": 9.838872571293704e-06,
    "k_prod_OPG": 0.0001464771240310612,
    "Sclerostin_bone": 0.05964329451661615,
    "RANKL_bone": 0.5563697604966721,
    "OPG_bone": 7.002807224917724
  },
  "biosensor_config": {
    "circuit_type": "threshold",
    "sensitivity": 6.183149480542418,
    "threshold": 0.01820464505548745,
    "dynamic_range": [
      0.0,
      3.233235690462816
    ],
    "kd": 0.18366037288879034,
    "response_type": "linear",
    "hill_coefficient": 2.6854503870405875,
    "off_level": 0.25142397039518266,
    "on_level": 9.477917938739093
  },
  "noise_preset": "low",
  "noise_params": {
    "additive_sigma": 0.005,
    "multiplicative_sigma": 0.01,
    "drift_rate": 2e-05,
    "outlier_probability": 0.0002,
    "outlier_magnitude": 2.0,
    "shot_noise_enabled": false,
    "seed": null
  },
  "measurement": {
    "snr_db": 35.89942355294593,
    "n_detections": 361,
    "detection_rate": 1.0,
    "time_to_detection": 1600.7007552561768,
    "false_negative_rate": 0.015107740935643049,
    "max_signal": 3.3639603135917757,
    "mean_signal": 3.260135318773752,
    "signal_std": 0.16055667251798253,
    "has_noise": true
  },
  "false_negative_rate": 0.015107740935643049,
  "sclerostin_mean": 0.6366512066956483,
  "sclerostin_max": 0.6955971046953422,
  "sclerostin_min": 0.025000000000000005,
  "sclerostin_std": 0.0435935886299359,
  "metadata_file": "metadata/b821a699-b0ab-40bc-b861-ab4136c82b29.json",
  "timeseries_file": "timeseries/b821a699-b0ab-40bc-b861-ab4136c82b29.csv"
}