{
  "run_id": "b8294671-5e4e-491f-8dbc-ee74be6b8098",
  "timestamp": "2026-05-17T02:01:39.536916",
  "scenario": "pmo",
  "duration": 3600.0,
  "num_points": 361,
  "environment_params": {
    "Estrogen": 0.2735583827178174,
    "PTH": 55.86449663343694,
    "k_prod_Scl": 7.574842047794454e-06,
    "k_deg_Scl": 6.318287473894653e-05,
    "Sclerostin_bone": 0.07871367498940637,
    "k_prod_RANKL": 1.3009184809676985e-05,
    "k_deg_RANKL": 2.219500940076735e-05,
    "RANKL_bone": 1.2116524815368812,
    "k_prod_OPG": 6.800991176527979e-05,
    "k_deg_OPG": 1.739434870571821e-05,
    "OPG_bone": 3.7860677649067704,
    "MineralIon": 2.0076545683741367,
    "k_prod_Mineral": 0.12262755797566256,
    "k_loss_Mineral": 0.03291429311203065
  },
  "biosensor_config": {
    "circuit_type": "threshold",
    "sensitivity": 105.92464260945913,
    "threshold": 4.093588407082512e-05,
    "dynamic_range": [
      0.0,
      10.305948843876065
    ],
    "kd": 0.021866623387613908,
    "response_type": "hill",
    "hill_coefficient": 4.23450839971898,
    "off_level": 0.25318474073582914,
    "on_level": 17.71124190715679
  },
  "noise_preset": "medium",
  "noise_params": {
    "additive_sigma": 0.03,
    "multiplicative_sigma": 0.06,
    "drift_rate": 0.0002,
    "outlier_probability": 0.003,
    "outlier_magnitude": 4.0,
    "shot_noise_enabled": 0,
    "seed": null
  },
  "measurement": {
    "snr_db": 23.1903012009732,
    "n_detections": 361,
    "detection_rate": 1.0,
    "time_to_detection": 884.2492640219723,
    "false_negative_rate": 0.021640581678163812,
    "max_signal": 12.512886647261169,
    "mean_signal": 10.68272119677416,
    "signal_std": 0.606254515272554,
    "has_noise": 1
  },
  "false_negative_rate": 0.021640581678163812,
  "sclerostin_mean": 1.0178347113675685,
  "sclerostin_max": 1.3540494023818288,
  "sclerostin_min": 0.025000000000000005,
  "sclerostin_std": 0.1791068151605692,
  "metadata_file": "metadata/b8294671-5e4e-491f-8dbc-ee74be6b8098.json",
  "timeseries_file": "timeseries/b8294671-5e4e-491f-8dbc-ee74be6b8098.csv"
}