{
  "run_id": "b835f331-8870-4b18-ba50-aa3abcb49421",
  "timestamp": "2026-01-31T04:10:07.071432",
  "scenario": "ckd_mbd",
  "duration": 3600.0,
  "num_points": 361,
  "environment_params": {
    "Estrogen": 0.5638476215599627,
    "PTH": 401.4657627923136,
    "k_prod_Scl": 1.2163983090188715e-05,
    "k_deg_Scl": 4.141125265538834e-05,
    "k_prod_RANKL": 1.3017044470583697e-05,
    "k_prod_OPG": 9.277518357968773e-05,
    "Sclerostin_bone": 0.13128222095037653,
    "RANKL_bone": 0.8786952163295692,
    "OPG_bone": 3.38041779435792,
    "MineralIon": 3.359877330275352,
    "k_prod_Mineral": 0.18735150470922232
  },
  "biosensor_config": {
    "circuit_type": "amplifying",
    "sensitivity": 1.6915089644415835,
    "threshold": 0.00041425419686777774,
    "dynamic_range": [
      0.0,
      16.76662006462782
    ],
    "kd": 0.07690560808546806,
    "response_type": "hill",
    "receptor_concentration": 0.2576331514944951,
    "enzyme_concentration": 27.209138972316538,
    "amplification_gain": 3477.795739058428,
    "response_time": 389.563605306117
  },
  "noise_preset": "medium",
  "noise_params": {
    "additive_sigma": 0.03,
    "multiplicative_sigma": 0.06,
    "drift_rate": 0.0003,
    "outlier_probability": 0.003,
    "outlier_magnitude": 4.0,
    "shot_noise_enabled": false,
    "seed": null
  },
  "measurement": {
    "snr_db": 8.423325929099061,
    "n_detections": 360,
    "detection_rate": 0.997229916897507,
    "time_to_detection": 3798.121882580656,
    "false_negative_rate": 0.07095042972095755,
    "max_signal": 3.0153198479879575,
    "mean_signal": 2.2367169122039097,
    "signal_std": 0.3476907413371654,
    "has_noise": true
  },
  "false_negative_rate": 0.07095042972095755,
  "sclerostin_mean": 1.5597732717367616,
  "sclerostin_max": 1.9504381937778121,
  "sclerostin_min": 0.025000000000000005,
  "sclerostin_std": 0.21430678127669175,
  "metadata_file": "metadata/b835f331-8870-4b18-ba50-aa3abcb49421.json",
  "timeseries_file": "timeseries/b835f331-8870-4b18-ba50-aa3abcb49421.csv"
}