{
  "run_id": "b901da3e-e05a-48d3-8022-09497024b5f3",
  "timestamp": "2026-01-31T04:10:41.852811",
  "scenario": "healthy",
  "duration": 3600.0,
  "num_points": 361,
  "environment_params": {
    "Estrogen": 0.6618135729372168,
    "PTH": 45.29293427913127,
    "k_prod_Scl": 5.408861580829854e-06,
    "k_prod_RANKL": 1.1510687005667105e-05,
    "k_prod_OPG": 0.00011110247822451916,
    "Sclerostin_bone": 0.09397770808797551,
    "RANKL_bone": 0.5570632966614069,
    "OPG_bone": 4.93964527420802
  },
  "biosensor_config": {
    "circuit_type": "direct_binding",
    "sensitivity": 0.5635343815199325,
    "threshold": 0.02176953037869423,
    "dynamic_range": [
      0.0,
      12.552200680425775
    ],
    "kd": 0.028826135826190258,
    "response_type": "michaelis_menten",
    "receptor_concentration": 3.1408269230737993,
    "kon": 31900.217369719132,
    "koff": 919.5599987845175
  },
  "noise_preset": "medium",
  "noise_params": {
    "additive_sigma": 0.03,
    "multiplicative_sigma": 0.06,
    "drift_rate": 0.0003,
    "outlier_probability": 0.003,
    "outlier_magnitude": 4.0,
    "shot_noise_enabled": false,
    "seed": null
  },
  "measurement": {
    "snr_db": -0.9337741815377555,
    "n_detections": 361,
    "detection_rate": 1.0,
    "time_to_detection": 19.537541562760065,
    "false_negative_rate": 0.0036643405266018527,
    "max_signal": 1.7186805801006142,
    "mean_signal": 1.0953021765195492,
    "signal_std": 0.31303457384443595,
    "has_noise": true
  },
  "false_negative_rate": 0.0036643405266018527,
  "sclerostin_mean": 1.0022903877055411,
  "sclerostin_max": 1.113287745199248,
  "sclerostin_min": 0.025000000000000005,
  "sclerostin_std": 0.0757405880915891,
  "metadata_file": "metadata/b901da3e-e05a-48d3-8022-09497024b5f3.json",
  "timeseries_file": "timeseries/b901da3e-e05a-48d3-8022-09497024b5f3.csv"
}