{
  "run_id": "ba1cab5d-b83f-4ed8-be7d-83dd899ebbf6",
  "timestamp": "2026-01-31T04:10:32.490427",
  "scenario": "ckd_mbd",
  "duration": 3600.0,
  "num_points": 361,
  "environment_params": {
    "Estrogen": 0.46441263300875285,
    "PTH": 340.28828527441715,
    "k_prod_Scl": 1.4054925715388798e-05,
    "k_deg_Scl": 4.4948308625891964e-05,
    "k_prod_RANKL": 1.997142873580617e-05,
    "k_prod_OPG": 6.762076884586673e-05,
    "Sclerostin_bone": 0.22217748919157382,
    "RANKL_bone": 1.4254265458035256,
    "OPG_bone": 4.682023095213619,
    "MineralIon": 3.6553462774008283,
    "k_prod_Mineral": 0.15718765273446017
  },
  "biosensor_config": {
    "circuit_type": "threshold",
    "sensitivity": 10.472078927710694,
    "threshold": 8.057739107529758e-05,
    "dynamic_range": [
      0.0,
      2.2124446644645825
    ],
    "kd": 0.11852208025529432,
    "response_type": "hill",
    "hill_coefficient": 3.4069583535228762,
    "off_level": 0.7544459757120235,
    "on_level": 27.39793468789758
  },
  "noise_preset": "low",
  "noise_params": {
    "additive_sigma": 0.005,
    "multiplicative_sigma": 0.01,
    "drift_rate": 2e-05,
    "outlier_probability": 0.0002,
    "outlier_magnitude": 2.0,
    "shot_noise_enabled": false,
    "seed": null
  },
  "measurement": {
    "snr_db": 32.95582495237224,
    "n_detections": 361,
    "detection_rate": 1.0,
    "time_to_detection": 1646.7612216592468,
    "false_negative_rate": 0.0,
    "max_signal": 2.3299911885941027,
    "mean_signal": 2.2473403101495255,
    "signal_std": 0.07883826961077196,
    "has_noise": true
  },
  "false_negative_rate": 0.0,
  "sclerostin_mean": 2.5391393387033885,
  "sclerostin_max": 3.083504208697927,
  "sclerostin_min": 0.025000000000000005,
  "sclerostin_std": 0.3061038502622959,
  "metadata_file": "metadata/ba1cab5d-b83f-4ed8-be7d-83dd899ebbf6.json",
  "timeseries_file": "timeseries/ba1cab5d-b83f-4ed8-be7d-83dd899ebbf6.csv"
}