{
  "run_id": "ba9023eb-2829-4b6d-a748-59a569078581",
  "timestamp": "2026-01-31T04:10:57.659224",
  "scenario": "ckd_mbd",
  "duration": 3600.0,
  "num_points": 361,
  "environment_params": {
    "Estrogen": 0.5764978682517871,
    "PTH": 177.32655352715918,
    "k_prod_Scl": 1.5184961358812766e-05,
    "k_deg_Scl": 3.6941493861572884e-05,
    "k_prod_RANKL": 2.16335193008417e-05,
    "k_prod_OPG": 7.031379105726207e-05,
    "Sclerostin_bone": 0.26030064999539876,
    "RANKL_bone": 1.6373046603343955,
    "OPG_bone": 2.7882038074529247,
    "MineralIon": 3.3344336553969645,
    "k_prod_Mineral": 0.2313954058103713
  },
  "biosensor_config": {
    "circuit_type": "threshold",
    "sensitivity": 77.40158781571185,
    "threshold": 0.00010265710935999643,
    "dynamic_range": [
      0.0,
      0.7101538153405083
    ],
    "kd": 0.5444455721012615,
    "response_type": "hill",
    "hill_coefficient": 2.4510920717849185,
    "off_level": 0.2141486450888889,
    "on_level": 20.28612256257516
  },
  "noise_preset": "high",
  "noise_params": {
    "additive_sigma": 0.1,
    "multiplicative_sigma": 0.2,
    "drift_rate": 0.001,
    "outlier_probability": 0.01,
    "outlier_magnitude": 10.0,
    "shot_noise_enabled": true,
    "seed": null
  },
  "measurement": {
    "snr_db": -9.430395427888584,
    "n_detections": 360,
    "detection_rate": 0.997229916897507,
    "time_to_detection": 6135.015593386768,
    "false_negative_rate": 0.10331812505135944,
    "max_signal": 4.982994695459448,
    "mean_signal": 2.514515748745567,
    "signal_std": 1.0759029743908894,
    "has_noise": true
  },
  "false_negative_rate": 0.10331812505135944,
  "sclerostin_mean": 2.832801966481158,
  "sclerostin_max": 3.2781007320008384,
  "sclerostin_min": 0.025000000000000005,
  "sclerostin_std": 0.2689496173090084,
  "metadata_file": "metadata/ba9023eb-2829-4b6d-a748-59a569078581.json",
  "timeseries_file": "timeseries/ba9023eb-2829-4b6d-a748-59a569078581.csv"
}