{
  "run_id": "bb1b7041-9f04-4236-a664-87d11a7243ba",
  "timestamp": "2026-05-17T01:58:32.441560",
  "scenario": "ckd_mbd",
  "duration": 3600.0,
  "num_points": 361,
  "environment_params": {
    "Estrogen": 0.5656267255632373,
    "PTH": 117.67107434547938,
    "k_prod_Scl": 1.4163024092024789e-05,
    "k_deg_Scl": 4.36088806712401e-05,
    "Sclerostin_bone": 0.19459005213185707,
    "k_prod_RANKL": 2.1436758766832337e-05,
    "k_deg_RANKL": 2.2860436178651196e-05,
    "RANKL_bone": 0.6812433249337583,
    "k_prod_OPG": 8.156362684988689e-05,
    "k_deg_OPG": 1.816656930215576e-05,
    "OPG_bone": 6.262706892366859,
    "MineralIon": 3.439624466715924,
    "k_prod_Mineral": 0.15787245109706155,
    "k_loss_Mineral": 0.01582293038444296
  },
  "biosensor_config": {
    "circuit_type": "threshold",
    "sensitivity": 0.5112418619002386,
    "threshold": 4.450715726458637e-05,
    "dynamic_range": [
      0.0,
      6.150440911028019
    ],
    "kd": 1.7534466047946422,
    "response_type": "hill",
    "hill_coefficient": 6.024856826363067,
    "off_level": 0.6883413899109487,
    "on_level": 23.01818986131865
  },
  "noise_preset": "low",
  "noise_params": {
    "additive_sigma": 0.005,
    "multiplicative_sigma": 0.01,
    "drift_rate": 2e-05,
    "outlier_probability": 0.0002,
    "outlier_magnitude": 2.0,
    "shot_noise_enabled": 0,
    "seed": null
  },
  "measurement": {
    "snr_db": 38.546926173446984,
    "n_detections": 361,
    "detection_rate": 1.0,
    "time_to_detection": 3484.1375332317994,
    "false_negative_rate": 0.011386204419019573,
    "max_signal": 6.364348158734703,
    "mean_signal": 6.1718748963019205,
    "signal_std": 0.2955689136852701,
    "has_noise": 1
  },
  "false_negative_rate": 0.011386204419019573,
  "sclerostin_mean": 2.1725299478255784,
  "sclerostin_max": 2.57366898365368,
  "sclerostin_min": 0.025000000000000005,
  "sclerostin_std": 0.23230291226963223,
  "metadata_file": "metadata/bb1b7041-9f04-4236-a664-87d11a7243ba.json",
  "timeseries_file": "timeseries/bb1b7041-9f04-4236-a664-87d11a7243ba.csv"
}