{
  "run_id": "bbd60091-0e68-4d95-acc1-20cb85f82d41",
  "timestamp": "2026-01-31T04:09:51.019781",
  "scenario": "healthy",
  "duration": 3600.0,
  "num_points": 361,
  "environment_params": {
    "Estrogen": 0.7361818218940626,
    "PTH": 32.68008404185896,
    "k_prod_Scl": 3.242280131791107e-06,
    "k_prod_RANKL": 1.1641557770737636e-05,
    "k_prod_OPG": 0.00013776374384866607,
    "Sclerostin_bone": 0.0630669793188458,
    "RANKL_bone": 0.3164866695700419,
    "OPG_bone": 4.785594626793087
  },
  "biosensor_config": {
    "circuit_type": "direct_binding",
    "sensitivity": 3.5559333545362923,
    "threshold": 0.027426341481770793,
    "dynamic_range": [
      0.0,
      16.02488758085598
    ],
    "kd": 0.0757557268086761,
    "response_type": "hill",
    "receptor_concentration": 4.633318733142768,
    "kon": 3350.501011769847,
    "koff": 253.81963931982938
  },
  "noise_preset": "low",
  "noise_params": {
    "additive_sigma": 0.005,
    "multiplicative_sigma": 0.01,
    "drift_rate": 2e-05,
    "outlier_probability": 0.0002,
    "outlier_magnitude": 2.0,
    "shot_noise_enabled": false,
    "seed": null
  },
  "measurement": {
    "snr_db": 36.40596621278053,
    "n_detections": 361,
    "detection_rate": 1.0,
    "time_to_detection": 2262.2797012170568,
    "false_negative_rate": 0.014785386491950426,
    "max_signal": 3.695019841398438,
    "mean_signal": 3.589944324897812,
    "signal_std": 0.04070616786775919,
    "has_noise": true
  },
  "false_negative_rate": 0.014785386491950426,
  "sclerostin_mean": 0.6672689743509679,
  "sclerostin_max": 0.7232472485183307,
  "sclerostin_min": 0.025000000000000005,
  "sclerostin_std": 0.04378672316584388,
  "metadata_file": "metadata/bbd60091-0e68-4d95-acc1-20cb85f82d41.json",
  "timeseries_file": "timeseries/bbd60091-0e68-4d95-acc1-20cb85f82d41.csv"
}