{
  "run_id": "bc153620-7e36-4026-b95e-84a2e4dcf67c",
  "timestamp": "2026-05-17T01:48:49.040405",
  "scenario": "healthy",
  "duration": 3600.0,
  "num_points": 361,
  "environment_params": {
    "Estrogen": 0.9219591223443248,
    "PTH": 49.214118767411136,
    "k_prod_Scl": 4.181251536699067e-06,
    "k_deg_Scl": 6.405184374758432e-05,
    "Sclerostin_bone": 0.05735102201884813,
    "k_prod_RANKL": 1.3558527842815012e-05,
    "k_deg_RANKL": 2.4610518623210373e-05,
    "RANKL_bone": 0.5298815370840254,
    "k_prod_OPG": 0.00013896020396893667,
    "k_deg_OPG": 1.9409649650117305e-05,
    "OPG_bone": 5.25010080374316,
    "MineralIon": 2.5808877800146353,
    "k_prod_Mineral": 0.08866378252252796,
    "k_loss_Mineral": 0.04828418303340845
  },
  "biosensor_config": {
    "circuit_type": "direct_binding",
    "sensitivity": 2.1082481411022287,
    "threshold": 0.0006855382493908054,
    "dynamic_range": [
      0.0,
      11.466841620821185
    ],
    "kd": 0.26067312353390343,
    "response_type": "hill",
    "receptor_concentration": 2.5797945727257874,
    "kon": 60884.109441607834,
    "koff": 15870.850981723936
  },
  "noise_preset": "high",
  "noise_params": {
    "additive_sigma": 0.08,
    "multiplicative_sigma": 0.12,
    "drift_rate": 0.0004,
    "outlier_probability": 0.005,
    "outlier_magnitude": 6.0,
    "shot_noise_enabled": 0,
    "seed": null
  },
  "measurement": {
    "snr_db": 7.385681504022797,
    "n_detections": 361,
    "detection_rate": 1.0,
    "time_to_detection": 935.4669870347605,
    "false_negative_rate": 0.018907559871417085,
    "max_signal": 3.935428658323282,
    "mean_signal": 2.7831273512851866,
    "signal_std": 0.5157876207040281,
    "has_noise": 1
  },
  "false_negative_rate": 0.018907559871417085,
  "sclerostin_mean": 0.6102359468932693,
  "sclerostin_max": 0.6633485656522662,
  "sclerostin_min": 0.025000000000000005,
  "sclerostin_std": 0.04055652275989542,
  "metadata_file": "metadata/bc153620-7e36-4026-b95e-84a2e4dcf67c.json",
  "timeseries_file": "timeseries/bc153620-7e36-4026-b95e-84a2e4dcf67c.csv"
}