{
  "run_id": "bc620f5f-3954-4e4b-8af4-9cf0b521d510",
  "timestamp": "2026-01-31T04:10:57.955431",
  "scenario": "healthy",
  "duration": 3600.0,
  "num_points": 361,
  "environment_params": {
    "Estrogen": 0.9127249492932183,
    "PTH": 38.01826483307475,
    "k_prod_Scl": 6.498909358061982e-06,
    "k_prod_RANKL": 9.200363212713634e-06,
    "k_prod_OPG": 0.00015897169931249194,
    "Sclerostin_bone": 0.04809678728333336,
    "RANKL_bone": 0.4368061578242019,
    "OPG_bone": 10.962865236655801
  },
  "biosensor_config": {
    "circuit_type": "direct_binding",
    "sensitivity": 2.881554907805425,
    "threshold": 0.012716098196111459,
    "dynamic_range": [
      0.0,
      14.707418335348873
    ],
    "kd": 4.110216979503972,
    "response_type": "michaelis_menten",
    "receptor_concentration": 2.0227614424917744,
    "kon": 190163.03274620182,
    "koff": 781611.3260674084
  },
  "noise_preset": "high",
  "noise_params": {
    "additive_sigma": 0.1,
    "multiplicative_sigma": 0.2,
    "drift_rate": 0.001,
    "outlier_probability": 0.01,
    "outlier_magnitude": 10.0,
    "shot_noise_enabled": true,
    "seed": null
  },
  "measurement": {
    "snr_db": -22.495168626800712,
    "n_detections": 361,
    "detection_rate": 1.0,
    "time_to_detection": 4857.089662244874,
    "false_negative_rate": 0.17007203044413152,
    "max_signal": 3.906659292974227,
    "mean_signal": 1.9670366942049002,
    "signal_std": 1.0587879749112583,
    "has_noise": true
  },
  "false_negative_rate": 0.17007203044413152,
  "sclerostin_mean": 0.5436398726802842,
  "sclerostin_max": 0.6268055040820159,
  "sclerostin_min": 0.025000000000000005,
  "sclerostin_std": 0.05006547480832701,
  "metadata_file": "metadata/bc620f5f-3954-4e4b-8af4-9cf0b521d510.json",
  "timeseries_file": "timeseries/bc620f5f-3954-4e4b-8af4-9cf0b521d510.csv"
}