{
  "run_id": "bc6c0d85-532d-48d3-bac4-e4496d9177f6",
  "timestamp": "2026-05-17T02:01:34.131990",
  "scenario": "pmo",
  "duration": 3600.0,
  "num_points": 361,
  "environment_params": {
    "Estrogen": 0.250796299546929,
    "PTH": 63.01785515466454,
    "k_prod_Scl": 4.838383031621304e-06,
    "k_deg_Scl": 7.572885042718469e-05,
    "Sclerostin_bone": 0.07867578067220114,
    "k_prod_RANKL": 1.845247385460684e-05,
    "k_deg_RANKL": 1.563130032514546e-05,
    "RANKL_bone": 0.9153150247352448,
    "k_prod_OPG": 7.799273531247163e-05,
    "k_deg_OPG": 2.139130632178713e-05,
    "OPG_bone": 3.644421279492383,
    "MineralIon": 2.3126820236685033,
    "k_prod_Mineral": 0.11783163881132455,
    "k_loss_Mineral": 0.07153185435366596
  },
  "biosensor_config": {
    "circuit_type": "threshold",
    "sensitivity": 5.395882157335265,
    "threshold": 0.0012126868661176517,
    "dynamic_range": [
      0.0,
      7.906330648744089
    ],
    "kd": 0.19380450553646694,
    "response_type": "michaelis_menten",
    "hill_coefficient": 7.310567819354938,
    "off_level": 0.33913728281832684,
    "on_level": 19.606883358396846
  },
  "noise_preset": "medium",
  "noise_params": {
    "additive_sigma": 0.03,
    "multiplicative_sigma": 0.06,
    "drift_rate": 0.0002,
    "outlier_probability": 0.003,
    "outlier_magnitude": 4.0,
    "shot_noise_enabled": 0,
    "seed": null
  },
  "measurement": {
    "snr_db": 21.981714196850287,
    "n_detections": 361,
    "detection_rate": 1.0,
    "time_to_detection": 579.4770043669074,
    "false_negative_rate": 0.05897053964925408,
    "max_signal": 9.945845206956673,
    "mean_signal": 8.23176806240869,
    "signal_std": 0.6682628429496243,
    "has_noise": 1
  },
  "false_negative_rate": 0.05897053964925408,
  "sclerostin_mean": 0.9377184871086439,
  "sclerostin_max": 1.1631612474468105,
  "sclerostin_min": 0.025000000000000005,
  "sclerostin_std": 0.12412031540829602,
  "metadata_file": "metadata/bc6c0d85-532d-48d3-bac4-e4496d9177f6.json",
  "timeseries_file": "timeseries/bc6c0d85-532d-48d3-bac4-e4496d9177f6.csv"
}