{
  "run_id": "bcc10f1f-c4ab-48fc-8cc4-2f4aa38d9fa9",
  "timestamp": "2026-01-31T04:10:55.092960",
  "scenario": "pmo",
  "duration": 3600.0,
  "num_points": 361,
  "environment_params": {
    "Estrogen": 0.13945144275725785,
    "PTH": 47.428809950996694,
    "k_prod_Scl": 7.015370326447789e-06,
    "k_prod_RANKL": 2.81733884620002e-05,
    "k_prod_OPG": 6.0060539334478375e-05,
    "Sclerostin_bone": 0.0932635099475647,
    "RANKL_bone": 2.328805754292685,
    "OPG_bone": 2.0282743737594218
  },
  "biosensor_config": {
    "circuit_type": "amplifying",
    "sensitivity": 5.828326472434492,
    "threshold": 0.0008403637639278768,
    "dynamic_range": [
      0.0,
      1.9812168027552686
    ],
    "kd": 3.7755182821178397,
    "response_type": "michaelis_menten",
    "receptor_concentration": 4.9480660268080445,
    "enzyme_concentration": 21.223442835064176,
    "amplification_gain": 7077.352297494868,
    "response_time": 377.5477570021938
  },
  "noise_preset": "medium",
  "noise_params": {
    "additive_sigma": 0.03,
    "multiplicative_sigma": 0.06,
    "drift_rate": 0.0003,
    "outlier_probability": 0.003,
    "outlier_magnitude": 4.0,
    "shot_noise_enabled": false,
    "seed": null
  },
  "measurement": {
    "snr_db": 10.041617194644113,
    "n_detections": 361,
    "detection_rate": 1.0,
    "time_to_detection": 4525.352338387749,
    "false_negative_rate": 0.07063387594276098,
    "max_signal": 3.27443523689264,
    "mean_signal": 2.5049611103090754,
    "signal_std": 0.352245702738815,
    "has_noise": true
  },
  "false_negative_rate": 0.07063387594276098,
  "sclerostin_mean": 1.1808378683429712,
  "sclerostin_max": 1.5500382840023796,
  "sclerostin_min": 0.025000000000000005,
  "sclerostin_std": 0.1976360305297342,
  "metadata_file": "metadata/bcc10f1f-c4ab-48fc-8cc4-2f4aa38d9fa9.json",
  "timeseries_file": "timeseries/bcc10f1f-c4ab-48fc-8cc4-2f4aa38d9fa9.csv"
}