{
  "run_id": "be2956b2-ed2d-4641-bcc6-15a68f6be1c9",
  "timestamp": "2026-01-31T04:10:05.136042",
  "scenario": "ckd_mbd",
  "duration": 3600.0,
  "num_points": 361,
  "environment_params": {
    "Estrogen": 0.6750869503681156,
    "PTH": 276.9086977542658,
    "k_prod_Scl": 1.0839862268600482e-05,
    "k_deg_Scl": 4.3623549159189225e-05,
    "k_prod_RANKL": 1.4343522425237368e-05,
    "k_prod_OPG": 0.00010953504962687314,
    "Sclerostin_bone": 0.14154075248296308,
    "RANKL_bone": 0.6342734843685546,
    "OPG_bone": 4.17862883533866,
    "MineralIon": 2.8844244264535313,
    "k_prod_Mineral": 0.19586825240735928
  },
  "biosensor_config": {
    "circuit_type": "direct_binding",
    "sensitivity": 1.386411487273503,
    "threshold": 0.015372339125051888,
    "dynamic_range": [
      0.0,
      5.438785327640868
    ],
    "kd": 0.5059532657744543,
    "response_type": "hill",
    "receptor_concentration": 0.1307033765810073,
    "kon": 1063134.7193671896,
    "koff": 537896.4832220376
  },
  "noise_preset": "medium",
  "noise_params": {
    "additive_sigma": 0.03,
    "multiplicative_sigma": 0.06,
    "drift_rate": 0.0003,
    "outlier_probability": 0.003,
    "outlier_magnitude": 4.0,
    "shot_noise_enabled": false,
    "seed": null
  },
  "measurement": {
    "snr_db": -21.79374624416789,
    "n_detections": 360,
    "detection_rate": 0.997229916897507,
    "time_to_detection": 3083.8859359472494,
    "false_negative_rate": 0.14166226177669475,
    "max_signal": 1.1379100971826648,
    "mean_signal": 0.591990998346575,
    "signal_std": 0.3175712651629114,
    "has_noise": true
  },
  "false_negative_rate": 0.14166226177669475,
  "sclerostin_mean": 1.5734851072385623,
  "sclerostin_max": 1.8467548406513319,
  "sclerostin_min": 0.025000000000000005,
  "sclerostin_std": 0.16037357823299625,
  "metadata_file": "metadata/be2956b2-ed2d-4641-bcc6-15a68f6be1c9.json",
  "timeseries_file": "timeseries/be2956b2-ed2d-4641-bcc6-15a68f6be1c9.csv"
}