{
  "run_id": "c0dc1205-706e-4aaa-910b-f6f09b1d7c4e",
  "timestamp": "2026-05-17T01:54:24.003272",
  "scenario": "healthy",
  "duration": 3600.0,
  "num_points": 361,
  "environment_params": {
    "Estrogen": 0.7083188516289203,
    "PTH": 42.65677276326996,
    "k_prod_Scl": 3.6136307772644002e-06,
    "k_deg_Scl": 6.774520574824428e-05,
    "Sclerostin_bone": 0.06983233985768682,
    "k_prod_RANKL": 1.098718499002246e-05,
    "k_deg_RANKL": 1.675839583163625e-05,
    "RANKL_bone": 0.950853000065517,
    "k_prod_OPG": 9.477182626727547e-05,
    "k_deg_OPG": 1.7424604399280757e-05,
    "OPG_bone": 3.1720641575223345,
    "MineralIon": 3.377950434399763,
    "k_prod_Mineral": 0.10731559584304728,
    "k_loss_Mineral": 0.052497473308891554
  },
  "biosensor_config": {
    "circuit_type": "threshold",
    "sensitivity": 4.8995828042206,
    "threshold": 0.027438917679247145,
    "dynamic_range": [
      0.0,
      8.108451108883967
    ],
    "kd": 0.02631694755612874,
    "response_type": "hill",
    "hill_coefficient": 5.758425886042459,
    "off_level": 0.32363346167358975,
    "on_level": 11.240033696333743
  },
  "noise_preset": "high",
  "noise_params": {
    "additive_sigma": 0.08,
    "multiplicative_sigma": 0.12,
    "drift_rate": 0.0004,
    "outlier_probability": 0.005,
    "outlier_magnitude": 6.0,
    "shot_noise_enabled": 0,
    "seed": null
  },
  "measurement": {
    "snr_db": 15.675349936902238,
    "n_detections": 361,
    "detection_rate": 1.0,
    "time_to_detection": 3476.6593387447792,
    "false_negative_rate": 0.014393267432339832,
    "max_signal": 12.742380839541262,
    "mean_signal": 8.865614732688455,
    "signal_std": 1.103128076650611,
    "has_noise": 1
  },
  "false_negative_rate": 0.014393267432339832,
  "sclerostin_mean": 0.7386258479600878,
  "sclerostin_max": 0.8044929048635111,
  "sclerostin_min": 0.025000000000000005,
  "sclerostin_std": 0.049819212060068355,
  "metadata_file": "metadata/c0dc1205-706e-4aaa-910b-f6f09b1d7c4e.json",
  "timeseries_file": "timeseries/c0dc1205-706e-4aaa-910b-f6f09b1d7c4e.csv"
}