{
  "run_id": "c1a7b270-a95b-4f0c-8b5d-f50f205d9c66",
  "timestamp": "2026-05-17T01:40:43.922615",
  "scenario": "ckd_mbd",
  "duration": 3600.0,
  "num_points": 361,
  "environment_params": {
    "Estrogen": 0.7538987984453219,
    "PTH": 174.61069126241688,
    "k_prod_Scl": 1.3826628476233516e-05,
    "k_deg_Scl": 6.3659754901352e-05,
    "Sclerostin_bone": 0.22205881202126454,
    "k_prod_RANKL": 1.8877052109873578e-05,
    "k_deg_RANKL": 1.9471923973492478e-05,
    "RANKL_bone": 1.9007093023739474,
    "k_prod_OPG": 7.9684440521468e-05,
    "k_deg_OPG": 2.0440790859967122e-05,
    "OPG_bone": 6.530995109175456,
    "MineralIon": 2.5816821736083186,
    "k_prod_Mineral": 0.14759960788522847,
    "k_loss_Mineral": 0.020466603816311026
  },
  "biosensor_config": {
    "circuit_type": "ratiometric",
    "sensitivity": 14.932975321762049,
    "threshold": 0.00032282091021652653,
    "dynamic_range": [
      0.0,
      19.406917441499218
    ],
    "kd": 0.035059299733801806,
    "response_type": "michaelis_menten",
    "reference_kd": 0.7468818465326852,
    "ratio_exponent": 2.807491427873699
  },
  "biosensor_type": "ratiometric",
  "noise_preset": "low",
  "noise_params": {
    "additive_sigma": 0.005,
    "multiplicative_sigma": 0.01,
    "drift_rate": 2e-05,
    "outlier_probability": 0.0002,
    "outlier_magnitude": 2.0,
    "shot_noise_enabled": false,
    "seed": null
  },
  "measurement": {
    "snr_db": 39.23098182961449,
    "n_detections": 361,
    "detection_rate": 1.0,
    "time_to_detection": 2662.2681065132024,
    "false_negative_rate": 0.018010157422933947,
    "max_signal": 15.46400191653396,
    "mean_signal": 14.978176987663792,
    "signal_std": 0.156767068117854,
    "has_noise": true
  },
  "signal_to_noise_ratio_SNR": 39.23098182961449,
  "time_to_detection_threshold": 2662.2681065132024,
  "false_negative_rate": 0.018010157422933947,
  "dynamic_range_of_output": 0.0,
  "sclerostin_mean": 2.3499785038790924,
  "sclerostin_max": 2.633675300940213,
  "sclerostin_min": 0.025000000000000005,
  "sclerostin_std": 0.1875968420086154,
  "sclerostin_change": 