{
  "run_id": "c3133afd-8683-4ba9-850b-0324aec990c2",
  "timestamp": "2026-01-31T04:09:52.835925",
  "scenario": "pmo",
  "duration": 3600.0,
  "num_points": 361,
  "environment_params": {
    "Estrogen": 0.15067616608921597,
    "PTH": 69.63771331714561,
    "k_prod_Scl": 5.6903012788489084e-06,
    "k_prod_RANKL": 2.5363210146552565e-05,
    "k_prod_OPG": 3.636709227762433e-05,
    "Sclerostin_bone": 0.09286190285376031,
    "RANKL_bone": 1.243390059799613,
    "OPG_bone": 2.006608634788354
  },
  "biosensor_config": {
    "circuit_type": "threshold",
    "sensitivity": 4.223395748044659,
    "threshold": 0.00013891236171062707,
    "dynamic_range": [
      0.0,
      5.839671393219014
    ],
    "kd": 0.24599760404288074,
    "response_type": "hill",
    "hill_coefficient": 4.710595862704206,
    "off_level": 0.02547618452741861,
    "on_level": 14.135940737020285
  },
  "noise_preset": "low",
  "noise_params": {
    "additive_sigma": 0.005,
    "multiplicative_sigma": 0.01,
    "drift_rate": 2e-05,
    "outlier_probability": 0.0002,
    "outlier_magnitude": 2.0,
    "shot_noise_enabled": false,
    "seed": null
  },
  "measurement": {
    "snr_db": 38.46070134020136,
    "n_detections": 361,
    "detection_rate": 1.0,
    "time_to_detection": 713.7081476011347,
    "false_negative_rate": 0.02609457932133518,
    "max_signal": 6.071443087400146,
    "mean_signal": 5.860418259613397,
    "signal_std": 0.31320388467570903,
    "has_noise": true
  },
  "false_negative_rate": 0.02609457932133518,
  "sclerostin_mean": 1.1358149118752243,
  "sclerostin_max": 1.4476735737216602,
  "sclerostin_min": 0.025000000000000005,
  "sclerostin_std": 0.16905758062873164,
  "metadata_file": "metadata/c3133afd-8683-4ba9-850b-0324aec990c2.json",
  "timeseries_file": "timeseries/c3133afd-8683-4ba9-850b-0324aec990c2.csv"
}