{
  "run_id": "c3fddd16-5629-4ec0-bbb9-816654fbab0e",
  "timestamp": "2026-05-17T01:48:41.929020",
  "scenario": "pmo",
  "duration": 3600.0,
  "num_points": 361,
  "environment_params": {
    "Estrogen": 0.37802579403719877,
    "PTH": 42.17599067150221,
    "k_prod_Scl": 5.8961052497447114e-06,
    "k_deg_Scl": 8.441782848730257e-05,
    "Sclerostin_bone": 0.09453677947576662,
    "k_prod_RANKL": 1.3150163001063415e-05,
    "k_deg_RANKL": 1.7830707947149258e-05,
    "RANKL_bone": 1.5798246675689425,
    "k_prod_OPG": 7.796715903723102e-05,
    "k_deg_OPG": 1.7047822651068822e-05,
    "OPG_bone": 4.346270085331889,
    "MineralIon": 1.8141748761475436,
    "k_prod_Mineral": 0.06921685008215227,
    "k_loss_Mineral": 0.05759266333331066
  },
  "biosensor_config": {
    "circuit_type": "direct_binding",
    "sensitivity": 1.514908596512529,
    "threshold": 0.00018663087410151485,
    "dynamic_range": [
      0.0,
      18.51946983002023
    ],
    "kd": 0.023876071366457686,
    "response_type": "michaelis_menten",
    "receptor_concentration": 5.18384898037053,
    "kon": 1660182.4299963699,
    "koff": 39638.634179932465
  },
  "noise_preset": "medium",
  "noise_params": {
    "additive_sigma": 0.03,
    "multiplicative_sigma": 0.06,
    "drift_rate": 0.0002,
    "outlier_probability": 0.003,
    "outlier_magnitude": 4.0,
    "shot_noise_enabled": 0,
    "seed": null
  },
  "measurement": {
    "snr_db": 10.941503796832869,
    "n_detections": 361,
    "detection_rate": 1.0,
    "time_to_detection": 2622.939157315795,
    "false_negative_rate": 0.04680532727903044,
    "max_signal": 2.3843697061243283,
    "mean_signal": 1.8725973555760196,
    "signal_std": 0.22353769948949834,
    "has_noise": 1
  },
  "false_negative_rate": 0.04680532727903044,
  "sclerostin_mean": 1.0754688636155694,
  "sclerostin_max": 1.2819225380135113,
  "sclerostin_min": 0.025000000000000005,
  "sclerostin_std": 0.11816342044508428,
  "metadata_file": "metadata/c3fddd16-5629-4ec0-bbb9-816654fbab0e.json",
  "timeseries_file": "timeseries/c3fddd16-5629-4ec0-bbb9-816654fbab0e.csv"
}