{
  "run_id": "c42819d3-0d63-4cd1-8a16-545e3b1c7695",
  "timestamp": "2026-01-31T04:10:18.512257",
  "scenario": "healthy",
  "duration": 3600.0,
  "num_points": 361,
  "environment_params": {
    "Estrogen": 1.0231632212938697,
    "PTH": 43.368240370860555,
    "k_prod_Scl": 3.674966660400351e-06,
    "k_prod_RANKL": 1.121168790790978e-05,
    "k_prod_OPG": 9.122689792890634e-05,
    "Sclerostin_bone": 0.06305624779312441,
    "RANKL_bone": 0.6199940647840838,
    "OPG_bone": 6.607118976380171
  },
  "biosensor_config": {
    "circuit_type": "ratiometric",
    "sensitivity": 4.436954112651295,
    "threshold": 0.01361806367735616,
    "dynamic_range": [
      0.0,
      4.789822319003146
    ],
    "kd": 0.1776452300016004,
    "response_type": "hill",
    "reference_kd": 1.0342768225828773,
    "ratio_exponent": 1.5775863424813548
  },
  "noise_preset": "low",
  "noise_params": {
    "additive_sigma": 0.005,
    "multiplicative_sigma": 0.01,
    "drift_rate": 2e-05,
    "outlier_probability": 0.0002,
    "outlier_magnitude": 2.0,
    "shot_noise_enabled": false,
    "seed": null
  },
  "measurement": {
    "snr_db": 36.76126920946316,
    "n_detections": 361,
    "detection_rate": 1.0,
    "time_to_detection": 1316.282892295206,
    "false_negative_rate": 0.016406125336082728,
    "max_signal": 4.633313354029381,
    "mean_signal": 4.474848856775247,
    "signal_std": 0.05209542756400956,
    "has_noise": true
  },
  "false_negative_rate": 0.016406125336082728,
  "sclerostin_mean": 0.655428504182858,
  "sclerostin_max": 0.6951464798459085,
  "sclerostin_min": 0.025000000000000005,
  "sclerostin_std": 0.03848627362716418,
  "metadata_file": "metadata/c42819d3-0d63-4cd1-8a16-545e3b1c7695.json",
  "timeseries_file": "timeseries/c42819d3-0d63-4cd1-8a16-545e3b1c7695.csv"
}