{
  "run_id": "c46e3f16-84ec-4876-9e5e-6211a6bdfe6a",
  "timestamp": "2026-01-31T04:11:04.237436",
  "scenario": "ckd_mbd",
  "duration": 3600.0,
  "num_points": 361,
  "environment_params": {
    "Estrogen": 0.4057360276105906,
    "PTH": 217.5351650877075,
    "k_prod_Scl": 1.2828779665223441e-05,
    "k_deg_Scl": 4.0270087582489125e-05,
    "k_prod_RANKL": 2.078251185114141e-05,
    "k_prod_OPG": 7.162471546339628e-05,
    "Sclerostin_bone": 0.17954837782614966,
    "RANKL_bone": 1.292645943051615,
    "OPG_bone": 3.0912310557311478,
    "MineralIon": 4.962619981055939,
    "k_prod_Mineral": 0.12464144848567396
  },
  "biosensor_config": {
    "circuit_type": "threshold",
    "sensitivity": 4.332030100259443,
    "threshold": 0.0010414658769495493,
    "dynamic_range": [
      0.0,
      19.04286089339629
    ],
    "kd": 4.392652805412534,
    "response_type": "hill",
    "hill_coefficient": 6.36297339605963,
    "off_level": 0.9858024177260347,
    "on_level": 5.079647004154411
  },
  "noise_preset": "high",
  "noise_params": {
    "additive_sigma": 0.1,
    "multiplicative_sigma": 0.2,
    "drift_rate": 0.001,
    "outlier_probability": 0.01,
    "outlier_magnitude": 10.0,
    "shot_noise_enabled": true,
    "seed": null
  },
  "measurement": {
    "snr_db": -6.036426969005012,
    "n_detections": 361,
    "detection_rate": 1.0,
    "time_to_detection": 4063.7602654410575,
    "false_negative_rate": 0.1288501179908487,
    "max_signal": 5.351404985267769,
    "mean_signal": 2.8265370172928512,
    "signal_std": 1.107125332830259,
    "has_noise": true
  },
  "false_negative_rate": 0.1288501179908487,
  "sclerostin_mean": 2.1282345038044483,
  "sclerostin_max": 2.667778224310413,
  "sclerostin_min": 0.025000000000000005,
  "sclerostin_std": 0.295690681924941,
  "metadata_file": "metadata/c46e3f16-84ec-4876-9e5e-6211a6bdfe6a.json",
  "timeseries_file": "timeseries/c46e3f16-84ec-4876-9e5e-6211a6bdfe6a.csv"
}