{
  "run_id": "c5d977ea-e9bc-4754-a1e4-bd8f11511ad1",
  "timestamp": "2026-01-31T04:10:01.775788",
  "scenario": "ckd_mbd",
  "duration": 3600.0,
  "num_points": 361,
  "environment_params": {
    "Estrogen": 0.8934059697626672,
    "PTH": 278.3942620985243,
    "k_prod_Scl": 1.2851996846580924e-05,
    "k_deg_Scl": 3.994993182996464e-05,
    "k_prod_RANKL": 2.5500080182005858e-05,
    "k_prod_OPG": 5.072022448475058e-05,
    "Sclerostin_bone": 0.17765537152343283,
    "RANKL_bone": 0.6942531734812939,
    "OPG_bone": 5.235731827207574,
    "MineralIon": 2.3408170605494147,
    "k_prod_Mineral": 0.13824921052644085
  },
  "biosensor_config": {
    "circuit_type": "threshold",
    "sensitivity": 0.7213472952202563,
    "threshold": 0.00019355991860086646,
    "dynamic_range": [
      0.0,
      19.218056564872118
    ],
    "kd": 1.436970799280812,
    "response_type": "linear",
    "hill_coefficient": 3.3575759776568037,
    "off_level": 0.7476464798163877,
    "on_level": 22.032342476819846
  },
  "noise_preset": "high",
  "noise_params": {
    "additive_sigma": 0.1,
    "multiplicative_sigma": 0.2,
    "drift_rate": 0.001,
    "outlier_probability": 0.01,
    "outlier_magnitude": 10.0,
    "shot_noise_enabled": true,
    "seed": null
  },
  "measurement": {
    "snr_db": 12.58608221341105,
    "n_detections": 361,
    "detection_rate": 1.0,
    "time_to_detection": 2813.4256206270043,
    "false_negative_rate": 0.012373874578050637,
    "max_signal": 28.024211379012822,
    "mean_signal": 17.6338443967682,
    "signal_std": 3.6988717553565933,
    "has_noise": true
  },
  "false_negative_rate": 0.012373874578050637,
  "sclerostin_mean": 1.8795663044121784,
  "sclerostin_max": 2.0980986065050757,
  "sclerostin_min": 0.025000000000000005,
  "sclerostin_std": 0.14673414574482188,
  "metadata_file": "metadata/c5d977ea-e9bc-4754-a1e4-bd8f11511ad1.json",
  "timeseries_file": "timeseries/c5d977ea-e9bc-4754-a1e4-bd8f11511ad1.csv"
}