{
  "run_id": "c629eb3d-a248-4a33-9379-03ab727d6b8a",
  "timestamp": "2026-01-31T04:09:55.341278",
  "scenario": "healthy",
  "duration": 3600.0,
  "num_points": 361,
  "environment_params": {
    "Estrogen": 0.6326531599070393,
    "PTH": 45.36348943522509,
    "k_prod_Scl": 3.6432269646730385e-06,
    "k_prod_RANKL": 1.3738889549600602e-05,
    "k_prod_OPG": 9.593557146029323e-05,
    "Sclerostin_bone": 0.05974405130205018,
    "RANKL_bone": 0.49100915460620703,
    "OPG_bone": 3.217093399612909
  },
  "biosensor_config": {
    "circuit_type": "threshold",
    "sensitivity": 1.3427261614930615,
    "threshold": 0.00022661408874404348,
    "dynamic_range": [
      0.0,
      18.127188802907938
    ],
    "kd": 0.20370051036134645,
    "response_type": "hill",
    "hill_coefficient": 5.243467794694846,
    "off_level": 0.6003647648109619,
    "on_level": 29.747317164977034
  },
  "noise_preset": "low",
  "noise_params": {
    "additive_sigma": 0.005,
    "multiplicative_sigma": 0.01,
    "drift_rate": 2e-05,
    "outlier_probability": 0.0002,
    "outlier_magnitude": 2.0,
    "shot_noise_enabled": false,
    "seed": null
  },
  "measurement": {
    "snr_db": 39.771031952933,
    "n_detections": 361,
    "detection_rate": 1.0,
    "time_to_detection": 694.3135539221965,
    "false_negative_rate": 0.005333643846270089,
    "max_signal": 18.70125536708857,
    "mean_signal": 18.1077003586534,
    "signal_std": 0.9399396088991717,
    "has_noise": true
  },
  "false_negative_rate": 0.005333643846270089,
  "sclerostin_mean": 0.6521284594976715,
  "sclerostin_max": 0.731302850081143,
  "sclerostin_min": 0.025000000000000005,
  "sclerostin_std": 0.05167383050063861,
  "metadata_file": "metadata/c629eb3d-a248-4a33-9379-03ab727d6b8a.json",
  "timeseries_file": "timeseries/c629eb3d-a248-4a33-9379-03ab727d6b8a.csv"
}