{
  "run_id": "c639bc24-57d3-498c-9b7e-171cba36aa78",
  "timestamp": "2026-01-31T04:10:58.188137",
  "scenario": "pmo",
  "duration": 3600.0,
  "num_points": 361,
  "environment_params": {
    "Estrogen": 0.19425526392019213,
    "PTH": 73.0496410504215,
    "k_prod_Scl": 4.069415028917008e-06,
    "k_prod_RANKL": 2.4090812103731754e-05,
    "k_prod_OPG": 3.4625479925367474e-05,
    "Sclerostin_bone": 0.08655497375229557,
    "RANKL_bone": 0.9318169920208799,
    "OPG_bone": 2.001446636203512
  },
  "biosensor_config": {
    "circuit_type": "amplifying",
    "sensitivity": 3.2666646817767284,
    "threshold": 0.0014430169836474151,
    "dynamic_range": [
      0.0,
      6.53082997676985
    ],
    "kd": 0.9365022874956123,
    "response_type": "hill",
    "receptor_concentration": 0.06760454430065657,
    "enzyme_concentration": 4.756336565215167,
    "amplification_gain": 4989.875035406204,
    "response_time": 465.10510893066214
  },
  "noise_preset": "low",
  "noise_params": {
    "additive_sigma": 0.005,
    "multiplicative_sigma": 0.01,
    "drift_rate": 2e-05,
    "outlier_probability": 0.0002,
    "outlier_magnitude": 2.0,
    "shot_noise_enabled": false,
    "seed": null
  },
  "measurement": {
    "snr_db": 35.63457713440125,
    "n_detections": 361,
    "detection_rate": 1.0,
    "time_to_detection": 2956.7156900824166,
    "false_negative_rate": 0.03308081683857806,
    "max_signal": 3.396244259466583,
    "mean_signal": 3.2953615270034096,
    "signal_std": 0.17772780022228046,
    "has_noise": true
  },
  "false_negative_rate": 0.03308081683857806,
  "sclerostin_mean": 1.0051613460806648,
  "sclerostin_max": 1.2188443532219924,
  "sclerostin_min": 0.025000000000000005,
  "sclerostin_std": 0.12002617704104383,
  "metadata_file": "metadata/c639bc24-57d3-498c-9b7e-171cba36aa78.json",
  "timeseries_file": "timeseries/c639bc24-57d3-498c-9b7e-171cba36aa78.csv"
}