{
  "run_id": "c64d0d4a-0733-4b08-95cb-1e5d6337896e",
  "timestamp": "2026-05-17T01:48:46.217464",
  "scenario": "healthy",
  "duration": 3600.0,
  "num_points": 361,
  "environment_params": {
    "Estrogen": 1.1859848838529796,
    "PTH": 47.87479775715356,
    "k_prod_Scl": 5.538475227544795e-06,
    "k_deg_Scl": 6.671892909783715e-05,
    "Sclerostin_bone": 0.05896432441201246,
    "k_prod_RANKL": 1.3544845351235372e-05,
    "k_deg_RANKL": 1.726811032617778e-05,
    "RANKL_bone": 0.3180129950565736,
    "k_prod_OPG": 9.24419706324652e-05,
    "k_deg_OPG": 1.874442917353094e-05,
    "OPG_bone": 3.184902597197251,
    "MineralIon": 4.524620502673748,
    "k_prod_Mineral": 0.09485446419554473,
    "k_loss_Mineral": 0.05286508112923332
  },
  "biosensor_config": {
    "circuit_type": "direct_binding",
    "sensitivity": 29.56301549924813,
    "threshold": 0.00022463845734819373,
    "dynamic_range": [
      0.0,
      2.520382360246917
    ],
    "kd": 0.16449500295334363,
    "response_type": "hill",
    "receptor_concentration": 0.5047555389071029,
    "kon": 693410.1423371291,
    "koff": 114062.50341162448
  },
  "noise_preset": "medium",
  "noise_params": {
    "additive_sigma": 0.03,
    "multiplicative_sigma": 0.06,
    "drift_rate": 0.0002,
    "outlier_probability": 0.003,
    "outlier_magnitude": 4.0,
    "shot_noise_enabled": 0,
    "seed": null
  },
  "measurement": {
    "snr_db": 15.031744092658814,
    "n_detections": 361,
    "detection_rate": 1.0,
    "time_to_detection": 1903.924952670051,
    "false_negative_rate": 0.01735386540424522,
    "max_signal": 3.4910011614988585,
    "mean_signal": 2.8834887007834844,
    "signal_std": 0.25994052214510555,
    "has_noise": 1
  },
  "false_negative_rate": 0.01735386540424522,
  "sclerostin_mean": 0.6207185706995216,
  "sclerostin_max": 0.6670073196798251,
  "sclerostin_min": 0.025000000000000005,
  "sclerostin_std": 0.03880213140613983,
  "metadata_file": "metadata/c64d0d4a-0733-4b08-95cb-1e5d6337896e.json",
  "timeseries_file": "timeseries/c64d0d4a-0733-4b08-95cb-1e5d6337896e.csv"
}