{
  "run_id": "c6edb139-fa42-4b48-bec9-593ccb47d728",
  "timestamp": "2026-01-31T04:09:49.618712",
  "scenario": "pmo",
  "duration": 3600.0,
  "num_points": 361,
  "environment_params": {
    "Estrogen": 0.15692762351345632,
    "PTH": 76.5566694923491,
    "k_prod_Scl": 5.469629264697762e-06,
    "k_prod_RANKL": 4.448624675826729e-05,
    "k_prod_OPG": 7.53542856699462e-05,
    "Sclerostin_bone": 0.1395552177284156,
    "RANKL_bone": 1.7054995085514086,
    "OPG_bone": 4.176635483151356
  },
  "biosensor_config": {
    "circuit_type": "threshold",
    "sensitivity": 4.372829193003027,
    "threshold": 7.897209897159077e-05,
    "dynamic_range": [
      0.0,
      2.001987998768842
    ],
    "kd": 0.016489772556772805,
    "response_type": "hill",
    "hill_coefficient": 2.6879325356524064,
    "off_level": 0.11737615442071363,
    "on_level": 12.582493142968682
  },
  "noise_preset": "medium",
  "noise_params": {
    "additive_sigma": 0.03,
    "multiplicative_sigma": 0.06,
    "drift_rate": 0.0003,
    "outlier_probability": 0.003,
    "outlier_magnitude": 4.0,
    "shot_noise_enabled": false,
    "seed": null
  },
  "measurement": {
    "snr_db": 9.94524883833565,
    "n_detections": 361,
    "detection_rate": 1.0,
    "time_to_detection": 1641.8407192884335,
    "false_negative_rate": 0.12437517722413964,
    "max_signal": 3.4806885853120715,
    "mean_signal": 2.5373712104032826,
    "signal_std": 0.3453189744994513,
    "has_noise": true
  },
  "false_negative_rate": 0.12437517722413964,
  "sclerostin_mean": 1.5756552592674313,
  "sclerostin_max": 1.8781289016239262,
  "sclerostin_min": 0.025000000000000005,
  "sclerostin_std": 0.17354456486549807,
  "metadata_file": "metadata/c6edb139-fa42-4b48-bec9-593ccb47d728.json",
  "timeseries_file": "timeseries/c6edb139-fa42-4b48-bec9-593ccb47d728.csv"
}