{
  "run_id": "c7394e54-c956-4052-8192-1112584dddf2",
  "timestamp": "2026-01-31T04:10:37.605089",
  "scenario": "pmo",
  "duration": 3600.0,
  "num_points": 361,
  "environment_params": {
    "Estrogen": 0.20176229052548686,
    "PTH": 62.81626517853193,
    "k_prod_Scl": 3.807847690628947e-06,
    "k_prod_RANKL": 3.0453311034356922e-05,
    "k_prod_OPG": 3.983320640685738e-05,
    "Sclerostin_bone": 0.05348808393719404,
    "RANKL_bone": 1.0998273447128586,
    "OPG_bone": 3.296220532259263
  },
  "biosensor_config": {
    "circuit_type": "threshold",
    "sensitivity": 2.131231616637305,
    "threshold": 0.001993752230925608,
    "dynamic_range": [
      0.0,
      9.860860299572108
    ],
    "kd": 0.5106693496837845,
    "response_type": "hill",
    "hill_coefficient": 6.206275287136475,
    "off_level": 0.28021073762243565,
    "on_level": 4.31131984674114
  },
  "noise_preset": "high",
  "noise_params": {
    "additive_sigma": 0.1,
    "multiplicative_sigma": 0.2,
    "drift_rate": 0.001,
    "outlier_probability": 0.01,
    "outlier_magnitude": 10.0,
    "shot_noise_enabled": true,
    "seed": null
  },
  "measurement": {
    "snr_db": 4.159554506211457,
    "n_detections": 361,
    "detection_rate": 1.0,
    "time_to_detection": 3987.5022995929753,
    "false_negative_rate": 0.1182914717045096,
    "max_signal": 9.21524606412505,
    "mean_signal": 5.346158664433981,
    "signal_std": 1.692970070645823,
    "has_noise": true
  },
  "false_negative_rate": 0.1182914717045096,
  "sclerostin_mean": 0.674207214247055,
  "sclerostin_max": 0.8674273052493439,
  "sclerostin_min": 0.025000000000000005,
  "sclerostin_std": 0.10410841900099907,
  "metadata_file": "metadata/c7394e54-c956-4052-8192-1112584dddf2.json",
  "timeseries_file": "timeseries/c7394e54-c956-4052-8192-1112584dddf2.csv"
}