{
  "run_id": "c7b32fb9-c2df-4dad-bcc4-a74c8ff0aed4",
  "timestamp": "2026-01-31T04:11:04.907585",
  "scenario": "healthy",
  "duration": 3600.0,
  "num_points": 361,
  "environment_params": {
    "Estrogen": 0.7007588372160162,
    "PTH": 42.41707323747798,
    "k_prod_Scl": 5.552714972057311e-06,
    "k_prod_RANKL": 1.2941651467655853e-05,
    "k_prod_OPG": 0.00016236112703513003,
    "Sclerostin_bone": 0.05202037569212085,
    "RANKL_bone": 0.7206690330256484,
    "OPG_bone": 5.20924134550687
  },
  "biosensor_config": {
    "circuit_type": "amplifying",
    "sensitivity": 1.7794867262808423,
    "threshold": 0.00339749252170441,
    "dynamic_range": [
      0.0,
      0.6939694380053747
    ],
    "kd": 2.036219592902033,
    "response_type": "hill",
    "receptor_concentration": 1.4859961096720524,
    "enzyme_concentration": 14.578254688260749,
    "amplification_gain": 2053.609518475443,
    "response_time": 123.52165250290992
  },
  "noise_preset": "medium",
  "noise_params": {
    "additive_sigma": 0.03,
    "multiplicative_sigma": 0.06,
    "drift_rate": 0.0003,
    "outlier_probability": 0.003,
    "outlier_magnitude": 4.0,
    "shot_noise_enabled": false,
    "seed": null
  },
  "measurement": {
    "snr_db": 0.8566950101464328,
    "n_detections": 360,
    "detection_rate": 0.997229916897507,
    "time_to_detection": 3805.5887416464707,
    "false_negative_rate": 0.10291031296761924,
    "max_signal": 1.8698872648942957,
    "mean_signal": 1.2318025437982434,
    "signal_std": 0.3261152922832802,
    "has_noise": true
  },
  "false_negative_rate": 0.10291031296761924,
  "sclerostin_mean": 0.5967484939006789,
  "sclerostin_max": 0.7016767200732384,
  "sclerostin_min": 0.025000000000000005,
  "sclerostin_std": 0.06100729130838633,
  "metadata_file": "metadata/c7b32fb9-c2df-4dad-bcc4-a74c8ff0aed4.json",
  "timeseries_file": "timeseries/c7b32fb9-c2df-4dad-bcc4-a74c8ff0aed4.csv"
}