{
  "run_id": "c7f094d4-fde0-4341-84c0-8c563b1ecbfc",
  "timestamp": "2026-05-17T01:48:47.812908",
  "scenario": "ckd_mbd",
  "duration": 3600.0,
  "num_points": 361,
  "environment_params": {
    "Estrogen": 0.643789804919335,
    "PTH": 132.08950027989744,
    "k_prod_Scl": 1.0749704348947371e-05,
    "k_deg_Scl": 5.361327390030366e-05,
    "Sclerostin_bone": 0.15280301857158377,
    "k_prod_RANKL": 1.899222532400119e-05,
    "k_deg_RANKL": 2.3683799266063998e-05,
    "RANKL_bone": 0.8525438502617032,
    "k_prod_OPG": 0.0001080945738416522,
    "k_deg_OPG": 2.5289386199894325e-05,
    "OPG_bone": 7.029397770985771,
    "MineralIon": 3.3520064608715607,
    "k_prod_Mineral": 0.13529326119637386,
    "k_loss_Mineral": 0.016345869626368182
  },
  "biosensor_config": {
    "circuit_type": "ratiometric",
    "sensitivity": 1.0177661209431945,
    "threshold": 0.0032018250029708967,
    "dynamic_range": [
      0.0,
      16.475677610058916
    ],
    "kd": 0.04440402310295758,
    "response_type": "linear",
    "reference_kd": 0.459873855936488,
    "ratio_exponent": 1.5035454948644977
  },
  "noise_preset": "high",
  "noise_params": {
    "additive_sigma": 0.08,
    "multiplicative_sigma": 0.12,
    "drift_rate": 0.0004,
    "outlier_probability": 0.005,
    "outlier_magnitude": 6.0,
    "shot_noise_enabled": 0,
    "seed": null
  },
  "measurement": {
    "snr_db": 17.2006900917093,
    "n_detections": 361,
    "detection_rate": 1.0,
    "time_to_detection": 3025.197209744582,
    "false_negative_rate": 0.053587475130852213,
    "max_signal": 23.484952629314776,
    "mean_signal": 17.269091201006862,
    "signal_std": 2.131198528144848,
    "has_noise": 1
  },
  "false_negative_rate": 0.053587475130852213,
  "sclerostin_mean": 1.6744138174274672,
  "sclerostin_max": 1.9386583876577814,
  "sclerostin_min": 0.025000000000000005,
  "sclerostin_std": 0.15906667582581985,
  "metadata_file": "metadata/c7f094d4-fde0-4341-84c0-8c563b1ecbfc.json",
  "timeseries_file": "timeseries/c7f094d4-fde0-4341-84c0-8c563b1ecbfc.csv"
}