{
  "run_id": "c879af96-29f0-4496-bc49-65ee425b28c9",
  "timestamp": "2026-01-31T04:10:50.634978",
  "scenario": "ckd_mbd",
  "duration": 3600.0,
  "num_points": 361,
  "environment_params": {
    "Estrogen": 0.45159351919692164,
    "PTH": 384.2921993343305,
    "k_prod_Scl": 1.4346821555823058e-05,
    "k_deg_Scl": 3.454681330658544e-05,
    "k_prod_RANKL": 1.4438941424620624e-05,
    "k_prod_OPG": 8.475670638749727e-05,
    "Sclerostin_bone": 0.24085861726864635,
    "RANKL_bone": 1.4429754536409238,
    "OPG_bone": 5.012343465982551,
    "MineralIon": 2.8336543859156524,
    "k_prod_Mineral": 0.17793012584242374
  },
  "biosensor_config": {
    "circuit_type": "threshold",
    "sensitivity": 0.3709465109490726,
    "threshold": 0.0001751383658328868,
    "dynamic_range": [
      0.0,
      18.50999546744071
    ],
    "kd": 3.4332506200539616,
    "response_type": "hill",
    "hill_coefficient": 5.296164124643324,
    "off_level": 0.9324123778321418,
    "on_level": 25.872251377502323
  },
  "noise_preset": "medium",
  "noise_params": {
    "additive_sigma": 0.03,
    "multiplicative_sigma": 0.06,
    "drift_rate": 0.0003,
    "outlier_probability": 0.003,
    "outlier_magnitude": 4.0,
    "shot_noise_enabled": false,
    "seed": null
  },
  "measurement": {
    "snr_db": 19.763274257041846,
    "n_detections": 361,
    "detection_rate": 1.0,
    "time_to_detection": 2295.3469367428456,
    "false_negative_rate": 0.07152512647931772,
    "max_signal": 14.836797822673478,
    "mean_signal": 7.5314206326436555,
    "signal_std": 2.905500661610171,
    "has_noise": true
  },
  "false_negative_rate": 0.07152512647931772,
  "sclerostin_mean": 2.7409256121450984,
  "sclerostin_max": 3.3170034576266305,
  "sclerostin_min": 0.025000000000000005,
  "sclerostin_std": 0.32518443010164394,
  "metadata_file": "metadata/c879af96-29f0-4496-bc49-65ee425b28c9.json",
  "timeseries_file": "timeseries/c879af96-29f0-4496-bc49-65ee425b28c9.csv"
}