{
  "run_id": "c8ac8372-7297-466d-a3a3-a1b3fbafc351",
  "timestamp": "2026-05-17T01:48:46.355244",
  "scenario": "ckd_mbd",
  "duration": 3600.0,
  "num_points": 361,
  "environment_params": {
    "Estrogen": 0.5433991387971738,
    "PTH": 204.43140033932164,
    "k_prod_Scl": 7.927993565997305e-06,
    "k_deg_Scl": 6.681187706803015e-05,
    "Sclerostin_bone": 0.17360296104048073,
    "k_prod_RANKL": 2.2054815921395574e-05,
    "k_deg_RANKL": 2.1331804449623793e-05,
    "RANKL_bone": 0.9183601443284446,
    "k_prod_OPG": 8.384423199514581e-05,
    "k_deg_OPG": 2.0735201696244668e-05,
    "OPG_bone": 8.497032374825261,
    "MineralIon": 3.2540997999294414,
    "k_prod_Mineral": 0.14057692583233222,
    "k_loss_Mineral": 0.019129139978849265
  },
  "biosensor_config": {
    "circuit_type": "direct_binding",
    "sensitivity": 5.926518917858421,
    "threshold": 0.0002805276310954508,
    "dynamic_range": [
      0.0,
      1.6522155208857607
    ],
    "kd": 0.5366491448383012,
    "response_type": "hill",
    "receptor_concentration": 2.6665255904599685,
    "kon": 35608.484663163195,
    "koff": 19109.26284347429
  },
  "noise_preset": "medium",
  "noise_params": {
    "additive_sigma": 0.03,
    "multiplicative_sigma": 0.06,
    "drift_rate": 0.0002,
    "outlier_probability": 0.003,
    "outlier_magnitude": 4.0,
    "shot_noise_enabled": 0,
    "seed": null
  },
  "measurement": {
    "snr_db": 11.541676051598579,
    "n_detections": 361,
    "detection_rate": 1.0,
    "time_to_detection": 2117.51071060168,
    "false_negative_rate": 0.05424993031992813,
    "max_signal": 2.5638224069367266,
    "mean_signal": 2.0232116198611423,
    "signal_std": 0.24180790331662236,
    "has_noise": 1
  },
  "false_negative_rate": 0.05424993031992813,
  "sclerostin_mean": 1.8614366523008365,
  "sclerostin_max": 2.109832706237658,
  "sclerostin_min": 0.025000000000000005,
  "sclerostin_std": 0.15784343794674266,
  "metadata_file": "metadata/c8ac8372-7297-466d-a3a3-a1b3fbafc351.json",
  "timeseries_file": "timeseries/c8ac8372-7297-466d-a3a3-a1b3fbafc351.csv"
}