{
  "run_id": "c9262d63-23da-41fd-a041-eb93b1f9929e",
  "timestamp": "2026-01-31T04:10:29.012432",
  "scenario": "healthy",
  "duration": 3600.0,
  "num_points": 361,
  "environment_params": {
    "Estrogen": 0.9313361481175614,
    "PTH": 44.42435066155626,
    "k_prod_Scl": 4.218720550819497e-06,
    "k_prod_RANKL": 1.5322345734468256e-05,
    "k_prod_OPG": 0.0001420465761348339,
    "Sclerostin_bone": 0.04112266606529896,
    "RANKL_bone": 0.6495392211920509,
    "OPG_bone": 6.761249890763866
  },
  "biosensor_config": {
    "circuit_type": "amplifying",
    "sensitivity": 6.324915706640174,
    "threshold": 0.0003536737247422717,
    "dynamic_range": [
      0.0,
      0.7537047051598922
    ],
    "kd": 0.0116451679506184,
    "response_type": "michaelis_menten",
    "receptor_concentration": 4.00918644858927,
    "enzyme_concentration": 24.295493627204316,
    "amplification_gain": 4622.357474954045,
    "response_time": 229.07636348043036
  },
  "noise_preset": "medium",
  "noise_params": {
    "additive_sigma": 0.03,
    "multiplicative_sigma": 0.06,
    "drift_rate": 0.0003,
    "outlier_probability": 0.003,
    "outlier_magnitude": 4.0,
    "shot_noise_enabled": false,
    "seed": null
  },
  "measurement": {
    "snr_db": 1.6229206191447338,
    "n_detections": 360,
    "detection_rate": 0.997229916897507,
    "time_to_detection": 6747.182983153646,
    "false_negative_rate": 0.009868910072149458,
    "max_signal": 1.9099202394938692,
    "mean_signal": 1.2910708679210985,
    "signal_std": 0.3204192996411904,
    "has_noise": true
  },
  "false_negative_rate": 0.009868910072149458,
  "sclerostin_mean": 0.4552081550731661,
  "sclerostin_max": 0.5081834799983529,
  "sclerostin_min": 0.025000000000000005,
  "sclerostin_std": 0.034913555089430455,
  "metadata_file": "metadata/c9262d63-23da-41fd-a041-eb93b1f9929e.json",
  "timeseries_file": "timeseries/c9262d63-23da-41fd-a041-eb93b1f9929e.csv"
}