{
  "run_id": "c94a5102-2f33-41b2-8fbe-a6e843176c60",
  "timestamp": "2026-01-31T04:09:48.419437",
  "scenario": "pmo",
  "duration": 3600.0,
  "num_points": 361,
  "environment_params": {
    "Estrogen": 0.1723932179088127,
    "PTH": 84.20474048995082,
    "k_prod_Scl": 6.368882770310436e-06,
    "k_prod_RANKL": 3.34833936883481e-05,
    "k_prod_OPG": 4.7158110529236796e-05,
    "Sclerostin_bone": 0.13444104187895595,
    "RANKL_bone": 1.6571376019889725,
    "OPG_bone": 3.0208818871198333
  },
  "biosensor_config": {
    "circuit_type": "amplifying",
    "sensitivity": 1.9847506377766335,
    "threshold": 0.016652046913691057,
    "dynamic_range": [
      0.0,
      14.938882754696571
    ],
    "kd": 0.2412882643009607,
    "response_type": "hill",
    "receptor_concentration": 4.700157388818696,
    "enzyme_concentration": 2.9313087461345293,
    "amplification_gain": 561.1409324689425,
    "response_time": 271.6312205002453
  },
  "noise_preset": "high",
  "noise_params": {
    "additive_sigma": 0.1,
    "multiplicative_sigma": 0.2,
    "drift_rate": 0.001,
    "outlier_probability": 0.01,
    "outlier_magnitude": 10.0,
    "shot_noise_enabled": true,
    "seed": null
  },
  "measurement": {
    "snr_db": -0.4675635788409371,
    "n_detections": 360,
    "detection_rate": 0.997229916897507,
    "time_to_detection": 5590.725688800489,
    "false_negative_rate": 0.12623586724362135,
    "max_signal": 6.161916967657226,
    "mean_signal": 3.7659268165954467,
    "signal_std": 1.101442783803213,
    "has_noise": true
  },
  "false_negative_rate": 0.12623586724362135,
  "sclerostin_mean": 1.5605977813927823,
  "sclerostin_max": 1.9104268470674481,
  "sclerostin_min": 0.025000000000000005,
  "sclerostin_std": 0.19503233079776494,
  "metadata_file": "metadata/c94a5102-2f33-41b2-8fbe-a6e843176c60.json",
  "timeseries_file": "timeseries/c94a5102-2f33-41b2-8fbe-a6e843176c60.csv"
}