{
  "run_id": "c9c7e435-435a-48e0-a20f-65796ebaa4ad",
  "timestamp": "2026-01-31T04:10:23.843963",
  "scenario": "pmo",
  "duration": 3600.0,
  "num_points": 361,
  "environment_params": {
    "Estrogen": 0.08961705059528467,
    "PTH": 81.07311666813632,
    "k_prod_Scl": 6.912459039197885e-06,
    "k_prod_RANKL": 2.809565671025261e-05,
    "k_prod_OPG": 4.00023128744547e-05,
    "Sclerostin_bone": 0.08262465017699966,
    "RANKL_bone": 1.0820554912395275,
    "OPG_bone": 2.226302978637242
  },
  "biosensor_config": {
    "circuit_type": "amplifying",
    "sensitivity": 5.59780217205893,
    "threshold": 0.01194094541487323,
    "dynamic_range": [
      0.0,
      12.825006967639776
    ],
    "kd": 0.061673568061161956,
    "response_type": "hill",
    "receptor_concentration": 4.429720032850453,
    "enzyme_concentration": 18.402617997377575,
    "amplification_gain": 9762.06329207665,
    "response_time": 403.3254602799702
  },
  "noise_preset": "medium",
  "noise_params": {
    "additive_sigma": 0.03,
    "multiplicative_sigma": 0.06,
    "drift_rate": 0.0003,
    "outlier_probability": 0.003,
    "outlier_magnitude": 4.0,
    "shot_noise_enabled": false,
    "seed": null
  },
  "measurement": {
    "snr_db": 17.89894496609258,
    "n_detections": 360,
    "detection_rate": 0.997229916897507,
    "time_to_detection": 2302.0963411785497,
    "false_negative_rate": 0.05850895875247081,
    "max_signal": 7.350116885277119,
    "mean_signal": 6.122570350124957,
    "signal_std": 0.5642126101589158,
    "has_noise": true
  },
  "false_negative_rate": 0.05850895875247081,
  "sclerostin_mean": 1.1090318243559378,
  "sclerostin_max": 1.5197294232025342,
  "sclerostin_min": 0.025000000000000005,
  "sclerostin_std": 0.21712316545044796,
  "metadata_file": "metadata/c9c7e435-435a-48e0-a20f-65796ebaa4ad.json",
  "timeseries_file": "timeseries/c9c7e435-435a-48e0-a20f-65796ebaa4ad.csv"
}