{
  "run_id": "c9d51db0-f9d4-4539-b21f-ac3a926472fe",
  "timestamp": "2026-01-31T04:10:59.222278",
  "scenario": "ckd_mbd",
  "duration": 3600.0,
  "num_points": 361,
  "environment_params": {
    "Estrogen": 0.7868254567627646,
    "PTH": 247.7529826701126,
    "k_prod_Scl": 1.9442702119020294e-05,
    "k_deg_Scl": 3.89312627821502e-05,
    "k_prod_RANKL": 1.4800211616157349e-05,
    "k_prod_OPG": 7.255498573265603e-05,
    "Sclerostin_bone": 0.1492282099174482,
    "RANKL_bone": 0.9054476563217432,
    "OPG_bone": 4.566496981335712,
    "MineralIon": 2.743423473904744,
    "k_prod_Mineral": 0.18961752362109094
  },
  "biosensor_config": {
    "circuit_type": "threshold",
    "sensitivity": 0.9629362549683008,
    "threshold": 0.02058361060512634,
    "dynamic_range": [
      0.0,
      6.014319064199328
    ],
    "kd": 0.25194026005899645,
    "response_type": "hill",
    "hill_coefficient": 3.8785797788591068,
    "off_level": 0.210846590883038,
    "on_level": 23.851334362925297
  },
  "noise_preset": "medium",
  "noise_params": {
    "additive_sigma": 0.03,
    "multiplicative_sigma": 0.06,
    "drift_rate": 0.0003,
    "outlier_probability": 0.003,
    "outlier_magnitude": 4.0,
    "shot_noise_enabled": false,
    "seed": null
  },
  "measurement": {
    "snr_db": 18.950669610862246,
    "n_detections": 361,
    "detection_rate": 1.0,
    "time_to_detection": 3083.7677256562715,
    "false_negative_rate": 0.05301352622740762,
    "max_signal": 7.778347535138038,
    "mean_signal": 6.487204636973801,
    "signal_std": 0.5743626949500601,
    "has_noise": true
  },
  "false_negative_rate": 0.05301352622740762,
  "sclerostin_mean": 1.7346009164333933,
  "sclerostin_max": 2.129699501612876,
  "sclerostin_min": 0.025000000000000005,
  "sclerostin_std": 0.21978528717964452,
  "metadata_file": "metadata/c9d51db0-f9d4-4539-b21f-ac3a926472fe.json",
  "timeseries_file": "timeseries/c9d51db0-f9d4-4539-b21f-ac3a926472fe.csv"
}