{
  "run_id": "ca98e08e-a792-4bfa-bea4-f81d29ac1bd9",
  "timestamp": "2026-01-31T04:09:51.193459",
  "scenario": "ckd_mbd",
  "duration": 3600.0,
  "num_points": 361,
  "environment_params": {
    "Estrogen": 0.9026721418552098,
    "PTH": 259.9979358416376,
    "k_prod_Scl": 1.2715738340270917e-05,
    "k_deg_Scl": 4.6748235628326956e-05,
    "k_prod_RANKL": 1.1481838722280022e-05,
    "k_prod_OPG": 5.0833050275589857e-05,
    "Sclerostin_bone": 0.10873603198631293,
    "RANKL_bone": 0.921870880972367,
    "OPG_bone": 2.85062409255009,
    "MineralIon": 4.4319595728357575,
    "k_prod_Mineral": 0.19563539198658808
  },
  "biosensor_config": {
    "circuit_type": "threshold",
    "sensitivity": 8.654211203154201,
    "threshold": 0.0071030121867493995,
    "dynamic_range": [
      0.0,
      15.193995875025788
    ],
    "kd": 0.030897880045667462,
    "response_type": "hill",
    "hill_coefficient": 5.748995700053555,
    "off_level": 0.5927641628954883,
    "on_level": 16.42247979283577
  },
  "noise_preset": "medium",
  "noise_params": {
    "additive_sigma": 0.03,
    "multiplicative_sigma": 0.06,
    "drift_rate": 0.0003,
    "outlier_probability": 0.003,
    "outlier_magnitude": 4.0,
    "shot_noise_enabled": false,
    "seed": null
  },
  "measurement": {
    "snr_db": 22.492525299001155,
    "n_detections": 361,
    "detection_rate": 1.0,
    "time_to_detection": 536.4190126472649,
    "false_negative_rate": 0.04679499881360682,
    "max_signal": 18.926830033702924,
    "mean_signal": 15.660710556415307,
    "signal_std": 1.1932857850183547,
    "has_noise": true
  },
  "false_negative_rate": 0.04679499881360682,
  "sclerostin_mean": 1.2151720685995222,
  "sclerostin_max": 1.4263185264182048,
  "sclerostin_min": 0.025000000000000005,
  "sclerostin_std": 0.12374497212419855,
  "metadata_file": "metadata/ca98e08e-a792-4bfa-bea4-f81d29ac1bd9.json",
  "timeseries_file": "timeseries/ca98e08e-a792-4bfa-bea4-f81d29ac1bd9.csv"
}