{
  "run_id": "caa2ba17-337f-499e-be0d-5e9d01bdf968",
  "timestamp": "2026-01-31T04:10:46.059123",
  "scenario": "ckd_mbd",
  "duration": 3600.0,
  "num_points": 361,
  "environment_params": {
    "Estrogen": 0.7407596888517907,
    "PTH": 219.14393114347868,
    "k_prod_Scl": 1.7597464536232334e-05,
    "k_deg_Scl": 3.713772688132425e-05,
    "k_prod_RANKL": 2.138885690363503e-05,
    "k_prod_OPG": 8.495924562081021e-05,
    "Sclerostin_bone": 0.21086936904728446,
    "RANKL_bone": 1.4644740510916932,
    "OPG_bone": 4.691066238867002,
    "MineralIon": 3.975484563202019,
    "k_prod_Mineral": 0.22243202522553318
  },
  "biosensor_config": {
    "circuit_type": "threshold",
    "sensitivity": 17.57591201639326,
    "threshold": 5.1803868835289675e-05,
    "dynamic_range": [
      0.0,
      19.47201434790738
    ],
    "kd": 3.378384584286144,
    "response_type": "hill",
    "hill_coefficient": 1.757099117491469,
    "off_level": 0.7419444631019613,
    "on_level": 5.087678626699066
  },
  "noise_preset": "medium",
  "noise_params": {
    "additive_sigma": 0.03,
    "multiplicative_sigma": 0.06,
    "drift_rate": 0.0003,
    "outlier_probability": 0.003,
    "outlier_magnitude": 4.0,
    "shot_noise_enabled": false,
    "seed": null
  },
  "measurement": {
    "snr_db": 11.050626386879095,
    "n_detections": 361,
    "detection_rate": 1.0,
    "time_to_detection": 1102.1207030021665,
    "false_negative_rate": 0.06155092371010307,
    "max_signal": 3.727771152112441,
    "mean_signal": 2.7466264439148023,
    "signal_std": 0.47432846838497,
    "has_noise": true
  },
  "false_negative_rate": 0.06155092371010307,
  "sclerostin_mean": 2.316757171012835,
  "sclerostin_max": 2.701682157771698,
  "sclerostin_min": 0.025000000000000005,
  "sclerostin_std": 0.22881155346095128,
  "metadata_file": "metadata/caa2ba17-337f-499e-be0d-5e9d01bdf968.json",
  "timeseries_file": "timeseries/caa2ba17-337f-499e-be0d-5e9d01bdf968.csv"
}