{
  "run_id": "cabc08d0-5d37-4bdf-b637-6602557bddfa",
  "timestamp": "2026-01-31T04:10:12.399056",
  "scenario": "ckd_mbd",
  "duration": 3600.0,
  "num_points": 361,
  "environment_params": {
    "Estrogen": 0.6589824311572328,
    "PTH": 265.5310423943951,
    "k_prod_Scl": 1.4278310591311262e-05,
    "k_deg_Scl": 4.166924898411862e-05,
    "k_prod_RANKL": 1.706709007806759e-05,
    "k_prod_OPG": 7.704851313407402e-05,
    "Sclerostin_bone": 0.2330003906564414,
    "RANKL_bone": 1.1236988445466611,
    "OPG_bone": 3.5079044949849094,
    "MineralIon": 2.947953135358205,
    "k_prod_Mineral": 0.15749825491671157
  },
  "biosensor_config": {
    "circuit_type": "ratiometric",
    "sensitivity": 5.8080896051931346,
    "threshold": 0.01485660903966906,
    "dynamic_range": [
      0.0,
      18.024605881375226
    ],
    "kd": 3.1698024089432844,
    "response_type": "hill",
    "reference_kd": 0.1281578172512174,
    "ratio_exponent": 0.6382781848462715
  },
  "noise_preset": "low",
  "noise_params": {
    "additive_sigma": 0.005,
    "multiplicative_sigma": 0.01,
    "drift_rate": 2e-05,
    "outlier_probability": 0.0002,
    "outlier_magnitude": 2.0,
    "shot_noise_enabled": false,
    "seed": null
  },
  "measurement": {
    "snr_db": 38.17458578331136,
    "n_detections": 361,
    "detection_rate": 1.0,
    "time_to_detection": 3416.2611952458647,
    "false_negative_rate": 0.04967086981047828,
    "max_signal": 5.953547342743656,
    "mean_signal": 5.782986278429307,
    "signal_std": 0.061725800545240676,
    "has_noise": true
  },
  "false_negative_rate": 0.04967086981047828,
  "sclerostin_mean": 2.517522414261374,
  "sclerostin_max": 2.8875915817268027,
  "sclerostin_min": 0.025000000000000005,
  "sclerostin_std": 0.228000191367805,
  "metadata_file": "metadata/cabc08d0-5d37-4bdf-b637-6602557bddfa.json",
  "timeseries_file": "timeseries/cabc08d0-5d37-4bdf-b637-6602557bddfa.csv"
}