{
  "run_id": "cbe14451-8f65-447d-b0e3-ce28fc116d3c",
  "timestamp": "2026-01-31T04:10:12.426261",
  "scenario": "healthy",
  "duration": 3600.0,
  "num_points": 361,
  "environment_params": {
    "Estrogen": 0.9741257159659753,
    "PTH": 57.8587541478071,
    "k_prod_Scl": 4.6378054415700824e-06,
    "k_prod_RANKL": 1.051402041100473e-05,
    "k_prod_OPG": 8.916766575622078e-05,
    "Sclerostin_bone": 0.0363767116312904,
    "RANKL_bone": 0.6037441564480148,
    "OPG_bone": 6.464068650182668
  },
  "biosensor_config": {
    "circuit_type": "amplifying",
    "sensitivity": 1.3524288172350352,
    "threshold": 0.004378909908246302,
    "dynamic_range": [
      0.0,
      2.8371805340088088
    ],
    "kd": 2.144901963656113,
    "response_type": "linear",
    "receptor_concentration": 3.1768644938885897,
    "enzyme_concentration": 26.152632526769075,
    "amplification_gain": 3858.9816659148123,
    "response_time": 359.16726859830914
  },
  "noise_preset": "medium",
  "noise_params": {
    "additive_sigma": 0.03,
    "multiplicative_sigma": 0.06,
    "drift_rate": 0.0003,
    "outlier_probability": 0.003,
    "outlier_magnitude": 4.0,
    "shot_noise_enabled": false,
    "seed": null
  },
  "measurement": {
    "snr_db": 12.85617334856741,
    "n_detections": 361,
    "detection_rate": 1.0,
    "time_to_detection": 861.5139204021618,
    "false_negative_rate": 0.062034177921170816,
    "max_signal": 4.2251439235695285,
    "mean_signal": 3.3695048643749255,
    "signal_std": 0.39314220252377446,
    "has_noise": true
  },
  "false_negative_rate": 0.062034177921170816,
  "sclerostin_mean": 0.41221520404135925,
  "sclerostin_max": 0.4684785324755187,
  "sclerostin_min": 0.025000000000000005,
  "sclerostin_std": 0.034900276678204424,
  "metadata_file": "metadata/cbe14451-8f65-447d-b0e3-ce28fc116d3c.json",
  "timeseries_file": "timeseries/cbe14451-8f65-447d-b0e3-ce28fc116d3c.csv"
}