{
  "run_id": "cc365f07-eefa-4b11-aa46-1ecc60332527",
  "timestamp": "2026-05-17T01:40:41.300517",
  "scenario": "healthy",
  "duration": 3600.0,
  "num_points": 361,
  "environment_params": {
    "Estrogen": 0.8981243838629511,
    "PTH": 31.94317895848331,
    "k_prod_Scl": 3.702822616597343e-06,
    "k_deg_Scl": 6.410646575882844e-05,
    "Sclerostin_bone": 0.06858858589276966,
    "k_prod_RANKL": 1.078084319508422e-05,
    "k_deg_RANKL": 2.1195784036872693e-05,
    "RANKL_bone": 0.46735297531572284,
    "k_prod_OPG": 0.0001033855281266842,
    "k_deg_OPG": 1.96801494107746e-05,
    "OPG_bone": 3.7658633955033496,
    "MineralIon": 1.984564992111114,
    "k_prod_Mineral": 0.08355029351005941,
    "k_loss_Mineral": 0.04637428793883422
  },
  "biosensor_config": {
    "circuit_type": "threshold",
    "sensitivity": 1.5520179004004242,
    "threshold": 0.0037402129804301166,
    "dynamic_range": [
      0.0,
      2.346971851221918
    ],
    "kd": 0.19101632211652944,
    "response_type": "michaelis_menten",
    "hill_coefficient": 5.9739770760724795,
    "off_level": 0.9274783287380438,
    "on_level": 4.552126820447273
  },
  "biosensor_type": "threshold",
  "noise_preset": "high",
  "noise_params": {
    "additive_sigma": 0.08,
    "multiplicative_sigma": 0.12,
    "drift_rate": 0.0004,
    "outlier_probability": 0.005,
    "outlier_magnitude": 6.0,
    "shot_noise_enabled": false,
    "seed": null
  },
  "measurement": {
    "snr_db": 8.782141767297206,
    "n_detections": 361,
    "detection_rate": 1.0,
    "time_to_detection": 3721.8254305194114,
    "false_negative_rate": 0.0069208300589201355,
    "max_signal": 4.254926142090985,
    "mean_signal": 3.047405436438172,
    "signal_std": 0.4938709718444501,
    "has_noise": true
  },
  "signal_to_noise_ratio_SNR": 8.782141767297206,
  "time_to_detection_threshold": 3721.8254305194114,
  "false_negative_rate": 0.0069208300589201355,
  "dynamic_range_of_output": 0.0,
  "sclerostin_mean": 0.7128107581708318,
  "sclerostin_max": 0.7592245737853759,
  "sclerostin_min": 0.025000000000000005,
  "sclerostin_std": 0.04277966851717522,
  "sclerostin_change": 