{
  "run_id": "cc764938-14b3-4036-96d6-83990498ea8f",
  "timestamp": "2026-01-31T04:10:42.347797",
  "scenario": "ckd_mbd",
  "duration": 3600.0,
  "num_points": 361,
  "environment_params": {
    "Estrogen": 0.7766552025559919,
    "PTH": 263.82593084017844,
    "k_prod_Scl": 1.4495805531620166e-05,
    "k_deg_Scl": 4.4751831683402586e-05,
    "k_prod_RANKL": 2.1662294789210193e-05,
    "k_prod_OPG": 7.70401281272066e-05,
    "Sclerostin_bone": 0.26270963687028875,
    "RANKL_bone": 1.0977049297830912,
    "OPG_bone": 4.649065485330485,
    "MineralIon": 3.971800790948548,
    "k_prod_Mineral": 0.18745212345049936
  },
  "biosensor_config": {
    "circuit_type": "amplifying",
    "sensitivity": 7.910796532895885,
    "threshold": 0.002603804868281321,
    "dynamic_range": [
      0.0,
      7.915517536174531
    ],
    "kd": 0.020418817469954862,
    "response_type": "linear",
    "receptor_concentration": 2.196438313786375,
    "enzyme_concentration": 27.14364786382469,
    "amplification_gain": 149.27787335728914,
    "response_time": 352.8787715966538
  },
  "noise_preset": "medium",
  "noise_params": {
    "additive_sigma": 0.03,
    "multiplicative_sigma": 0.06,
    "drift_rate": 0.0003,
    "outlier_probability": 0.003,
    "outlier_magnitude": 4.0,
    "shot_noise_enabled": false,
    "seed": null
  },
  "measurement": {
    "snr_db": 19.760402316972783,
    "n_detections": 360,
    "detection_rate": 0.997229916897507,
    "time_to_detection": 3582.045044106546,
    "false_negative_rate": 0.008308015234626638,
    "max_signal": 10.28146949093279,
    "mean_signal": 8.445885332675752,
    "signal_std": 0.7433227792173813,
    "has_noise": true
  },
  "false_negative_rate": 0.008308015234626638,
  "sclerostin_mean": 2.7513971361133884,
  "sclerostin_max": 3.0518208784631,
  "sclerostin_min": 0.025000000000000005,
  "sclerostin_std": 0.2078214120957365,
  "metadata_file": "metadata/cc764938-14b3-4036-96d6-83990498ea8f.json",
  "timeseries_file": "timeseries/cc764938-14b3-4036-96d6-83990498ea8f.csv"
}