{
  "run_id": "cc77adc8-a7db-4e41-b153-c63e8a10bdfe",
  "timestamp": "2026-05-17T01:58:30.384602",
  "scenario": "healthy",
  "duration": 3600.0,
  "num_points": 361,
  "environment_params": {
    "Estrogen": 1.5713036955917459,
    "PTH": 39.13775846780971,
    "k_prod_Scl": 3.6473304901688108e-06,
    "k_deg_Scl": 6.753761791043622e-05,
    "Sclerostin_bone": 0.05024840346800655,
    "k_prod_RANKL": 6.941533636179469e-06,
    "k_deg_RANKL": 1.9863211676765945e-05,
    "RANKL_bone": 0.37565623022501904,
    "k_prod_OPG": 7.129422486697804e-05,
    "k_deg_OPG": 2.1963337499615677e-05,
    "OPG_bone": 5.048355182751662,
    "MineralIon": 3.2512914718382957,
    "k_prod_Mineral": 0.08466941505933002,
    "k_loss_Mineral": 0.04810548662625133
  },
  "biosensor_config": {
    "circuit_type": "ratiometric",
    "sensitivity": 1.785782437433357,
    "threshold": 0.0013552809534436356,
    "dynamic_range": [
      0.0,
      9.875033908997102
    ],
    "kd": 0.38080288463188455,
    "response_type": "hill",
    "reference_kd": 0.14618849433751369,
    "ratio_exponent": 2.1421308632664675
  },
  "noise_preset": "medium",
  "noise_params": {
    "additive_sigma": 0.03,
    "multiplicative_sigma": 0.06,
    "drift_rate": 0.0002,
    "outlier_probability": 0.003,
    "outlier_magnitude": 4.0,
    "shot_noise_enabled": 0,
    "seed": null
  },
  "measurement": {
    "snr_db": 12.275944666860614,
    "n_detections": 361,
    "detection_rate": 1.0,
    "time_to_detection": 4434.6410274662185,
    "false_negative_rate": 0.015616196744624321,
    "max_signal": 2.6695117780615236,
    "mean_signal": 2.146556206919509,
    "signal_std": 0.24221612258472966,
    "has_noise": 1
  },
  "false_negative_rate": 0.015616196744624321,
  "sclerostin_mean": 0.5167886133054187,
  "sclerostin_max": 0.5343622159885678,
  "sclerostin_min": 0.025000000000000005,
  "sclerostin_std": 0.027186426928593844,
  "metadata_file": "metadata/cc77adc8-a7db-4e41-b153-c63e8a10bdfe.json",
  "timeseries_file": "timeseries/cc77adc8-a7db-4e41-b153-c63e8a10bdfe.csv"
}