{
  "run_id": "cd418bb6-0043-47ff-a75e-9bdd8596c66e",
  "timestamp": "2026-05-17T01:40:42.694397",
  "scenario": "healthy",
  "duration": 3600.0,
  "num_points": 361,
  "environment_params": {
    "Estrogen": 0.9284286051460489,
    "PTH": 63.248724703681596,
    "k_prod_Scl": 3.98532981497335e-06,
    "k_deg_Scl": 6.693265903997678e-05,
    "Sclerostin_bone": 0.040584484989501034,
    "k_prod_RANKL": 1.0273519988154506e-05,
    "k_deg_RANKL": 2.150277893790626e-05,
    "RANKL_bone": 0.5495227235769673,
    "k_prod_OPG": 9.254942512580633e-05,
    "k_deg_OPG": 1.4199180960361217e-05,
    "OPG_bone": 5.3016849290188865,
    "MineralIon": 2.025493291580082,
    "k_prod_Mineral": 0.10264978733146111,
    "k_loss_Mineral": 0.06453710829878312
  },
  "biosensor_config": {
    "circuit_type": "threshold",
    "sensitivity": 12.751626881492104,
    "threshold": 0.0008823501009383089,
    "dynamic_range": [
      0.0,
      17.564244665724225
    ],
    "kd": 0.099554481070366,
    "response_type": "hill",
    "hill_coefficient": 7.6268445535622345,
    "off_level": 0.1870781207575503,
    "on_level": 7.516632649078133
  },
  "biosensor_type": "threshold",
  "noise_preset": "medium",
  "noise_params": {
    "additive_sigma": 0.03,
    "multiplicative_sigma": 0.06,
    "drift_rate": 0.0002,
    "outlier_probability": 0.003,
    "outlier_magnitude": 4.0,
    "shot_noise_enabled": false,
    "seed": null
  },
  "measurement": {
    "snr_db": 21.61747892771033,
    "n_detections": 361,
    "detection_rate": 1.0,
    "time_to_detection": 1080.2739683230443,
    "false_negative_rate": 0.008523942750862032,
    "max_signal": 9.172802790136524,
    "mean_signal": 7.8599755964714655,
    "signal_std": 0.6476441502461764,
    "has_noise": true
  },
  "signal_to_noise_ratio_SNR": 21.61747892771033,
  "time_to_detection_threshold": 1080.2739683230443,
  "false_negative_rate": 0.008523942750862032,
  "dynamic_range_of_output": 0.0,
  "sclerostin_mean": 0.4491604906302789,
  "sclerostin_max": 0.50112153170819,
  "sclerostin_min": 0.025000000000000005,
  "sclerostin_std": 0.0342946740905238,
  "sclerostin_change": 