{
  "run_id": "cd552273-03ef-4200-8e37-2bc6a5286047",
  "timestamp": "2026-01-31T04:10:35.115639",
  "scenario": "pmo",
  "duration": 3600.0,
  "num_points": 361,
  "environment_params": {
    "Estrogen": 0.25862592167766435,
    "PTH": 43.65121436557538,
    "k_prod_Scl": 7.034428018818978e-06,
    "k_prod_RANKL": 3.1169631795100245e-05,
    "k_prod_OPG": 6.840560378101982e-05,
    "Sclerostin_bone": 0.06050461146630691,
    "RANKL_bone": 1.9096523774743281,
    "OPG_bone": 1.323907349970345
  },
  "biosensor_config": {
    "circuit_type": "threshold",
    "sensitivity": 35.18251051264102,
    "threshold": 0.001298206063783772,
    "dynamic_range": [
      0.0,
      15.7032082811339
    ],
    "kd": 0.029379538648935884,
    "response_type": "hill",
    "hill_coefficient": 2.2015036471294662,
    "off_level": 0.33296937555495787,
    "on_level": 3.588723908909555
  },
  "noise_preset": "medium",
  "noise_params": {
    "additive_sigma": 0.03,
    "multiplicative_sigma": 0.06,
    "drift_rate": 0.0003,
    "outlier_probability": 0.003,
    "outlier_magnitude": 4.0,
    "shot_noise_enabled": false,
    "seed": null
  },
  "measurement": {
    "snr_db": 15.015847802967468,
    "n_detections": 361,
    "detection_rate": 1.0,
    "time_to_detection": 1572.493210605375,
    "false_negative_rate": 0.050993547404877715,
    "max_signal": 5.009403403051676,
    "mean_signal": 4.0994493748056495,
    "signal_std": 0.3926692566985683,
    "has_noise": true
  },
  "false_negative_rate": 0.050993547404877715,
  "sclerostin_mean": 0.8268260086419433,
  "sclerostin_max": 1.1391337626140647,
  "sclerostin_min": 0.025000000000000005,
  "sclerostin_std": 0.1648282313830817,
  "metadata_file": "metadata/cd552273-03ef-4200-8e37-2bc6a5286047.json",
  "timeseries_file": "timeseries/cd552273-03ef-4200-8e37-2bc6a5286047.csv"
}