{
  "run_id": "ce270c3f-a619-4c53-80c4-d61123a43c00",
  "timestamp": "2026-05-17T01:54:27.239318",
  "scenario": "pmo",
  "duration": 3600.0,
  "num_points": 361,
  "environment_params": {
    "Estrogen": 0.22799620463928003,
    "PTH": 47.312440950142296,
    "k_prod_Scl": 6.680296221958387e-06,
    "k_deg_Scl": 7.112808574826161e-05,
    "Sclerostin_bone": 0.08601424117313997,
    "k_prod_RANKL": 1.2685645806482586e-05,
    "k_deg_RANKL": 2.0178900425708928e-05,
    "RANKL_bone": 0.783085779122581,
    "k_prod_OPG": 7.743675846741353e-05,
    "k_deg_OPG": 2.54985326103949e-05,
    "OPG_bone": 5.707919664670189,
    "MineralIon": 1.753460328492392,
    "k_prod_Mineral": 0.07527900180603041,
    "k_loss_Mineral": 0.0560158370052219
  },
  "biosensor_config": {
    "circuit_type": "direct_binding",
    "sensitivity": 57.886056745778056,
    "threshold": 0.00015001301545841008,
    "dynamic_range": [
      0.0,
      14.002947728823493
    ],
    "kd": 0.17309266514643537,
    "response_type": "hill",
    "receptor_concentration": 4.803786699669922,
    "kon": 284276.05026582663,
    "koff": 49206.09917781396
  },
  "noise_preset": "medium",
  "noise_params": {
    "additive_sigma": 0.03,
    "multiplicative_sigma": 0.06,
    "drift_rate": 0.0002,
    "outlier_probability": 0.003,
    "outlier_magnitude": 4.0,
    "shot_noise_enabled": 0,
    "seed": null
  },
  "measurement": {
    "snr_db": 23.693621814001222,
    "n_detections": 361,
    "detection_rate": 1.0,
    "time_to_detection": 415.3065838634221,
    "false_negative_rate": 0.055372484499122396,
    "max_signal": 16.81491924225073,
    "mean_signal": 14.347024262918731,
    "signal_std": 0.8481088682720472,
    "has_noise": 1
  },
  "false_negative_rate": 0.055372484499122396,
  "sclerostin_mean": 1.0695908219586132,
  "sclerostin_max": 1.380869038611679,
  "sclerostin_min": 0.025000000000000005,
  "sclerostin_std": 0.1676641677891328,
  "metadata_file": "metadata/ce270c3f-a619-4c53-80c4-d61123a43c00.json",
  "timeseries_file": "timeseries/ce270c3f-a619-4c53-80c4-d61123a43c00.csv"
}