{
  "run_id": "ce748d1c-748a-44ec-a8cf-b80ec2530e0d",
  "timestamp": "2026-05-17T01:54:23.958089",
  "scenario": "ckd_mbd",
  "duration": 3600.0,
  "num_points": 361,
  "environment_params": {
    "Estrogen": 0.5722253260372286,
    "PTH": 177.18381540693153,
    "k_prod_Scl": 1.0626685245222613e-05,
    "k_deg_Scl": 5.246704221876013e-05,
    "Sclerostin_bone": 0.14762366023489712,
    "k_prod_RANKL": 1.5021847808495197e-05,
    "k_deg_RANKL": 2.121254709707313e-05,
    "RANKL_bone": 0.5986838064799478,
    "k_prod_OPG": 0.0001266047937297916,
    "k_deg_OPG": 1.8205063761484925e-05,
    "OPG_bone": 5.376144724379268,
    "MineralIon": 3.157270201510505,
    "k_prod_Mineral": 0.09115047598475252,
    "k_loss_Mineral": 0.019027748230942335
  },
  "biosensor_config": {
    "circuit_type": "direct_binding",
    "sensitivity": 5.1370939004149605,
    "threshold": 0.014180940999127166,
    "dynamic_range": [
      0.0,
      0.23970212403055535
    ],
    "kd": 0.3556002042850915,
    "response_type": "hill",
    "receptor_concentration": 2.0433998430489475,
    "kon": 165391.4306100933,
    "koff": 58813.22651195271
  },
  "noise_preset": "high",
  "noise_params": {
    "additive_sigma": 0.08,
    "multiplicative_sigma": 0.12,
    "drift_rate": 0.0004,
    "outlier_probability": 0.005,
    "outlier_magnitude": 6.0,
    "shot_noise_enabled": 0,
    "seed": null
  },
  "measurement": {
    "snr_db": -10.878877530713055,
    "n_detections": 361,
    "detection_rate": 1.0,
    "time_to_detection": 5842.078779937658,
    "false_negative_rate": 0.12117897628785294,
    "max_signal": 1.787485346650568,
    "mean_signal": 0.9631665145882863,
    "signal_std": 0.4243188611194612,
    "has_noise": 1
  },
  "false_negative_rate": 0.12117897628785294,
  "sclerostin_mean": 1.6596136363861353,
  "sclerostin_max": 1.972124445711902,
  "sclerostin_min": 0.025000000000000005,
  "sclerostin_std": 0.1800191624803646,
  "metadata_file": "metadata/ce748d1c-748a-44ec-a8cf-b80ec2530e0d.json",
  "timeseries_file": "timeseries/ce748d1c-748a-44ec-a8cf-b80ec2530e0d.csv"
}