{
  "run_id": "ce9715b7-4d11-466e-965a-4c739f9bfa54",
  "timestamp": "2026-05-17T02:01:38.378191",
  "scenario": "pmo",
  "duration": 3600.0,
  "num_points": 361,
  "environment_params": {
    "Estrogen": 0.19173996625810655,
    "PTH": 52.985416087200356,
    "k_prod_Scl": 6.23339768904397e-06,
    "k_deg_Scl": 7.907244654756527e-05,
    "Sclerostin_bone": 0.11049822852872818,
    "k_prod_RANKL": 1.8812278529033322e-05,
    "k_deg_RANKL": 1.5673791684779173e-05,
    "RANKL_bone": 1.0053238268229512,
    "k_prod_OPG": 7.251355810191312e-05,
    "k_deg_OPG": 2.191551625946557e-05,
    "OPG_bone": 3.239193717789972,
    "MineralIon": 2.387468254122649,
    "k_prod_Mineral": 0.08135624242904234,
    "k_loss_Mineral": 0.05465444031501052
  },
  "biosensor_config": {
    "circuit_type": "amplifying",
    "sensitivity": 35.56954463340103,
    "threshold": 0.00020428810444384556,
    "dynamic_range": [
      0.0,
      8.730642303153836
    ],
    "kd": 0.3980051676426006,
    "response_type": "hill",
    "receptor_concentration": 3.605887037026593,
    "enzyme_concentration": 11.373785652132431,
    "amplification_gain": 6411.3482503598625,
    "response_time": 170.47298902396798
  },
  "noise_preset": "high",
  "noise_params": {
    "additive_sigma": 0.08,
    "multiplicative_sigma": 0.12,
    "drift_rate": 0.0004,
    "outlier_probability": 0.005,
    "outlier_magnitude": 6.0,
    "shot_noise_enabled": 0,
    "seed": null
  },
  "measurement": {
    "snr_db": 16.650060580309802,
    "n_detections": 360,
    "detection_rate": 0.997229916897507,
    "time_to_detection": 271.7069283053557,
    "false_negative_rate": 0.05553668147959774,
    "max_signal": 12.811795288806493,
    "mean_signal": 9.32525652502701,
    "signal_std": 1.2253589946467465,
    "has_noise": 1
  },
  "false_negative_rate": 0.05553668147959774,
  "sclerostin_mean": 1.3017794140207504,
  "sclerostin_max": 1.6107973121867374,
  "sclerostin_min": 0.025000000000000005,
  "sclerostin_std": 0.17062166989326685,
  "metadata_file": "metadata/ce9715b7-4d11-466e-965a-4c739f9bfa54.json",
  "timeseries_file": "timeseries/ce9715b7-4d11-466e-965a-4c739f9bfa54.csv"
}