{
  "run_id": "cef58c3f-230d-4ef1-aad6-cb7cfbe8ea54",
  "timestamp": "2026-05-17T01:58:25.331415",
  "scenario": "healthy",
  "duration": 3600.0,
  "num_points": 361,
  "environment_params": {
    "Estrogen": 0.8215919532225455,
    "PTH": 36.21315349891818,
    "k_prod_Scl": 4.360707381463639e-06,
    "k_deg_Scl": 7.33511468951834e-05,
    "Sclerostin_bone": 0.045180846579938004,
    "k_prod_RANKL": 9.82842173926654e-06,
    "k_deg_RANKL": 1.8330283859090468e-05,
    "RANKL_bone": 0.777507755336818,
    "k_prod_OPG": 8.426976610970531e-05,
    "k_deg_OPG": 2.0262470392242285e-05,
    "OPG_bone": 5.161373172982784,
    "MineralIon": 2.82725606182721,
    "k_prod_Mineral": 0.09081126157894848,
    "k_loss_Mineral": 0.04391564673756979
  },
  "biosensor_config": {
    "circuit_type": "ratiometric",
    "sensitivity": 10.054684073203159,
    "threshold": 0.004411720384031937,
    "dynamic_range": [
      0.0,
      5.289694258751072
    ],
    "kd": 0.011242482154544839,
    "response_type": "linear",
    "reference_kd": 0.12347347566110924,
    "ratio_exponent": 2.0462037822739285
  },
  "noise_preset": "medium",
  "noise_params": {
    "additive_sigma": 0.03,
    "multiplicative_sigma": 0.06,
    "drift_rate": 0.0002,
    "outlier_probability": 0.003,
    "outlier_magnitude": 4.0,
    "shot_noise_enabled": 0,
    "seed": null
  },
  "measurement": {
    "snr_db": 19.931006421843527,
    "n_detections": 361,
    "detection_rate": 1.0,
    "time_to_detection": 515.1469695446183,
    "false_negative_rate": 0.0170490972819868,
    "max_signal": 6.574491158489175,
    "mean_signal": 5.656003902811113,
    "signal_std": 0.3874358463234665,
    "has_noise": 1
  },
  "false_negative_rate": 0.0170490972819868,
  "sclerostin_mean": 0.5014357897972,
  "sclerostin_max": 0.5650974018527175,
  "sclerostin_min": 0.025000000000000005,
  "sclerostin_std": 0.040620076452078956,
  "metadata_file": "metadata/cef58c3f-230d-4ef1-aad6-cb7cfbe8ea54.json",
  "timeseries_file": "timeseries/cef58c3f-230d-4ef1-aad6-cb7cfbe8ea54.csv"
}