{
  "run_id": "cf262c3d-9863-40d6-9eee-4514993274c0",
  "timestamp": "2026-01-31T04:10:46.529025",
  "scenario": "pmo",
  "duration": 3600.0,
  "num_points": 361,
  "environment_params": {
    "Estrogen": 0.15140999295191698,
    "PTH": 37.30603414845996,
    "k_prod_Scl": 7.256760950651976e-06,
    "k_prod_RANKL": 2.188283928755421e-05,
    "k_prod_OPG": 4.5995693529635585e-05,
    "Sclerostin_bone": 0.06386280116018316,
    "RANKL_bone": 1.7817063078470472,
    "OPG_bone": 1.524080857589362
  },
  "biosensor_config": {
    "circuit_type": "ratiometric",
    "sensitivity": 11.380870374568886,
    "threshold": 0.0001616603186755132,
    "dynamic_range": [
      0.0,
      13.80426660404815
    ],
    "kd": 0.05539603084562647,
    "response_type": "linear",
    "reference_kd": 1.5064925851210955,
    "ratio_exponent": 0.767660248277495
  },
  "noise_preset": "medium",
  "noise_params": {
    "additive_sigma": 0.03,
    "multiplicative_sigma": 0.06,
    "drift_rate": 0.0003,
    "outlier_probability": 0.003,
    "outlier_magnitude": 4.0,
    "shot_noise_enabled": false,
    "seed": null
  },
  "measurement": {
    "snr_db": 22.502511535905324,
    "n_detections": 361,
    "detection_rate": 1.0,
    "time_to_detection": 2072.879515016975,
    "false_negative_rate": 0.030021324553240896,
    "max_signal": 16.65527455336843,
    "mean_signal": 14.312677262838033,
    "signal_std": 0.9013790580528245,
    "has_noise": true
  },
  "false_negative_rate": 0.030021324553240896,
  "sclerostin_mean": 0.8979185019169835,
  "sclerostin_max": 1.264619952660913,
  "sclerostin_min": 0.025000000000000005,
  "sclerostin_std": 0.19274709483339705,
  "metadata_file": "metadata/cf262c3d-9863-40d6-9eee-4514993274c0.json",
  "timeseries_file": "timeseries/cf262c3d-9863-40d6-9eee-4514993274c0.csv"
}