{
  "run_id": "d006406b-9603-45c2-ad65-de724f708359",
  "timestamp": "2026-01-31T04:10:00.864252",
  "scenario": "healthy",
  "duration": 3600.0,
  "num_points": 361,
  "environment_params": {
    "Estrogen": 0.6121041257418824,
    "PTH": 57.658947849954465,
    "k_prod_Scl": 4.79920146798366e-06,
    "k_prod_RANKL": 1.1037079368615868e-05,
    "k_prod_OPG": 0.0001164890715377079,
    "Sclerostin_bone": 0.07255849578260488,
    "RANKL_bone": 0.6478382298054238,
    "OPG_bone": 9.085563569005261
  },
  "biosensor_config": {
    "circuit_type": "direct_binding",
    "sensitivity": 1.571635075116869,
    "threshold": 0.0007535835433082857,
    "dynamic_range": [
      0.0,
      16.471210955362007
    ],
    "kd": 0.8222736620883726,
    "response_type": "linear",
    "receptor_concentration": 6.729359288780074,
    "kon": 641941.7542774184,
    "koff": 527851.797137127
  },
  "noise_preset": "medium",
  "noise_params": {
    "additive_sigma": 0.03,
    "multiplicative_sigma": 0.06,
    "drift_rate": 0.0003,
    "outlier_probability": 0.003,
    "outlier_magnitude": 4.0,
    "shot_noise_enabled": false,
    "seed": null
  },
  "measurement": {
    "snr_db": 17.636538084920982,
    "n_detections": 361,
    "detection_rate": 1.0,
    "time_to_detection": 2351.285733673474,
    "false_negative_rate": 0.06452849124318624,
    "max_signal": 7.479226741584895,
    "mean_signal": 5.714184767788391,
    "signal_std": 0.6549660355721988,
    "has_noise": true
  },
  "false_negative_rate": 0.06452849124318624,
  "sclerostin_mean": 0.7984676495141148,
  "sclerostin_max": 0.9107180741597765,
  "sclerostin_min": 0.025000000000000005,
  "sclerostin_std": 0.06967729185265459,
  "metadata_file": "metadata/d006406b-9603-45c2-ad65-de724f708359.json",
  "timeseries_file": "timeseries/d006406b-9603-45c2-ad65-de724f708359.csv"
}