{
  "run_id": "d035daa2-56d3-4e2a-b2cd-406aaa35ca89",
  "timestamp": "2026-05-17T01:48:39.748305",
  "scenario": "healthy",
  "duration": 3600.0,
  "num_points": 361,
  "environment_params": {
    "Estrogen": 1.4315900463380915,
    "PTH": 41.129983709801664,
    "k_prod_Scl": 5.077129136482735e-06,
    "k_deg_Scl": 7.266952988400152e-05,
    "Sclerostin_bone": 0.05101910115024261,
    "k_prod_RANKL": 8.927595765209687e-06,
    "k_deg_RANKL": 2.0548432351759175e-05,
    "RANKL_bone": 0.6839477517673471,
    "k_prod_OPG": 8.192453771176964e-05,
    "k_deg_OPG": 2.128104235698683e-05,
    "OPG_bone": 6.885660353791117,
    "MineralIon": 3.615166682351968,
    "k_prod_Mineral": 0.09727595008851081,
    "k_loss_Mineral": 0.05939147696418604
  },
  "biosensor_config": {
    "circuit_type": "amplifying",
    "sensitivity": 8.96620629584027,
    "threshold": 0.005442059543618928,
    "dynamic_range": [
      0.0,
      4.128716499537446
    ],
    "kd": 4.240767535975862,
    "response_type": "michaelis_menten",
    "receptor_concentration": 3.1202674109661905,
    "enzyme_concentration": 7.143258992128585,
    "amplification_gain": 9848.671934792459,
    "response_time": 32.658950027902506
  },
  "noise_preset": "low",
  "noise_params": {
    "additive_sigma": 0.005,
    "multiplicative_sigma": 0.01,
    "drift_rate": 2e-05,
    "outlier_probability": 0.0002,
    "outlier_magnitude": 2.0,
    "shot_noise_enabled": 0,
    "seed": null
  },
  "measurement": {
    "snr_db": 37.23559786006774,
    "n_detections": 361,
    "detection_rate": 1.0,
    "time_to_detection": 1806.9770292624887,
    "false_negative_rate": 0.0008789519805981239,
    "max_signal": 4.301627619761343,
    "mean_signal": 4.152822676625958,
    "signal_std": 0.2224772221810821,
    "has_noise": 1
  },
  "false_negative_rate": 0.0008789519805981239,
  "sclerostin_mean": 0.5327008265016473,
  "sclerostin_max": 0.562243168930949,
  "sclerostin_min": 0.025000000000000005,
  "sclerostin_std": 0.030350058094795893,
  "metadata_file": "metadata/d035daa2-56d3-4e2a-b2cd-406aaa35ca89.json",
  "timeseries_file": "timeseries/d035daa2-56d3-4e2a-b2cd-406aaa35ca89.csv"
}