{
  "run_id": "d06e1f1b-81c3-43d3-af31-90bdd40fe524",
  "timestamp": "2026-01-31T04:11:07.383764",
  "scenario": "ckd_mbd",
  "duration": 3600.0,
  "num_points": 361,
  "environment_params": {
    "Estrogen": 0.5369182053277763,
    "PTH": 352.1899069035001,
    "k_prod_Scl": 1.2346066341026473e-05,
    "k_deg_Scl": 4.036388708752107e-05,
    "k_prod_RANKL": 1.5481216477435705e-05,
    "k_prod_OPG": 7.196980183439835e-05,
    "Sclerostin_bone": 0.13734746684733665,
    "RANKL_bone": 1.5173352976729733,
    "OPG_bone": 2.8838865102857483,
    "MineralIon": 1.7614858138628287,
    "k_prod_Mineral": 0.16131679649543584
  },
  "biosensor_config": {
    "circuit_type": "amplifying",
    "sensitivity": 4.334567016837095,
    "threshold": 0.007311652096252642,
    "dynamic_range": [
      0.0,
      5.477827745070628
    ],
    "kd": 1.1558745836405082,
    "response_type": "linear",
    "receptor_concentration": 1.6800725257315874,
    "enzyme_concentration": 16.361562807776437,
    "amplification_gain": 6166.588435092482,
    "response_time": 74.78394963024259
  },
  "noise_preset": "low",
  "noise_params": {
    "additive_sigma": 0.005,
    "multiplicative_sigma": 0.01,
    "drift_rate": 2e-05,
    "outlier_probability": 0.0002,
    "outlier_magnitude": 2.0,
    "shot_noise_enabled": false,
    "seed": null
  },
  "measurement": {
    "snr_db": 38.263750334407895,
    "n_detections": 360,
    "detection_rate": 0.997229916897507,
    "time_to_detection": 1339.4453958032834,
    "false_negative_rate": 0.001997565481042152,
    "max_signal": 5.674548058052225,
    "mean_signal": 5.497250599743589,
    "signal_std": 0.295180700086008,
    "has_noise": true
  },
  "false_negative_rate": 0.001997565481042152,
  "sclerostin_mean": 1.6355835776590848,
  "sclerostin_max": 2.0510266724534345,
  "sclerostin_min": 0.025000000000000005,
  "sclerostin_std": 0.22750900620960046,
  "metadata_file": "metadata/d06e1f1b-81c3-43d3-af31-90bdd40fe524.json",
  "timeseries_file": "timeseries/d06e1f1b-81c3-43d3-af31-90bdd40fe524.csv"
}