{
  "run_id": "d08742b1-7987-4cbf-b67e-9c32b8f12778",
  "timestamp": "2026-01-31T04:10:41.817813",
  "scenario": "healthy",
  "duration": 3600.0,
  "num_points": 361,
  "environment_params": {
    "Estrogen": 0.6920473181203716,
    "PTH": 40.88509121162994,
    "k_prod_Scl": 4.127327931903981e-06,
    "k_prod_RANKL": 1.1096689523211845e-05,
    "k_prod_OPG": 0.0001318493296758927,
    "Sclerostin_bone": 0.052928896684732114,
    "RANKL_bone": 0.4347406901047562,
    "OPG_bone": 5.693824497303856
  },
  "biosensor_config": {
    "circuit_type": "ratiometric",
    "sensitivity": 2.4388092742116116,
    "threshold": 0.0017643284665261154,
    "dynamic_range": [
      0.0,
      1.9785003983671166
    ],
    "kd": 1.0819849763257083,
    "response_type": "linear",
    "reference_kd": 0.4901129520550688,
    "ratio_exponent": 2.511326270869927
  },
  "noise_preset": "medium",
  "noise_params": {
    "additive_sigma": 0.03,
    "multiplicative_sigma": 0.06,
    "drift_rate": 0.0003,
    "outlier_probability": 0.003,
    "outlier_magnitude": 4.0,
    "shot_noise_enabled": false,
    "seed": null
  },
  "measurement": {
    "snr_db": 9.897660909371027,
    "n_detections": 361,
    "detection_rate": 1.0,
    "time_to_detection": 3829.945661865287,
    "false_negative_rate": 0.1380003022740614,
    "max_signal": 3.198458083362806,
    "mean_signal": 2.5138386569110995,
    "signal_std": 0.33792468008560067,
    "has_noise": true
  },
  "false_negative_rate": 0.1380003022740614,
  "sclerostin_mean": 0.586814921032225,
  "sclerostin_max": 0.6658011307673252,
  "sclerostin_min": 0.025000000000000005,
  "sclerostin_std": 0.049545343977156556,
  "metadata_file": "metadata/d08742b1-7987-4cbf-b67e-9c32b8f12778.json",
  "timeseries_file": "timeseries/d08742b1-7987-4cbf-b67e-9c32b8f12778.csv"
}