{
  "run_id": "d17021ed-1a59-49e9-8533-aff5f37c4942",
  "timestamp": "2026-01-31T04:10:51.851523",
  "scenario": "healthy",
  "duration": 3600.0,
  "num_points": 361,
  "environment_params": {
    "Estrogen": 0.9064125430307958,
    "PTH": 30.596402675290882,
    "k_prod_Scl": 3.281064532417458e-06,
    "k_prod_RANKL": 1.0167205080653317e-05,
    "k_prod_OPG": 0.00011824601729052289,
    "Sclerostin_bone": 0.07067751778004155,
    "RANKL_bone": 0.7893400759009261,
    "OPG_bone": 3.9662748051299337
  },
  "biosensor_config": {
    "circuit_type": "threshold",
    "sensitivity": 4.5604686462606026,
    "threshold": 0.002432951744177325,
    "dynamic_range": [
      0.0,
      17.925829299071122
    ],
    "kd": 0.17284137945009578,
    "response_type": "michaelis_menten",
    "hill_coefficient": 7.894238641908838,
    "off_level": 0.6035911004541425,
    "on_level": 16.959637035982972
  },
  "noise_preset": "medium",
  "noise_params": {
    "additive_sigma": 0.03,
    "multiplicative_sigma": 0.06,
    "drift_rate": 0.0003,
    "outlier_probability": 0.003,
    "outlier_magnitude": 4.0,
    "shot_noise_enabled": false,
    "seed": null
  },
  "measurement": {
    "snr_db": 23.08571210048256,
    "n_detections": 361,
    "detection_rate": 1.0,
    "time_to_detection": 95.05332431199196,
    "false_negative_rate": 0.0037925507574111863,
    "max_signal": 20.348480421909947,
    "mean_signal": 17.445535055566044,
    "signal_std": 1.3851788165195371,
    "has_noise": true
  },
  "false_negative_rate": 0.0037925507574111863,
  "sclerostin_mean": 0.7296041184796267,
  "sclerostin_max": 0.7711107121635128,
  "sclerostin_min": 0.025000000000000005,
  "sclerostin_std": 0.04228783405388078,
  "metadata_file": "metadata/d17021ed-1a59-49e9-8533-aff5f37c4942.json",
  "timeseries_file": "timeseries/d17021ed-1a59-49e9-8533-aff5f37c4942.csv"
}