{
  "run_id": "d17373a9-fed3-4ed5-b941-cf99f3912835",
  "timestamp": "2026-05-17T01:40:41.753844",
  "scenario": "healthy",
  "duration": 3600.0,
  "num_points": 361,
  "environment_params": {
    "Estrogen": 1.1470346437533638,
    "PTH": 49.02042036209551,
    "k_prod_Scl": 4.273162896926017e-06,
    "k_deg_Scl": 6.791294016411995e-05,
    "Sclerostin_bone": 0.04880833972389485,
    "k_prod_RANKL": 2.0356484954755254e-05,
    "k_deg_RANKL": 1.8836554678442805e-05,
    "RANKL_bone": 0.6279400170403134,
    "k_prod_OPG": 0.00010293737190694043,
    "k_deg_OPG": 2.301258488881218e-05,
    "OPG_bone": 5.847032484691921,
    "MineralIon": 1.9412346615364102,
    "k_prod_Mineral": 0.08190954801402534,
    "k_loss_Mineral": 0.0447008908857526
  },
  "biosensor_config": {
    "circuit_type": "direct_binding",
    "sensitivity": 1.5448363275019614,
    "threshold": 0.00016023352564493092,
    "dynamic_range": [
      0.0,
      4.800346997384515
    ],
    "kd": 0.040615960935301676,
    "response_type": "michaelis_menten",
    "receptor_concentration": 5.374557452726034,
    "kon": 75929.10875832246,
    "koff": 3083.9337151802974
  },
  "biosensor_type": "direct_binding",
  "noise_preset": "high",
  "noise_params": {
    "additive_sigma": 0.08,
    "multiplicative_sigma": 0.12,
    "drift_rate": 0.0004,
    "outlier_probability": 0.005,
    "outlier_magnitude": 6.0,
    "shot_noise_enabled": false,
    "seed": null
  },
  "measurement": {
    "snr_db": 5.023593409127418,
    "n_detections": 361,
    "detection_rate": 1.0,
    "time_to_detection": 2236.9553548281083,
    "false_negative_rate": 0.019732802516935554,
    "max_signal": 3.333290843136635,
    "mean_signal": 2.264983102174097,
    "signal_std": 0.44911557824812737,
    "has_noise": true
  },
  "signal_to_noise_ratio_SNR": 5.023593409127418,
  "time_to_detection_threshold": 2236.9553548281083,
  "false_negative_rate": 0.019732802516935554,
  "dynamic_range_of_output": 0.0,
  "sclerostin_mean": 0.5175796586142024,
  "sclerostin_max": 0.5554080090413829,
  "sclerostin_min": 0.025000000000000005,
  "sclerostin_std": 0.03194785607924224,
  "sclerostin_change": 