{
  "run_id": "d1c6ddb1-e832-42c7-81b9-1d5a2a0d6136",
  "timestamp": "2026-05-17T02:01:42.658267",
  "scenario": "healthy",
  "duration": 3600.0,
  "num_points": 361,
  "environment_params": {
    "Estrogen": 1.263993287963904,
    "PTH": 38.076204440636126,
    "k_prod_Scl": 3.6030311668501914e-06,
    "k_deg_Scl": 6.557220993481124e-05,
    "Sclerostin_bone": 0.05922818668220679,
    "k_prod_RANKL": 5.521104303532861e-06,
    "k_deg_RANKL": 1.8935898899797856e-05,
    "RANKL_bone": 0.5418968945521134,
    "k_prod_OPG": 0.00016158632839522884,
    "k_deg_OPG": 1.5448723984645338e-05,
    "OPG_bone": 5.577889734983969,
    "MineralIon": 2.4192226240357506,
    "k_prod_Mineral": 0.09836643146014223,
    "k_loss_Mineral": 0.048105344202701746
  },
  "biosensor_config": {
    "circuit_type": "ratiometric",
    "sensitivity": 1.8284794755354055,
    "threshold": 0.0008744520826278853,
    "dynamic_range": [
      0.0,
      0.29419316476485174
    ],
    "kd": 0.020564049924549608,
    "response_type": "hill",
    "reference_kd": 0.6850932491135227,
    "ratio_exponent": 1.259999759859613
  },
  "noise_preset": "low",
  "noise_params": {
    "additive_sigma": 0.005,
    "multiplicative_sigma": 0.01,
    "drift_rate": 2e-05,
    "outlier_probability": 0.0002,
    "outlier_magnitude": 2.0,
    "shot_noise_enabled": 0,
    "seed": null
  },
  "measurement": {
    "snr_db": 16.926790901211106,
    "n_detections": 361,
    "detection_rate": 1.0,
    "time_to_detection": 2462.1255204184827,
    "false_negative_rate": 0.00015138078195634064,
    "max_signal": 0.37533740699484897,
    "mean_signal": 0.330069096249164,
    "signal_std": 0.021660250326663497,
    "has_noise": 1
  },
  "false_negative_rate": 0.00015138078195634064,
  "sclerostin_mean": 0.6085653815965666,
  "sclerostin_max": 0.6344138571598312,
  "sclerostin_min": 0.025000000000000005,
  "sclerostin_std": 0.03312791545149848,
  "metadata_file": "metadata/d1c6ddb1-e832-42c7-81b9-1d5a2a0d6136.json",
  "timeseries_file": "timeseries/d1c6ddb1-e832-42c7-81b9-1d5a2a0d6136.csv"
}