{
  "run_id": "d1f0e84c-96bb-41cc-bba2-0d5f1e148ec3",
  "timestamp": "2026-01-31T04:10:59.239730",
  "scenario": "pmo",
  "duration": 3600.0,
  "num_points": 361,
  "environment_params": {
    "Estrogen": 0.1318181403011941,
    "PTH": 46.88081245473089,
    "k_prod_Scl": 5.220131836822673e-06,
    "k_prod_RANKL": 3.0509582904801344e-05,
    "k_prod_OPG": 4.0151724200538434e-05,
    "Sclerostin_bone": 0.06238654388495585,
    "RANKL_bone": 1.3110763633891978,
    "OPG_bone": 1.7396966684317325
  },
  "biosensor_config": {
    "circuit_type": "threshold",
    "sensitivity": 7.100811312175178,
    "threshold": 5.486668292639203e-05,
    "dynamic_range": [
      0.0,
      19.354993919701414
    ],
    "kd": 0.013813307861195449,
    "response_type": "hill",
    "hill_coefficient": 3.8280724557434342,
    "off_level": 0.7284328409353935,
    "on_level": 11.943317583717802
  },
  "noise_preset": "low",
  "noise_params": {
    "additive_sigma": 0.005,
    "multiplicative_sigma": 0.01,
    "drift_rate": 2e-05,
    "outlier_probability": 0.0002,
    "outlier_magnitude": 2.0,
    "shot_noise_enabled": false,
    "seed": null
  },
  "measurement": {
    "snr_db": 39.38098742269342,
    "n_detections": 361,
    "detection_rate": 1.0,
    "time_to_detection": 2824.2279723851157,
    "false_negative_rate": 0.027944795010633856,
    "max_signal": 12.318907369711065,
    "mean_signal": 11.986165455643809,
    "signal_std": 0.1327471067644807,
    "has_noise": true
  },
  "false_negative_rate": 0.027944795010633856,
  "sclerostin_mean": 0.8192367848670802,
  "sclerostin_max": 1.095967161508193,
  "sclerostin_min": 0.025000000000000005,
  "sclerostin_std": 0.14711650191394393,
  "metadata_file": "metadata/d1f0e84c-96bb-41cc-bba2-0d5f1e148ec3.json",
  "timeseries_file": "timeseries/d1f0e84c-96bb-41cc-bba2-0d5f1e148ec3.csv"
}