{
  "run_id": "d2b93465-b7a4-495e-9dc8-e5661c55f361",
  "timestamp": "2026-01-31T04:10:58.484798",
  "scenario": "pmo",
  "duration": 3600.0,
  "num_points": 361,
  "environment_params": {
    "Estrogen": 0.19242800951369451,
    "PTH": 88.6512112096039,
    "k_prod_Scl": 9.842264722604992e-06,
    "k_prod_RANKL": 2.2798911728763776e-05,
    "k_prod_OPG": 5.828764654975379e-05,
    "Sclerostin_bone": 0.1531611358288979,
    "RANKL_bone": 1.774205490824082,
    "OPG_bone": 1.8349274762632088
  },
  "biosensor_config": {
    "circuit_type": "ratiometric",
    "sensitivity": 10.922966103269252,
    "threshold": 0.017891589810271055,
    "dynamic_range": [
      0.0,
      12.856066089526696
    ],
    "kd": 0.26950076746473073,
    "response_type": "linear",
    "reference_kd": 0.09039886336582757,
    "ratio_exponent": 1.673778095776833
  },
  "noise_preset": "medium",
  "noise_params": {
    "additive_sigma": 0.03,
    "multiplicative_sigma": 0.06,
    "drift_rate": 0.0003,
    "outlier_probability": 0.003,
    "outlier_magnitude": 4.0,
    "shot_noise_enabled": false,
    "seed": null
  },
  "measurement": {
    "snr_db": 22.359947173741126,
    "n_detections": 361,
    "detection_rate": 1.0,
    "time_to_detection": 1532.3061667740055,
    "false_negative_rate": 0.048741530518525526,
    "max_signal": 15.58324443323771,
    "mean_signal": 13.421415711274951,
    "signal_std": 0.8001686215895278,
    "has_noise": true
  },
  "false_negative_rate": 0.048741530518525526,
  "sclerostin_mean": 1.8705021416649004,
  "sclerostin_max": 2.40240693429036,
  "sclerostin_min": 0.025000000000000005,
  "sclerostin_std": 0.2875584591836617,
  "metadata_file": "metadata/d2b93465-b7a4-495e-9dc8-e5661c55f361.json",
  "timeseries_file": "timeseries/d2b93465-b7a4-495e-9dc8-e5661c55f361.csv"
}