{
  "run_id": "d2ff63de-2650-45a3-9f4d-04167df710c8",
  "timestamp": "2026-05-17T01:58:27.101134",
  "scenario": "healthy",
  "duration": 3600.0,
  "num_points": 361,
  "environment_params": {
    "Estrogen": 1.2865772555541373,
    "PTH": 76.71240064140366,
    "k_prod_Scl": 5.307408351819782e-06,
    "k_deg_Scl": 5.937007351439575e-05,
    "Sclerostin_bone": 0.07579771278825602,
    "k_prod_RANKL": 7.4630722876890026e-06,
    "k_deg_RANKL": 2.6608684867232306e-05,
    "RANKL_bone": 0.6559661276093112,
    "k_prod_OPG": 8.480331710162185e-05,
    "k_deg_OPG": 1.985169781588191e-05,
    "OPG_bone": 7.5673581780717,
    "MineralIon": 2.657901225856349,
    "k_prod_Mineral": 0.09254325819869424,
    "k_loss_Mineral": 0.054171403385867324
  },
  "biosensor_config": {
    "circuit_type": "amplifying",
    "sensitivity": 7.3616643974221025,
    "threshold": 0.0034115910882659777,
    "dynamic_range": [
      0.0,
      10.711065784121056
    ],
    "kd": 0.13174723196093785,
    "response_type": "michaelis_menten",
    "receptor_concentration": 0.6796186654844666,
    "enzyme_concentration": 28.1349600807164,
    "amplification_gain": 5810.492913209784,
    "response_time": 403.7281742387675
  },
  "noise_preset": "high",
  "noise_params": {
    "additive_sigma": 0.08,
    "multiplicative_sigma": 0.12,
    "drift_rate": 0.0004,
    "outlier_probability": 0.005,
    "outlier_magnitude": 6.0,
    "shot_noise_enabled": 0,
    "seed": null
  },
  "measurement": {
    "snr_db": 15.41681640324709,
    "n_detections": 361,
    "detection_rate": 1.0,
    "time_to_detection": 1458.5719894611998,
    "false_negative_rate": 0.016046074338974047,
    "max_signal": 10.573633281234047,
    "mean_signal": 8.113215963373152,
    "signal_std": 1.0648228745184198,
    "has_noise": 1
  },
  "false_negative_rate": 0.016046074338974047,
  "sclerostin_mean": 0.778007261307557,
  "sclerostin_max": 0.8191778298867494,
  "sclerostin_min": 0.025000000000000005,
  "sclerostin_std": 0.044406570162664805,
  "metadata_file": "metadata/d2ff63de-2650-45a3-9f4d-04167df710c8.json",
  "timeseries_file": "timeseries/d2ff63de-2650-45a3-9f4d-04167df710c8.csv"
}