{
  "run_id": "d3078ff1-c5b7-4bd1-adfe-d07563d518c8",
  "timestamp": "2026-05-17T01:48:49.770223",
  "scenario": "pmo",
  "duration": 3600.0,
  "num_points": 361,
  "environment_params": {
    "Estrogen": 0.18828502568962352,
    "PTH": 42.87518791168635,
    "k_prod_Scl": 7.946243479063452e-06,
    "k_deg_Scl": 7.220341103476848e-05,
    "Sclerostin_bone": 0.07310352659533437,
    "k_prod_RANKL": 2.88120156383756e-05,
    "k_deg_RANKL": 2.0791034178041766e-05,
    "RANKL_bone": 0.9708425462925955,
    "k_prod_OPG": 5.7228326748321943e-05,
    "k_deg_OPG": 2.261431870212292e-05,
    "OPG_bone": 4.975846920599195,
    "MineralIon": 2.088798309606191,
    "k_prod_Mineral": 0.09322398811951438,
    "k_loss_Mineral": 0.07390084450441939
  },
  "biosensor_config": {
    "circuit_type": "amplifying",
    "sensitivity": 1.1183482011835857,
    "threshold": 0.0001123642458937404,
    "dynamic_range": [
      0.0,
      19.448063608311244
    ],
    "kd": 0.02171040368428331,
    "response_type": "hill",
    "receptor_concentration": 2.965939761492296,
    "enzyme_concentration": 3.6263095670198857,
    "amplification_gain": 8826.871407493454,
    "response_time": 198.41432386386396
  },
  "noise_preset": "medium",
  "noise_params": {
    "additive_sigma": 0.03,
    "multiplicative_sigma": 0.06,
    "drift_rate": 0.0002,
    "outlier_probability": 0.003,
    "outlier_magnitude": 4.0,
    "shot_noise_enabled": 0,
    "seed": null
  },
  "measurement": {
    "snr_db": 8.654318398882973,
    "n_detections": 361,
    "detection_rate": 1.0,
    "time_to_detection": 3575.911620884141,
    "false_negative_rate": 0.09756178073542701,
    "max_signal": 1.9392373466947959,
    "mean_signal": 1.468280372450492,
    "signal_std": 0.22510782371378368,
    "has_noise": 1
  },
  "false_negative_rate": 0.09756178073542701,
  "sclerostin_mean": 1.0012037952751704,
  "sclerostin_max": 1.3889741297001512,
  "sclerostin_min": 0.025000000000000005,
  "sclerostin_std": 0.20442321235299651,
  "metadata_file": "metadata/d3078ff1-c5b7-4bd1-adfe-d07563d518c8.json",
  "timeseries_file": "timeseries/d3078ff1-c5b7-4bd1-adfe-d07563d518c8.csv"
}