{
  "run_id": "d35f1a31-9595-4ce9-b58e-b1dc5256e874",
  "timestamp": "2026-05-17T01:58:34.096773",
  "scenario": "healthy",
  "duration": 3600.0,
  "num_points": 361,
  "environment_params": {
    "Estrogen": 1.6066480296870764,
    "PTH": 52.465955492316205,
    "k_prod_Scl": 4.657440961272817e-06,
    "k_deg_Scl": 8.230637007115564e-05,
    "Sclerostin_bone": 0.06579487125827521,
    "k_prod_RANKL": 1.0586471949077895e-05,
    "k_deg_RANKL": 1.7507107591079008e-05,
    "RANKL_bone": 0.550709148583272,
    "k_prod_OPG": 6.702921318705354e-05,
    "k_deg_OPG": 2.0363458487952656e-05,
    "OPG_bone": 5.5042013561104,
    "MineralIon": 3.061687967010557,
    "k_prod_Mineral": 0.10524920215331753,
    "k_loss_Mineral": 0.040449194186686285
  },
  "biosensor_config": {
    "circuit_type": "direct_binding",
    "sensitivity": 9.736024513149268,
    "threshold": 0.0015467520668689732,
    "dynamic_range": [
      0.0,
      0.44404824271339727
    ],
    "kd": 0.14469630960850047,
    "response_type": "michaelis_menten",
    "receptor_concentration": 8.518296221540227,
    "kon": 34647.53829958316,
    "koff": 5013.370928968863
  },
  "noise_preset": "low",
  "noise_params": {
    "additive_sigma": 0.005,
    "multiplicative_sigma": 0.01,
    "drift_rate": 2e-05,
    "outlier_probability": 0.0002,
    "outlier_magnitude": 2.0,
    "shot_noise_enabled": 0,
    "seed": null
  },
  "measurement": {
    "snr_db": 20.49815663596678,
    "n_detections": 361,
    "detection_rate": 1.0,
    "time_to_detection": 3709.324387420044,
    "false_negative_rate": 0.004179474223585678,
    "max_signal": 0.5284972970239807,
    "mean_signal": 0.47983060089404694,
    "signal_std": 0.02185697120768916,
    "has_noise": 1
  },
  "false_negative_rate": 0.004179474223585678,
  "sclerostin_mean": 0.6680571687017974,
  "sclerostin_max": 0.6896857599937264,
  "sclerostin_min": 0.025000000000000005,
  "sclerostin_std": 0.03533546925392779,
  "metadata_file": "metadata/d35f1a31-9595-4ce9-b58e-b1dc5256e874.json",
  "timeseries_file": "timeseries/d35f1a31-9595-4ce9-b58e-b1dc5256e874.csv"
}