{
  "run_id": "d3849793-920b-49d2-9ed8-f7c99c982105",
  "timestamp": "2026-01-31T04:10:25.182824",
  "scenario": "ckd_mbd",
  "duration": 3600.0,
  "num_points": 361,
  "environment_params": {
    "Estrogen": 0.8229204488037354,
    "PTH": 209.78198784847163,
    "k_prod_Scl": 2.057532400031452e-05,
    "k_deg_Scl": 4.1289451751973514e-05,
    "k_prod_RANKL": 1.9650386308338786e-05,
    "k_prod_OPG": 6.869231424632684e-05,
    "Sclerostin_bone": 0.20853938892763424,
    "RANKL_bone": 1.437001272619186,
    "OPG_bone": 5.6474333166648725,
    "MineralIon": 1.7464539870153761,
    "k_prod_Mineral": 0.25638171111574887
  },
  "biosensor_config": {
    "circuit_type": "ratiometric",
    "sensitivity": 4.198616026382661,
    "threshold": 0.01081043472919758,
    "dynamic_range": [
      0.0,
      13.45359813755049
    ],
    "kd": 0.15868940313508678,
    "response_type": "michaelis_menten",
    "reference_kd": 0.7900321286614419,
    "ratio_exponent": 1.4524164470942946
  },
  "noise_preset": "high",
  "noise_params": {
    "additive_sigma": 0.1,
    "multiplicative_sigma": 0.2,
    "drift_rate": 0.001,
    "outlier_probability": 0.01,
    "outlier_magnitude": 10.0,
    "shot_noise_enabled": true,
    "seed": null
  },
  "measurement": {
    "snr_db": 5.575006674555367,
    "n_detections": 361,
    "detection_rate": 1.0,
    "time_to_detection": 1147.0475261014644,
    "false_negative_rate": 0.08845099154939849,
    "max_signal": 9.215658548220194,
    "mean_signal": 5.942867033915053,
    "signal_std": 1.355855213466508,
    "has_noise": true
  },
  "false_negative_rate": 0.08845099154939849,
  "sclerostin_mean": 2.294618177499492,
  "sclerostin_max": 2.679943057070948,
  "sclerostin_min": 0.025000000000000005,
  "sclerostin_std": 0.22838259620555534,
  "metadata_file": "metadata/d3849793-920b-49d2-9ed8-f7c99c982105.json",
  "timeseries_file": "timeseries/d3849793-920b-49d2-9ed8-f7c99c982105.csv"
}