{
  "run_id": "d4e69488-55f4-49db-8c80-6d096e1a1419",
  "timestamp": "2026-01-31T04:10:38.679998",
  "scenario": "healthy",
  "duration": 3600.0,
  "num_points": 361,
  "environment_params": {
    "Estrogen": 0.8383477275153459,
    "PTH": 39.593467522466625,
    "k_prod_Scl": 3.2243847377073547e-06,
    "k_prod_RANKL": 1.6219623007346143e-05,
    "k_prod_OPG": 0.00012122075363889055,
    "Sclerostin_bone": 0.07877459487654402,
    "RANKL_bone": 0.5318470975205437,
    "OPG_bone": 6.404615911611153
  },
  "biosensor_config": {
    "circuit_type": "amplifying",
    "sensitivity": 0.6467307722078681,
    "threshold": 0.00020313987746370464,
    "dynamic_range": [
      0.0,
      1.8052356046235298
    ],
    "kd": 2.0678689941142103,
    "response_type": "hill",
    "receptor_concentration": 1.02051838385214,
    "enzyme_concentration": 3.56464771767541,
    "amplification_gain": 4573.341754180948,
    "response_time": 452.0410301952581
  },
  "noise_preset": "medium",
  "noise_params": {
    "additive_sigma": 0.03,
    "multiplicative_sigma": 0.06,
    "drift_rate": 0.0003,
    "outlier_probability": 0.003,
    "outlier_magnitude": 4.0,
    "shot_noise_enabled": false,
    "seed": null
  },
  "measurement": {
    "snr_db": 0.31372903646061967,
    "n_detections": 361,
    "detection_rate": 1.0,
    "time_to_detection": 410.6015587026212,
    "false_negative_rate": 0.0006148277994689533,
    "max_signal": 1.816938841015669,
    "mean_signal": 1.1826389034280467,
    "signal_std": 0.31930934614629336,
    "has_noise": true
  },
  "false_negative_rate": 0.0006148277994689533,
  "sclerostin_mean": 0.8103411601792785,
  "sclerostin_max": 0.8567232127763077,
  "sclerostin_min": 0.025000000000000005,
  "sclerostin_std": 0.04714690641224505,
  "metadata_file": "metadata/d4e69488-55f4-49db-8c80-6d096e1a1419.json",
  "timeseries_file": "timeseries/d4e69488-55f4-49db-8c80-6d096e1a1419.csv"
}