{
  "run_id": "d4f478c6-3560-4015-80c9-39f5ee4d88b7",
  "timestamp": "2026-01-31T04:11:00.029948",
  "scenario": "healthy",
  "duration": 3600.0,
  "num_points": 361,
  "environment_params": {
    "Estrogen": 0.8174576474216549,
    "PTH": 46.43443749425142,
    "k_prod_Scl": 4.2307135948948115e-06,
    "k_prod_RANKL": 9.205213621424878e-06,
    "k_prod_OPG": 0.00011202627461764751,
    "Sclerostin_bone": 0.046825330458182865,
    "RANKL_bone": 1.1719003566024384,
    "OPG_bone": 7.062054019824144
  },
  "biosensor_config": {
    "circuit_type": "threshold",
    "sensitivity": 32.13058943325324,
    "threshold": 0.0012780742452774786,
    "dynamic_range": [
      0.0,
      12.5597244203059
    ],
    "kd": 0.07581825392800957,
    "response_type": "hill",
    "hill_coefficient": 5.973143645183811,
    "off_level": 0.24895121633545053,
    "on_level": 24.37002919312064
  },
  "noise_preset": "high",
  "noise_params": {
    "additive_sigma": 0.1,
    "multiplicative_sigma": 0.2,
    "drift_rate": 0.001,
    "outlier_probability": 0.01,
    "outlier_magnitude": 10.0,
    "shot_noise_enabled": true,
    "seed": null
  },
  "measurement": {
    "snr_db": 12.250294210989384,
    "n_detections": 361,
    "detection_rate": 1.0,
    "time_to_detection": 4180.774061879418,
    "false_negative_rate": 0.012512711820316878,
    "max_signal": 22.619753707227325,
    "mean_signal": 14.013457333733562,
    "signal_std": 2.768580782210134,
    "has_noise": true
  },
  "false_negative_rate": 0.012512711820316878,
  "sclerostin_mean": 0.5188208771939059,
  "sclerostin_max": 0.5843061914695966,
  "sclerostin_min": 0.025000000000000005,
  "sclerostin_std": 0.041949112396360025,
  "metadata_file": "metadata/d4f478c6-3560-4015-80c9-39f5ee4d88b7.json",
  "timeseries_file": "timeseries/d4f478c6-3560-4015-80c9-39f5ee4d88b7.csv"
}