{
  "run_id": "d5babba4-7757-421c-8489-a18c47e1c315",
  "timestamp": "2026-05-17T01:54:23.819296",
  "scenario": "pmo",
  "duration": 3600.0,
  "num_points": 361,
  "environment_params": {
    "Estrogen": 0.2732687260726592,
    "PTH": 54.69108545435904,
    "k_prod_Scl": 6.089086126368961e-06,
    "k_deg_Scl": 7.305537800068293e-05,
    "Sclerostin_bone": 0.07115715015002791,
    "k_prod_RANKL": 2.8051390730724722e-05,
    "k_deg_RANKL": 1.9434329735081823e-05,
    "RANKL_bone": 0.8341315692496668,
    "k_prod_OPG": 7.136140804584278e-05,
    "k_deg_OPG": 2.0564488951999327e-05,
    "OPG_bone": 3.699003931204669,
    "MineralIon": 2.1395382714483513,
    "k_prod_Mineral": 0.06949051811550781,
    "k_loss_Mineral": 0.0565751057816791
  },
  "biosensor_config": {
    "circuit_type": "ratiometric",
    "sensitivity": 17.5990567624308,
    "threshold": 0.0009682131942034859,
    "dynamic_range": [
      0.0,
      12.34232684418429
    ],
    "kd": 1.4106285040371387,
    "response_type": "hill",
    "reference_kd": 0.759369116816598,
    "ratio_exponent": 2.530368613090372
  },
  "noise_preset": "medium",
  "noise_params": {
    "additive_sigma": 0.03,
    "multiplicative_sigma": 0.06,
    "drift_rate": 0.0002,
    "outlier_probability": 0.003,
    "outlier_magnitude": 4.0,
    "shot_noise_enabled": 0,
    "seed": null
  },
  "measurement": {
    "snr_db": 22.987507587143277,
    "n_detections": 361,
    "detection_rate": 1.0,
    "time_to_detection": 437.5481820479408,
    "false_negative_rate": 0.012619085092955656,
    "max_signal": 14.864878019316132,
    "mean_signal": 12.71351427002824,
    "signal_std": 0.7923969240766797,
    "has_noise": 1
  },
  "false_negative_rate": 0.012619085092955656,
  "sclerostin_mean": 0.897104307680254,
  "sclerostin_max": 1.1659396268416735,
  "sclerostin_min": 0.025000000000000005,
  "sclerostin_std": 0.14433521353394568,
  "metadata_file": "metadata/d5babba4-7757-421c-8489-a18c47e1c315.json",
  "timeseries_file": "timeseries/d5babba4-7757-421c-8489-a18c47e1c315.csv"
}