{
  "run_id": "d5cc5f15-d735-46ff-a27b-65399edae2ea",
  "timestamp": "2026-05-17T01:48:51.481319",
  "scenario": "ckd_mbd",
  "duration": 3600.0,
  "num_points": 361,
  "environment_params": {
    "Estrogen": 0.5079870543344301,
    "PTH": 136.24398377887428,
    "k_prod_Scl": 1.575767546223116e-05,
    "k_deg_Scl": 5.954376407480904e-05,
    "Sclerostin_bone": 0.1894113939437085,
    "k_prod_RANKL": 1.934398561701788e-05,
    "k_deg_RANKL": 2.4124151091984994e-05,
    "RANKL_bone": 0.9446507714027117,
    "k_prod_OPG": 0.00010703386468385053,
    "k_deg_OPG": 2.1298429678103405e-05,
    "OPG_bone": 6.382657561914845,
    "MineralIon": 3.314715144649114,
    "k_prod_Mineral": 0.15586841415667382,
    "k_loss_Mineral": 0.018109649787887597
  },
  "biosensor_config": {
    "circuit_type": "amplifying",
    "sensitivity": 2.4822323092657532,
    "threshold": 0.0016358579168681748,
    "dynamic_range": [
      0.0,
      2.550221281605332
    ],
    "kd": 4.457990494888696,
    "response_type": "hill",
    "receptor_concentration": 1.4154430405784335,
    "enzyme_concentration": 26.672697542384448,
    "amplification_gain": 7476.151243848596,
    "response_time": 381.9335355444994
  },
  "noise_preset": "high",
  "noise_params": {
    "additive_sigma": 0.08,
    "multiplicative_sigma": 0.12,
    "drift_rate": 0.0004,
    "outlier_probability": 0.005,
    "outlier_magnitude": 6.0,
    "shot_noise_enabled": 0,
    "seed": null
  },
  "measurement": {
    "snr_db": 8.625895486637056,
    "n_detections": 361,
    "detection_rate": 1.0,
    "time_to_detection": 3758.411433366378,
    "false_negative_rate": 0.03718502393040586,
    "max_signal": 4.4319725998273904,
    "mean_signal": 3.2162863384816895,
    "signal_std": 0.5666955732530985,
    "has_noise": 1
  },
  "false_negative_rate": 0.03718502393040586,
  "sclerostin_mean": 2.19976752929925,
  "sclerostin_max": 2.7083818886254205,
  "sclerostin_min": 0.025000000000000005,
  "sclerostin_std": 0.2823449290197524,
  "metadata_file": "metadata/d5cc5f15-d735-46ff-a27b-65399edae2ea.json",
  "timeseries_file": "timeseries/d5cc5f15-d735-46ff-a27b-65399edae2ea.csv"
}