{
  "run_id": "d6a5d6e2-9fd6-43d6-ae51-46fb42c70e6d",
  "timestamp": "2026-01-31T04:11:10.758093",
  "scenario": "pmo",
  "duration": 3600.0,
  "num_points": 361,
  "environment_params": {
    "Estrogen": 0.12514435348091948,
    "PTH": 50.374566214204535,
    "k_prod_Scl": 6.369666361741562e-06,
    "k_prod_RANKL": 2.86130138552351e-05,
    "k_prod_OPG": 4.9074096904999126e-05,
    "Sclerostin_bone": 0.13116440993126582,
    "RANKL_bone": 1.569939199869518,
    "OPG_bone": 1.791392427697231
  },
  "biosensor_config": {
    "circuit_type": "ratiometric",
    "sensitivity": 0.3906463696857602,
    "threshold": 0.0004931904979897217,
    "dynamic_range": [
      0.0,
      6.568684253375222
    ],
    "kd": 0.15749123476614432,
    "response_type": "linear",
    "reference_kd": 0.35254357597241676,
    "ratio_exponent": 1.6208821569285807
  },
  "noise_preset": "low",
  "noise_params": {
    "additive_sigma": 0.005,
    "multiplicative_sigma": 0.01,
    "drift_rate": 2e-05,
    "outlier_probability": 0.0002,
    "outlier_magnitude": 2.0,
    "shot_noise_enabled": false,
    "seed": null
  },
  "measurement": {
    "snr_db": 38.431756063172,
    "n_detections": 361,
    "detection_rate": 1.0,
    "time_to_detection": 253.07325095384053,
    "false_negative_rate": 0.029962216843790364,
    "max_signal": 6.793751915636227,
    "mean_signal": 6.6028776696518445,
    "signal_std": 0.07086678041297274,
    "has_noise": true
  },
  "false_negative_rate": 0.029962216843790364,
  "sclerostin_mean": 1.5239813008757814,
  "sclerostin_max": 1.8664146600258062,
  "sclerostin_min": 0.025000000000000005,
  "sclerostin_std": 0.1908268185618997,
  "metadata_file": "metadata/d6a5d6e2-9fd6-43d6-ae51-46fb42c70e6d.json",
  "timeseries_file": "timeseries/d6a5d6e2-9fd6-43d6-ae51-46fb42c70e6d.csv"
}