{
  "run_id": "d72e3bc4-d111-4e10-85d3-5437c6b0b89d",
  "timestamp": "2026-01-31T04:10:15.010100",
  "scenario": "pmo",
  "duration": 3600.0,
  "num_points": 361,
  "environment_params": {
    "Estrogen": 0.11000161421757076,
    "PTH": 55.581202537615454,
    "k_prod_Scl": 5.849833609138975e-06,
    "k_prod_RANKL": 2.643500522460054e-05,
    "k_prod_OPG": 7.562575059427235e-05,
    "Sclerostin_bone": 0.13112041792591939,
    "RANKL_bone": 1.2326519307718031,
    "OPG_bone": 2.6795474084742255
  },
  "biosensor_config": {
    "circuit_type": "threshold",
    "sensitivity": 3.272920123373258,
    "threshold": 0.003882101315007846,
    "dynamic_range": [
      0.0,
      6.121752977036735
    ],
    "kd": 0.5443856643801868,
    "response_type": "hill",
    "hill_coefficient": 4.482108499014721,
    "off_level": 0.37748333839231435,
    "on_level": 5.2460176198800355
  },
  "noise_preset": "low",
  "noise_params": {
    "additive_sigma": 0.005,
    "multiplicative_sigma": 0.01,
    "drift_rate": 2e-05,
    "outlier_probability": 0.0002,
    "outlier_magnitude": 2.0,
    "shot_noise_enabled": false,
    "seed": null
  },
  "measurement": {
    "snr_db": 37.801119024932824,
    "n_detections": 361,
    "detection_rate": 1.0,
    "time_to_detection": 567.2448735444242,
    "false_negative_rate": 0.032656296665949026,
    "max_signal": 5.400298642447174,
    "mean_signal": 5.21338684335609,
    "signal_std": 0.26462829180802255,
    "has_noise": true
  },
  "false_negative_rate": 0.032656296665949026,
  "sclerostin_mean": 1.5103488514866446,
  "sclerostin_max": 1.83415758337663,
  "sclerostin_min": 0.025000000000000005,
  "sclerostin_std": 0.18188182150285412,
  "metadata_file": "metadata/d72e3bc4-d111-4e10-85d3-5437c6b0b89d.json",
  "timeseries_file": "timeseries/d72e3bc4-d111-4e10-85d3-5437c6b0b89d.csv"
}