{
  "run_id": "d782112a-1723-4f4b-9414-200b3d73d1a3",
  "timestamp": "2026-01-31T04:09:55.898510",
  "scenario": "ckd_mbd",
  "duration": 3600.0,
  "num_points": 361,
  "environment_params": {
    "Estrogen": 0.6603870398744849,
    "PTH": 323.5425700291041,
    "k_prod_Scl": 1.588050862025849e-05,
    "k_deg_Scl": 4.857217260272566e-05,
    "k_prod_RANKL": 2.1453212255181184e-05,
    "k_prod_OPG": 8.299052834035597e-05,
    "Sclerostin_bone": 0.20833022331112866,
    "RANKL_bone": 0.9155117500508704,
    "OPG_bone": 6.4158125232721135,
    "MineralIon": 2.1565433784033807,
    "k_prod_Mineral": 0.18565313911466427
  },
  "biosensor_config": {
    "circuit_type": "amplifying",
    "sensitivity": 1.511126235458117,
    "threshold": 0.0011402595987500875,
    "dynamic_range": [
      0.0,
      15.5788468045322
    ],
    "kd": 0.5506290122725679,
    "response_type": "michaelis_menten",
    "receptor_concentration": 1.7886480175485096,
    "enzyme_concentration": 6.141275886327898,
    "amplification_gain": 7246.19079965929,
    "response_time": 300.2889943913747
  },
  "noise_preset": "medium",
  "noise_params": {
    "additive_sigma": 0.03,
    "multiplicative_sigma": 0.06,
    "drift_rate": 0.0003,
    "outlier_probability": 0.003,
    "outlier_magnitude": 4.0,
    "shot_noise_enabled": false,
    "seed": null
  },
  "measurement": {
    "snr_db": 7.578250411475747,
    "n_detections": 361,
    "detection_rate": 1.0,
    "time_to_detection": 3898.845733168847,
    "false_negative_rate": 0.07289073823469326,
    "max_signal": 2.6876246374598565,
    "mean_signal": 2.046104133719363,
    "signal_std": 0.34301864679367927,
    "has_noise": true
  },
  "false_negative_rate": 0.07289073823469326,
  "sclerostin_mean": 2.313992678133478,
  "sclerostin_max": 2.72942382192661,
  "sclerostin_min": 0.025000000000000005,
  "sclerostin_std": 0.24215450964664698,
  "metadata_file": "metadata/d782112a-1723-4f4b-9414-200b3d73d1a3.json",
  "timeseries_file": "timeseries/d782112a-1723-4f4b-9414-200b3d73d1a3.csv"
}