{
  "run_id": "d7a4bf44-e2e4-4f6c-92cd-486f83ef49e7",
  "timestamp": "2026-01-31T04:10:33.769420",
  "scenario": "ckd_mbd",
  "duration": 3600.0,
  "num_points": 361,
  "environment_params": {
    "Estrogen": 0.4457042845373578,
    "PTH": 255.11009647494734,
    "k_prod_Scl": 1.076474202592758e-05,
    "k_deg_Scl": 4.037338704836258e-05,
    "k_prod_RANKL": 2.0130539369360805e-05,
    "k_prod_OPG": 7.965292612171122e-05,
    "Sclerostin_bone": 0.25052728022847476,
    "RANKL_bone": 1.1354433636281966,
    "OPG_bone": 3.0005053765829888,
    "MineralIon": 3.056579221069481,
    "k_prod_Mineral": 0.21251051249522496
  },
  "biosensor_config": {
    "circuit_type": "direct_binding",
    "sensitivity": 0.9065242069149058,
    "threshold": 0.005756759527468979,
    "dynamic_range": [
      0.0,
      5.819716341998342
    ],
    "kd": 3.8069089371083633,
    "response_type": "hill",
    "receptor_concentration": 4.512719197325289,
    "kon": 396807.04580205143,
    "koff": 1510608.2889713973
  },
  "noise_preset": "medium",
  "noise_params": {
    "additive_sigma": 0.03,
    "multiplicative_sigma": 0.06,
    "drift_rate": 0.0003,
    "outlier_probability": 0.003,
    "outlier_magnitude": 4.0,
    "shot_noise_enabled": false,
    "seed": null
  },
  "measurement": {
    "snr_db": -10.913124950338077,
    "n_detections": 361,
    "detection_rate": 1.0,
    "time_to_detection": 1831.4167811776251,
    "false_negative_rate": 0.17089220557487522,
    "max_signal": 1.3172202948412532,
    "mean_signal": 0.7189784398452896,
    "signal_std": 0.3295416200345085,
    "has_noise": true
  },
  "false_negative_rate": 0.17089220557487522,
  "sclerostin_mean": 2.724136814359496,
  "sclerostin_max": 3.1484665423682068,
  "sclerostin_min": 0.025000000000000005,
  "sclerostin_std": 0.2569181893934101,
  "metadata_file": "metadata/d7a4bf44-e2e4-4f6c-92cd-486f83ef49e7.json",
  "timeseries_file": "timeseries/d7a4bf44-e2e4-4f6c-92cd-486f83ef49e7.csv"
}