{
  "run_id": "d81050c0-053a-4251-9e99-513d158494c5",
  "timestamp": "2026-05-17T01:54:30.689599",
  "scenario": "pmo",
  "duration": 3600.0,
  "num_points": 361,
  "environment_params": {
    "Estrogen": 0.26742960264052795,
    "PTH": 53.193189516865814,
    "k_prod_Scl": 6.302606061923901e-06,
    "k_deg_Scl": 9.351348086033592e-05,
    "Sclerostin_bone": 0.12480451660474919,
    "k_prod_RANKL": 1.950029239247842e-05,
    "k_deg_RANKL": 1.8141820375536456e-05,
    "RANKL_bone": 1.5714337546185304,
    "k_prod_OPG": 8.115490912224719e-05,
    "k_deg_OPG": 1.85272579562743e-05,
    "OPG_bone": 4.776121163803311,
    "MineralIon": 2.4035562155966126,
    "k_prod_Mineral": 0.082209133103022,
    "k_loss_Mineral": 0.057636312651130145
  },
  "biosensor_config": {
    "circuit_type": "ratiometric",
    "sensitivity": 9.605690171905225,
    "threshold": 4.2616713794872316e-05,
    "dynamic_range": [
      0.0,
      3.3521129866791197
    ],
    "kd": 0.21794722270787245,
    "response_type": "michaelis_menten",
    "reference_kd": 0.07768448856865459,
    "ratio_exponent": 2.6959268603461344
  },
  "noise_preset": "medium",
  "noise_params": {
    "additive_sigma": 0.03,
    "multiplicative_sigma": 0.06,
    "drift_rate": 0.0002,
    "outlier_probability": 0.003,
    "outlier_magnitude": 4.0,
    "shot_noise_enabled": 0,
    "seed": null
  },
  "measurement": {
    "snr_db": 17.147684904485338,
    "n_detections": 361,
    "detection_rate": 1.0,
    "time_to_detection": 3044.294520865912,
    "false_negative_rate": 0.09792887922549197,
    "max_signal": 4.598771486417243,
    "mean_signal": 3.7070035715349405,
    "signal_std": 0.3012600377475028,
    "has_noise": 1
  },
  "false_negative_rate": 0.09792887922549197,
  "sclerostin_mean": 1.4148861851320933,
  "sclerostin_max": 1.691534702105965,
  "sclerostin_min": 0.025000000000000005,
  "sclerostin_std": 0.15791198692435823,
  "metadata_file": "metadata/d81050c0-053a-4251-9e99-513d158494c5.json",
  "timeseries_file": "timeseries/d81050c0-053a-4251-9e99-513d158494c5.csv"
}