{
  "run_id": "d896367c-8d39-40c7-b834-603525e25436",
  "timestamp": "2026-01-31T04:10:48.317740",
  "scenario": "healthy",
  "duration": 3600.0,
  "num_points": 361,
  "environment_params": {
    "Estrogen": 1.256869604933698,
    "PTH": 55.452560058684746,
    "k_prod_Scl": 3.667582843597204e-06,
    "k_prod_RANKL": 1.090102142661618e-05,
    "k_prod_OPG": 0.00011430715577034666,
    "Sclerostin_bone": 0.06400986602361841,
    "RANKL_bone": 0.4463521547481835,
    "OPG_bone": 7.611081168460651
  },
  "biosensor_config": {
    "circuit_type": "direct_binding",
    "sensitivity": 1.007840271115288,
    "threshold": 0.0002576231200945615,
    "dynamic_range": [
      0.0,
      18.43368953633691
    ],
    "kd": 0.3062182699259373,
    "response_type": "hill",
    "receptor_concentration": 2.6275155250682114,
    "kon": 4962.1134024752555,
    "koff": 1519.489781282279
  },
  "noise_preset": "high",
  "noise_params": {
    "additive_sigma": 0.1,
    "multiplicative_sigma": 0.2,
    "drift_rate": 0.001,
    "outlier_probability": 0.01,
    "outlier_magnitude": 10.0,
    "shot_noise_enabled": true,
    "seed": null
  },
  "measurement": {
    "snr_db": -6.542978744539619,
    "n_detections": 361,
    "detection_rate": 1.0,
    "time_to_detection": 4471.883419378897,
    "false_negative_rate": 0.006587828528414004,
    "max_signal": 5.268641948547534,
    "mean_signal": 2.7591913766240466,
    "signal_std": 1.072039695379963,
    "has_noise": true
  },
  "false_negative_rate": 0.006587828528414004,
  "sclerostin_mean": 0.6567060591096865,
  "sclerostin_max": 0.6855511972806528,
  "sclerostin_min": 0.025000000000000005,
  "sclerostin_std": 0.036049380166396326,
  "metadata_file": "metadata/d896367c-8d39-40c7-b834-603525e25436.json",
  "timeseries_file": "timeseries/d896367c-8d39-40c7-b834-603525e25436.csv"
}