{
  "run_id": "d8cd3843-d74b-408e-98cb-94695513ccdc",
  "timestamp": "2026-01-31T04:10:34.706610",
  "scenario": "ckd_mbd",
  "duration": 3600.0,
  "num_points": 361,
  "environment_params": {
    "Estrogen": 0.6581365105877534,
    "PTH": 263.03301604764306,
    "k_prod_Scl": 1.4587255409814832e-05,
    "k_deg_Scl": 4.125063332899511e-05,
    "k_prod_RANKL": 1.272877532968642e-05,
    "k_prod_OPG": 8.768397001238006e-05,
    "Sclerostin_bone": 0.1908660009741109,
    "RANKL_bone": 0.7497047724718768,
    "OPG_bone": 4.93492892020387,
    "MineralIon": 4.491463906162927,
    "k_prod_Mineral": 0.10186236870300741
  },
  "biosensor_config": {
    "circuit_type": "direct_binding",
    "sensitivity": 1.959158823350569,
    "threshold": 0.004911534870807002,
    "dynamic_range": [
      0.0,
      3.118112155720093
    ],
    "kd": 1.0234396635265142,
    "response_type": "michaelis_menten",
    "receptor_concentration": 1.3066305120892705,
    "kon": 409702.98713720974,
    "koff": 419306.2873015137
  },
  "noise_preset": "medium",
  "noise_params": {
    "additive_sigma": 0.03,
    "multiplicative_sigma": 0.06,
    "drift_rate": 0.0003,
    "outlier_probability": 0.003,
    "outlier_magnitude": 4.0,
    "shot_noise_enabled": false,
    "seed": null
  },
  "measurement": {
    "snr_db": 3.1768918074369186,
    "n_detections": 361,
    "detection_rate": 1.0,
    "time_to_detection": 2249.8055220935394,
    "false_negative_rate": 0.06199378393954339,
    "max_signal": 2.0943577733370367,
    "mean_signal": 1.4411486109736693,
    "signal_std": 0.3441099120673839,
    "has_noise": true
  },
  "false_negative_rate": 0.06199378393954339,
  "sclerostin_mean": 2.120817683235248,
  "sclerostin_max": 2.4994304421486704,
  "sclerostin_min": 0.025000000000000005,
  "sclerostin_std": 0.22096327174971955,
  "metadata_file": "metadata/d8cd3843-d74b-408e-98cb-94695513ccdc.json",
  "timeseries_file": "timeseries/d8cd3843-d74b-408e-98cb-94695513ccdc.csv"
}