{
  "run_id": "d8dc191e-e863-40be-98fb-3c3d6f1928a3",
  "timestamp": "2026-01-31T04:10:31.284733",
  "scenario": "ckd_mbd",
  "duration": 3600.0,
  "num_points": 361,
  "environment_params": {
    "Estrogen": 0.49849257093835325,
    "PTH": 172.8764997468611,
    "k_prod_Scl": 1.9617577954641372e-05,
    "k_deg_Scl": 4.698369948887165e-05,
    "k_prod_RANKL": 1.643197051170932e-05,
    "k_prod_OPG": 9.656395940380014e-05,
    "Sclerostin_bone": 0.19333600194444225,
    "RANKL_bone": 1.348524129169426,
    "OPG_bone": 5.364473101612939,
    "MineralIon": 5.2048071725675324,
    "k_prod_Mineral": 0.17918805404165686
  },
  "biosensor_config": {
    "circuit_type": "amplifying",
    "sensitivity": 2.5618861247845826,
    "threshold": 0.0022385904887237506,
    "dynamic_range": [
      0.0,
      6.207930425701723
    ],
    "kd": 0.09160377533070818,
    "response_type": "hill",
    "receptor_concentration": 0.4744825765935995,
    "enzyme_concentration": 23.669128084221256,
    "amplification_gain": 8489.640693070776,
    "response_time": 328.31917008167915
  },
  "noise_preset": "low",
  "noise_params": {
    "additive_sigma": 0.005,
    "multiplicative_sigma": 0.01,
    "drift_rate": 2e-05,
    "outlier_probability": 0.0002,
    "outlier_magnitude": 2.0,
    "shot_noise_enabled": false,
    "seed": null
  },
  "measurement": {
    "snr_db": 34.11235356090939,
    "n_detections": 360,
    "detection_rate": 0.997229916897507,
    "time_to_detection": 707.626296035468,
    "false_negative_rate": 0.032011512815464174,
    "max_signal": 2.7006114364493397,
    "mean_signal": 2.592337446094575,
    "signal_std": 0.1406861499945223,
    "has_noise": true
  },
  "false_negative_rate": 0.032011512815464174,
  "sclerostin_mean": 2.3522432974268663,
  "sclerostin_max": 3.020346176458709,
  "sclerostin_min": 0.025000000000000005,
  "sclerostin_std": 0.3613260806939905,
  "metadata_file": "metadata/d8dc191e-e863-40be-98fb-3c3d6f1928a3.json",
  "timeseries_file": "timeseries/d8dc191e-e863-40be-98fb-3c3d6f1928a3.csv"
}