{
  "run_id": "da3d03d5-0cfb-4ee6-a2db-ecc920fbc27b",
  "timestamp": "2026-01-31T04:10:24.972452",
  "scenario": "pmo",
  "duration": 3600.0,
  "num_points": 361,
  "environment_params": {
    "Estrogen": 0.13325226613340038,
    "PTH": 57.16273947775669,
    "k_prod_Scl": 7.23763094340776e-06,
    "k_prod_RANKL": 3.917219906882606e-05,
    "k_prod_OPG": 3.6640362440107455e-05,
    "Sclerostin_bone": 0.06247586513785781,
    "RANKL_bone": 1.54148720998141,
    "OPG_bone": 1.6203780763068958
  },
  "biosensor_config": {
    "circuit_type": "amplifying",
    "sensitivity": 2.076305270156129,
    "threshold": 0.01537475072086017,
    "dynamic_range": [
      0.0,
      5.220484639672823
    ],
    "kd": 0.5815784945518916,
    "response_type": "michaelis_menten",
    "receptor_concentration": 1.8362032800830586,
    "enzyme_concentration": 2.6010001949658657,
    "amplification_gain": 749.5014906108257,
    "response_time": 139.0731122901274
  },
  "noise_preset": "high",
  "noise_params": {
    "additive_sigma": 0.1,
    "multiplicative_sigma": 0.2,
    "drift_rate": 0.001,
    "outlier_probability": 0.01,
    "outlier_magnitude": 10.0,
    "shot_noise_enabled": true,
    "seed": null
  },
  "measurement": {
    "snr_db": -0.12580201529496704,
    "n_detections": 360,
    "detection_rate": 0.997229916897507,
    "time_to_detection": 1261.6784755155375,
    "false_negative_rate": 0.1836074559132302,
    "max_signal": 6.367460965021927,
    "mean_signal": 3.8406933057945323,
    "signal_std": 1.147365892885119,
    "has_noise": true
  },
  "false_negative_rate": 0.1836074559132302,
  "sclerostin_mean": 0.9033157145978078,
  "sclerostin_max": 1.2959872255223837,
  "sclerostin_min": 0.025000000000000005,
  "sclerostin_std": 0.2057972352124036,
  "metadata_file": "metadata/da3d03d5-0cfb-4ee6-a2db-ecc920fbc27b.json",
  "timeseries_file": "timeseries/da3d03d5-0cfb-4ee6-a2db-ecc920fbc27b.csv"
}