{
  "run_id": "da789aca-b9aa-4a43-864f-88dd77b9c914",
  "timestamp": "2026-01-31T04:11:02.586540",
  "scenario": "ckd_mbd",
  "duration": 3600.0,
  "num_points": 361,
  "environment_params": {
    "Estrogen": 0.7570391958573054,
    "PTH": 281.9154590400912,
    "k_prod_Scl": 1.5586362012834477e-05,
    "k_deg_Scl": 4.8780612685035245e-05,
    "k_prod_RANKL": 2.0804259976682776e-05,
    "k_prod_OPG": 7.404262305584309e-05,
    "Sclerostin_bone": 0.19090465573489945,
    "RANKL_bone": 0.9610381062857255,
    "OPG_bone": 3.4898001612772247,
    "MineralIon": 3.3163229147498745,
    "k_prod_Mineral": 0.19053576568249744
  },
  "biosensor_config": {
    "circuit_type": "ratiometric",
    "sensitivity": 21.070167908022096,
    "threshold": 0.002095349657955471,
    "dynamic_range": [
      0.0,
      18.15060215530022
    ],
    "kd": 4.856720761707509,
    "response_type": "hill",
    "reference_kd": 0.43669182230948245,
    "ratio_exponent": 0.5794723466462279
  },
  "noise_preset": "low",
  "noise_params": {
    "additive_sigma": 0.005,
    "multiplicative_sigma": 0.01,
    "drift_rate": 2e-05,
    "outlier_probability": 0.0002,
    "outlier_magnitude": 2.0,
    "shot_noise_enabled": false,
    "seed": null
  },
  "measurement": {
    "snr_db": 39.31491606694637,
    "n_detections": 361,
    "detection_rate": 1.0,
    "time_to_detection": 280.24235953035793,
    "false_negative_rate": 0.0,
    "max_signal": 18.900926391985852,
    "mean_signal": 18.190951414465395,
    "signal_std": 0.19221228773187443,
    "has_noise": true
  },
  "false_negative_rate": 0.0,
  "sclerostin_mean": 2.090652727762258,
  "sclerostin_max": 2.427099771199989,
  "sclerostin_min": 0.025000000000000005,
  "sclerostin_std": 0.20161737492271112,
  "metadata_file": "metadata/da789aca-b9aa-4a43-864f-88dd77b9c914.json",
  "timeseries_file": "timeseries/da789aca-b9aa-4a43-864f-88dd77b9c914.csv"
}