{
  "run_id": "dad25fc5-1383-430e-b029-92424f4b2afa",
  "timestamp": "2026-05-17T01:58:28.110264",
  "scenario": "ckd_mbd",
  "duration": 3600.0,
  "num_points": 361,
  "environment_params": {
    "Estrogen": 0.8606701699213527,
    "PTH": 126.3353861980284,
    "k_prod_Scl": 1.524643358431676e-05,
    "k_deg_Scl": 5.4458830341397846e-05,
    "Sclerostin_bone": 0.14581309595171188,
    "k_prod_RANKL": 1.3828622298047598e-05,
    "k_deg_RANKL": 1.900797366072738e-05,
    "RANKL_bone": 0.7904895908010686,
    "k_prod_OPG": 0.00010293768441023537,
    "k_deg_OPG": 1.304118287678349e-05,
    "OPG_bone": 5.875025763472619,
    "MineralIon": 4.96573391058554,
    "k_prod_Mineral": 0.12406905727731325,
    "k_loss_Mineral": 0.0223752132761582
  },
  "biosensor_config": {
    "circuit_type": "ratiometric",
    "sensitivity": 5.177009400565147,
    "threshold": 8.171567714356977e-05,
    "dynamic_range": [
      0.0,
      7.235312682840929
    ],
    "kd": 0.022268189573870393,
    "response_type": "hill",
    "reference_kd": 0.6558033671453845,
    "ratio_exponent": 1.56244395759656
  },
  "noise_preset": "high",
  "noise_params": {
    "additive_sigma": 0.08,
    "multiplicative_sigma": 0.12,
    "drift_rate": 0.0004,
    "outlier_probability": 0.005,
    "outlier_magnitude": 6.0,
    "shot_noise_enabled": 0,
    "seed": null
  },
  "measurement": {
    "snr_db": 13.98732871331715,
    "n_detections": 361,
    "detection_rate": 1.0,
    "time_to_detection": 3802.733528647221,
    "false_negative_rate": 0.06525584124850826,
    "max_signal": 8.025213076542572,
    "mean_signal": 5.906522701350848,
    "signal_std": 0.7334248420260304,
    "has_noise": 1
  },
  "false_negative_rate": 0.06525584124850826,
  "sclerostin_mean": 1.597126070757395,
  "sclerostin_max": 1.846822921541327,
  "sclerostin_min": 0.025000000000000005,
  "sclerostin_std": 0.15067794439128113,
  "metadata_file": "metadata/dad25fc5-1383-430e-b029-92424f4b2afa.json",
  "timeseries_file": "timeseries/dad25fc5-1383-430e-b029-92424f4b2afa.csv"
}