{
  "run_id": "daf511a9-e424-4ffb-8bd9-093ddcbf3ec0",
  "timestamp": "2026-01-31T04:10:51.395859",
  "scenario": "pmo",
  "duration": 3600.0,
  "num_points": 361,
  "environment_params": {
    "Estrogen": 0.13125585463814746,
    "PTH": 36.01331390020208,
    "k_prod_Scl": 5.410983461481341e-06,
    "k_prod_RANKL": 3.757379353237991e-05,
    "k_prod_OPG": 5.7438199558021734e-05,
    "Sclerostin_bone": 0.04683809075046393,
    "RANKL_bone": 1.7880435276157094,
    "OPG_bone": 3.2445698486737657
  },
  "biosensor_config": {
    "circuit_type": "direct_binding",
    "sensitivity": 11.8456099045161,
    "threshold": 0.02148256413029816,
    "dynamic_range": [
      0.0,
      4.589239855141587
    ],
    "kd": 4.910350140331801,
    "response_type": "hill",
    "receptor_concentration": 0.28587346349171966,
    "kon": 349904.6672126781,
    "koff": 1718154.431750526
  },
  "noise_preset": "medium",
  "noise_params": {
    "additive_sigma": 0.03,
    "multiplicative_sigma": 0.06,
    "drift_rate": 0.0003,
    "outlier_probability": 0.003,
    "outlier_magnitude": 4.0,
    "shot_noise_enabled": false,
    "seed": null
  },
  "measurement": {
    "snr_db": -59.8066977215968,
    "n_detections": 350,
    "detection_rate": 0.9695290858725761,
    "time_to_detection": 9000.0,
    "false_negative_rate": 0.07903849786414796,
    "max_signal": 1.1265754929635883,
    "mean_signal": 0.5392175292737228,
    "signal_std": 0.31362244933694833,
    "has_noise": true
  },
  "false_negative_rate": 0.07903849786414796,
  "sclerostin_mean": 0.6718626438816038,
  "sclerostin_max": 0.9504104512547668,
  "sclerostin_min": 0.025000000000000005,
  "sclerostin_std": 0.14623112180811607,
  "metadata_file": "metadata/daf511a9-e424-4ffb-8bd9-093ddcbf3ec0.json",
  "timeseries_file": "timeseries/daf511a9-e424-4ffb-8bd9-093ddcbf3ec0.csv"
}