{
  "run_id": "db285a5b-4ab5-4ac0-ae24-9f476e2c6a25",
  "timestamp": "2026-05-17T01:40:39.985064",
  "scenario": "ckd_mbd",
  "duration": 3600.0,
  "num_points": 361,
  "environment_params": {
    "Estrogen": 0.5900883280013492,
    "PTH": 133.3724247200998,
    "k_prod_Scl": 1.620276442266775e-05,
    "k_deg_Scl": 6.675843141774266e-05,
    "Sclerostin_bone": 0.12444328517721717,
    "k_prod_RANKL": 1.8748270405490616e-05,
    "k_deg_RANKL": 1.7077652821122277e-05,
    "RANKL_bone": 0.6882792354179647,
    "k_prod_OPG": 0.00011315225474247025,
    "k_deg_OPG": 2.2628666363228066e-05,
    "OPG_bone": 4.468474483448848,
    "MineralIon": 4.089862278911804,
    "k_prod_Mineral": 0.13087758413714204,
    "k_loss_Mineral": 0.021152416515771107
  },
  "biosensor_config": {
    "circuit_type": "ratiometric",
    "sensitivity": 1.951825651805164,
    "threshold": 0.0011784797372472646,
    "dynamic_range": [
      0.0,
      9.905771226399999
    ],
    "kd": 0.1742697297515296,
    "response_type": "hill",
    "reference_kd": 0.3627124663802356,
    "ratio_exponent": 1.213189424781663
  },
  "biosensor_type": "ratiometric",
  "noise_preset": "medium",
  "noise_params": {
    "additive_sigma": 0.03,
    "multiplicative_sigma": 0.06,
    "drift_rate": 0.0002,
    "outlier_probability": 0.003,
    "outlier_magnitude": 4.0,
    "shot_noise_enabled": false,
    "seed": null
  },
  "measurement": {
    "snr_db": 13.058407160504826,
    "n_detections": 361,
    "detection_rate": 1.0,
    "time_to_detection": 411.48021031120663,
    "false_negative_rate": 0.05319753338475724,
    "max_signal": 2.8633469238483844,
    "mean_signal": 2.308638195041504,
    "signal_std": 0.24711840478120617,
    "has_noise": true
  },
  "signal_to_noise_ratio_SNR": 13.058407160504826,
  "time_to_detection_threshold": 411.48021031120663,
  "false_negative_rate": 0.05319753338475724,
  "dynamic_range_of_output": 0.0,
  "sclerostin_mean": 1.5313635859531285,
  "sclerostin_max": 1.9741060549146052,
  "sclerostin_min": 0.025000000000000005,
  "sclerostin_std": 0.2388180242893519,
  "sclerostin_change": 