{
  "run_id": "dbdfba99-8647-41c8-9de1-715bf48164d9",
  "timestamp": "2026-05-17T01:48:52.709263",
  "scenario": "healthy",
  "duration": 3600.0,
  "num_points": 361,
  "environment_params": {
    "Estrogen": 0.8869743264214855,
    "PTH": 64.2482321778551,
    "k_prod_Scl": 4.261337672608023e-06,
    "k_deg_Scl": 7.486269261590108e-05,
    "Sclerostin_bone": 0.06242358432074745,
    "k_prod_RANKL": 1.1960116277041973e-05,
    "k_deg_RANKL": 1.7121405804651087e-05,
    "RANKL_bone": 0.46197225535738295,
    "k_prod_OPG": 0.00011429888958976101,
    "k_deg_OPG": 1.9222086622909376e-05,
    "OPG_bone": 4.233488474394239,
    "MineralIon": 3.1045320590906917,
    "k_prod_Mineral": 0.09158478257719606,
    "k_loss_Mineral": 0.047425450680536316
  },
  "biosensor_config": {
    "circuit_type": "ratiometric",
    "sensitivity": 2.217097679288326,
    "threshold": 3.5243575522466104e-05,
    "dynamic_range": [
      0.0,
      8.837867257193917
    ],
    "kd": 3.320130346571657,
    "response_type": "hill",
    "reference_kd": 1.710478510985052,
    "ratio_exponent": 1.8473689269040272
  },
  "noise_preset": "high",
  "noise_params": {
    "additive_sigma": 0.08,
    "multiplicative_sigma": 0.12,
    "drift_rate": 0.0004,
    "outlier_probability": 0.005,
    "outlier_magnitude": 6.0,
    "shot_noise_enabled": 0,
    "seed": null
  },
  "measurement": {
    "snr_db": 8.002643642962378,
    "n_detections": 361,
    "detection_rate": 1.0,
    "time_to_detection": 4765.654322595529,
    "false_negative_rate": 0.003570980001110613,
    "max_signal": 4.234357508016913,
    "mean_signal": 2.9420711771813197,
    "signal_std": 0.5029873016227654,
    "has_noise": 1
  },
  "false_negative_rate": 0.003570980001110613,
  "sclerostin_mean": 0.6628725730342864,
  "sclerostin_max": 0.7219589222027186,
  "sclerostin_min": 0.025000000000000005,
  "sclerostin_std": 0.044591572891989575,
  "metadata_file": "metadata/dbdfba99-8647-41c8-9de1-715bf48164d9.json",
  "timeseries_file": "timeseries/dbdfba99-8647-41c8-9de1-715bf48164d9.csv"
}