{
  "run_id": "dc16d0eb-8cb3-4568-9d92-2da3daed91d2",
  "timestamp": "2026-05-17T01:48:51.920866",
  "scenario": "pmo",
  "duration": 3600.0,
  "num_points": 361,
  "environment_params": {
    "Estrogen": 0.34788941866787243,
    "PTH": 51.92782492274237,
    "k_prod_Scl": 6.203129279496042e-06,
    "k_deg_Scl": 6.900688837661509e-05,
    "Sclerostin_bone": 0.11798889444923931,
    "k_prod_RANKL": 1.0191616180683242e-05,
    "k_deg_RANKL": 2.1873973885275496e-05,
    "RANKL_bone": 0.8178370291155949,
    "k_prod_OPG": 7.456549049974418e-05,
    "k_deg_OPG": 1.9370323770945065e-05,
    "OPG_bone": 5.506541159405958,
    "MineralIon": 2.5771974785465868,
    "k_prod_Mineral": 0.10885988707043212,
    "k_loss_Mineral": 0.07294602327959
  },
  "biosensor_config": {
    "circuit_type": "threshold",
    "sensitivity": 0.23885723853635732,
    "threshold": 0.0001595559288617463,
    "dynamic_range": [
      0.0,
      0.8408976382153308
    ],
    "kd": 0.3395948004804696,
    "response_type": "linear",
    "hill_coefficient": 3.0545448393985364,
    "off_level": 0.7886155786188574,
    "on_level": 5.513888831405161
  },
  "noise_preset": "medium",
  "noise_params": {
    "additive_sigma": 0.03,
    "multiplicative_sigma": 0.06,
    "drift_rate": 0.0002,
    "outlier_probability": 0.003,
    "outlier_magnitude": 4.0,
    "shot_noise_enabled": 0,
    "seed": null
  },
  "measurement": {
    "snr_db": 6.05125183384462,
    "n_detections": 361,
    "detection_rate": 1.0,
    "time_to_detection": 2727.1656934906155,
    "false_negative_rate": 0.0931726837603547,
    "max_signal": 1.6865158567142937,
    "mean_signal": 1.196894199394059,
    "signal_std": 0.220779285255568,
    "has_noise": 1
  },
  "false_negative_rate": 0.0931726837603547,
  "sclerostin_mean": 1.3218564223499396,
  "sclerostin_max": 1.5589912887672945,
  "sclerostin_min": 0.025000000000000005,
  "sclerostin_std": 0.13792196831046488,
  "metadata_file": "metadata/dc16d0eb-8cb3-4568-9d92-2da3daed91d2.json",
  "timeseries_file": "timeseries/dc16d0eb-8cb3-4568-9d92-2da3daed91d2.csv"
}