{
  "run_id": "dce616ba-774b-4a13-a85a-668c14974890",
  "timestamp": "2026-01-31T04:10:48.909874",
  "scenario": "ckd_mbd",
  "duration": 3600.0,
  "num_points": 361,
  "environment_params": {
    "Estrogen": 0.31360351539287507,
    "PTH": 371.68039734358734,
    "k_prod_Scl": 1.248783292080249e-05,
    "k_deg_Scl": 4.030522786959085e-05,
    "k_prod_RANKL": 1.6381904158927705e-05,
    "k_prod_OPG": 0.00010122605077140429,
    "Sclerostin_bone": 0.17453731686920912,
    "RANKL_bone": 0.4494344439272944,
    "OPG_bone": 2.6761201764339813,
    "MineralIon": 1.871464347608915,
    "k_prod_Mineral": 0.15395007932208096
  },
  "biosensor_config": {
    "circuit_type": "direct_binding",
    "sensitivity": 1.6876198694912325,
    "threshold": 0.00014777302509351873,
    "dynamic_range": [
      0.0,
      4.489486820040463
    ],
    "kd": 3.2889605944194593,
    "response_type": "hill",
    "receptor_concentration": 3.882742637180843,
    "kon": 383020.4227318541,
    "koff": 1259739.0772229515
  },
  "noise_preset": "medium",
  "noise_params": {
    "additive_sigma": 0.03,
    "multiplicative_sigma": 0.06,
    "drift_rate": 0.0003,
    "outlier_probability": 0.003,
    "outlier_magnitude": 4.0,
    "shot_noise_enabled": false,
    "seed": null
  },
  "measurement": {
    "snr_db": -6.244827619197012,
    "n_detections": 361,
    "detection_rate": 1.0,
    "time_to_detection": 3682.6913487152538,
    "false_negative_rate": 0.10666833135102846,
    "max_signal": 1.5395653556514015,
    "mean_signal": 0.843432854797941,
    "signal_std": 0.35838369233660233,
    "has_noise": true
  },
  "false_negative_rate": 0.10666833135102846,
  "sclerostin_mean": 2.1605173025358346,
  "sclerostin_max": 2.811702303207627,
  "sclerostin_min": 0.025000000000000005,
  "sclerostin_std": 0.35007619063873713,
  "metadata_file": "metadata/dce616ba-774b-4a13-a85a-668c14974890.json",
  "timeseries_file": "timeseries/dce616ba-774b-4a13-a85a-668c14974890.csv"
}