{
  "run_id": "dd686acc-d8cc-4091-9d0c-a1ce78d21d60",
  "timestamp": "2026-01-31T04:09:50.633204",
  "scenario": "pmo",
  "duration": 3600.0,
  "num_points": 361,
  "environment_params": {
    "Estrogen": 0.179901942343116,
    "PTH": 57.53271447415615,
    "k_prod_Scl": 5.463741376712604e-06,
    "k_prod_RANKL": 3.6795091356947814e-05,
    "k_prod_OPG": 5.003401290137003e-05,
    "Sclerostin_bone": 0.07634297400025002,
    "RANKL_bone": 1.1792617837521497,
    "OPG_bone": 2.017647287117303
  },
  "biosensor_config": {
    "circuit_type": "ratiometric",
    "sensitivity": 5.704484485000434,
    "threshold": 0.006685572483554905,
    "dynamic_range": [
      0.0,
      2.691392504882877
    ],
    "kd": 0.6431190548016563,
    "response_type": "hill",
    "reference_kd": 0.4468905140232504,
    "ratio_exponent": 2.535050636202051
  },
  "noise_preset": "medium",
  "noise_params": {
    "additive_sigma": 0.03,
    "multiplicative_sigma": 0.06,
    "drift_rate": 0.0003,
    "outlier_probability": 0.003,
    "outlier_magnitude": 4.0,
    "shot_noise_enabled": false,
    "seed": null
  },
  "measurement": {
    "snr_db": 12.428446946655981,
    "n_detections": 361,
    "detection_rate": 1.0,
    "time_to_detection": 4140.095698240739,
    "false_negative_rate": 0.03430692910783675,
    "max_signal": 4.055670350748546,
    "mean_signal": 3.2246711594724906,
    "signal_std": 0.36016362337421426,
    "has_noise": true
  },
  "false_negative_rate": 0.03430692910783675,
  "sclerostin_mean": 0.9564930361307203,
  "sclerostin_max": 1.2384721428547079,
  "sclerostin_min": 0.025000000000000005,
  "sclerostin_std": 0.15168740554952087,
  "metadata_file": "metadata/dd686acc-d8cc-4091-9d0c-a1ce78d21d60.json",
  "timeseries_file": "timeseries/dd686acc-d8cc-4091-9d0c-a1ce78d21d60.csv"
}