{
  "run_id": "dd9b78fc-3fd0-4aa5-8ff7-90046178da21",
  "timestamp": "2026-05-17T02:01:39.214538",
  "scenario": "pmo",
  "duration": 3600.0,
  "num_points": 361,
  "environment_params": {
    "Estrogen": 0.21297350979969287,
    "PTH": 64.44906736488018,
    "k_prod_Scl": 7.347266592103104e-06,
    "k_deg_Scl": 6.765895074840475e-05,
    "Sclerostin_bone": 0.1275353373080912,
    "k_prod_RANKL": 1.6738734627529403e-05,
    "k_deg_RANKL": 1.8836429495556894e-05,
    "RANKL_bone": 0.804050357432726,
    "k_prod_OPG": 0.00011098938087433086,
    "k_deg_OPG": 1.944028241509833e-05,
    "OPG_bone": 4.284420718456251,
    "MineralIon": 2.134534383855558,
    "k_prod_Mineral": 0.12879030755499848,
    "k_loss_Mineral": 0.04770344966862931
  },
  "biosensor_config": {
    "circuit_type": "direct_binding",
    "sensitivity": 2.1698078368483995,
    "threshold": 6.40792483749711e-05,
    "dynamic_range": [
      0.0,
      13.823953685712036
    ],
    "kd": 0.0506592776422424,
    "response_type": "hill",
    "receptor_concentration": 7.825495082534334,
    "kon": 73725.55005664518,
    "koff": 3734.8831096466283
  },
  "noise_preset": "medium",
  "noise_params": {
    "additive_sigma": 0.03,
    "multiplicative_sigma": 0.06,
    "drift_rate": 0.0002,
    "outlier_probability": 0.003,
    "outlier_magnitude": 4.0,
    "shot_noise_enabled": 0,
    "seed": null
  },
  "measurement": {
    "snr_db": 14.072930122844232,
    "n_detections": 361,
    "detection_rate": 1.0,
    "time_to_detection": 1607.8798675279752,
    "false_negative_rate": 0.05240589249125997,
    "max_signal": 3.1785439392332746,
    "mean_signal": 2.5143162564799857,
    "signal_std": 0.25600934019755206,
    "has_noise": 1
  },
  "false_negative_rate": 0.05240589249125997,
  "sclerostin_mean": 1.5047770036019013,
  "sclerostin_max": 1.8694480068506258,
  "sclerostin_min": 0.025000000000000005,
  "sclerostin_std": 0.2008676927973737,
  "metadata_file": "metadata/dd9b78fc-3fd0-4aa5-8ff7-90046178da21.json",
  "timeseries_file": "timeseries/dd9b78fc-3fd0-4aa5-8ff7-90046178da21.csv"
}