{
  "run_id": "ddb447c4-9de3-4c60-91fd-0f734f3adf4d",
  "timestamp": "2026-01-31T04:10:08.384047",
  "scenario": "healthy",
  "duration": 3600.0,
  "num_points": 361,
  "environment_params": {
    "Estrogen": 0.7093992266472995,
    "PTH": 48.523368866883125,
    "k_prod_Scl": 4.76473815095449e-06,
    "k_prod_RANKL": 1.4914621672731151e-05,
    "k_prod_OPG": 0.00012732746232389759,
    "Sclerostin_bone": 0.0758065571900257,
    "RANKL_bone": 0.40727995231421515,
    "OPG_bone": 6.889193497958181
  },
  "biosensor_config": {
    "circuit_type": "ratiometric",
    "sensitivity": 1.145072890865989,
    "threshold": 0.0008503993985145054,
    "dynamic_range": [
      0.0,
      8.605278461642346
    ],
    "kd": 0.03207794053929682,
    "response_type": "michaelis_menten",
    "reference_kd": 0.10359919618828008,
    "ratio_exponent": 2.7427363347511275
  },
  "noise_preset": "high",
  "noise_params": {
    "additive_sigma": 0.1,
    "multiplicative_sigma": 0.2,
    "drift_rate": 0.001,
    "outlier_probability": 0.01,
    "outlier_magnitude": 10.0,
    "shot_noise_enabled": true,
    "seed": null
  },
  "measurement": {
    "snr_db": -5.266259463866891,
    "n_detections": 361,
    "detection_rate": 1.0,
    "time_to_detection": 1222.0496223588025,
    "false_negative_rate": 0.0007255043645080895,
    "max_signal": 4.987620671135842,
    "mean_signal": 2.9630223051599462,
    "signal_std": 1.0505110567247815,
    "has_noise": true
  },
  "false_negative_rate": 0.0007255043645080895,
  "sclerostin_mean": 0.8137327808534448,
  "sclerostin_max": 0.9040245680015729,
  "sclerostin_min": 0.025000000000000005,
  "sclerostin_std": 0.06140153209237653,
  "metadata_file": "metadata/ddb447c4-9de3-4c60-91fd-0f734f3adf4d.json",
  "timeseries_file": "timeseries/ddb447c4-9de3-4c60-91fd-0f734f3adf4d.csv"
}