{
  "run_id": "ddc4324f-2e31-4dae-97bf-7308d87f6b32",
  "timestamp": "2026-01-31T04:10:28.774551",
  "scenario": "ckd_mbd",
  "duration": 3600.0,
  "num_points": 361,
  "environment_params": {
    "Estrogen": 0.6333092715223736,
    "PTH": 336.2637280695635,
    "k_prod_Scl": 1.7497883450747405e-05,
    "k_deg_Scl": 4.478701956883889e-05,
    "k_prod_RANKL": 2.0415812688068036e-05,
    "k_prod_OPG": 5.8765351371656425e-05,
    "Sclerostin_bone": 0.14883381649604596,
    "RANKL_bone": 1.5911140581948429,
    "OPG_bone": 4.2072567328269885,
    "MineralIon": 0.9792562682134373,
    "k_prod_Mineral": 0.1420480910412032
  },
  "biosensor_config": {
    "circuit_type": "amplifying",
    "sensitivity": 17.2070648699334,
    "threshold": 7.411700940412739e-05,
    "dynamic_range": [
      0.0,
      6.215642962696627
    ],
    "kd": 0.5089862442842978,
    "response_type": "michaelis_menten",
    "receptor_concentration": 4.175379140383394,
    "enzyme_concentration": 1.7805820396158398,
    "amplification_gain": 5637.73066279999,
    "response_time": 63.521114202065576
  },
  "noise_preset": "medium",
  "noise_params": {
    "additive_sigma": 0.03,
    "multiplicative_sigma": 0.06,
    "drift_rate": 0.0003,
    "outlier_probability": 0.003,
    "outlier_magnitude": 4.0,
    "shot_noise_enabled": false,
    "seed": null
  },
  "measurement": {
    "snr_db": 18.614201169143847,
    "n_detections": 361,
    "detection_rate": 1.0,
    "time_to_detection": 3536.491596239483,
    "false_negative_rate": 0.04130841413706534,
    "max_signal": 8.045508025585601,
    "mean_signal": 6.728627869506598,
    "signal_std": 0.6111117589252392,
    "has_noise": true
  },
  "false_negative_rate": 0.04130841413706534,
  "sclerostin_mean": 1.7951190839626257,
  "sclerostin_max": 2.2798960887261286,
  "sclerostin_min": 0.025000000000000005,
  "sclerostin_std": 0.26353933204146285,
  "metadata_file": "metadata/ddc4324f-2e31-4dae-97bf-7308d87f6b32.json",
  "timeseries_file": "timeseries/ddc4324f-2e31-4dae-97bf-7308d87f6b32.csv"
}