{
  "run_id": "ddc51234-55eb-4178-8205-3623af235ad9",
  "timestamp": "2026-05-17T01:48:45.259847",
  "scenario": "ckd_mbd",
  "duration": 3600.0,
  "num_points": 361,
  "environment_params": {
    "Estrogen": 0.9241519476956883,
    "PTH": 181.44523684724226,
    "k_prod_Scl": 1.1498539241915734e-05,
    "k_deg_Scl": 6.115990947699136e-05,
    "Sclerostin_bone": 0.2169644253562267,
    "k_prod_RANKL": 1.7939187349295314e-05,
    "k_deg_RANKL": 1.7603132384126635e-05,
    "RANKL_bone": 0.9354933344762576,
    "k_prod_OPG": 0.00011963828770385435,
    "k_deg_OPG": 2.322283543262859e-05,
    "OPG_bone": 4.547966960709628,
    "MineralIon": 3.0899181803778113,
    "k_prod_Mineral": 0.15071427245548508,
    "k_loss_Mineral": 0.01698360327076373
  },
  "biosensor_config": {
    "circuit_type": "ratiometric",
    "sensitivity": 0.7427882938599223,
    "threshold": 0.0023375465008490253,
    "dynamic_range": [
      0.0,
      0.9819185802546686
    ],
    "kd": 0.31095219847346206,
    "response_type": "michaelis_menten",
    "reference_kd": 0.2880199455559066,
    "ratio_exponent": 1.8936856149939725
  },
  "noise_preset": "low",
  "noise_params": {
    "additive_sigma": 0.005,
    "multiplicative_sigma": 0.01,
    "drift_rate": 2e-05,
    "outlier_probability": 0.0002,
    "outlier_magnitude": 2.0,
    "shot_noise_enabled": 0,
    "seed": null
  },
  "measurement": {
    "snr_db": 24.81920051464392,
    "n_detections": 361,
    "detection_rate": 1.0,
    "time_to_detection": 2136.301690314576,
    "false_negative_rate": 0.0033908097209312317,
    "max_signal": 0.8275732531851959,
    "mean_signal": 0.7788757847464225,
    "signal_std": 0.022714757430713252,
    "has_noise": 1
  },
  "false_negative_rate": 0.0033908097209312317,
  "sclerostin_mean": 2.223127929308221,
  "sclerostin_max": 2.3979305636414874,
  "sclerostin_min": 0.025000000000000005,
  "sclerostin_std": 0.14443477140412475,
  "metadata_file": "metadata/ddc51234-55eb-4178-8205-3623af235ad9.json",
  "timeseries_file": "timeseries/ddc51234-55eb-4178-8205-3623af235ad9.csv"
}