{
  "run_id": "de1693a3-bc5a-44eb-98b1-ee3398b705c8",
  "timestamp": "2026-01-31T04:11:06.800281",
  "scenario": "healthy",
  "duration": 3600.0,
  "num_points": 361,
  "environment_params": {
    "Estrogen": 0.6549000980693531,
    "PTH": 51.88366256714856,
    "k_prod_Scl": 3.7846433514830802e-06,
    "k_prod_RANKL": 1.008286253952943e-05,
    "k_prod_OPG": 0.0001276805849042914,
    "Sclerostin_bone": 0.07628451249724039,
    "RANKL_bone": 0.47469959634180026,
    "OPG_bone": 10.680683318100582
  },
  "biosensor_config": {
    "circuit_type": "amplifying",
    "sensitivity": 10.022491525951196,
    "threshold": 0.0009616395827707836,
    "dynamic_range": [
      0.0,
      4.714709180765362
    ],
    "kd": 0.045635589710207806,
    "response_type": "hill",
    "receptor_concentration": 0.8055505191951791,
    "enzyme_concentration": 9.686141190080848,
    "amplification_gain": 9622.864717224793,
    "response_time": 109.734272344475
  },
  "noise_preset": "medium",
  "noise_params": {
    "additive_sigma": 0.03,
    "multiplicative_sigma": 0.06,
    "drift_rate": 0.0003,
    "outlier_probability": 0.003,
    "outlier_magnitude": 4.0,
    "shot_noise_enabled": false,
    "seed": null
  },
  "measurement": {
    "snr_db": 16.627223299469918,
    "n_detections": 361,
    "detection_rate": 1.0,
    "time_to_detection": 700.9652476564827,
    "false_negative_rate": 0.012583378973587935,
    "max_signal": 6.54927365447759,
    "mean_signal": 5.243445192359309,
    "signal_std": 0.5136597583503402,
    "has_noise": true
  },
  "false_negative_rate": 0.012583378973587935,
  "sclerostin_mean": 0.8111016899198309,
  "sclerostin_max": 0.8913697291466266,
  "sclerostin_min": 0.025000000000000005,
  "sclerostin_std": 0.05761672257715657,
  "metadata_file": "metadata/de1693a3-bc5a-44eb-98b1-ee3398b705c8.json",
  "timeseries_file": "timeseries/de1693a3-bc5a-44eb-98b1-ee3398b705c8.csv"
}