{
  "run_id": "df70a939-0046-4d8e-bbf3-eb3a21786024",
  "timestamp": "2026-05-17T02:01:34.107635",
  "scenario": "pmo",
  "duration": 3600.0,
  "num_points": 361,
  "environment_params": {
    "Estrogen": 0.2525833956174985,
    "PTH": 56.44429288781737,
    "k_prod_Scl": 6.139926941870883e-06,
    "k_deg_Scl": 5.1568096872188444e-05,
    "Sclerostin_bone": 0.08332619080403399,
    "k_prod_RANKL": 2.413449072540424e-05,
    "k_deg_RANKL": 2.0631002986475934e-05,
    "RANKL_bone": 1.1584088317913246,
    "k_prod_OPG": 0.00010210202118801214,
    "k_deg_OPG": 1.9857211993037196e-05,
    "OPG_bone": 4.675717534812157,
    "MineralIon": 1.454260025877916,
    "k_prod_Mineral": 0.12248864384646621,
    "k_loss_Mineral": 0.07596804712803372
  },
  "biosensor_config": {
    "circuit_type": "ratiometric",
    "sensitivity": 1.2996675535899929,
    "threshold": 0.00016536018776238317,
    "dynamic_range": [
      0.0,
      13.242413954917346
    ],
    "kd": 1.353233010210589,
    "response_type": "hill",
    "reference_kd": 0.22602841966645737,
    "ratio_exponent": 1.7994815875316044
  },
  "noise_preset": "high",
  "noise_params": {
    "additive_sigma": 0.08,
    "multiplicative_sigma": 0.12,
    "drift_rate": 0.0004,
    "outlier_probability": 0.005,
    "outlier_magnitude": 6.0,
    "shot_noise_enabled": 0,
    "seed": null
  },
  "measurement": {
    "snr_db": 3.7626432062008157,
    "n_detections": 361,
    "detection_rate": 1.0,
    "time_to_detection": 391.3187651133525,
    "false_negative_rate": 0.11675754115002315,
    "max_signal": 3.0802783694772415,
    "mean_signal": 2.0166035644380043,
    "signal_std": 0.442982888450557,
    "has_noise": 1
  },
  "false_negative_rate": 0.11675754115002315,
  "sclerostin_mean": 1.0238953015793995,
  "sclerostin_max": 1.3070154053613676,
  "sclerostin_min": 0.025000000000000005,
  "sclerostin_std": 0.1533060576204008,
  "metadata_file": "metadata/df70a939-0046-4d8e-bbf3-eb3a21786024.json",
  "timeseries_file": "timeseries/df70a939-0046-4d8e-bbf3-eb3a21786024.csv"
}