{
  "run_id": "e02af4e3-05f8-433e-b1f5-6679db15a4cb",
  "timestamp": "2026-01-31T04:10:36.072699",
  "scenario": "ckd_mbd",
  "duration": 3600.0,
  "num_points": 361,
  "environment_params": {
    "Estrogen": 0.6482515071734809,
    "PTH": 336.381456598332,
    "k_prod_Scl": 1.6123331368882696e-05,
    "k_deg_Scl": 2.8883177428636874e-05,
    "k_prod_RANKL": 1.5244665368276669e-05,
    "k_prod_OPG": 9.165202249892641e-05,
    "Sclerostin_bone": 0.12208581804690231,
    "RANKL_bone": 0.9823081108662269,
    "OPG_bone": 7.174701791776372,
    "MineralIon": 2.46817654999792,
    "k_prod_Mineral": 0.19606957379298878
  },
  "biosensor_config": {
    "circuit_type": "direct_binding",
    "sensitivity": 6.566509836472033,
    "threshold": 7.823005244759157e-05,
    "dynamic_range": [
      0.0,
      6.790772721329768
    ],
    "kd": 0.029009145766888764,
    "response_type": "hill",
    "receptor_concentration": 9.022900016952015,
    "kon": 62703.57008768336,
    "koff": 1818.9770047779327
  },
  "noise_preset": "medium",
  "noise_params": {
    "additive_sigma": 0.03,
    "multiplicative_sigma": 0.06,
    "drift_rate": 0.0003,
    "outlier_probability": 0.003,
    "outlier_magnitude": 4.0,
    "shot_noise_enabled": false,
    "seed": null
  },
  "measurement": {
    "snr_db": 19.17920836260787,
    "n_detections": 361,
    "detection_rate": 1.0,
    "time_to_detection": 2489.940102155933,
    "false_negative_rate": 0.07942978063185008,
    "max_signal": 8.443250879604612,
    "mean_signal": 7.090383925472138,
    "signal_std": 0.4963510448175064,
    "has_noise": true
  },
  "false_negative_rate": 0.07942978063185008,
  "sclerostin_mean": 1.504511464592861,
  "sclerostin_max": 1.9403691166077144,
  "sclerostin_min": 0.025000000000000005,
  "sclerostin_std": 0.23511199732007018,
  "metadata_file": "metadata/e02af4e3-05f8-433e-b1f5-6679db15a4cb.json",
  "timeseries_file": "timeseries/e02af4e3-05f8-433e-b1f5-6679db15a4cb.csv"
}