{
  "run_id": "e09c96d2-4245-4b16-9a2e-744cf475f2b6",
  "timestamp": "2026-01-31T04:10:13.881936",
  "scenario": "pmo",
  "duration": 3600.0,
  "num_points": 361,
  "environment_params": {
    "Estrogen": 0.1406939100612575,
    "PTH": 61.66931658771062,
    "k_prod_Scl": 1.0303798962440703e-05,
    "k_prod_RANKL": 3.333974459880219e-05,
    "k_prod_OPG": 8.282692178251015e-05,
    "Sclerostin_bone": 0.08574476306013379,
    "RANKL_bone": 1.4921554129180632,
    "OPG_bone": 2.590263020999825
  },
  "biosensor_config": {
    "circuit_type": "ratiometric",
    "sensitivity": 8.474756782976328,
    "threshold": 5.183927558564212e-05,
    "dynamic_range": [
      0.0,
      17.535593218481594
    ],
    "kd": 0.010938331488473951,
    "response_type": "hill",
    "reference_kd": 1.7153770891879239,
    "ratio_exponent": 0.31344168516794957
  },
  "noise_preset": "low",
  "noise_params": {
    "additive_sigma": 0.005,
    "multiplicative_sigma": 0.01,
    "drift_rate": 2e-05,
    "outlier_probability": 0.0002,
    "outlier_magnitude": 2.0,
    "shot_noise_enabled": false,
    "seed": null
  },
  "measurement": {
    "snr_db": 38.668277998636896,
    "n_detections": 361,
    "detection_rate": 1.0,
    "time_to_detection": 1112.4414627515096,
    "false_negative_rate": 0.015934833050733302,
    "max_signal": 8.77534209109048,
    "mean_signal": 8.508487729757134,
    "signal_std": 0.09282752301172086,
    "has_noise": true
  },
  "false_negative_rate": 0.015934833050733302,
  "sclerostin_mean": 1.2466128944986092,
  "sclerostin_max": 1.8074811141243787,
  "sclerostin_min": 0.025000000000000005,
  "sclerostin_std": 0.29362377897615377,
  "metadata_file": "metadata/e09c96d2-4245-4b16-9a2e-744cf475f2b6.json",
  "timeseries_file": "timeseries/e09c96d2-4245-4b16-9a2e-744cf475f2b6.csv"
}