{
  "run_id": "e12c163e-cba6-41a7-b36f-eb58882f9d64",
  "timestamp": "2026-05-17T01:48:43.371228",
  "scenario": "pmo",
  "duration": 3600.0,
  "num_points": 361,
  "environment_params": {
    "Estrogen": 0.1975395436297498,
    "PTH": 68.29854141315539,
    "k_prod_Scl": 6.360421464328492e-06,
    "k_deg_Scl": 7.367218662190479e-05,
    "Sclerostin_bone": 0.06821308733492093,
    "k_prod_RANKL": 2.0837424415449085e-05,
    "k_deg_RANKL": 2.719780085279279e-05,
    "RANKL_bone": 1.324493096793194,
    "k_prod_OPG": 9.20355091881388e-05,
    "k_deg_OPG": 2.1933361683198783e-05,
    "OPG_bone": 3.583801241917319,
    "MineralIon": 2.6561022849982487,
    "k_prod_Mineral": 0.10977773382377823,
    "k_loss_Mineral": 0.05845170054631655
  },
  "biosensor_config": {
    "circuit_type": "threshold",
    "sensitivity": 5.532816343791409,
    "threshold": 0.028694398932207463,
    "dynamic_range": [
      0.0,
      2.9966696004086066
    ],
    "kd": 0.19968504062512096,
    "response_type": "hill",
    "hill_coefficient": 1.6279554757054533,
    "off_level": 0.07836307720611445,
    "on_level": 4.885891920493062
  },
  "noise_preset": "medium",
  "noise_params": {
    "additive_sigma": 0.03,
    "multiplicative_sigma": 0.06,
    "drift_rate": 0.0002,
    "outlier_probability": 0.003,
    "outlier_magnitude": 4.0,
    "shot_noise_enabled": 0,
    "seed": null
  },
  "measurement": {
    "snr_db": 16.057659384484964,
    "n_detections": 361,
    "detection_rate": 1.0,
    "time_to_detection": 630.9364729571828,
    "false_negative_rate": 0.03920090852547089,
    "max_signal": 4.109709096901483,
    "mean_signal": 3.3591221477883195,
    "signal_std": 0.3346884964793169,
    "has_noise": 1
  },
  "false_negative_rate": 0.03920090852547089,
  "sclerostin_mean": 0.9099635835875636,
  "sclerostin_max": 1.2358268005937196,
  "sclerostin_min": 0.025000000000000005,
  "sclerostin_std": 0.17256565987133995,
  "metadata_file": "metadata/e12c163e-cba6-41a7-b36f-eb58882f9d64.json",
  "timeseries_file": "timeseries/e12c163e-cba6-41a7-b36f-eb58882f9d64.csv"
}