{
  "run_id": "e150db22-7410-4073-8069-b8e7fa569fe1",
  "timestamp": "2026-05-17T01:40:43.624818",
  "scenario": "healthy",
  "duration": 3600.0,
  "num_points": 361,
  "environment_params": {
    "Estrogen": 1.0076811802796746,
    "PTH": 31.1811666043275,
    "k_prod_Scl": 6.321754396327178e-06,
    "k_deg_Scl": 9.614507225953695e-05,
    "Sclerostin_bone": 0.060858833680021665,
    "k_prod_RANKL": 7.633580557696467e-06,
    "k_deg_RANKL": 2.6586199674461162e-05,
    "RANKL_bone": 0.769857669240241,
    "k_prod_OPG": 6.604210418922741e-05,
    "k_deg_OPG": 1.979161425981821e-05,
    "OPG_bone": 3.1744702865244334,
    "MineralIon": 2.2390402909823144,
    "k_prod_Mineral": 0.14477091231047304,
    "k_loss_Mineral": 0.046033312188095
  },
  "biosensor_config": {
    "circuit_type": "amplifying",
    "sensitivity": 2.4084317660595436,
    "threshold": 0.012712568673649225,
    "dynamic_range": [
      0.0,
      8.404739198966753
    ],
    "kd": 0.8665958270614526,
    "response_type": "hill",
    "receptor_concentration": 0.2737369295020358,
    "enzyme_concentration": 26.191064657726745,
    "amplification_gain": 2818.838307768949,
    "response_time": 412.1102879103731
  },
  "biosensor_type": "amplifying",
  "noise_preset": "medium",
  "noise_params": {
    "additive_sigma": 0.03,
    "multiplicative_sigma": 0.06,
    "drift_rate": 0.0002,
    "outlier_probability": 0.003,
    "outlier_magnitude": 4.0,
    "shot_noise_enabled": false,
    "seed": null
  },
  "measurement": {
    "snr_db": 14.666751267453236,
    "n_detections": 360,
    "detection_rate": 0.997229916897507,
    "time_to_detection": 2014.3821592195984,
    "false_negative_rate": 0.013932097595057754,
    "max_signal": 3.4355117473274572,
    "mean_signal": 2.768365713224619,
    "signal_std": 0.2898712520425011,
    "has_noise": true
  },
  "signal_to_noise_ratio_SNR": 14.666751267453236,
  "time_to_detection_threshold": 2014.3821592195984,
  "false_negative_rate": 0.013932097595057754,
  "dynamic_range_of_output": 0.0,
  "sclerostin_mean": 0.6520419727551829,
  "sclerostin_max": 0.717203060000503,
  "sclerostin_min": 0.025000000000000005,
  "sclerostin_std": 0.046278046059917345,
  "sclerostin_change": 