{
  "run_id": "e1af37c6-3781-4973-806a-31ccd376d593",
  "timestamp": "2026-01-31T04:11:10.198515",
  "scenario": "healthy",
  "duration": 3600.0,
  "num_points": 361,
  "environment_params": {
    "Estrogen": 0.5217324545934774,
    "PTH": 64.3442943382743,
    "k_prod_Scl": 3.982979246157277e-06,
    "k_prod_RANKL": 1.0616688202137037e-05,
    "k_prod_OPG": 0.00017748207661215056,
    "Sclerostin_bone": 0.048757381423504456,
    "RANKL_bone": 0.5084578052559344,
    "OPG_bone": 7.459836348492086
  },
  "biosensor_config": {
    "circuit_type": "direct_binding",
    "sensitivity": 6.170270225485166,
    "threshold": 0.001163274568151892,
    "dynamic_range": [
      0.0,
      16.918614888189072
    ],
    "kd": 0.22301166267007874,
    "response_type": "hill",
    "receptor_concentration": 7.727118028004251,
    "kon": 815984.0370931573,
    "koff": 181973.9568243882
  },
  "noise_preset": "low",
  "noise_params": {
    "additive_sigma": 0.005,
    "multiplicative_sigma": 0.01,
    "drift_rate": 2e-05,
    "outlier_probability": 0.0002,
    "outlier_magnitude": 2.0,
    "shot_noise_enabled": false,
    "seed": null
  },
  "measurement": {
    "snr_db": 38.42958836874379,
    "n_detections": 361,
    "detection_rate": 1.0,
    "time_to_detection": 1656.850665236944,
    "false_negative_rate": 0.0362819744142238,
    "max_signal": 6.393478954814399,
    "mean_signal": 6.19266769717644,
    "signal_std": 0.07049706780455706,
    "has_noise": true
  },
  "false_negative_rate": 0.0362819744142238,
  "sclerostin_mean": 0.570864014430486,
  "sclerostin_max": 0.6832906912275097,
  "sclerostin_min": 0.025000000000000005,
  "sclerostin_std": 0.06378785965903452,
  "metadata_file": "metadata/e1af37c6-3781-4973-806a-31ccd376d593.json",
  "timeseries_file": "timeseries/e1af37c6-3781-4973-806a-31ccd376d593.csv"
}