{
  "run_id": "e1f9ccf9-6f9b-4da4-bec9-0fca49ad85de",
  "timestamp": "2026-01-31T04:10:06.577733",
  "scenario": "healthy",
  "duration": 3600.0,
  "num_points": 361,
  "environment_params": {
    "Estrogen": 0.7761103994708203,
    "PTH": 73.84666239632399,
    "k_prod_Scl": 4.794321823998308e-06,
    "k_prod_RANKL": 1.2515099815060307e-05,
    "k_prod_OPG": 6.357374519236103e-05,
    "Sclerostin_bone": 0.0569840038553912,
    "RANKL_bone": 0.7659671068419253,
    "OPG_bone": 9.013988529800251
  },
  "biosensor_config": {
    "circuit_type": "direct_binding",
    "sensitivity": 5.660042346442447,
    "threshold": 0.0025968984660375135,
    "dynamic_range": [
      0.0,
      5.318380557542898
    ],
    "kd": 0.08136786679631268,
    "response_type": "linear",
    "receptor_concentration": 0.21491064445194147,
    "kon": 507666.38293298834,
    "koff": 41307.73062345726
  },
  "noise_preset": "low",
  "noise_params": {
    "additive_sigma": 0.005,
    "multiplicative_sigma": 0.01,
    "drift_rate": 2e-05,
    "outlier_probability": 0.0002,
    "outlier_magnitude": 2.0,
    "shot_noise_enabled": false,
    "seed": null
  },
  "measurement": {
    "snr_db": 27.87300403559765,
    "n_detections": 361,
    "detection_rate": 1.0,
    "time_to_detection": 2888.2748486819164,
    "false_negative_rate": 0.0,
    "max_signal": 1.1802722438824529,
    "mean_signal": 1.1106061207517826,
    "signal_std": 0.05404037054577703,
    "has_noise": true
  },
  "false_negative_rate": 0.0,
  "sclerostin_mean": 0.6302370242758829,
  "sclerostin_max": 0.7155628255938531,
  "sclerostin_min": 0.025000000000000005,
  "sclerostin_std": 0.05348486462290349,
  "metadata_file": "metadata/e1f9ccf9-6f9b-4da4-bec9-0fca49ad85de.json",
  "timeseries_file": "timeseries/e1f9ccf9-6f9b-4da4-bec9-0fca49ad85de.csv"
}