{
  "run_id": "e1f9b97e-d6d2-4516-9cd9-5daea263f641",
  "timestamp": "2026-01-31T04:10:09.385540",
  "scenario": "healthy",
  "duration": 3600.0,
  "num_points": 361,
  "environment_params": {
    "Estrogen": 0.9804119162739264,
    "PTH": 58.95749373005953,
    "k_prod_Scl": 4.414202664356361e-06,
    "k_prod_RANKL": 9.93752802541562e-06,
    "k_prod_OPG": 0.00011839899670121763,
    "Sclerostin_bone": 0.07123674674044017,
    "RANKL_bone": 0.710086687983641,
    "OPG_bone": 4.553889310086203
  },
  "biosensor_config": {
    "circuit_type": "ratiometric",
    "sensitivity": 6.588774323088771,
    "threshold": 0.0008322339052790328,
    "dynamic_range": [
      0.0,
      18.760404846777444
    ],
    "kd": 0.016700750696176065,
    "response_type": "linear",
    "reference_kd": 0.4359242961193227,
    "ratio_exponent": 0.9367412257251397
  },
  "noise_preset": "low",
  "noise_params": {
    "additive_sigma": 0.005,
    "multiplicative_sigma": 0.01,
    "drift_rate": 2e-05,
    "outlier_probability": 0.0002,
    "outlier_magnitude": 2.0,
    "shot_noise_enabled": false,
    "seed": null
  },
  "measurement": {
    "snr_db": 39.468542796047366,
    "n_detections": 361,
    "detection_rate": 1.0,
    "time_to_detection": 214.25903553573718,
    "false_negative_rate": 0.01689089961109915,
    "max_signal": 19.43093179485331,
    "mean_signal": 18.81705690664089,
    "signal_std": 0.1912259678189272,
    "has_noise": true
  },
  "false_negative_rate": 0.01689089961109915,
  "sclerostin_mean": 0.7434953638484698,
  "sclerostin_max": 0.79685823248181,
  "sclerostin_min": 0.025000000000000005,
  "sclerostin_std": 0.046109646751985825,
  "metadata_file": "metadata/e1f9b97e-d6d2-4516-9cd9-5daea263f641.json",
  "timeseries_file": "timeseries/e1f9b97e-d6d2-4516-9cd9-5daea263f641.csv"
}