{
  "run_id": "e28c43a9-a358-4fcc-94b3-03edc238c87b",
  "timestamp": "2026-01-31T04:11:01.817313",
  "scenario": "ckd_mbd",
  "duration": 3600.0,
  "num_points": 361,
  "environment_params": {
    "Estrogen": 0.9023134953666034,
    "PTH": 325.6910110027145,
    "k_prod_Scl": 1.65200452318198e-05,
    "k_deg_Scl": 3.3593910408407335e-05,
    "k_prod_RANKL": 1.9840710848444757e-05,
    "k_prod_OPG": 7.220062780840481e-05,
    "Sclerostin_bone": 0.2645248822354572,
    "RANKL_bone": 1.272014375602153,
    "OPG_bone": 4.7859487900805044,
    "MineralIon": 5.031069675408708,
    "k_prod_Mineral": 0.1712569829461938
  },
  "biosensor_config": {
    "circuit_type": "threshold",
    "sensitivity": 4.416047073289281,
    "threshold": 0.00020832955859100658,
    "dynamic_range": [
      0.0,
      4.616205662593753
    ],
    "kd": 4.157095564458935,
    "response_type": "michaelis_menten",
    "hill_coefficient": 5.757134896848733,
    "off_level": 0.579818552949748,
    "on_level": 9.929368739314697
  },
  "noise_preset": "low",
  "noise_params": {
    "additive_sigma": 0.005,
    "multiplicative_sigma": 0.01,
    "drift_rate": 2e-05,
    "outlier_probability": 0.0002,
    "outlier_magnitude": 2.0,
    "shot_noise_enabled": false,
    "seed": null
  },
  "measurement": {
    "snr_db": 30.370706507172454,
    "n_detections": 361,
    "detection_rate": 1.0,
    "time_to_detection": 3407.7881145645233,
    "false_negative_rate": 0.019444423636216842,
    "max_signal": 1.9995155971367853,
    "mean_signal": 1.445847359639071,
    "signal_std": 0.2499828500930202,
    "has_noise": true
  },
  "false_negative_rate": 0.019444423636216842,
  "sclerostin_mean": 2.755273348421212,
  "sclerostin_max": 3.036175324310677,
  "sclerostin_min": 0.025000000000000005,
  "sclerostin_std": 0.2008969203740949,
  "metadata_file": "metadata/e28c43a9-a358-4fcc-94b3-03edc238c87b.json",
  "timeseries_file": "timeseries/e28c43a9-a358-4fcc-94b3-03edc238c87b.csv"
}