{
  "run_id": "e2e63749-d608-4917-9af8-ecbaa950c595",
  "timestamp": "2026-05-17T01:48:47.840462",
  "scenario": "healthy",
  "duration": 3600.0,
  "num_points": 361,
  "environment_params": {
    "Estrogen": 1.1858483888542724,
    "PTH": 56.80578139437902,
    "k_prod_Scl": 3.5349733782974176e-06,
    "k_deg_Scl": 5.693136179260257e-05,
    "Sclerostin_bone": 0.05444167591118823,
    "k_prod_RANKL": 1.0125843133630848e-05,
    "k_deg_RANKL": 1.7893803290025626e-05,
    "RANKL_bone": 0.4304818230689382,
    "k_prod_OPG": 0.00011915727492983591,
    "k_deg_OPG": 1.947036585179866e-05,
    "OPG_bone": 5.31266732552905,
    "MineralIon": 2.600400234352132,
    "k_prod_Mineral": 0.06964273557709123,
    "k_loss_Mineral": 0.057240906510638304
  },
  "biosensor_config": {
    "circuit_type": "ratiometric",
    "sensitivity": 9.209174388379841,
    "threshold": 0.015041629778665858,
    "dynamic_range": [
      0.0,
      13.735104226781987
    ],
    "kd": 0.01648688713294983,
    "response_type": "hill",
    "reference_kd": 0.6981235144249157,
    "ratio_exponent": 0.8509111053673568
  },
  "noise_preset": "medium",
  "noise_params": {
    "additive_sigma": 0.03,
    "multiplicative_sigma": 0.06,
    "drift_rate": 0.0002,
    "outlier_probability": 0.003,
    "outlier_magnitude": 4.0,
    "shot_noise_enabled": 0,
    "seed": null
  },
  "measurement": {
    "snr_db": 22.492854757260424,
    "n_detections": 361,
    "detection_rate": 1.0,
    "time_to_detection": 2879.834624113257,
    "false_negative_rate": 0.007556723760017273,
    "max_signal": 11.092642567226415,
    "mean_signal": 9.59401563662804,
    "signal_std": 0.5741056569152739,
    "has_noise": 1
  },
  "false_negative_rate": 0.007556723760017273,
  "sclerostin_mean": 0.5661149217637049,
  "sclerostin_max": 0.5964080105592107,
  "sclerostin_min": 0.025000000000000005,
  "sclerostin_std": 0.03207715711756906,
  "metadata_file": "metadata/e2e63749-d608-4917-9af8-ecbaa950c595.json",
  "timeseries_file": "timeseries/e2e63749-d608-4917-9af8-ecbaa950c595.csv"
}