{
  "run_id": "e2f095a4-1fa0-45ea-9eef-5ebf4930a5cd",
  "timestamp": "2026-01-31T04:10:12.524567",
  "scenario": "ckd_mbd",
  "duration": 3600.0,
  "num_points": 361,
  "environment_params": {
    "Estrogen": 0.9766219215429375,
    "PTH": 320.944880782596,
    "k_prod_Scl": 1.8821889328083992e-05,
    "k_deg_Scl": 3.0589387158494684e-05,
    "k_prod_RANKL": 2.210214995612532e-05,
    "k_prod_OPG": 9.855597683426283e-05,
    "Sclerostin_bone": 0.21215185370648576,
    "RANKL_bone": 1.22228217373299,
    "OPG_bone": 6.367121675805069,
    "MineralIon": 2.8824645505734203,
    "k_prod_Mineral": 0.20739041648738163
  },
  "biosensor_config": {
    "circuit_type": "direct_binding",
    "sensitivity": 4.96307915620727,
    "threshold": 0.01229353102471013,
    "dynamic_range": [
      0.0,
      17.780529232180346
    ],
    "kd": 0.02602393362970967,
    "response_type": "michaelis_menten",
    "receptor_concentration": 3.680035628690638,
    "kon": 26771.7321618434,
    "koff": 696.7057809321764
  },
  "noise_preset": "low",
  "noise_params": {
    "additive_sigma": 0.005,
    "multiplicative_sigma": 0.01,
    "drift_rate": 2e-05,
    "outlier_probability": 0.0002,
    "outlier_magnitude": 2.0,
    "shot_noise_enabled": false,
    "seed": null
  },
  "measurement": {
    "snr_db": 37.79573248357168,
    "n_detections": 361,
    "detection_rate": 1.0,
    "time_to_detection": 2149.6299054922206,
    "false_negative_rate": 0.014299320683072514,
    "max_signal": 5.096023925140383,
    "mean_signal": 4.964720624664424,
    "signal_std": 0.051683072501739674,
    "has_noise": true
  },
  "false_negative_rate": 0.014299320683072514,
  "sclerostin_mean": 2.2560585354438296,
  "sclerostin_max": 2.539051499063971,
  "sclerostin_min": 0.025000000000000005,
  "sclerostin_std": 0.18440823881111082,
  "metadata_file": "metadata/e2f095a4-1fa0-45ea-9eef-5ebf4930a5cd.json",
  "timeseries_file": "timeseries/e2f095a4-1fa0-45ea-9eef-5ebf4930a5cd.csv"
}