{
  "run_id": "e3328d1d-9a0f-4c23-8d30-45c69d7a5c64",
  "timestamp": "2026-01-31T04:10:09.430672",
  "scenario": "pmo",
  "duration": 3600.0,
  "num_points": 361,
  "environment_params": {
    "Estrogen": 0.12452194593112703,
    "PTH": 66.17559225003556,
    "k_prod_Scl": 6.333814838681001e-06,
    "k_prod_RANKL": 2.876113803918276e-05,
    "k_prod_OPG": 4.727938074054814e-05,
    "Sclerostin_bone": 0.0623319256718859,
    "RANKL_bone": 2.2008238664314455,
    "OPG_bone": 3.0976076203849043
  },
  "biosensor_config": {
    "circuit_type": "direct_binding",
    "sensitivity": 0.8856536285514567,
    "threshold": 0.00015548632293390982,
    "dynamic_range": [
      0.0,
      14.514565444921047
    ],
    "kd": 2.311626860885598,
    "response_type": "hill",
    "receptor_concentration": 9.258560752052977,
    "kon": 889387.7015102864,
    "koff": 2055932.5005524806
  },
  "noise_preset": "medium",
  "noise_params": {
    "additive_sigma": 0.03,
    "multiplicative_sigma": 0.06,
    "drift_rate": 0.0003,
    "outlier_probability": 0.003,
    "outlier_magnitude": 4.0,
    "shot_noise_enabled": false,
    "seed": null
  },
  "measurement": {
    "snr_db": -2.3264054981733513,
    "n_detections": 360,
    "detection_rate": 0.997229916897507,
    "time_to_detection": 2763.00816715732,
    "false_negative_rate": 0.1888239294656137,
    "max_signal": 1.7033023723803469,
    "mean_signal": 1.0158157634775127,
    "signal_std": 0.38421006179752604,
    "has_noise": true
  },
  "false_negative_rate": 0.1888239294656137,
  "sclerostin_mean": 0.8745083140650748,
  "sclerostin_max": 1.228914029041581,
  "sclerostin_min": 0.025000000000000005,
  "sclerostin_std": 0.18634835881032694,
  "metadata_file": "metadata/e3328d1d-9a0f-4c23-8d30-45c69d7a5c64.json",
  "timeseries_file": "timeseries/e3328d1d-9a0f-4c23-8d30-45c69d7a5c64.csv"
}