{
  "run_id": "e4266c8b-17bc-44b6-aaf7-4b81fef333ca",
  "timestamp": "2026-01-31T04:09:46.094594",
  "scenario": "ckd_mbd",
  "duration": 3600.0,
  "num_points": 361,
  "environment_params": {
    "Estrogen": 0.547105618441521,
    "PTH": 311.87415126766604,
    "k_prod_Scl": 1.7815687654336296e-05,
    "k_deg_Scl": 4.5900774382818406e-05,
    "k_prod_RANKL": 1.890946356823094e-05,
    "k_prod_OPG": 9.129262750495425e-05,
    "Sclerostin_bone": 0.24212127208722453,
    "RANKL_bone": 0.9638910944884325,
    "OPG_bone": 5.685427137378579,
    "MineralIon": 4.13402585088998,
    "k_prod_Mineral": 0.15959139520021526
  },
  "biosensor_config": {
    "circuit_type": "ratiometric",
    "sensitivity": 2.170452481065096,
    "threshold": 0.0045590245632872685,
    "dynamic_range": [
      0.0,
      7.776776672182092
    ],
    "kd": 0.09968196829743442,
    "response_type": "linear",
    "reference_kd": 0.14785131654014688,
    "ratio_exponent": 2.2053986804737904
  },
  "noise_preset": "high",
  "noise_params": {
    "additive_sigma": 0.1,
    "multiplicative_sigma": 0.2,
    "drift_rate": 0.001,
    "outlier_probability": 0.01,
    "outlier_magnitude": 10.0,
    "shot_noise_enabled": true,
    "seed": null
  },
  "measurement": {
    "snr_db": 9.477502347162883,
    "n_detections": 361,
    "detection_rate": 1.0,
    "time_to_detection": 148.56236781759716,
    "false_negative_rate": 0.10436932057946581,
    "max_signal": 14.35392992028942,
    "mean_signal": 9.58445665683169,
    "signal_std": 1.8850220995925633,
    "has_noise": true
  },
  "false_negative_rate": 0.10436932057946581,
  "sclerostin_mean": 2.756349946088946,
  "sclerostin_max": 3.3376948618308013,
  "sclerostin_min": 0.025000000000000005,
  "sclerostin_std": 0.3278970454619937,
  "metadata_file": "metadata/e4266c8b-17bc-44b6-aaf7-4b81fef333ca.json",
  "timeseries_file": "timeseries/e4266c8b-17bc-44b6-aaf7-4b81fef333ca.csv"
}