{
  "run_id": "e4927e16-3160-4d72-964b-e34519e4f608",
  "timestamp": "2026-01-31T04:09:54.186938",
  "scenario": "pmo",
  "duration": 3600.0,
  "num_points": 361,
  "environment_params": {
    "Estrogen": 0.14809374291672753,
    "PTH": 51.6722427974769,
    "k_prod_Scl": 5.281343853875421e-06,
    "k_prod_RANKL": 2.9184082250123654e-05,
    "k_prod_OPG": 4.824225584855657e-05,
    "Sclerostin_bone": 0.12359384080671096,
    "RANKL_bone": 1.3391816905164144,
    "OPG_bone": 1.7517487785757497
  },
  "biosensor_config": {
    "circuit_type": "ratiometric",
    "sensitivity": 21.240217534426563,
    "threshold": 0.0020979628886199126,
    "dynamic_range": [
      0.0,
      11.457836146830068
    ],
    "kd": 0.0873800712935496,
    "response_type": "hill",
    "reference_kd": 0.8474395094912303,
    "ratio_exponent": 2.48922658863265
  },
  "noise_preset": "high",
  "noise_params": {
    "additive_sigma": 0.1,
    "multiplicative_sigma": 0.2,
    "drift_rate": 0.001,
    "outlier_probability": 0.01,
    "outlier_magnitude": 10.0,
    "shot_noise_enabled": true,
    "seed": null
  },
  "measurement": {
    "snr_db": 11.162178409575695,
    "n_detections": 361,
    "detection_rate": 1.0,
    "time_to_detection": 1900.0878509027011,
    "false_negative_rate": 0.07850393160160182,
    "max_signal": 20.732018132334545,
    "mean_signal": 13.267516524436358,
    "signal_std": 2.602099683726928,
    "has_noise": true
  },
  "false_negative_rate": 0.07850393160160182,
  "sclerostin_mean": 1.4062323380737733,
  "sclerostin_max": 1.6852908961861324,
  "sclerostin_min": 0.025000000000000005,
  "sclerostin_std": 0.1589708040988535,
  "metadata_file": "metadata/e4927e16-3160-4d72-964b-e34519e4f608.json",
  "timeseries_file": "timeseries/e4927e16-3160-4d72-964b-e34519e4f608.csv"
}