{
  "run_id": "e4c1e949-3179-4e4b-a0d1-46bafc6e4326",
  "timestamp": "2026-01-31T04:10:22.396549",
  "scenario": "pmo",
  "duration": 3600.0,
  "num_points": 361,
  "environment_params": {
    "Estrogen": 0.16868865805390373,
    "PTH": 110.856997942482,
    "k_prod_Scl": 6.057250846603038e-06,
    "k_prod_RANKL": 3.1685501924423816e-05,
    "k_prod_OPG": 4.512467463055022e-05,
    "Sclerostin_bone": 0.11480639870337266,
    "RANKL_bone": 0.9784106794215404,
    "OPG_bone": 1.999283955240922
  },
  "biosensor_config": {
    "circuit_type": "direct_binding",
    "sensitivity": 19.265563029747703,
    "threshold": 0.0016913813591346867,
    "dynamic_range": [
      0.0,
      0.25773967035904405
    ],
    "kd": 0.06672536135841257,
    "response_type": "linear",
    "receptor_concentration": 2.0818939883871903,
    "kon": 15452.248863284185,
    "koff": 1031.0568892027572
  },
  "noise_preset": "medium",
  "noise_params": {
    "additive_sigma": 0.03,
    "multiplicative_sigma": 0.06,
    "drift_rate": 0.0003,
    "outlier_probability": 0.003,
    "outlier_magnitude": 4.0,
    "shot_noise_enabled": false,
    "seed": null
  },
  "measurement": {
    "snr_db": -7.721109761779971,
    "n_detections": 361,
    "detection_rate": 1.0,
    "time_to_detection": 4804.418047004631,
    "false_negative_rate": 0.09356823548040234,
    "max_signal": 1.395778759267318,
    "mean_signal": 0.7992088895868582,
    "signal_std": 0.3160448645555179,
    "has_noise": true
  },
  "false_negative_rate": 0.09356823548040234,
  "sclerostin_mean": 1.3728526895600235,
  "sclerostin_max": 1.7223901345378851,
  "sclerostin_min": 0.025000000000000005,
  "sclerostin_std": 0.19129739454921568,
  "metadata_file": "metadata/e4c1e949-3179-4e4b-a0d1-46bafc6e4326.json",
  "timeseries_file": "timeseries/e4c1e949-3179-4e4b-a0d1-46bafc6e4326.csv"
}