{
  "run_id": "e5c17e87-2e19-462e-9556-14bed6dbfd2c",
  "timestamp": "2026-05-17T01:40:39.891320",
  "scenario": "pmo",
  "duration": 3600.0,
  "num_points": 361,
  "environment_params": {
    "Estrogen": 0.25073785813668065,
    "PTH": 101.60758318878679,
    "k_prod_Scl": 5.436361141394937e-06,
    "k_deg_Scl": 5.6495603421559214e-05,
    "Sclerostin_bone": 0.0735735646736036,
    "k_prod_RANKL": 1.9390537677616425e-05,
    "k_deg_RANKL": 2.233538262243094e-05,
    "RANKL_bone": 0.7314419232519911,
    "k_prod_OPG": 7.243457421664378e-05,
    "k_deg_OPG": 3.150983434883318e-05,
    "OPG_bone": 3.7454241728581414,
    "MineralIon": 2.076087870034369,
    "k_prod_Mineral": 0.12007508350762805,
    "k_loss_Mineral": 0.05382800739180983
  },
  "biosensor_config": {
    "circuit_type": "ratiometric",
    "sensitivity": 1.9317366524255566,
    "threshold": 0.001111390770836224,
    "dynamic_range": [
      0.0,
      14.914283385715434
    ],
    "kd": 0.13797224824123025,
    "response_type": "linear",
    "reference_kd": 0.40369100727476326,
    "ratio_exponent": 1.6119690152210528
  },
  "biosensor_type": "ratiometric",
  "noise_preset": "low",
  "noise_params": {
    "additive_sigma": 0.005,
    "multiplicative_sigma": 0.01,
    "drift_rate": 2e-05,
    "outlier_probability": 0.0002,
    "outlier_magnitude": 2.0,
    "shot_noise_enabled": false,
    "seed": null
  },
  "measurement": {
    "snr_db": 39.154591089134065,
    "n_detections": 361,
    "detection_rate": 1.0,
    "time_to_detection": 3512.5033548971915,
    "false_negative_rate": 0.0,
    "max_signal": 15.42579494944215,
    "mean_signal": 14.965742072688949,
    "signal_std": 0.15612737479095037,
    "has_noise": true
  },
  "signal_to_noise_ratio_SNR": 39.154591089134065,
  "time_to_detection_threshold": 3512.5033548971915,
  "false_negative_rate": 0.0,
  "dynamic_range_of_output": 0.0,
  "sclerostin_mean": 0.9240167455403068,
  "sclerostin_max": 1.1979445240510076,
  "sclerostin_min": 0.025000000000000005,
  "sclerostin_std": 0.14724404420238701,
  "sclerostin_change": 