{
  "run_id": "e6520a28-5d9f-483c-8f45-3120f50979d1",
  "timestamp": "2026-01-31T04:11:04.458461",
  "scenario": "pmo",
  "duration": 3600.0,
  "num_points": 361,
  "environment_params": {
    "Estrogen": 0.10955572357970277,
    "PTH": 75.28353395294016,
    "k_prod_Scl": 6.103239589021471e-06,
    "k_prod_RANKL": 4.251046718909992e-05,
    "k_prod_OPG": 5.263114587984629e-05,
    "Sclerostin_bone": 0.07509528901181421,
    "RANKL_bone": 1.8260960469231637,
    "OPG_bone": 1.7782454002419814
  },
  "biosensor_config": {
    "circuit_type": "ratiometric",
    "sensitivity": 7.889100748912349,
    "threshold": 0.001556526352243885,
    "dynamic_range": [
      0.0,
      7.5629123993534595
    ],
    "kd": 0.26850756206032594,
    "response_type": "linear",
    "reference_kd": 0.77648499580351,
    "ratio_exponent": 1.8537640368827506
  },
  "noise_preset": "high",
  "noise_params": {
    "additive_sigma": 0.1,
    "multiplicative_sigma": 0.2,
    "drift_rate": 0.001,
    "outlier_probability": 0.01,
    "outlier_magnitude": 10.0,
    "shot_noise_enabled": true,
    "seed": null
  },
  "measurement": {
    "snr_db": 9.246586053222343,
    "n_detections": 361,
    "detection_rate": 1.0,
    "time_to_detection": 825.6946235133817,
    "false_negative_rate": 0.06152651038391585,
    "max_signal": 15.09386884184469,
    "mean_signal": 9.441410244359487,
    "signal_std": 1.8095702464893293,
    "has_noise": true
  },
  "false_negative_rate": 0.06152651038391585,
  "sclerostin_mean": 0.9944567824094199,
  "sclerostin_max": 1.3461096952534053,
  "sclerostin_min": 0.025000000000000005,
  "sclerostin_std": 0.18641901057149188,
  "metadata_file": "metadata/e6520a28-5d9f-483c-8f45-3120f50979d1.json",
  "timeseries_file": "timeseries/e6520a28-5d9f-483c-8f45-3120f50979d1.csv"
}