{
  "run_id": "e730902c-94cd-4418-81f4-edc55083f04f",
  "timestamp": "2026-05-17T01:40:41.439321",
  "scenario": "healthy",
  "duration": 3600.0,
  "num_points": 361,
  "environment_params": {
    "Estrogen": 0.8310874013198724,
    "PTH": 38.87290430735804,
    "k_prod_Scl": 4.819752976460553e-06,
    "k_deg_Scl": 7.220195002174001e-05,
    "Sclerostin_bone": 0.02372620431067662,
    "k_prod_RANKL": 1.106022703237677e-05,
    "k_deg_RANKL": 1.733320769482987e-05,
    "RANKL_bone": 0.5187891789673933,
    "k_prod_OPG": 0.00010721826395249013,
    "k_deg_OPG": 1.5635152840229664e-05,
    "OPG_bone": 6.633872316523481,
    "MineralIon": 2.652218934377287,
    "k_prod_Mineral": 0.07851569297490134,
    "k_loss_Mineral": 0.04563144347305361
  },
  "biosensor_config": {
    "circuit_type": "ratiometric",
    "sensitivity": 1.8943069536706623,
    "threshold": 0.007650350055974458,
    "dynamic_range": [
      0.0,
      19.03814005971469
    ],
    "kd": 0.041213180457418994,
    "response_type": "hill",
    "reference_kd": 0.33065202535648985,
    "ratio_exponent": 2.051391091862416
  },
  "biosensor_type": "ratiometric",
  "noise_preset": "medium",
  "noise_params": {
    "additive_sigma": 0.03,
    "multiplicative_sigma": 0.06,
    "drift_rate": 0.0002,
    "outlier_probability": 0.003,
    "outlier_magnitude": 4.0,
    "shot_noise_enabled": false,
    "seed": null
  },
  "measurement": {
    "snr_db": 13.125252117329927,
    "n_detections": 361,
    "detection_rate": 1.0,
    "time_to_detection": 2766.5053868688915,
    "false_negative_rate": 0.03984676930874091,
    "max_signal": 2.874622283179313,
    "mean_signal": 2.2408248920438196,
    "signal_std": 0.23379166839664645,
    "has_noise": true
  },
  "signal_to_noise_ratio_SNR": 13.125252117329927,
  "time_to_detection_threshold": 2766.5053868688915,
  "false_negative_rate": 0.03984676930874091,
  "dynamic_range_of_output": 0.0,
  "sclerostin_mean": 0.30123195655240836,
  "sclerostin_max": 0.37154054763690164,
  "sclerostin_min": 0.025000000000000005,
  "sclerostin_std": 0.03854829079284661,
  "sclerostin_change": 