{
  "run_id": "e820cb4b-0ad9-497f-be87-e80d51c50881",
  "timestamp": "2026-01-31T04:11:09.414938",
  "scenario": "healthy",
  "duration": 3600.0,
  "num_points": 361,
  "environment_params": {
    "Estrogen": 1.226565441754051,
    "PTH": 38.950979699634914,
    "k_prod_Scl": 2.919480204667396e-06,
    "k_prod_RANKL": 1.1377384152844297e-05,
    "k_prod_OPG": 0.00010127041439360046,
    "Sclerostin_bone": 0.0700145028503042,
    "RANKL_bone": 0.7450472875009632,
    "OPG_bone": 5.302310460610559
  },
  "biosensor_config": {
    "circuit_type": "ratiometric",
    "sensitivity": 1.072878016749412,
    "threshold": 0.0003048741966488544,
    "dynamic_range": [
      0.0,
      9.084400846462248
    ],
    "kd": 0.2401165480034528,
    "response_type": "linear",
    "reference_kd": 0.376434438953799,
    "ratio_exponent": 0.7263677803998474
  },
  "noise_preset": "medium",
  "noise_params": {
    "additive_sigma": 0.03,
    "multiplicative_sigma": 0.06,
    "drift_rate": 0.0003,
    "outlier_probability": 0.003,
    "outlier_magnitude": 4.0,
    "shot_noise_enabled": false,
    "seed": null
  },
  "measurement": {
    "snr_db": 20.847554266445915,
    "n_detections": 361,
    "detection_rate": 1.0,
    "time_to_detection": 123.2719703397648,
    "false_negative_rate": 0.010726894251356596,
    "max_signal": 11.34416843099147,
    "mean_signal": 9.62317906313455,
    "signal_std": 0.6234316569873177,
    "has_noise": true
  },
  "false_negative_rate": 0.010726894251356596,
  "sclerostin_mean": 0.7099298180998574,
  "sclerostin_max": 0.7329107061610807,
  "sclerostin_min": 0.025000000000000005,
  "sclerostin_std": 0.03765955737342959,
  "metadata_file": "metadata/e820cb4b-0ad9-497f-be87-e80d51c50881.json",
  "timeseries_file": "timeseries/e820cb4b-0ad9-497f-be87-e80d51c50881.csv"
}