{
  "run_id": "e8990c65-4a87-456c-a601-37bbd3792023",
  "timestamp": "2026-05-17T01:48:40.442467",
  "scenario": "pmo",
  "duration": 3600.0,
  "num_points": 361,
  "environment_params": {
    "Estrogen": 0.19267310667478027,
    "PTH": 62.325224997428464,
    "k_prod_Scl": 5.6327624923875e-06,
    "k_deg_Scl": 6.870256066266839e-05,
    "Sclerostin_bone": 0.07493329440823392,
    "k_prod_RANKL": 1.786512463311061e-05,
    "k_deg_RANKL": 1.4700769607805117e-05,
    "RANKL_bone": 0.935831409165144,
    "k_prod_OPG": 8.96786546874353e-05,
    "k_deg_OPG": 2.018331748004319e-05,
    "OPG_bone": 3.846913192967893,
    "MineralIon": 1.8074003998777626,
    "k_prod_Mineral": 0.08332973207848457,
    "k_loss_Mineral": 0.05234377070561955
  },
  "biosensor_config": {
    "circuit_type": "direct_binding",
    "sensitivity": 12.621905683503345,
    "threshold": 6.770570235951232e-05,
    "dynamic_range": [
      0.0,
      0.6891019390598723
    ],
    "kd": 0.08426625712770523,
    "response_type": "hill",
    "receptor_concentration": 5.350219628372119,
    "kon": 385376.53403350693,
    "koff": 32474.238107851343
  },
  "noise_preset": "high",
  "noise_params": {
    "additive_sigma": 0.08,
    "multiplicative_sigma": 0.12,
    "drift_rate": 0.0004,
    "outlier_probability": 0.005,
    "outlier_magnitude": 6.0,
    "shot_noise_enabled": 0,
    "seed": null
  },
  "measurement": {
    "snr_db": -1.7039908354739048,
    "n_detections": 361,
    "detection_rate": 1.0,
    "time_to_detection": 3230.119360458484,
    "false_negative_rate": 0.14724498334803085,
    "max_signal": 2.362946204533894,
    "mean_signal": 1.4084245249924026,
    "signal_std": 0.4308042964814533,
    "has_noise": 1
  },
  "false_negative_rate": 0.14724498334803085,
  "sclerostin_mean": 0.9460541106238756,
  "sclerostin_max": 1.2327332802243058,
  "sclerostin_min": 0.025000000000000005,
  "sclerostin_std": 0.15378583428416417,
  "metadata_file": "metadata/e8990c65-4a87-456c-a601-37bbd3792023.json",
  "timeseries_file": "timeseries/e8990c65-4a87-456c-a601-37bbd3792023.csv"
}