{
  "run_id": "e8c9959d-8ac3-41cd-a1fb-431096e7779a",
  "timestamp": "2026-05-17T01:40:41.194289",
  "scenario": "ckd_mbd",
  "duration": 3600.0,
  "num_points": 361,
  "environment_params": {
    "Estrogen": 0.6120664664137975,
    "PTH": 178.2678332577729,
    "k_prod_Scl": 1.2065742127042137e-05,
    "k_deg_Scl": 5.692016155087982e-05,
    "Sclerostin_bone": 0.15027042158126472,
    "k_prod_RANKL": 1.7648456637385945e-05,
    "k_deg_RANKL": 2.3541479224715565e-05,
    "RANKL_bone": 0.9558733342748291,
    "k_prod_OPG": 0.0001260939663320202,
    "k_deg_OPG": 2.3665350648930158e-05,
    "OPG_bone": 7.770535692170128,
    "MineralIon": 2.3776998834206804,
    "k_prod_Mineral": 0.16506851043076615,
    "k_loss_Mineral": 0.021752416596338944
  },
  "biosensor_config": {
    "circuit_type": "threshold",
    "sensitivity": 16.57061273995207,
    "threshold": 0.002776793534617122,
    "dynamic_range": [
      0.0,
      18.12033494402057
    ],
    "kd": 0.21706684259902126,
    "response_type": "hill",
    "hill_coefficient": 7.2247223282766715,
    "off_level": 0.22267796322989983,
    "on_level": 25.609554236249043
  },
  "biosensor_type": "threshold",
  "noise_preset": "low",
  "noise_params": {
    "additive_sigma": 0.005,
    "multiplicative_sigma": 0.01,
    "drift_rate": 2e-05,
    "outlier_probability": 0.0002,
    "outlier_magnitude": 2.0,
    "shot_noise_enabled": false,
    "seed": null
  },
  "measurement": {
    "snr_db": 39.538752878484615,
    "n_detections": 361,
    "detection_rate": 1.0,
    "time_to_detection": 1760.2773521520692,
    "false_negative_rate": 0.0,
    "max_signal": 18.718761787808283,
    "mean_signal": 18.101728511368524,
    "signal_std": 0.9610096131168966,
    "has_noise": true
  },
  "signal_to_noise_ratio_SNR": 39.538752878484615,
  "time_to_detection_threshold": 1760.2773521520692,
  "false_negative_rate": 0.0,
  "dynamic_range_of_output": 0.0,
  "sclerostin_mean": 1.695746985572573,
  "sclerostin_max": 2.023487430007959,
  "sclerostin_min": 0.025000000000000005,
  "sclerostin_std": 0.18775396324346583,
  "sclerostin_change": 