{
  "run_id": "e97e349f-2160-4fa0-b6b8-07b63b0e9ee3",
  "timestamp": "2026-05-17T01:40:40.683631",
  "scenario": "pmo",
  "duration": 3600.0,
  "num_points": 361,
  "environment_params": {
    "Estrogen": 0.2541343600321244,
    "PTH": 50.580619174920066,
    "k_prod_Scl": 7.305502309111366e-06,
    "k_deg_Scl": 7.143694216622045e-05,
    "Sclerostin_bone": 0.12064107540373244,
    "k_prod_RANKL": 1.5394644640573417e-05,
    "k_deg_RANKL": 1.6940231924524362e-05,
    "RANKL_bone": 1.6283820891925689,
    "k_prod_OPG": 5.315227447808482e-05,
    "k_deg_OPG": 1.6452511581425284e-05,
    "OPG_bone": 3.3653973890695954,
    "MineralIon": 1.7301868096995932,
    "k_prod_Mineral": 0.09051533956608723,
    "k_loss_Mineral": 0.049179976578628465
  },
  "biosensor_config": {
    "circuit_type": "direct_binding",
    "sensitivity": 11.462321274898684,
    "threshold": 0.0023159651129956225,
    "dynamic_range": [
      0.0,
      18.56414613694482
    ],
    "kd": 0.2627921213783909,
    "response_type": "hill",
    "receptor_concentration": 6.048910414025894,
    "kon": 65774.50285938215,
    "koff": 17285.021139026074
  },
  "biosensor_type": "direct_binding",
  "noise_preset": "medium",
  "noise_params": {
    "additive_sigma": 0.03,
    "multiplicative_sigma": 0.06,
    "drift_rate": 0.0002,
    "outlier_probability": 0.003,
    "outlier_magnitude": 4.0,
    "shot_noise_enabled": false,
    "seed": null
  },
  "measurement": {
    "snr_db": 22.996610076629782,
    "n_detections": 361,
    "detection_rate": 1.0,
    "time_to_detection": 528.1225220049411,
    "false_negative_rate": 0.004531025591659327,
    "max_signal": 13.734323153891841,
    "mean_signal": 11.78258900308935,
    "signal_std": 0.7431076748221818,
    "has_noise": true
  },
  "signal_to_noise_ratio_SNR": 22.996610076629782,
  "time_to_detection_threshold": 528.1225220049411,
  "false_negative_rate": 0.004531025591659327,
  "dynamic_range_of_output": 0.0,
  "sclerostin_mean": 1.4130714950834833,
  "sclerostin_max": 1.7419108371094105,
  "sclerostin_min": 0.025000000000000005,
  "sclerostin_std": 0.18215463531532525,
  "sclerostin_change": 