{
  "run_id": "ead53966-5674-4d48-bba0-92320ef736dd",
  "timestamp": "2026-05-17T01:48:53.229244",
  "scenario": "healthy",
  "duration": 3600.0,
  "num_points": 361,
  "environment_params": {
    "Estrogen": 0.932921399393513,
    "PTH": 72.02257936084659,
    "k_prod_Scl": 3.113947980576229e-06,
    "k_deg_Scl": 5.6376951110767025e-05,
    "Sclerostin_bone": 0.025344979411141656,
    "k_prod_RANKL": 1.119004600890563e-05,
    "k_deg_RANKL": 2.545595621712801e-05,
    "RANKL_bone": 0.6038870688778959,
    "k_prod_OPG": 0.0001437842212979527,
    "k_deg_OPG": 1.9963895904160583e-05,
    "OPG_bone": 4.091032720044657,
    "MineralIon": 2.963034387965992,
    "k_prod_Mineral": 0.08107769434371359,
    "k_loss_Mineral": 0.04437143314333782
  },
  "biosensor_config": {
    "circuit_type": "direct_binding",
    "sensitivity": 28.14126923929918,
    "threshold": 0.0022407479825664973,
    "dynamic_range": [
      0.0,
      15.092202558649259
    ],
    "kd": 3.0286028222180095,
    "response_type": "hill",
    "receptor_concentration": 5.951904142253107,
    "kon": 28841.713078673267,
    "koff": 87350.09362767193
  },
  "noise_preset": "medium",
  "noise_params": {
    "additive_sigma": 0.03,
    "multiplicative_sigma": 0.06,
    "drift_rate": 0.0002,
    "outlier_probability": 0.003,
    "outlier_magnitude": 4.0,
    "shot_noise_enabled": 0,
    "seed": null
  },
  "measurement": {
    "snr_db": 5.995867139979381,
    "n_detections": 360,
    "detection_rate": 0.997229916897507,
    "time_to_detection": 4580.321939637188,
    "false_negative_rate": 0.09657318473512169,
    "max_signal": 1.9388237289415804,
    "mean_signal": 1.201278808242054,
    "signal_std": 0.32990892413342643,
    "has_noise": 1
  },
  "false_negative_rate": 0.09657318473512169,
  "sclerostin_mean": 0.2959924868878579,
  "sclerostin_max": 0.3373839572433392,
  "sclerostin_min": 0.025000000000000005,
  "sclerostin_std": 0.025262019586444195,
  "metadata_file": "metadata/ead53966-5674-4d48-bba0-92320ef736dd.json",
  "timeseries_file": "timeseries/ead53966-5674-4d48-bba0-92320ef736dd.csv"
}