{
  "run_id": "eaf8358e-eff2-4127-a8ed-b1b7890d64ef",
  "timestamp": "2026-01-31T04:10:25.345516",
  "scenario": "healthy",
  "duration": 3600.0,
  "num_points": 361,
  "environment_params": {
    "Estrogen": 1.0788033938049728,
    "PTH": 45.84504689506738,
    "k_prod_Scl": 4.016589862472605e-06,
    "k_prod_RANKL": 1.1112616892278633e-05,
    "k_prod_OPG": 6.722291923027674e-05,
    "Sclerostin_bone": 0.048955384855968724,
    "RANKL_bone": 0.632080135180394,
    "OPG_bone": 5.253184112089962
  },
  "biosensor_config": {
    "circuit_type": "amplifying",
    "sensitivity": 2.4461204877699245,
    "threshold": 5.6747189591530664e-05,
    "dynamic_range": [
      0.0,
      14.530096280128022
    ],
    "kd": 0.06159519325191836,
    "response_type": "linear",
    "receptor_concentration": 4.993399715152643,
    "enzyme_concentration": 17.52942547208098,
    "amplification_gain": 9902.14333686462,
    "response_time": 174.97902372408763
  },
  "noise_preset": "medium",
  "noise_params": {
    "additive_sigma": 0.03,
    "multiplicative_sigma": 0.06,
    "drift_rate": 0.0003,
    "outlier_probability": 0.003,
    "outlier_magnitude": 4.0,
    "shot_noise_enabled": false,
    "seed": null
  },
  "measurement": {
    "snr_db": 22.546885065459435,
    "n_detections": 361,
    "detection_rate": 1.0,
    "time_to_detection": 3844.244228598891,
    "false_negative_rate": 0.006905612845302054,
    "max_signal": 17.504126422368543,
    "mean_signal": 15.053230394794502,
    "signal_std": 1.2165795545423708,
    "has_noise": true
  },
  "false_negative_rate": 0.006905612845302054,
  "sclerostin_mean": 0.5203868988955953,
  "sclerostin_max": 0.5599784826707821,
  "sclerostin_min": 0.025000000000000005,
  "sclerostin_std": 0.03261497384148226,
  "metadata_file": "metadata/eaf8358e-eff2-4127-a8ed-b1b7890d64ef.json",
  "timeseries_file": "timeseries/eaf8358e-eff2-4127-a8ed-b1b7890d64ef.csv"
}