{
  "run_id": "eb1a0e9b-7bd7-4f1a-b40c-ff5717efdb85",
  "timestamp": "2026-01-31T04:10:46.748896",
  "scenario": "pmo",
  "duration": 3600.0,
  "num_points": 361,
  "environment_params": {
    "Estrogen": 0.20977280115322286,
    "PTH": 52.70462733887472,
    "k_prod_Scl": 4.210354623649685e-06,
    "k_prod_RANKL": 4.099204648742102e-05,
    "k_prod_OPG": 4.555221460975482e-05,
    "Sclerostin_bone": 0.09279200533029161,
    "RANKL_bone": 2.196800821607162,
    "OPG_bone": 1.9407705299055316
  },
  "biosensor_config": {
    "circuit_type": "ratiometric",
    "sensitivity": 2.3020257416632868,
    "threshold": 0.00851767263853209,
    "dynamic_range": [
      0.0,
      3.335314612365301
    ],
    "kd": 0.06333985810156795,
    "response_type": "hill",
    "reference_kd": 0.017229972924225085,
    "ratio_exponent": 2.2987790298923914
  },
  "noise_preset": "medium",
  "noise_params": {
    "additive_sigma": 0.03,
    "multiplicative_sigma": 0.06,
    "drift_rate": 0.0003,
    "outlier_probability": 0.003,
    "outlier_magnitude": 4.0,
    "shot_noise_enabled": false,
    "seed": null
  },
  "measurement": {
    "snr_db": 11.113094168817039,
    "n_detections": 361,
    "detection_rate": 1.0,
    "time_to_detection": 4038.349423270596,
    "false_negative_rate": 0.04682280708550261,
    "max_signal": 3.67742857834665,
    "mean_signal": 2.8371517469207514,
    "signal_std": 0.35179560069629373,
    "has_noise": true
  },
  "false_negative_rate": 0.04682280708550261,
  "sclerostin_mean": 1.0579362014094083,
  "sclerostin_max": 1.262594200910648,
  "sclerostin_min": 0.025000000000000005,
  "sclerostin_std": 0.11699821785294064,
  "metadata_file": "metadata/eb1a0e9b-7bd7-4f1a-b40c-ff5717efdb85.json",
  "timeseries_file": "timeseries/eb1a0e9b-7bd7-4f1a-b40c-ff5717efdb85.csv"
}