{
  "run_id": "ec04bc05-0485-4a43-9343-c963bafe49fb",
  "timestamp": "2026-01-31T04:10:21.008872",
  "scenario": "pmo",
  "duration": 3600.0,
  "num_points": 361,
  "environment_params": {
    "Estrogen": 0.19772875735285997,
    "PTH": 61.21189804434888,
    "k_prod_Scl": 5.364460630960107e-06,
    "k_prod_RANKL": 2.8719743622354578e-05,
    "k_prod_OPG": 5.16667634775153e-05,
    "Sclerostin_bone": 0.07991962227486225,
    "RANKL_bone": 0.9711212579161207,
    "OPG_bone": 1.8365819925537477
  },
  "biosensor_config": {
    "circuit_type": "threshold",
    "sensitivity": 3.5191988947615025,
    "threshold": 5.348152888980444e-05,
    "dynamic_range": [
      0.0,
      14.091344384690977
    ],
    "kd": 1.6720486209562269,
    "response_type": "michaelis_menten",
    "hill_coefficient": 1.5481225449402394,
    "off_level": 0.9972028013555259,
    "on_level": 16.670589385321044
  },
  "noise_preset": "high",
  "noise_params": {
    "additive_sigma": 0.1,
    "multiplicative_sigma": 0.2,
    "drift_rate": 0.001,
    "outlier_probability": 0.01,
    "outlier_magnitude": 10.0,
    "shot_noise_enabled": true,
    "seed": null
  },
  "measurement": {
    "snr_db": 7.907743223831939,
    "n_detections": 361,
    "detection_rate": 1.0,
    "time_to_detection": 2867.4966259856087,
    "false_negative_rate": 0.127460461426966,
    "max_signal": 15.291538359097952,
    "mean_signal": 7.561073844655383,
    "signal_std": 2.072509994598654,
    "has_noise": true
  },
  "false_negative_rate": 0.127460461426966,
  "sclerostin_mean": 0.9846537795360812,
  "sclerostin_max": 1.258081645051143,
  "sclerostin_min": 0.025000000000000005,
  "sclerostin_std": 0.14800419325551933,
  "metadata_file": "metadata/ec04bc05-0485-4a43-9343-c963bafe49fb.json",
  "timeseries_file": "timeseries/ec04bc05-0485-4a43-9343-c963bafe49fb.csv"
}