{
  "run_id": "ec1ef1b2-3262-42be-a1f7-b0d207db5bfa",
  "timestamp": "2026-05-17T01:48:41.998501",
  "scenario": "ckd_mbd",
  "duration": 3600.0,
  "num_points": 361,
  "environment_params": {
    "Estrogen": 0.4968591109486813,
    "PTH": 129.50269499659433,
    "k_prod_Scl": 1.3496772769893956e-05,
    "k_deg_Scl": 4.327212729687913e-05,
    "Sclerostin_bone": 0.11595305925978286,
    "k_prod_RANKL": 1.9939554287026224e-05,
    "k_deg_RANKL": 2.1035452858451037e-05,
    "RANKL_bone": 0.9194558785580057,
    "k_prod_OPG": 6.577952319691442e-05,
    "k_deg_OPG": 2.005053327250182e-05,
    "OPG_bone": 5.050465422457232,
    "MineralIon": 4.358841566601093,
    "k_prod_Mineral": 0.22974107202467664,
    "k_loss_Mineral": 0.023862979844981834
  },
  "biosensor_config": {
    "circuit_type": "threshold",
    "sensitivity": 1.4787150875947728,
    "threshold": 0.00018095081688993014,
    "dynamic_range": [
      0.0,
      1.973928346486912
    ],
    "kd": 0.13482186465150695,
    "response_type": "linear",
    "hill_coefficient": 5.576471579797478,
    "off_level": 0.9185547920161758,
    "on_level": 7.4337327720931095
  },
  "noise_preset": "medium",
  "noise_params": {
    "additive_sigma": 0.03,
    "multiplicative_sigma": 0.06,
    "drift_rate": 0.0002,
    "outlier_probability": 0.003,
    "outlier_magnitude": 4.0,
    "shot_noise_enabled": 0,
    "seed": null
  },
  "measurement": {
    "snr_db": 12.965165560146385,
    "n_detections": 361,
    "detection_rate": 1.0,
    "time_to_detection": 255.1258803180631,
    "false_negative_rate": 0.09361600122214929,
    "max_signal": 2.9444432187433485,
    "mean_signal": 2.342856077541562,
    "signal_std": 0.2526386573586201,
    "has_noise": 1
  },
  "false_negative_rate": 0.09361600122214929,
  "sclerostin_mean": 1.4521801092983888,
  "sclerostin_max": 1.8971444773139174,
  "sclerostin_min": 0.025000000000000005,
  "sclerostin_std": 0.23870620689850328,
  "metadata_file": "metadata/ec1ef1b2-3262-42be-a1f7-b0d207db5bfa.json",
  "timeseries_file": "timeseries/ec1ef1b2-3262-42be-a1f7-b0d207db5bfa.csv"
}