{
  "run_id": "ec523270-57a4-4b99-b821-32328040fad9",
  "timestamp": "2026-05-17T02:01:35.493364",
  "scenario": "pmo",
  "duration": 3600.0,
  "num_points": 361,
  "environment_params": {
    "Estrogen": 0.24530616056733034,
    "PTH": 49.77926743480994,
    "k_prod_Scl": 7.500389890913174e-06,
    "k_deg_Scl": 8.617501845773215e-05,
    "Sclerostin_bone": 0.0954674601856785,
    "k_prod_RANKL": 2.5523888188922356e-05,
    "k_deg_RANKL": 1.6641957700397978e-05,
    "RANKL_bone": 0.7809068743386454,
    "k_prod_OPG": 6.21913394446417e-05,
    "k_deg_OPG": 2.0564722852955805e-05,
    "OPG_bone": 3.3551602883836757,
    "MineralIon": 2.2549242242756597,
    "k_prod_Mineral": 0.12303563929182973,
    "k_loss_Mineral": 0.0629876004376833
  },
  "biosensor_config": {
    "circuit_type": "direct_binding",
    "sensitivity": 4.61861804610144,
    "threshold": 0.0023088493053308413,
    "dynamic_range": [
      0.0,
      9.960288163797843
    ],
    "kd": 0.02953178453856588,
    "response_type": "linear",
    "receptor_concentration": 5.090707546334634,
    "kon": 279267.44886900875,
    "koff": 8247.26612863453
  },
  "noise_preset": "high",
  "noise_params": {
    "additive_sigma": 0.08,
    "multiplicative_sigma": 0.12,
    "drift_rate": 0.0004,
    "outlier_probability": 0.005,
    "outlier_magnitude": 6.0,
    "shot_noise_enabled": 0,
    "seed": null
  },
  "measurement": {
    "snr_db": 16.998689185294126,
    "n_detections": 361,
    "detection_rate": 1.0,
    "time_to_detection": 143.24834807204678,
    "false_negative_rate": 0.030702474189191916,
    "max_signal": 14.462375946162773,
    "mean_signal": 10.711443462293891,
    "signal_std": 1.1898781162232834,
    "has_noise": 1
  },
  "false_negative_rate": 0.030702474189191916,
  "sclerostin_mean": 1.1811390109984188,
  "sclerostin_max": 1.5222121132873108,
  "sclerostin_min": 0.025000000000000005,
  "sclerostin_std": 0.18387719183874926,
  "metadata_file": "metadata/ec523270-57a4-4b99-b821-32328040fad9.json",
  "timeseries_file": "timeseries/ec523270-57a4-4b99-b821-32328040fad9.csv"
}