{
  "run_id": "ec9fde2e-968f-46f5-9775-2e398be1b626",
  "timestamp": "2026-01-31T04:10:15.457808",
  "scenario": "pmo",
  "duration": 3600.0,
  "num_points": 361,
  "environment_params": {
    "Estrogen": 0.1264344470139972,
    "PTH": 63.69762822326604,
    "k_prod_Scl": 4.168501940343512e-06,
    "k_prod_RANKL": 2.0077773862050752e-05,
    "k_prod_OPG": 6.166389173276533e-05,
    "Sclerostin_bone": 0.09736191730154892,
    "RANKL_bone": 1.057550725325034,
    "OPG_bone": 1.5505189871677112
  },
  "biosensor_config": {
    "circuit_type": "direct_binding",
    "sensitivity": 9.809844448760067,
    "threshold": 8.981406442821697e-05,
    "dynamic_range": [
      0.0,
      0.8964723564680426
    ],
    "kd": 0.03641534822075129,
    "response_type": "linear",
    "receptor_concentration": 5.079867993312894,
    "kon": 34167.95960411191,
    "koff": 1244.2381469762986
  },
  "noise_preset": "high",
  "noise_params": {
    "additive_sigma": 0.1,
    "multiplicative_sigma": 0.2,
    "drift_rate": 0.001,
    "outlier_probability": 0.01,
    "outlier_magnitude": 10.0,
    "shot_noise_enabled": true,
    "seed": null
  },
  "measurement": {
    "snr_db": -7.3792315907935935,
    "n_detections": 361,
    "detection_rate": 1.0,
    "time_to_detection": 6011.091066629186,
    "false_negative_rate": 0.14068204818044328,
    "max_signal": 5.1404662830064005,
    "mean_signal": 2.70504065296503,
    "signal_std": 1.0604084779900413,
    "has_noise": true
  },
  "false_negative_rate": 0.14068204818044328,
  "sclerostin_mean": 1.121054842921132,
  "sclerostin_max": 1.352405214247836,
  "sclerostin_min": 0.025000000000000005,
  "sclerostin_std": 0.13068562736684577,
  "metadata_file": "metadata/ec9fde2e-968f-46f5-9775-2e398be1b626.json",
  "timeseries_file": "timeseries/ec9fde2e-968f-46f5-9775-2e398be1b626.csv"
}