{
  "run_id": "ed212863-96b4-4390-9479-a35400cf244f",
  "timestamp": "2026-01-31T04:09:56.132867",
  "scenario": "pmo",
  "duration": 3600.0,
  "num_points": 361,
  "environment_params": {
    "Estrogen": 0.1637026909904327,
    "PTH": 62.478590435452766,
    "k_prod_Scl": 6.849140771999962e-06,
    "k_prod_RANKL": 2.8394567859558417e-05,
    "k_prod_OPG": 6.732145324254419e-05,
    "Sclerostin_bone": 0.07460050352054184,
    "RANKL_bone": 0.6861035820700233,
    "OPG_bone": 1.5054235859121936
  },
  "biosensor_config": {
    "circuit_type": "amplifying",
    "sensitivity": 1.3502372145072397,
    "threshold": 3.891435967650551e-05,
    "dynamic_range": [
      0.0,
      7.378395659830142
    ],
    "kd": 0.795106788026112,
    "response_type": "hill",
    "receptor_concentration": 1.0146837718251562,
    "enzyme_concentration": 3.2466655394160666,
    "amplification_gain": 6742.3890939554,
    "response_time": 314.74024163605264
  },
  "noise_preset": "medium",
  "noise_params": {
    "additive_sigma": 0.03,
    "multiplicative_sigma": 0.06,
    "drift_rate": 0.0003,
    "outlier_probability": 0.003,
    "outlier_magnitude": 4.0,
    "shot_noise_enabled": false,
    "seed": null
  },
  "measurement": {
    "snr_db": 6.5903558214131515,
    "n_detections": 361,
    "detection_rate": 1.0,
    "time_to_detection": 2941.69137542132,
    "false_negative_rate": 0.10446231875034753,
    "max_signal": 2.5455720596979363,
    "mean_signal": 1.886429106425667,
    "signal_std": 0.34048618698042343,
    "has_noise": true
  },
  "false_negative_rate": 0.10446231875034753,
  "sclerostin_mean": 0.9991341617937398,
  "sclerostin_max": 1.3637191572308234,
  "sclerostin_min": 0.025000000000000005,
  "sclerostin_std": 0.1928879815849005,
  "metadata_file": "metadata/ed212863-96b4-4390-9479-a35400cf244f.json",
  "timeseries_file": "timeseries/ed212863-96b4-4390-9479-a35400cf244f.csv"
}