{
  "run_id": "ed41c1dd-77ad-4da9-a466-6484180130a9",
  "timestamp": "2026-05-17T01:54:25.463378",
  "scenario": "pmo",
  "duration": 3600.0,
  "num_points": 361,
  "environment_params": {
    "Estrogen": 0.3567077237932135,
    "PTH": 40.75817242933833,
    "k_prod_Scl": 7.3211261120092275e-06,
    "k_deg_Scl": 6.438623995264632e-05,
    "Sclerostin_bone": 0.07916256977457782,
    "k_prod_RANKL": 1.603915471031646e-05,
    "k_deg_RANKL": 1.997554211743185e-05,
    "RANKL_bone": 0.7779357328460996,
    "k_prod_OPG": 7.067591410472716e-05,
    "k_deg_OPG": 1.6329645473043676e-05,
    "OPG_bone": 4.319110508524852,
    "MineralIon": 2.128460953369285,
    "k_prod_Mineral": 0.06458590381953683,
    "k_loss_Mineral": 0.05275246067277728
  },
  "biosensor_config": {
    "circuit_type": "direct_binding",
    "sensitivity": 7.479737335734606,
    "threshold": 0.009098834496778407,
    "dynamic_range": [
      0.0,
      15.636269044824612
    ],
    "kd": 0.013938280498421787,
    "response_type": "hill",
    "receptor_concentration": 9.385732782650635,
    "kon": 833679.3813571688,
    "koff": 11620.057063106966
  },
  "noise_preset": "low",
  "noise_params": {
    "additive_sigma": 0.005,
    "multiplicative_sigma": 0.01,
    "drift_rate": 2e-05,
    "outlier_probability": 0.0002,
    "outlier_magnitude": 2.0,
    "shot_noise_enabled": 0,
    "seed": null
  },
  "measurement": {
    "snr_db": 38.68176116313713,
    "n_detections": 361,
    "detection_rate": 1.0,
    "time_to_detection": 859.4875022426343,
    "false_negative_rate": 0.020175332333262137,
    "max_signal": 7.739417407156765,
    "mean_signal": 7.510896754842225,
    "signal_std": 0.08128175482201509,
    "has_noise": 1
  },
  "false_negative_rate": 0.020175332333262137,
  "sclerostin_mean": 0.9736103154657384,
  "sclerostin_max": 1.2423351592676652,
  "sclerostin_min": 0.025000000000000005,
  "sclerostin_std": 0.14550336291934277,
  "metadata_file": "metadata/ed41c1dd-77ad-4da9-a466-6484180130a9.json",
  "timeseries_file": "timeseries/ed41c1dd-77ad-4da9-a466-6484180130a9.csv"
}