{
  "run_id": "edd94489-23b8-4512-b25c-935f42af8dd8",
  "timestamp": "2026-01-31T04:09:49.689535",
  "scenario": "ckd_mbd",
  "duration": 3600.0,
  "num_points": 361,
  "environment_params": {
    "Estrogen": 1.0324741678886251,
    "PTH": 238.23601219021617,
    "k_prod_Scl": 1.5061936609636152e-05,
    "k_deg_Scl": 4.3582921550195086e-05,
    "k_prod_RANKL": 1.793924154569102e-05,
    "k_prod_OPG": 0.0001408080537361482,
    "Sclerostin_bone": 0.15909194136198776,
    "RANKL_bone": 0.7899550780133823,
    "OPG_bone": 7.3706995376533175,
    "MineralIon": 3.3670754523082698,
    "k_prod_Mineral": 0.2790941014344746
  },
  "biosensor_config": {
    "circuit_type": "direct_binding",
    "sensitivity": 3.1431300718694866,
    "threshold": 5.126562528781401e-05,
    "dynamic_range": [
      0.0,
      14.937499972461637
    ],
    "kd": 3.620516353764593,
    "response_type": "hill",
    "receptor_concentration": 3.316863387022831,
    "kon": 255832.88298985793,
    "koff": 926247.1366955242
  },
  "noise_preset": "medium",
  "noise_params": {
    "additive_sigma": 0.03,
    "multiplicative_sigma": 0.06,
    "drift_rate": 0.0003,
    "outlier_probability": 0.003,
    "outlier_magnitude": 4.0,
    "shot_noise_enabled": false,
    "seed": null
  },
  "measurement": {
    "snr_db": -8.05545689464506,
    "n_detections": 361,
    "detection_rate": 1.0,
    "time_to_detection": 6880.169077313687,
    "false_negative_rate": 0.002273310170167355,
    "max_signal": 1.386856993843793,
    "mean_signal": 0.7858423003423618,
    "signal_std": 0.3345050132099467,
    "has_noise": true
  },
  "false_negative_rate": 0.002273310170167355,
  "sclerostin_mean": 1.689317588011702,
  "sclerostin_max": 1.8902350217259807,
  "sclerostin_min": 0.025000000000000005,
  "sclerostin_std": 0.1335190855790088,
  "metadata_file": "metadata/edd94489-23b8-4512-b25c-935f42af8dd8.json",
  "timeseries_file": "timeseries/edd94489-23b8-4512-b25c-935f42af8dd8.csv"
}