{
  "run_id": "ee534ff2-c516-4933-ba0b-57797feb8589",
  "timestamp": "2026-05-17T01:40:36.506415",
  "scenario": "pmo",
  "duration": 3600.0,
  "num_points": 361,
  "environment_params": {
    "Estrogen": 0.18681208592985005,
    "PTH": 44.421122124974104,
    "k_prod_Scl": 8.528799953570079e-06,
    "k_deg_Scl": 6.848363414752926e-05,
    "Sclerostin_bone": 0.07697943456312448,
    "k_prod_RANKL": 1.7550991432370828e-05,
    "k_deg_RANKL": 2.0811024514617696e-05,
    "RANKL_bone": 0.7702504056402583,
    "k_prod_OPG": 7.196451937679367e-05,
    "k_deg_OPG": 1.671877866292029e-05,
    "OPG_bone": 3.502487583938865,
    "MineralIon": 5.4903705182088824,
    "k_prod_Mineral": 0.11937639801447661,
    "k_loss_Mineral": 0.05592623762369259
  },
  "biosensor_config": {
    "circuit_type": "amplifying",
    "sensitivity": 2.438115351673329,
    "threshold": 5.780517403721873e-05,
    "dynamic_range": [
      0.0,
      8.633372950622396
    ],
    "kd": 0.08856474301518855,
    "response_type": "michaelis_menten",
    "receptor_concentration": 4.091773407074457,
    "enzyme_concentration": 4.098545420920164,
    "amplification_gain": 3566.7105427734746,
    "response_time": 147.30919973946442
  },
  "biosensor_type": "amplifying",
  "noise_preset": "medium",
  "noise_params": {
    "additive_sigma": 0.03,
    "multiplicative_sigma": 0.06,
    "drift_rate": 0.0002,
    "outlier_probability": 0.003,
    "outlier_magnitude": 4.0,
    "shot_noise_enabled": false,
    "seed": null
  },
  "measurement": {
    "snr_db": 15.00969512763165,
    "n_detections": 361,
    "detection_rate": 1.0,
    "time_to_detection": 3903.304719080019,
    "false_negative_rate": 0.06138912512068047,
    "max_signal": 3.5844721607412007,
    "mean_signal": 2.7800530891854853,
    "signal_std": 0.29277719912099165,
    "has_noise": true
  },
  "signal_to_noise_ratio_SNR": 15.00969512763165,
  "time_to_detection_threshold": 3903.304719080019,
  "false_negative_rate": 0.06138912512068047,
  "dynamic_range_of_output": 0.0,
  "sclerostin_mean": 1.0607739820970303,
  "sclerostin_max": 1.4798555104633886,
  "sclerostin_min": 0.025000000000000005,
  "sclerostin_std": 0.2207103531602961,
  "sclerostin_change": 