{
  "run_id": "ef0c6e97-2c09-46a6-a823-a9e537266722",
  "timestamp": "2026-05-17T01:48:48.502429",
  "scenario": "ckd_mbd",
  "duration": 3600.0,
  "num_points": 361,
  "environment_params": {
    "Estrogen": 0.6141554651765703,
    "PTH": 155.14635150154749,
    "k_prod_Scl": 9.713186347638489e-06,
    "k_deg_Scl": 5.65493797558655e-05,
    "Sclerostin_bone": 0.16808363487413275,
    "k_prod_RANKL": 1.451414670734438e-05,
    "k_deg_RANKL": 2.562663898571617e-05,
    "RANKL_bone": 1.2216426693740814,
    "k_prod_OPG": 0.00011416246175015987,
    "k_deg_OPG": 2.043438655625355e-05,
    "OPG_bone": 6.121275179187238,
    "MineralIon": 3.1746499003215627,
    "k_prod_Mineral": 0.13363943002491702,
    "k_loss_Mineral": 0.019456080701251925
  },
  "biosensor_config": {
    "circuit_type": "direct_binding",
    "sensitivity": 3.633221276253294,
    "threshold": 4.1256980870322586e-05,
    "dynamic_range": [
      0.0,
      12.288263604170293
    ],
    "kd": 0.010688506248608842,
    "response_type": "michaelis_menten",
    "receptor_concentration": 9.114408380519933,
    "kon": 305131.0844807149,
    "koff": 3261.395503116914
  },
  "noise_preset": "medium",
  "noise_params": {
    "additive_sigma": 0.03,
    "multiplicative_sigma": 0.06,
    "drift_rate": 0.0002,
    "outlier_probability": 0.003,
    "outlier_magnitude": 4.0,
    "shot_noise_enabled": 0,
    "seed": null
  },
  "measurement": {
    "snr_db": 17.662001940270812,
    "n_detections": 361,
    "detection_rate": 1.0,
    "time_to_detection": 1630.8629419398249,
    "false_negative_rate": 0.05220394227190943,
    "max_signal": 4.792863325024095,
    "mean_signal": 3.993032932794211,
    "signal_std": 0.30503790378955364,
    "has_noise": 1
  },
  "false_negative_rate": 0.05220394227190943,
  "sclerostin_mean": 1.8157832145535089,
  "sclerostin_max": 2.0736182210779392,
  "sclerostin_min": 0.025000000000000005,
  "sclerostin_std": 0.160381141843882,
  "metadata_file": "metadata/ef0c6e97-2c09-46a6-a823-a9e537266722.json",
  "timeseries_file": "timeseries/ef0c6e97-2c09-46a6-a823-a9e537266722.csv"
}