{
  "run_id": "ef5e15c8-8753-4221-b546-04db48ffa494",
  "timestamp": "2026-05-17T01:40:41.540207",
  "scenario": "healthy",
  "duration": 3600.0,
  "num_points": 361,
  "environment_params": {
    "Estrogen": 1.0174642575451542,
    "PTH": 24.08500870905661,
    "k_prod_Scl": 4.181975655016415e-06,
    "k_deg_Scl": 5.459368302565811e-05,
    "Sclerostin_bone": 0.0377618245871286,
    "k_prod_RANKL": 1.186083307491537e-05,
    "k_deg_RANKL": 2.3444197404028173e-05,
    "RANKL_bone": 0.4578415012577033,
    "k_prod_OPG": 9.957550995758809e-05,
    "k_deg_OPG": 1.85092415050143e-05,
    "OPG_bone": 3.406584753241491,
    "MineralIon": 2.3751140521241014,
    "k_prod_Mineral": 0.0961800417601461,
    "k_loss_Mineral": 0.0770071926563892
  },
  "biosensor_config": {
    "circuit_type": "amplifying",
    "sensitivity": 69.54690720369689,
    "threshold": 0.00019578973671731338,
    "dynamic_range": [
      0.0,
      11.784118551708103
    ],
    "kd": 4.8999912615508245,
    "response_type": "hill",
    "receptor_concentration": 2.1027618931536165,
    "enzyme_concentration": 21.394884231345927,
    "amplification_gain": 4234.956023898113,
    "response_time": 101.86524635680004
  },
  "biosensor_type": "amplifying",
  "noise_preset": "high",
  "noise_params": {
    "additive_sigma": 0.08,
    "multiplicative_sigma": 0.12,
    "drift_rate": 0.0004,
    "outlier_probability": 0.005,
    "outlier_magnitude": 6.0,
    "shot_noise_enabled": false,
    "seed": null
  },
  "measurement": {
    "snr_db": 17.627690294454393,
    "n_detections": 360,
    "detection_rate": 0.997229916897507,
    "time_to_detection": 3358.762054031673,
    "false_negative_rate": 0.0019464993920521056,
    "max_signal": 17.163360283080756,
    "mean_signal": 12.43036029097955,
    "signal_std": 1.5356645570833685,
    "has_noise": true
  },
  "signal_to_noise_ratio_SNR": 17.627690294454393,
  "time_to_detection_threshold": 3358.762054031673,
  "false_negative_rate": 0.0019464993920521056,
  "dynamic_range_of_output": 0.0,
  "sclerostin_mean": 0.41570611788359535,
  "sclerostin_max": 0.4585207674020548,
  "sclerostin_min": 0.025000000000000005,
  "sclerostin_std": 0.02967971004938269,
  "sclerostin_change": 