{
  "run_id": "ef6a26de-add5-4459-89d0-97d515c60a70",
  "timestamp": "2026-05-17T01:48:52.082628",
  "scenario": "healthy",
  "duration": 3600.0,
  "num_points": 361,
  "environment_params": {
    "Estrogen": 0.9300676825080126,
    "PTH": 61.45504068396173,
    "k_prod_Scl": 3.4141403624082662e-06,
    "k_deg_Scl": 5.7697270357018294e-05,
    "Sclerostin_bone": 0.043769575312493404,
    "k_prod_RANKL": 7.834554096597596e-06,
    "k_deg_RANKL": 2.331538634731784e-05,
    "RANKL_bone": 0.44245593619800927,
    "k_prod_OPG": 0.00011934097483556284,
    "k_deg_OPG": 2.144966200966496e-05,
    "OPG_bone": 5.777142244127818,
    "MineralIon": 2.033410407926994,
    "k_prod_Mineral": 0.09282168777871366,
    "k_loss_Mineral": 0.05300673526202979
  },
  "biosensor_config": {
    "circuit_type": "amplifying",
    "sensitivity": 10.510171583906196,
    "threshold": 0.011735823994061641,
    "dynamic_range": [
      0.0,
      10.344972193874966
    ],
    "kd": 0.21496198397315344,
    "response_type": "hill",
    "receptor_concentration": 3.6196705743182154,
    "enzyme_concentration": 22.939419305336823,
    "amplification_gain": 259.84348554316534,
    "response_time": 150.73454415478545
  },
  "noise_preset": "high",
  "noise_params": {
    "additive_sigma": 0.08,
    "multiplicative_sigma": 0.12,
    "drift_rate": 0.0004,
    "outlier_probability": 0.005,
    "outlier_magnitude": 6.0,
    "shot_noise_enabled": 0,
    "seed": null
  },
  "measurement": {
    "snr_db": 16.624580102948872,
    "n_detections": 361,
    "detection_rate": 1.0,
    "time_to_detection": 2417.1555698181955,
    "false_negative_rate": 0.010817999401041205,
    "max_signal": 15.052811083314312,
    "mean_signal": 11.127236611449634,
    "signal_std": 1.4153823222485686,
    "has_noise": 1
  },
  "false_negative_rate": 0.010817999401041205,
  "sclerostin_mean": 0.47420030612722514,
  "sclerostin_max": 0.5185426254718164,
  "sclerostin_min": 0.025000000000000005,
  "sclerostin_std": 0.0323591794375566,
  "metadata_file": "metadata/ef6a26de-add5-4459-89d0-97d515c60a70.json",
  "timeseries_file": "timeseries/ef6a26de-add5-4459-89d0-97d515c60a70.csv"
}