{
  "run_id": "efaf8344-6ad9-46cd-be9d-dcf1afe319d3",
  "timestamp": "2026-01-31T04:11:11.351401",
  "scenario": "ckd_mbd",
  "duration": 3600.0,
  "num_points": 361,
  "environment_params": {
    "Estrogen": 0.9350337617730993,
    "PTH": 253.32921843368774,
    "k_prod_Scl": 1.2758499114321622e-05,
    "k_deg_Scl": 4.2330760798099775e-05,
    "k_prod_RANKL": 1.8141290926499323e-05,
    "k_prod_OPG": 7.274739255394618e-05,
    "Sclerostin_bone": 0.21326873079782596,
    "RANKL_bone": 0.5604863858716119,
    "OPG_bone": 5.5385901539682525,
    "MineralIon": 2.386661509489466,
    "k_prod_Mineral": 0.14471155924825538
  },
  "biosensor_config": {
    "circuit_type": "amplifying",
    "sensitivity": 1.0905905649617271,
    "threshold": 8.928086727177371e-05,
    "dynamic_range": [
      0.0,
      1.6041969762941144
    ],
    "kd": 0.05057016364091695,
    "response_type": "michaelis_menten",
    "receptor_concentration": 2.331587685215669,
    "enzyme_concentration": 26.90023776433685,
    "amplification_gain": 844.8834816340759,
    "response_time": 453.8475610610134
  },
  "noise_preset": "high",
  "noise_params": {
    "additive_sigma": 0.1,
    "multiplicative_sigma": 0.2,
    "drift_rate": 0.001,
    "outlier_probability": 0.01,
    "outlier_magnitude": 10.0,
    "shot_noise_enabled": true,
    "seed": null
  },
  "measurement": {
    "snr_db": -5.722537706097709,
    "n_detections": 361,
    "detection_rate": 1.0,
    "time_to_detection": 3959.428419082598,
    "false_negative_rate": 0.003226716453713232,
    "max_signal": 5.078877131837343,
    "mean_signal": 2.9054090154359526,
    "signal_std": 1.0672204878435978,
    "has_noise": true
  },
  "false_negative_rate": 0.003226716453713232,
  "sclerostin_mean": 2.206887379383305,
  "sclerostin_max": 2.4071857210009173,
  "sclerostin_min": 0.025000000000000005,
  "sclerostin_std": 0.1520867899046751,
  "metadata_file": "metadata/efaf8344-6ad9-46cd-be9d-dcf1afe319d3.json",
  "timeseries_file": "timeseries/efaf8344-6ad9-46cd-be9d-dcf1afe319d3.csv"
}