{
  "run_id": "f0afc6c7-8ca8-4c02-b2e1-557bacf91b3b",
  "timestamp": "2026-01-31T04:10:36.459646",
  "scenario": "healthy",
  "duration": 3600.0,
  "num_points": 361,
  "environment_params": {
    "Estrogen": 0.7137202342388922,
    "PTH": 35.64504331944571,
    "k_prod_Scl": 2.5192657810963763e-06,
    "k_prod_RANKL": 1.0956039334455875e-05,
    "k_prod_OPG": 8.823989921376921e-05,
    "Sclerostin_bone": 0.06593207465768536,
    "RANKL_bone": 0.39140933231914576,
    "OPG_bone": 6.812826337008567
  },
  "biosensor_config": {
    "circuit_type": "direct_binding",
    "sensitivity": 27.91035097588882,
    "threshold": 4.0341561193111986e-05,
    "dynamic_range": [
      0.0,
      15.741980872276287
    ],
    "kd": 0.03223726431535844,
    "response_type": "hill",
    "receptor_concentration": 2.5945122932286067,
    "kon": 21400.56245617967,
    "koff": 689.8955883972004
  },
  "noise_preset": "high",
  "noise_params": {
    "additive_sigma": 0.1,
    "multiplicative_sigma": 0.2,
    "drift_rate": 0.001,
    "outlier_probability": 0.01,
    "outlier_magnitude": 10.0,
    "shot_noise_enabled": true,
    "seed": null
  },
  "measurement": {
    "snr_db": 12.34053256507507,
    "n_detections": 361,
    "detection_rate": 1.0,
    "time_to_detection": 2065.2075401236984,
    "false_negative_rate": 0.013923951570542992,
    "max_signal": 26.462918110093902,
    "mean_signal": 17.41834733373219,
    "signal_std": 3.4126783471958184,
    "has_noise": true
  },
  "false_negative_rate": 0.013923951570542992,
  "sclerostin_mean": 0.6871973961229739,
  "sclerostin_max": 0.7328282700149255,
  "sclerostin_min": 0.025000000000000005,
  "sclerostin_std": 0.04147970650342472,
  "metadata_file": "metadata/f0afc6c7-8ca8-4c02-b2e1-557bacf91b3b.json",
  "timeseries_file": "timeseries/f0afc6c7-8ca8-4c02-b2e1-557bacf91b3b.csv"
}