{
  "run_id": "f1fc3fae-846f-42ca-92ce-bf8e1da35d38",
  "timestamp": "2026-01-31T04:10:45.272786",
  "scenario": "pmo",
  "duration": 3600.0,
  "num_points": 361,
  "environment_params": {
    "Estrogen": 0.1522630451960232,
    "PTH": 60.50292985618626,
    "k_prod_Scl": 5.497877728356924e-06,
    "k_prod_RANKL": 2.082096099068088e-05,
    "k_prod_OPG": 4.60666342645361e-05,
    "Sclerostin_bone": 0.059963833826784524,
    "RANKL_bone": 2.2296384355971908,
    "OPG_bone": 1.1309283709839886
  },
  "biosensor_config": {
    "circuit_type": "threshold",
    "sensitivity": 4.571423980179921,
    "threshold": 0.014176054762331875,
    "dynamic_range": [
      0.0,
      12.979973888678657
    ],
    "kd": 0.016576823885910356,
    "response_type": "linear",
    "hill_coefficient": 6.6149886769941295,
    "off_level": 0.11214607828129729,
    "on_level": 26.768451116447306
  },
  "noise_preset": "medium",
  "noise_params": {
    "additive_sigma": 0.03,
    "multiplicative_sigma": 0.06,
    "drift_rate": 0.0003,
    "outlier_probability": 0.003,
    "outlier_magnitude": 4.0,
    "shot_noise_enabled": false,
    "seed": null
  },
  "measurement": {
    "snr_db": 22.30253380070636,
    "n_detections": 361,
    "detection_rate": 1.0,
    "time_to_detection": 1145.3976017773484,
    "false_negative_rate": 0.0006525781932197501,
    "max_signal": 16.36081582231263,
    "mean_signal": 13.486613880712769,
    "signal_std": 0.8572160941444328,
    "has_noise": true
  },
  "false_negative_rate": 0.0006525781932197501,
  "sclerostin_mean": 0.809105394335707,
  "sclerostin_max": 1.104008371148845,
  "sclerostin_min": 0.025000000000000005,
  "sclerostin_std": 0.1559694578382269,
  "metadata_file": "metadata/f1fc3fae-846f-42ca-92ce-bf8e1da35d38.json",
  "timeseries_file": "timeseries/f1fc3fae-846f-42ca-92ce-bf8e1da35d38.csv"
}