{
  "run_id": "f24a1798-e78b-4a14-b3da-dffd86e824aa",
  "timestamp": "2026-01-31T04:09:55.857290",
  "scenario": "ckd_mbd",
  "duration": 3600.0,
  "num_points": 361,
  "environment_params": {
    "Estrogen": 0.7275467773480963,
    "PTH": 447.3346840421629,
    "k_prod_Scl": 1.7278599267517845e-05,
    "k_deg_Scl": 3.7667918642572883e-05,
    "k_prod_RANKL": 1.9960354202338773e-05,
    "k_prod_OPG": 8.792589624787445e-05,
    "Sclerostin_bone": 0.13638148127193803,
    "RANKL_bone": 1.0658971376527628,
    "OPG_bone": 3.2778844475548943,
    "MineralIon": 6.186236455764222,
    "k_prod_Mineral": 0.13554906717830775
  },
  "biosensor_config": {
    "circuit_type": "ratiometric",
    "sensitivity": 12.902224798448927,
    "threshold": 0.023919320430915735,
    "dynamic_range": [
      0.0,
      2.682418590568056
    ],
    "kd": 1.0946607042747472,
    "response_type": "hill",
    "reference_kd": 0.9312290906245431,
    "ratio_exponent": 0.8947020467841282
  },
  "noise_preset": "medium",
  "noise_params": {
    "additive_sigma": 0.03,
    "multiplicative_sigma": 0.06,
    "drift_rate": 0.0003,
    "outlier_probability": 0.003,
    "outlier_magnitude": 4.0,
    "shot_noise_enabled": false,
    "seed": null
  },
  "measurement": {
    "snr_db": 12.348123988460069,
    "n_detections": 361,
    "detection_rate": 1.0,
    "time_to_detection": 1759.3264599741099,
    "false_negative_rate": 0.0388159340469368,
    "max_signal": 4.091174967358384,
    "mean_signal": 3.216567392973198,
    "signal_std": 0.36566486974123835,
    "has_noise": true
  },
  "false_negative_rate": 0.0388159340469368,
  "sclerostin_mean": 1.6202892963502797,
  "sclerostin_max": 2.0272235333638946,
  "sclerostin_min": 0.025000000000000005,
  "sclerostin_std": 0.2231787120284771,
  "metadata_file": "metadata/f24a1798-e78b-4a14-b3da-dffd86e824aa.json",
  "timeseries_file": "timeseries/f24a1798-e78b-4a14-b3da-dffd86e824aa.csv"
}