{
  "run_id": "f293344f-381c-45f0-901b-90f09a0a6225",
  "timestamp": "2026-01-31T04:09:54.124318",
  "scenario": "ckd_mbd",
  "duration": 3600.0,
  "num_points": 361,
  "environment_params": {
    "Estrogen": 1.0795238261698343,
    "PTH": 347.09732426732904,
    "k_prod_Scl": 1.3913581576291393e-05,
    "k_deg_Scl": 3.49458659098339e-05,
    "k_prod_RANKL": 2.2035798482586818e-05,
    "k_prod_OPG": 0.00011378888834838757,
    "Sclerostin_bone": 0.23112806017928664,
    "RANKL_bone": 0.9912889445448761,
    "OPG_bone": 3.102591827756058,
    "MineralIon": 1.7122851552545888,
    "k_prod_Mineral": 0.19683342178384242
  },
  "biosensor_config": {
    "circuit_type": "amplifying",
    "sensitivity": 2.8936723046480486,
    "threshold": 0.0003155430687268723,
    "dynamic_range": [
      0.0,
      9.53885334080905
    ],
    "kd": 0.023022213966676107,
    "response_type": "hill",
    "receptor_concentration": 0.07804833675421116,
    "enzyme_concentration": 24.626133771525314,
    "amplification_gain": 7111.233366287135,
    "response_time": 32.732931560793915
  },
  "noise_preset": "medium",
  "noise_params": {
    "additive_sigma": 0.03,
    "multiplicative_sigma": 0.06,
    "drift_rate": 0.0003,
    "outlier_probability": 0.003,
    "outlier_magnitude": 4.0,
    "shot_noise_enabled": false,
    "seed": null
  },
  "measurement": {
    "snr_db": 12.809738570265175,
    "n_detections": 360,
    "detection_rate": 0.997229916897507,
    "time_to_detection": 1424.6051364633624,
    "false_negative_rate": 0.014714405094118784,
    "max_signal": 4.373782414023345,
    "mean_signal": 3.4319656805268632,
    "signal_std": 0.41312872176340687,
    "has_noise": true
  },
  "false_negative_rate": 0.014714405094118784,
  "sclerostin_mean": 2.3624329238332873,
  "sclerostin_max": 2.541107920938296,
  "sclerostin_min": 0.025000000000000005,
  "sclerostin_std": 0.15152594900410224,
  "metadata_file": "metadata/f293344f-381c-45f0-901b-90f09a0a6225.json",
  "timeseries_file": "timeseries/f293344f-381c-45f0-901b-90f09a0a6225.csv"
}