{
  "run_id": "f2e2417b-cc32-4df7-9727-7f36ed9d1ec7",
  "timestamp": "2026-01-31T04:10:56.451301",
  "scenario": "ckd_mbd",
  "duration": 3600.0,
  "num_points": 361,
  "environment_params": {
    "Estrogen": 0.6717861320950679,
    "PTH": 316.5340596543275,
    "k_prod_Scl": 2.0783663298024474e-05,
    "k_deg_Scl": 5.866972014833077e-05,
    "k_prod_RANKL": 2.08329853650338e-05,
    "k_prod_OPG": 7.6459516439695e-05,
    "Sclerostin_bone": 0.2625251698840389,
    "RANKL_bone": 1.603552829325206,
    "OPG_bone": 3.244654963334046,
    "MineralIon": 7.734507920811463,
    "k_prod_Mineral": 0.1613703154023639
  },
  "biosensor_config": {
    "circuit_type": "direct_binding",
    "sensitivity": 4.128260663914717,
    "threshold": 0.0007994537403108919,
    "dynamic_range": [
      0.0,
      11.122252772108405
    ],
    "kd": 2.0154876776995994,
    "response_type": "linear",
    "receptor_concentration": 1.622540755413515,
    "kon": 336071.9252399628,
    "koff": 677348.824141926
  },
  "noise_preset": "medium",
  "noise_params": {
    "additive_sigma": 0.03,
    "multiplicative_sigma": 0.06,
    "drift_rate": 0.0003,
    "outlier_probability": 0.003,
    "outlier_magnitude": 4.0,
    "shot_noise_enabled": false,
    "seed": null
  },
  "measurement": {
    "snr_db": 15.511274950769582,
    "n_detections": 361,
    "detection_rate": 1.0,
    "time_to_detection": 3008.6004655031506,
    "false_negative_rate": 0.04034440373895891,
    "max_signal": 5.867648998629038,
    "mean_signal": 4.487127689681217,
    "signal_std": 0.5548417721523148,
    "has_noise": true
  },
  "false_negative_rate": 0.04034440373895891,
  "sclerostin_mean": 2.9131322196178053,
  "sclerostin_max": 3.4419590473763684,
  "sclerostin_min": 0.025000000000000005,
  "sclerostin_std": 0.3075689842202085,
  "metadata_file": "metadata/f2e2417b-cc32-4df7-9727-7f36ed9d1ec7.json",
  "timeseries_file": "timeseries/f2e2417b-cc32-4df7-9727-7f36ed9d1ec7.csv"
}