{
  "run_id": "f3c0852e-69a4-4e8f-a4dc-09b0149b019c",
  "timestamp": "2026-05-17T01:40:39.971104",
  "scenario": "ckd_mbd",
  "duration": 3600.0,
  "num_points": 361,
  "environment_params": {
    "Estrogen": 0.8438064680806775,
    "PTH": 157.40194382639953,
    "k_prod_Scl": 1.174085999603883e-05,
    "k_deg_Scl": 6.201865261607295e-05,
    "Sclerostin_bone": 0.2480836401600138,
    "k_prod_RANKL": 2.0628234784820373e-05,
    "k_deg_RANKL": 1.9614657868246077e-05,
    "RANKL_bone": 0.7563037661235127,
    "k_prod_OPG": 9.541139416665384e-05,
    "k_deg_OPG": 1.927295649508721e-05,
    "OPG_bone": 5.6214352262087965,
    "MineralIon": 4.4664185817090445,
    "k_prod_Mineral": 0.17688764320984854,
    "k_loss_Mineral": 0.020872661729389258
  },
  "biosensor_config": {
    "circuit_type": "ratiometric",
    "sensitivity": 22.800567589717883,
    "threshold": 0.026032076615253377,
    "dynamic_range": [
      0.0,
      17.869699557080455
    ],
    "kd": 2.1814903057960717,
    "response_type": "linear",
    "reference_kd": 1.3492795072048733,
    "ratio_exponent": 2.811198230477503
  },
  "biosensor_type": "ratiometric",
  "noise_preset": "high",
  "noise_params": {
    "additive_sigma": 0.08,
    "multiplicative_sigma": 0.12,
    "drift_rate": 0.0004,
    "outlier_probability": 0.005,
    "outlier_magnitude": 6.0,
    "shot_noise_enabled": false,
    "seed": null
  },
  "measurement": {
    "snr_db": 17.698290809487204,
    "n_detections": 361,
    "detection_rate": 1.0,
    "time_to_detection": 1909.7252614924294,
    "false_negative_rate": 0.003200408026302759,
    "max_signal": 23.87533501615404,
    "mean_signal": 18.557000118834832,
    "signal_std": 2.2254637418606644,
    "has_noise": true
  },
  "signal_to_noise_ratio_SNR": 17.698290809487204,
  "time_to_detection_threshold": 1909.7252614924294,
  "false_negative_rate": 0.003200408026302759,
  "dynamic_range_of_output": 0.0,
  "sclerostin_mean": 2.5394809129062192,
  "sclerostin_max": 2.740701425608977,
  "sclerostin_min": 0.025000000000000005,
  "sclerostin_std": 0.16560697434559596,
  "sclerostin_change": 