{
  "run_id": "f415e9b0-16c6-4244-b9b6-b4c200790355",
  "timestamp": "2026-01-31T04:10:04.066884",
  "scenario": "healthy",
  "duration": 3600.0,
  "num_points": 361,
  "environment_params": {
    "Estrogen": 0.6425130704531767,
    "PTH": 43.76048705319833,
    "k_prod_Scl": 3.7095612209057425e-06,
    "k_prod_RANKL": 1.136904042289847e-05,
    "k_prod_OPG": 0.00014338237842785465,
    "Sclerostin_bone": 0.06780175663567047,
    "RANKL_bone": 0.5237602729198557,
    "OPG_bone": 5.235251902573159
  },
  "biosensor_config": {
    "circuit_type": "ratiometric",
    "sensitivity": 2.0162276325689295,
    "threshold": 0.0028984723545017036,
    "dynamic_range": [
      0.0,
      17.49517963870161
    ],
    "kd": 0.12260308111896531,
    "response_type": "hill",
    "reference_kd": 0.41374364077514714,
    "ratio_exponent": 0.9027182243177816
  },
  "noise_preset": "high",
  "noise_params": {
    "additive_sigma": 0.1,
    "multiplicative_sigma": 0.2,
    "drift_rate": 0.001,
    "outlier_probability": 0.01,
    "outlier_magnitude": 10.0,
    "shot_noise_enabled": true,
    "seed": null
  },
  "measurement": {
    "snr_db": -0.3496891360806921,
    "n_detections": 361,
    "detection_rate": 1.0,
    "time_to_detection": 6216.167720978924,
    "false_negative_rate": 0.010379077212030905,
    "max_signal": 6.704677488339225,
    "mean_signal": 3.8185632457679235,
    "signal_std": 1.0759103602278164,
    "has_noise": true
  },
  "false_negative_rate": 0.010379077212030905,
  "sclerostin_mean": 0.7287430614155443,
  "sclerostin_max": 0.8073644440082267,
  "sclerostin_min": 0.025000000000000005,
  "sclerostin_std": 0.054046182448079814,
  "metadata_file": "metadata/f415e9b0-16c6-4244-b9b6-b4c200790355.json",
  "timeseries_file": "timeseries/f415e9b0-16c6-4244-b9b6-b4c200790355.csv"
}