{
  "run_id": "f46e31fe-e8b1-4214-8aff-0d43350d9076",
  "timestamp": "2026-01-31T04:09:44.389252",
  "scenario": "healthy",
  "duration": 3600.0,
  "num_points": 361,
  "environment_params": {
    "Estrogen": 1.3290781458389302,
    "PTH": 59.014959547613095,
    "k_prod_Scl": 4.438046236463941e-06,
    "k_prod_RANKL": 1.1862660145281073e-05,
    "k_prod_OPG": 9.816430068851657e-05,
    "Sclerostin_bone": 0.05394857237450241,
    "RANKL_bone": 0.7215332002926278,
    "OPG_bone": 9.324529945514549
  },
  "biosensor_config": {
    "circuit_type": "direct_binding",
    "sensitivity": 4.977104650921309,
    "threshold": 0.0042343977111666585,
    "dynamic_range": [
      0.0,
      12.040099813411592
    ],
    "kd": 0.15591569065892805,
    "response_type": "michaelis_menten",
    "receptor_concentration": 9.685298512711556,
    "kon": 156237.58137482728,
    "koff": 24359.89040693667
  },
  "noise_preset": "medium",
  "noise_params": {
    "additive_sigma": 0.03,
    "multiplicative_sigma": 0.06,
    "drift_rate": 0.0003,
    "outlier_probability": 0.003,
    "outlier_magnitude": 4.0,
    "shot_noise_enabled": false,
    "seed": null
  },
  "measurement": {
    "snr_db": 16.78007552087322,
    "n_detections": 361,
    "detection_rate": 1.0,
    "time_to_detection": 992.5938583736596,
    "false_negative_rate": 0.006976931196602025,
    "max_signal": 6.66321117362747,
    "mean_signal": 5.437204445810277,
    "signal_std": 0.4323459474495095,
    "has_noise": true
  },
  "false_negative_rate": 0.006976931196602025,
  "sclerostin_mean": 0.5630551588583429,
  "sclerostin_max": 0.5953279654381852,
  "sclerostin_min": 0.025000000000000005,
  "sclerostin_std": 0.03243767275948094,
  "metadata_file": "metadata/f46e31fe-e8b1-4214-8aff-0d43350d9076.json",
  "timeseries_file": "timeseries/f46e31fe-e8b1-4214-8aff-0d43350d9076.csv"
}