{
  "run_id": "f5723017-4e08-427b-800b-e58d5b322fed",
  "timestamp": "2026-05-17T01:54:28.735840",
  "scenario": "ckd_mbd",
  "duration": 3600.0,
  "num_points": 361,
  "environment_params": {
    "Estrogen": 0.5171091600196553,
    "PTH": 140.21766343815176,
    "k_prod_Scl": 1.0465145564004998e-05,
    "k_deg_Scl": 6.08383333983337e-05,
    "Sclerostin_bone": 0.09463374407726159,
    "k_prod_RANKL": 1.594010865036062e-05,
    "k_deg_RANKL": 2.3951699380693947e-05,
    "RANKL_bone": 0.9928879913973424,
    "k_prod_OPG": 9.464850881365463e-05,
    "k_deg_OPG": 1.7580798842752345e-05,
    "OPG_bone": 4.759354022065951,
    "MineralIon": 3.42609131061078,
    "k_prod_Mineral": 0.10967893066613556,
    "k_loss_Mineral": 0.016462139541475383
  },
  "biosensor_config": {
    "circuit_type": "threshold",
    "sensitivity": 2.283884704164259,
    "threshold": 0.0026119711757237292,
    "dynamic_range": [
      0.0,
      12.369872974683444
    ],
    "kd": 0.17369560836024497,
    "response_type": "hill",
    "hill_coefficient": 2.82185465510593,
    "off_level": 0.2736557507161363,
    "on_level": 18.74951237623577
  },
  "noise_preset": "medium",
  "noise_params": {
    "additive_sigma": 0.03,
    "multiplicative_sigma": 0.06,
    "drift_rate": 0.0002,
    "outlier_probability": 0.003,
    "outlier_magnitude": 4.0,
    "shot_noise_enabled": 0,
    "seed": null
  },
  "measurement": {
    "snr_db": 23.126722502132967,
    "n_detections": 361,
    "detection_rate": 1.0,
    "time_to_detection": 1996.5451528615647,
    "false_negative_rate": 0.04015839165411625,
    "max_signal": 15.05793168738516,
    "mean_signal": 12.691574630141409,
    "signal_std": 1.0196938954980397,
    "has_noise": 1
  },
  "false_negative_rate": 0.04015839165411625,
  "sclerostin_mean": 1.1680069128870707,
  "sclerostin_max": 1.501435283740428,
  "sclerostin_min": 0.025000000000000005,
  "sclerostin_std": 0.17999232074337276,
  "metadata_file": "metadata/f5723017-4e08-427b-800b-e58d5b322fed.json",
  "timeseries_file": "timeseries/f5723017-4e08-427b-800b-e58d5b322fed.csv"
}