{
  "run_id": "f72738e8-c82f-46ba-be1a-8a907ef9b675",
  "timestamp": "2026-05-17T01:40:39.008268",
  "scenario": "pmo",
  "duration": 3600.0,
  "num_points": 361,
  "environment_params": {
    "Estrogen": 0.2972204396079499,
    "PTH": 48.43926403677033,
    "k_prod_Scl": 7.540813957942054e-06,
    "k_deg_Scl": 7.513340386388301e-05,
    "Sclerostin_bone": 0.08071390443308007,
    "k_prod_RANKL": 1.9459686350210113e-05,
    "k_deg_RANKL": 1.7725265924131162e-05,
    "RANKL_bone": 0.7001250899932242,
    "k_prod_OPG": 7.555435557002461e-05,
    "k_deg_OPG": 2.231057467885634e-05,
    "OPG_bone": 3.457488112827263,
    "MineralIon": 1.965914332704249,
    "k_prod_Mineral": 0.09655483365102122,
    "k_loss_Mineral": 0.047834363471729154
  },
  "biosensor_config": {
    "circuit_type": "amplifying",
    "sensitivity": 3.0758382123814023,
    "threshold": 0.001694614492471181,
    "dynamic_range": [
      0.0,
      12.454586414085835
    ],
    "kd": 0.6719303931988974,
    "response_type": "hill",
    "receptor_concentration": 4.422017863021217,
    "enzyme_concentration": 9.696768108597482,
    "amplification_gain": 5630.360657531289,
    "response_time": 330.55500493831306
  },
  "biosensor_type": "amplifying",
  "noise_preset": "low",
  "noise_params": {
    "additive_sigma": 0.005,
    "multiplicative_sigma": 0.01,
    "drift_rate": 2e-05,
    "outlier_probability": 0.0002,
    "outlier_magnitude": 2.0,
    "shot_noise_enabled": false,
    "seed": null
  },
  "measurement": {
    "snr_db": 35.50159144288721,
    "n_detections": 360,
    "detection_rate": 0.997229916897507,
    "time_to_detection": 2063.0406487092123,
    "false_negative_rate": 0.0,
    "max_signal": 3.214241203661527,
    "mean_signal": 3.1022528883291964,
    "signal_std": 0.16783165253758034,
    "has_noise": true
  },
  "signal_to_noise_ratio_SNR": 35.50159144288721,
  "time_to_detection_threshold": 2063.0406487092123,
  "false_negative_rate": 0.0,
  "dynamic_range_of_output": 0.0,
  "sclerostin_mean": 1.0211234809314962,
  "sclerostin_max": 1.3354900891839467,
  "sclerostin_min": 0.025000000000000005,
  "sclerostin_std": 0.16842655301035006,
  "sclerostin_change": 