{
  "run_id": "f72b7c03-d0f9-4f26-8a50-39d31e4fb8c2",
  "timestamp": "2026-01-31T04:09:46.159463",
  "scenario": "pmo",
  "duration": 3600.0,
  "num_points": 361,
  "environment_params": {
    "Estrogen": 0.16814926263451327,
    "PTH": 33.7753447458555,
    "k_prod_Scl": 6.196318810441655e-06,
    "k_prod_RANKL": 3.0206750510833587e-05,
    "k_prod_OPG": 5.096843532053296e-05,
    "Sclerostin_bone": 0.06287775401462213,
    "RANKL_bone": 2.0542447811196705,
    "OPG_bone": 2.5842296078023743
  },
  "biosensor_config": {
    "circuit_type": "ratiometric",
    "sensitivity": 17.682963098186402,
    "threshold": 0.0004065470828903509,
    "dynamic_range": [
      0.0,
      4.405933144472027
    ],
    "kd": 0.3956485705401974,
    "response_type": "hill",
    "reference_kd": 0.023535257047722934,
    "ratio_exponent": 2.3882294293316617
  },
  "noise_preset": "high",
  "noise_params": {
    "additive_sigma": 0.1,
    "multiplicative_sigma": 0.2,
    "drift_rate": 0.001,
    "outlier_probability": 0.01,
    "outlier_magnitude": 10.0,
    "shot_noise_enabled": true,
    "seed": null
  },
  "measurement": {
    "snr_db": 5.940276301711606,
    "n_detections": 361,
    "detection_rate": 1.0,
    "time_to_detection": 1202.9926260375973,
    "false_negative_rate": 0.1008213485847243,
    "max_signal": 9.775236929682066,
    "mean_signal": 6.149264785843501,
    "signal_std": 1.3800181229279407,
    "has_noise": true
  },
  "false_negative_rate": 0.1008213485847243,
  "sclerostin_mean": 0.8435074005554791,
  "sclerostin_max": 1.1475640392416302,
  "sclerostin_min": 0.025000000000000005,
  "sclerostin_std": 0.1609354901514354,
  "metadata_file": "metadata/f72b7c03-d0f9-4f26-8a50-39d31e4fb8c2.json",
  "timeseries_file": "timeseries/f72b7c03-d0f9-4f26-8a50-39d31e4fb8c2.csv"
}