{
  "run_id": "f7c23124-a090-4239-a785-fa1690ae0858",
  "timestamp": "2026-05-17T01:54:23.607003",
  "scenario": "pmo",
  "duration": 3600.0,
  "num_points": 361,
  "environment_params": {
    "Estrogen": 0.22542688389278268,
    "PTH": 45.767618701016914,
    "k_prod_Scl": 6.256319889276981e-06,
    "k_deg_Scl": 7.387109054151715e-05,
    "Sclerostin_bone": 0.09377541859689884,
    "k_prod_RANKL": 2.2683856178081594e-05,
    "k_deg_RANKL": 1.9477747844355222e-05,
    "RANKL_bone": 1.165339540255901,
    "k_prod_OPG": 7.363197103458762e-05,
    "k_deg_OPG": 2.236859341255552e-05,
    "OPG_bone": 3.398792331579747,
    "MineralIon": 3.408537214211936,
    "k_prod_Mineral": 0.08055150558693125,
    "k_loss_Mineral": 0.05563124802438065
  },
  "biosensor_config": {
    "circuit_type": "ratiometric",
    "sensitivity": 4.568387308186211,
    "threshold": 0.0002307315792766393,
    "dynamic_range": [
      0.0,
      0.504998694598763
    ],
    "kd": 0.08827085199434255,
    "response_type": "hill",
    "reference_kd": 0.3135651399352595,
    "ratio_exponent": 0.41982588890336814
  },
  "noise_preset": "high",
  "noise_params": {
    "additive_sigma": 0.08,
    "multiplicative_sigma": 0.12,
    "drift_rate": 0.0004,
    "outlier_probability": 0.005,
    "outlier_magnitude": 6.0,
    "shot_noise_enabled": 0,
    "seed": null
  },
  "measurement": {
    "snr_db": -4.423792796246991,
    "n_detections": 361,
    "detection_rate": 1.0,
    "time_to_detection": 1674.6235948901508,
    "false_negative_rate": 0.13101730276099116,
    "max_signal": 2.0390570799399805,
    "mean_signal": 1.2258422105582187,
    "signal_std": 0.4320148006440244,
    "has_noise": 1
  },
  "false_negative_rate": 0.13101730276099116,
  "sclerostin_mean": 1.12909598203922,
  "sclerostin_max": 1.420040455105825,
  "sclerostin_min": 0.025000000000000005,
  "sclerostin_std": 0.15884187504125996,
  "metadata_file": "metadata/f7c23124-a090-4239-a785-fa1690ae0858.json",
  "timeseries_file": "timeseries/f7c23124-a090-4239-a785-fa1690ae0858.csv"
}