{
  "run_id": "f7f0633e-7c10-4193-9a96-5e1a33b20c96",
  "timestamp": "2026-05-17T01:48:40.841382",
  "scenario": "pmo",
  "duration": 3600.0,
  "num_points": 361,
  "environment_params": {
    "Estrogen": 0.306868860840733,
    "PTH": 39.53115973486214,
    "k_prod_Scl": 9.629049054844764e-06,
    "k_deg_Scl": 6.731421046133259e-05,
    "Sclerostin_bone": 0.10701558821762881,
    "k_prod_RANKL": 2.419295268529143e-05,
    "k_deg_RANKL": 2.1925210591009814e-05,
    "RANKL_bone": 1.0602705853069092,
    "k_prod_OPG": 9.443277873147424e-05,
    "k_deg_OPG": 2.4057961798155733e-05,
    "OPG_bone": 4.38850853468374,
    "MineralIon": 2.2965489018095315,
    "k_prod_Mineral": 0.08169254214499119,
    "k_loss_Mineral": 0.058889313466300226
  },
  "biosensor_config": {
    "circuit_type": "threshold",
    "sensitivity": 3.574523632920018,
    "threshold": 0.005896294156366812,
    "dynamic_range": [
      0.0,
      18.69378091424176
    ],
    "kd": 1.1266282636657292,
    "response_type": "hill",
    "hill_coefficient": 2.4516554266765365,
    "off_level": 0.7865085988720127,
    "on_level": 13.44076080223699
  },
  "noise_preset": "medium",
  "noise_params": {
    "additive_sigma": 0.03,
    "multiplicative_sigma": 0.06,
    "drift_rate": 0.0002,
    "outlier_probability": 0.003,
    "outlier_magnitude": 4.0,
    "shot_noise_enabled": 0,
    "seed": null
  },
  "measurement": {
    "snr_db": 22.37982990923248,
    "n_detections": 361,
    "detection_rate": 1.0,
    "time_to_detection": 2311.890138539372,
    "false_negative_rate": 0.0199107901149508,
    "max_signal": 11.590382215122709,
    "mean_signal": 8.583230749221112,
    "signal_std": 1.4153800155298286,
    "has_noise": 1
  },
  "false_negative_rate": 0.0199107901149508,
  "sclerostin_mean": 1.3239361769223514,
  "sclerostin_max": 1.7098068467403906,
  "sclerostin_min": 0.025000000000000005,
  "sclerostin_std": 0.2079159582797654,
  "metadata_file": "metadata/f7f0633e-7c10-4193-9a96-5e1a33b20c96.json",
  "timeseries_file": "timeseries/f7f0633e-7c10-4193-9a96-5e1a33b20c96.csv"
}