{
  "run_id": "f8b078c8-4af5-4165-a28b-9a256866b32e",
  "timestamp": "2026-01-31T04:09:51.276795",
  "scenario": "pmo",
  "duration": 3600.0,
  "num_points": 361,
  "environment_params": {
    "Estrogen": 0.08576611379608512,
    "PTH": 61.691863209031126,
    "k_prod_Scl": 4.737420686878383e-06,
    "k_prod_RANKL": 2.6777629044246513e-05,
    "k_prod_OPG": 4.5882796915536564e-05,
    "Sclerostin_bone": 0.1526725219176646,
    "RANKL_bone": 0.969377646776572,
    "OPG_bone": 1.9438544006690364
  },
  "biosensor_config": {
    "circuit_type": "ratiometric",
    "sensitivity": 3.0505202800244557,
    "threshold": 8.631987879044819e-05,
    "dynamic_range": [
      0.0,
      14.795666937755504
    ],
    "kd": 0.02394046075223707,
    "response_type": "hill",
    "reference_kd": 1.359913943864812,
    "ratio_exponent": 2.308244043793473
  },
  "noise_preset": "high",
  "noise_params": {
    "additive_sigma": 0.1,
    "multiplicative_sigma": 0.2,
    "drift_rate": 0.001,
    "outlier_probability": 0.01,
    "outlier_magnitude": 10.0,
    "shot_noise_enabled": true,
    "seed": null
  },
  "measurement": {
    "snr_db": 3.131257211053315,
    "n_detections": 361,
    "detection_rate": 1.0,
    "time_to_detection": 4748.449260490519,
    "false_negative_rate": 0.060549409198014784,
    "max_signal": 7.429178030398095,
    "mean_signal": 4.815810542610792,
    "signal_std": 1.186923355843258,
    "has_noise": true
  },
  "false_negative_rate": 0.060549409198014784,
  "sclerostin_mean": 1.6777707680963228,
  "sclerostin_max": 1.9479861942972554,
  "sclerostin_min": 0.025000000000000005,
  "sclerostin_std": 0.16178034117027873,
  "metadata_file": "metadata/f8b078c8-4af5-4165-a28b-9a256866b32e.json",
  "timeseries_file": "timeseries/f8b078c8-4af5-4165-a28b-9a256866b32e.csv"
}