{
  "run_id": "f8d29438-ddc3-4b4f-98fc-61b7afaaf80f",
  "timestamp": "2026-05-17T01:48:40.596638",
  "scenario": "pmo",
  "duration": 3600.0,
  "num_points": 361,
  "environment_params": {
    "Estrogen": 0.2411167959372916,
    "PTH": 56.517079806843306,
    "k_prod_Scl": 7.837144322551314e-06,
    "k_deg_Scl": 6.823450377167899e-05,
    "Sclerostin_bone": 0.2087328248724726,
    "k_prod_RANKL": 1.3641441464560251e-05,
    "k_deg_RANKL": 2.0289291237710457e-05,
    "RANKL_bone": 0.6931237626827685,
    "k_prod_OPG": 8.376364117436366e-05,
    "k_deg_OPG": 1.7054636128158344e-05,
    "OPG_bone": 4.322540010477326,
    "MineralIon": 2.845416475328237,
    "k_prod_Mineral": 0.09509647939272714,
    "k_loss_Mineral": 0.05387515412835969
  },
  "biosensor_config": {
    "circuit_type": "threshold",
    "sensitivity": 7.964293958355455,
    "threshold": 0.015921669000147246,
    "dynamic_range": [
      0.0,
      18.51210889868043
    ],
    "kd": 1.2270587001181565,
    "response_type": "hill",
    "hill_coefficient": 5.25537049885953,
    "off_level": 0.7136234922907194,
    "on_level": 15.234021157018535
  },
  "noise_preset": "low",
  "noise_params": {
    "additive_sigma": 0.005,
    "multiplicative_sigma": 0.01,
    "drift_rate": 2e-05,
    "outlier_probability": 0.0002,
    "outlier_magnitude": 2.0,
    "shot_noise_enabled": 0,
    "seed": null
  },
  "measurement": {
    "snr_db": 39.48137456111899,
    "n_detections": 361,
    "detection_rate": 1.0,
    "time_to_detection": 870.2710951957811,
    "false_negative_rate": 0.027551220678522018,
    "max_signal": 15.431606698796962,
    "mean_signal": 14.653028979051518,
    "signal_std": 0.7846770421606531,
    "has_noise": 1
  },
  "false_negative_rate": 0.027551220678522018,
  "sclerostin_mean": 2.2803954148733614,
  "sclerostin_max": 2.6446883176111946,
  "sclerostin_min": 0.025000000000000005,
  "sclerostin_std": 0.21872331183099647,
  "metadata_file": "metadata/f8d29438-ddc3-4b4f-98fc-61b7afaaf80f.json",
  "timeseries_file": "timeseries/f8d29438-ddc3-4b4f-98fc-61b7afaaf80f.csv"
}