{
  "run_id": "f901b0f9-8bf7-480c-b15d-653614b14eb4",
  "timestamp": "2026-01-31T04:10:08.925020",
  "scenario": "ckd_mbd",
  "duration": 3600.0,
  "num_points": 361,
  "environment_params": {
    "Estrogen": 0.5630654569256973,
    "PTH": 252.30818732560505,
    "k_prod_Scl": 1.5105939006471607e-05,
    "k_deg_Scl": 3.6147112765165225e-05,
    "k_prod_RANKL": 2.241590053616347e-05,
    "k_prod_OPG": 8.287533225897841e-05,
    "Sclerostin_bone": 0.14615365980767922,
    "RANKL_bone": 0.7863088630902207,
    "OPG_bone": 2.3064492528990614,
    "MineralIon": 3.830049968042241,
    "k_prod_Mineral": 0.17679849410881515
  },
  "biosensor_config": {
    "circuit_type": "amplifying",
    "sensitivity": 1.8869109584764134,
    "threshold": 0.023356300732515073,
    "dynamic_range": [
      0.0,
      14.334332550816795
    ],
    "kd": 0.14557078238275176,
    "response_type": "linear",
    "receptor_concentration": 1.484814938503872,
    "enzyme_concentration": 18.527114107044635,
    "amplification_gain": 8001.872284419671,
    "response_time": 77.17183291607314
  },
  "noise_preset": "medium",
  "noise_params": {
    "additive_sigma": 0.03,
    "multiplicative_sigma": 0.06,
    "drift_rate": 0.0003,
    "outlier_probability": 0.003,
    "outlier_magnitude": 4.0,
    "shot_noise_enabled": false,
    "seed": null
  },
  "measurement": {
    "snr_db": 22.750098699576707,
    "n_detections": 361,
    "detection_rate": 1.0,
    "time_to_detection": 1983.880138544847,
    "false_negative_rate": 0.05513879963354383,
    "max_signal": 18.83115659514197,
    "mean_signal": 14.804407437051175,
    "signal_std": 1.1969866377633311,
    "has_noise": true
  },
  "false_negative_rate": 0.05513879963354383,
  "sclerostin_mean": 1.7601878552017565,
  "sclerostin_max": 2.2317609099390365,
  "sclerostin_min": 0.025000000000000005,
  "sclerostin_std": 0.2566088045173785,
  "metadata_file": "metadata/f901b0f9-8bf7-480c-b15d-653614b14eb4.json",
  "timeseries_file": "timeseries/f901b0f9-8bf7-480c-b15d-653614b14eb4.csv"
}