{
  "run_id": "f950ccd7-e38a-4611-9018-96ad3703a4fa",
  "timestamp": "2026-05-17T01:48:40.263630",
  "scenario": "pmo",
  "duration": 3600.0,
  "num_points": 361,
  "environment_params": {
    "Estrogen": 0.33054617149835264,
    "PTH": 44.93530688493585,
    "k_prod_Scl": 6.631385342280193e-06,
    "k_deg_Scl": 6.525995672193703e-05,
    "Sclerostin_bone": 0.0754620990253654,
    "k_prod_RANKL": 1.705440509927486e-05,
    "k_deg_RANKL": 1.6121296143903383e-05,
    "RANKL_bone": 1.2889342636338401,
    "k_prod_OPG": 9.986340627558223e-05,
    "k_deg_OPG": 2.2083767613449124e-05,
    "OPG_bone": 5.2661183232746325,
    "MineralIon": 1.9562597474383727,
    "k_prod_Mineral": 0.11419680284929724,
    "k_loss_Mineral": 0.06910751426811627
  },
  "biosensor_config": {
    "circuit_type": "ratiometric",
    "sensitivity": 1.4823749718012535,
    "threshold": 7.669468875275846e-05,
    "dynamic_range": [
      0.0,
      7.494043589517772
    ],
    "kd": 0.7835575166761873,
    "response_type": "hill",
    "reference_kd": 0.6170680292190315,
    "ratio_exponent": 1.601852533009228
  },
  "noise_preset": "medium",
  "noise_params": {
    "additive_sigma": 0.03,
    "multiplicative_sigma": 0.06,
    "drift_rate": 0.0002,
    "outlier_probability": 0.003,
    "outlier_magnitude": 4.0,
    "shot_noise_enabled": 0,
    "seed": null
  },
  "measurement": {
    "snr_db": 11.003918889496589,
    "n_detections": 361,
    "detection_rate": 1.0,
    "time_to_detection": 1649.3174750192054,
    "false_negative_rate": 0.08672959082604786,
    "max_signal": 2.352887585079487,
    "mean_signal": 1.8342055394885817,
    "signal_std": 0.2249560729171698,
    "has_noise": 1
  },
  "false_negative_rate": 0.08672959082604786,
  "sclerostin_mean": 0.9308460988352488,
  "sclerostin_max": 1.1892853666009235,
  "sclerostin_min": 0.025000000000000005,
  "sclerostin_std": 0.13982622702191735,
  "metadata_file": "metadata/f950ccd7-e38a-4611-9018-96ad3703a4fa.json",
  "timeseries_file": "timeseries/f950ccd7-e38a-4611-9018-96ad3703a4fa.csv"
}