{
  "run_id": "f9be5be8-007a-435a-ad6e-10f602c03e22",
  "timestamp": "2026-01-31T04:10:44.098036",
  "scenario": "ckd_mbd",
  "duration": 3600.0,
  "num_points": 361,
  "environment_params": {
    "Estrogen": 0.47083685542862436,
    "PTH": 459.257882853047,
    "k_prod_Scl": 1.6844557072058035e-05,
    "k_deg_Scl": 3.0569529023103845e-05,
    "k_prod_RANKL": 3.62851157554527e-05,
    "k_prod_OPG": 0.0001051656492368395,
    "Sclerostin_bone": 0.21616552449416093,
    "RANKL_bone": 1.0298359034598,
    "OPG_bone": 2.7863675543870503,
    "MineralIon": 3.4860660631646856,
    "k_prod_Mineral": 0.1988427935519206
  },
  "biosensor_config": {
    "circuit_type": "ratiometric",
    "sensitivity": 0.6133265933779558,
    "threshold": 0.00010947034533840371,
    "dynamic_range": [
      0.0,
      17.17694359341233
    ],
    "kd": 0.06221787793610442,
    "response_type": "linear",
    "reference_kd": 0.04142730409347965,
    "ratio_exponent": 1.4749952280133407
  },
  "noise_preset": "high",
  "noise_params": {
    "additive_sigma": 0.1,
    "multiplicative_sigma": 0.2,
    "drift_rate": 0.001,
    "outlier_probability": 0.01,
    "outlier_magnitude": 10.0,
    "shot_noise_enabled": true,
    "seed": null
  },
  "measurement": {
    "snr_db": 12.709728144123078,
    "n_detections": 361,
    "detection_rate": 1.0,
    "time_to_detection": 729.3862980464545,
    "false_negative_rate": 0.03631415251787766,
    "max_signal": 28.92858914268416,
    "mean_signal": 18.78266047624469,
    "signal_std": 3.6374721296963326,
    "has_noise": true
  },
  "false_negative_rate": 0.03631415251787766,
  "sclerostin_mean": 2.5631709376897205,
  "sclerostin_max": 3.220356296718177,
  "sclerostin_min": 0.025000000000000005,
  "sclerostin_std": 0.35977727190051206,
  "metadata_file": "metadata/f9be5be8-007a-435a-ad6e-10f602c03e22.json",
  "timeseries_file": "timeseries/f9be5be8-007a-435a-ad6e-10f602c03e22.csv"
}