{
  "run_id": "fa0965d3-2c2f-4260-9541-dbed2e3f1ae4",
  "timestamp": "2026-01-31T04:10:58.960451",
  "scenario": "pmo",
  "duration": 3600.0,
  "num_points": 361,
  "environment_params": {
    "Estrogen": 0.1915026435023636,
    "PTH": 43.09164234641072,
    "k_prod_Scl": 5.776734440096912e-06,
    "k_prod_RANKL": 2.619807945453962e-05,
    "k_prod_OPG": 4.3697017024220086e-05,
    "Sclerostin_bone": 0.07162545568953249,
    "RANKL_bone": 1.5444691619706208,
    "OPG_bone": 1.742664794043394
  },
  "biosensor_config": {
    "circuit_type": "ratiometric",
    "sensitivity": 42.3085556967667,
    "threshold": 0.0017621819984470293,
    "dynamic_range": [
      0.0,
      8.811214630799268
    ],
    "kd": 1.53100274206174,
    "response_type": "hill",
    "reference_kd": 4.0647312531588335,
    "ratio_exponent": 1.421988855608685
  },
  "noise_preset": "medium",
  "noise_params": {
    "additive_sigma": 0.03,
    "multiplicative_sigma": 0.06,
    "drift_rate": 0.0003,
    "outlier_probability": 0.003,
    "outlier_magnitude": 4.0,
    "shot_noise_enabled": false,
    "seed": null
  },
  "measurement": {
    "snr_db": 20.7893098237644,
    "n_detections": 361,
    "detection_rate": 1.0,
    "time_to_detection": 3480.3420428671466,
    "false_negative_rate": 0.010829527507110923,
    "max_signal": 10.905477033226266,
    "mean_signal": 9.368734369909095,
    "signal_std": 0.5801067710518087,
    "has_noise": true
  },
  "false_negative_rate": 0.010829527507110923,
  "sclerostin_mean": 0.911752107359119,
  "sclerostin_max": 1.1943300741760248,
  "sclerostin_min": 0.025000000000000005,
  "sclerostin_std": 0.15129436452789102,
  "metadata_file": "metadata/fa0965d3-2c2f-4260-9541-dbed2e3f1ae4.json",
  "timeseries_file": "timeseries/fa0965d3-2c2f-4260-9541-dbed2e3f1ae4.csv"
}