{
  "run_id": "fabc2072-4add-48f3-a9e9-458ea2c1aa56",
  "timestamp": "2026-01-31T04:09:59.936817",
  "scenario": "healthy",
  "duration": 3600.0,
  "num_points": 361,
  "environment_params": {
    "Estrogen": 0.9488080089835645,
    "PTH": 44.25248603308676,
    "k_prod_Scl": 3.8993833164600155e-06,
    "k_prod_RANKL": 1.4539865101500787e-05,
    "k_prod_OPG": 0.00011126620930737476,
    "Sclerostin_bone": 0.07162168367031779,
    "RANKL_bone": 0.5106300033358974,
    "OPG_bone": 3.158646262784564
  },
  "biosensor_config": {
    "circuit_type": "threshold",
    "sensitivity": 1.749822226355574,
    "threshold": 0.0007113251254740618,
    "dynamic_range": [
      0.0,
      8.395941456387417
    ],
    "kd": 0.8163737784361648,
    "response_type": "linear",
    "hill_coefficient": 5.967045561901818,
    "off_level": 0.11450603761841015,
    "on_level": 23.940623244921174
  },
  "noise_preset": "medium",
  "noise_params": {
    "additive_sigma": 0.03,
    "multiplicative_sigma": 0.06,
    "drift_rate": 0.0003,
    "outlier_probability": 0.003,
    "outlier_magnitude": 4.0,
    "shot_noise_enabled": false,
    "seed": null
  },
  "measurement": {
    "snr_db": 20.55140422445978,
    "n_detections": 361,
    "detection_rate": 1.0,
    "time_to_detection": 106.9558403223003,
    "false_negative_rate": 0.018904065818293982,
    "max_signal": 10.702153771513824,
    "mean_signal": 8.661822551731287,
    "signal_std": 0.8929145041353186,
    "has_noise": true
  },
  "false_negative_rate": 0.018904065818293982,
  "sclerostin_mean": 0.7432278806605298,
  "sclerostin_max": 0.7910859557165812,
  "sclerostin_min": 0.025000000000000005,
  "sclerostin_std": 0.04454418769698496,
  "metadata_file": "metadata/fabc2072-4add-48f3-a9e9-458ea2c1aa56.json",
  "timeseries_file": "timeseries/fabc2072-4add-48f3-a9e9-458ea2c1aa56.csv"
}