{
  "run_id": "facbdcad-63bd-4234-adb0-d551ca36d093",
  "timestamp": "2026-05-17T01:58:29.799471",
  "scenario": "pmo",
  "duration": 3600.0,
  "num_points": 361,
  "environment_params": {
    "Estrogen": 0.2452865254809221,
    "PTH": 102.56070739933205,
    "k_prod_Scl": 6.2096730227929005e-06,
    "k_deg_Scl": 6.537707286512941e-05,
    "Sclerostin_bone": 0.11376138105557261,
    "k_prod_RANKL": 1.9340200242929796e-05,
    "k_deg_RANKL": 2.3328153776074486e-05,
    "RANKL_bone": 0.7725558211385934,
    "k_prod_OPG": 9.154554241728855e-05,
    "k_deg_OPG": 1.8249540601481526e-05,
    "OPG_bone": 4.378460857976743,
    "MineralIon": 1.7960252521925015,
    "k_prod_Mineral": 0.0882642500592648,
    "k_loss_Mineral": 0.06064614148794878
  },
  "biosensor_config": {
    "circuit_type": "amplifying",
    "sensitivity": 5.733108772780661,
    "threshold": 0.0023373075265862285,
    "dynamic_range": [
      0.0,
      7.2842416512934856
    ],
    "kd": 4.391011936370386,
    "response_type": "hill",
    "receptor_concentration": 3.151205397280657,
    "enzyme_concentration": 21.79470822334247,
    "amplification_gain": 2067.5132398203064,
    "response_time": 394.354138858333
  },
  "noise_preset": "medium",
  "noise_params": {
    "additive_sigma": 0.03,
    "multiplicative_sigma": 0.06,
    "drift_rate": 0.0002,
    "outlier_probability": 0.003,
    "outlier_magnitude": 4.0,
    "shot_noise_enabled": 0,
    "seed": null
  },
  "measurement": {
    "snr_db": 20.466029973117955,
    "n_detections": 360,
    "detection_rate": 0.997229916897507,
    "time_to_detection": 2188.6342112529155,
    "false_negative_rate": 0.056481944484775316,
    "max_signal": 7.228771987584286,
    "mean_signal": 6.0761873369797295,
    "signal_std": 0.5174595008657603,
    "has_noise": 1
  },
  "false_negative_rate": 0.056481944484775316,
  "sclerostin_mean": 1.337347273474962,
  "sclerostin_max": 1.652145971023538,
  "sclerostin_min": 0.025000000000000005,
  "sclerostin_std": 0.17406818252171627,
  "metadata_file": "metadata/facbdcad-63bd-4234-adb0-d551ca36d093.json",
  "timeseries_file": "timeseries/facbdcad-63bd-4234-adb0-d551ca36d093.csv"
}