{
  "run_id": "fb6c64bc-a00e-4284-9352-df884b2cf92a",
  "timestamp": "2026-05-17T01:58:28.650911",
  "scenario": "ckd_mbd",
  "duration": 3600.0,
  "num_points": 361,
  "environment_params": {
    "Estrogen": 0.7392788761792762,
    "PTH": 135.9073042800084,
    "k_prod_Scl": 1.0362303454962677e-05,
    "k_deg_Scl": 5.737479979071229e-05,
    "Sclerostin_bone": 0.14959419537249533,
    "k_prod_RANKL": 2.2569281470221375e-05,
    "k_deg_RANKL": 1.8577634072870085e-05,
    "RANKL_bone": 0.7658210277171636,
    "k_prod_OPG": 0.0001323538400893762,
    "k_deg_OPG": 1.9579778970992338e-05,
    "OPG_bone": 5.710320810342761,
    "MineralIon": 3.7499500556883767,
    "k_prod_Mineral": 0.13300585621251443,
    "k_loss_Mineral": 0.019400697642226884
  },
  "biosensor_config": {
    "circuit_type": "ratiometric",
    "sensitivity": 4.48333173780207,
    "threshold": 0.004195598699049366,
    "dynamic_range": [
      0.0,
      10.405396688929347
    ],
    "kd": 0.015804689052650023,
    "response_type": "linear",
    "reference_kd": 0.41612065623497013,
    "ratio_exponent": 2.916458141309227
  },
  "noise_preset": "medium",
  "noise_params": {
    "additive_sigma": 0.03,
    "multiplicative_sigma": 0.06,
    "drift_rate": 0.0002,
    "outlier_probability": 0.003,
    "outlier_magnitude": 4.0,
    "shot_noise_enabled": 0,
    "seed": null
  },
  "measurement": {
    "snr_db": 22.490106962811502,
    "n_detections": 361,
    "detection_rate": 1.0,
    "time_to_detection": 1873.5433755435206,
    "false_negative_rate": 0.0413946611226378,
    "max_signal": 12.78916361517509,
    "mean_signal": 10.802066732541146,
    "signal_std": 0.6729793375606544,
    "has_noise": 1
  },
  "false_negative_rate": 0.0413946611226378,
  "sclerostin_mean": 1.606568926268262,
  "sclerostin_max": 1.8192161725156035,
  "sclerostin_min": 0.025000000000000005,
  "sclerostin_std": 0.13545086464836736,
  "metadata_file": "metadata/fb6c64bc-a00e-4284-9352-df884b2cf92a.json",
  "timeseries_file": "timeseries/fb6c64bc-a00e-4284-9352-df884b2cf92a.csv"
}