{
  "run_id": "fbab2947-6067-4b59-b26d-09ab3711676b",
  "timestamp": "2026-01-31T04:10:46.409565",
  "scenario": "ckd_mbd",
  "duration": 3600.0,
  "num_points": 361,
  "environment_params": {
    "Estrogen": 0.8338778076385731,
    "PTH": 295.1616288196015,
    "k_prod_Scl": 1.5478812392987798e-05,
    "k_deg_Scl": 3.944454564532016e-05,
    "k_prod_RANKL": 2.6503313671163943e-05,
    "k_prod_OPG": 9.277130887038315e-05,
    "Sclerostin_bone": 0.18744110832599412,
    "RANKL_bone": 0.9333470038326608,
    "OPG_bone": 4.044906289995105,
    "MineralIon": 2.0949491197374126,
    "k_prod_Mineral": 0.13543178156233732
  },
  "biosensor_config": {
    "circuit_type": "threshold",
    "sensitivity": 3.461662131591086,
    "threshold": 0.0086827464992716,
    "dynamic_range": [
      0.0,
      19.647773012427056
    ],
    "kd": 0.04697831664933348,
    "response_type": "hill",
    "hill_coefficient": 4.023140893905271,
    "off_level": 0.20810836538568256,
    "on_level": 9.927717393392145
  },
  "noise_preset": "medium",
  "noise_params": {
    "additive_sigma": 0.03,
    "multiplicative_sigma": 0.06,
    "drift_rate": 0.0003,
    "outlier_probability": 0.003,
    "outlier_magnitude": 4.0,
    "shot_noise_enabled": false,
    "seed": null
  },
  "measurement": {
    "snr_db": 21.21431720455555,
    "n_detections": 361,
    "detection_rate": 1.0,
    "time_to_detection": 3315.9650147466787,
    "false_negative_rate": 0.0495497948161044,
    "max_signal": 12.618326856538253,
    "mean_signal": 10.444588602455594,
    "signal_std": 0.8398269563495941,
    "has_noise": true
  },
  "false_negative_rate": 0.0495497948161044,
  "sclerostin_mean": 2.026752981515855,
  "sclerostin_max": 2.3199178641733775,
  "sclerostin_min": 0.025000000000000005,
  "sclerostin_std": 0.18141947697573443,
  "metadata_file": "metadata/fbab2947-6067-4b59-b26d-09ab3711676b.json",
  "timeseries_file": "timeseries/fbab2947-6067-4b59-b26d-09ab3711676b.csv"
}