{
  "run_id": "fc223023-b85d-4e32-9399-1348307f1e4f",
  "timestamp": "2026-01-31T04:10:16.229701",
  "scenario": "pmo",
  "duration": 3600.0,
  "num_points": 361,
  "environment_params": {
    "Estrogen": 0.13038228226796367,
    "PTH": 54.13498146245603,
    "k_prod_Scl": 7.632175072593879e-06,
    "k_prod_RANKL": 3.141530362552646e-05,
    "k_prod_OPG": 5.341388078479024e-05,
    "Sclerostin_bone": 0.07631004590144451,
    "RANKL_bone": 1.4492263649638375,
    "OPG_bone": 1.3175037886210998
  },
  "biosensor_config": {
    "circuit_type": "ratiometric",
    "sensitivity": 3.833727767542479,
    "threshold": 0.012785044066856162,
    "dynamic_range": [
      0.0,
      13.849871389854583
    ],
    "kd": 0.10998265518256028,
    "response_type": "hill",
    "reference_kd": 1.2367757563396535,
    "ratio_exponent": 1.3333104770926816
  },
  "noise_preset": "low",
  "noise_params": {
    "additive_sigma": 0.005,
    "multiplicative_sigma": 0.01,
    "drift_rate": 2e-05,
    "outlier_probability": 0.0002,
    "outlier_magnitude": 2.0,
    "shot_noise_enabled": false,
    "seed": null
  },
  "measurement": {
    "snr_db": 36.20842153675637,
    "n_detections": 361,
    "detection_rate": 1.0,
    "time_to_detection": 1032.7782630564143,
    "false_negative_rate": 0.029615757523240853,
    "max_signal": 4.015900857296316,
    "mean_signal": 3.871138913707596,
    "signal_std": 0.04603476685010642,
    "has_noise": true
  },
  "false_negative_rate": 0.029615757523240853,
  "sclerostin_mean": 1.0499533409505284,
  "sclerostin_max": 1.462576261296092,
  "sclerostin_min": 0.025000000000000005,
  "sclerostin_std": 0.21737018428624605,
  "metadata_file": "metadata/fc223023-b85d-4e32-9399-1348307f1e4f.json",
  "timeseries_file": "timeseries/fc223023-b85d-4e32-9399-1348307f1e4f.csv"
}