{
  "run_id": "fca22861-1d16-44cf-a90f-29fcd7fc77ed",
  "timestamp": "2026-01-31T04:10:19.600112",
  "scenario": "ckd_mbd",
  "duration": 3600.0,
  "num_points": 361,
  "environment_params": {
    "Estrogen": 0.6954436083862661,
    "PTH": 336.717412500572,
    "k_prod_Scl": 1.543950373143122e-05,
    "k_deg_Scl": 3.7873256691750356e-05,
    "k_prod_RANKL": 1.893879205362813e-05,
    "k_prod_OPG": 0.00010514541468048473,
    "Sclerostin_bone": 0.2941610390254029,
    "RANKL_bone": 0.7700804279347587,
    "OPG_bone": 4.8169801017194045,
    "MineralIon": 1.9546430218231277,
    "k_prod_Mineral": 0.20754465336827563
  },
  "biosensor_config": {
    "circuit_type": "ratiometric",
    "sensitivity": 1.3542320798754868,
    "threshold": 8.950948015851523e-05,
    "dynamic_range": [
      0.0,
      11.258356045088313
    ],
    "kd": 0.11640302371497271,
    "response_type": "hill",
    "reference_kd": 0.1638851958619191,
    "ratio_exponent": 0.6343066793402784
  },
  "noise_preset": "medium",
  "noise_params": {
    "additive_sigma": 0.03,
    "multiplicative_sigma": 0.06,
    "drift_rate": 0.0003,
    "outlier_probability": 0.003,
    "outlier_magnitude": 4.0,
    "shot_noise_enabled": false,
    "seed": null
  },
  "measurement": {
    "snr_db": 6.5791694426329,
    "n_detections": 361,
    "detection_rate": 1.0,
    "time_to_detection": 763.8950520226766,
    "false_negative_rate": 0.016769037630857117,
    "max_signal": 2.6197953450736144,
    "mean_signal": 1.9002407218236723,
    "signal_std": 0.32405191227716207,
    "has_noise": true
  },
  "false_negative_rate": 0.016769037630857117,
  "sclerostin_mean": 3.10984376442128,
  "sclerostin_max": 3.4901459083556765,
  "sclerostin_min": 0.025000000000000005,
  "sclerostin_std": 0.2506102225900943,
  "metadata_file": "metadata/fca22861-1d16-44cf-a90f-29fcd7fc77ed.json",
  "timeseries_file": "timeseries/fca22861-1d16-44cf-a90f-29fcd7fc77ed.csv"
}