{
  "run_id": "fd7fb17c-a58f-484c-9c29-e1fc2a55af18",
  "timestamp": "2026-05-17T01:40:38.734761",
  "scenario": "healthy",
  "duration": 3600.0,
  "num_points": 361,
  "environment_params": {
    "Estrogen": 1.3391476144335581,
    "PTH": 40.234688861757,
    "k_prod_Scl": 3.3119697589425545e-06,
    "k_deg_Scl": 7.462118956792854e-05,
    "Sclerostin_bone": 0.06224402752367321,
    "k_prod_RANKL": 8.356109175488516e-06,
    "k_deg_RANKL": 1.705554150177674e-05,
    "RANKL_bone": 0.3185404907241396,
    "k_prod_OPG": 0.00012121166394834813,
    "k_deg_OPG": 1.8020204057030456e-05,
    "OPG_bone": 4.326877250828314,
    "MineralIon": 2.89860777127557,
    "k_prod_Mineral": 0.108850984584865,
    "k_loss_Mineral": 0.05246244839216634
  },
  "biosensor_config": {
    "circuit_type": "ratiometric",
    "sensitivity": 0.26744406407719856,
    "threshold": 0.0007421733287098301,
    "dynamic_range": [
      0.0,
      3.4623427917495295
    ],
    "kd": 1.7286024487610325,
    "response_type": "hill",
    "reference_kd": 1.5517343801450976,
    "ratio_exponent": 0.8941927398412788
  },
  "biosensor_type": "ratiometric",
  "noise_preset": "medium",
  "noise_params": {
    "additive_sigma": 0.03,
    "multiplicative_sigma": 0.06,
    "drift_rate": 0.0002,
    "outlier_probability": 0.003,
    "outlier_magnitude": 4.0,
    "shot_noise_enabled": false,
    "seed": null
  },
  "measurement": {
    "snr_db": -3.871127621448948,
    "n_detections": 361,
    "detection_rate": 1.0,
    "time_to_detection": 4357.852187327152,
    "false_negative_rate": 0.016702773837663137,
    "max_signal": 1.052347240706901,
    "mean_signal": 0.6268063297316773,
    "signal_std": 0.2123967174405593,
    "has_noise": true
  },
  "signal_to_noise_ratio_SNR": -3.871127621448948,
  "time_to_detection_threshold": 4357.852187327152,
  "false_negative_rate": 0.016702773837663137,
  "dynamic_range_of_output": 0.0,
  "sclerostin_mean": 0.6337733127891476,
  "sclerostin_max": 0.6547578709612987,
  "sclerostin_min": 0.025000000000000005,
  "sclerostin_std": 0.033531760853584905,
  "sclerostin_change": 