{
  "run_id": "fd9f4300-3422-4f81-8e14-781cbe1c2c77",
  "timestamp": "2026-01-31T04:09:48.265691",
  "scenario": "pmo",
  "duration": 3600.0,
  "num_points": 361,
  "environment_params": {
    "Estrogen": 0.16551425955461793,
    "PTH": 42.93264900222092,
    "k_prod_Scl": 5.223960735894137e-06,
    "k_prod_RANKL": 2.23829467519513e-05,
    "k_prod_OPG": 5.779817102638916e-05,
    "Sclerostin_bone": 0.1316331237208583,
    "RANKL_bone": 1.224836769139182,
    "OPG_bone": 1.1708353949689811
  },
  "biosensor_config": {
    "circuit_type": "direct_binding",
    "sensitivity": 9.159905349405953,
    "threshold": 0.0003052319810243235,
    "dynamic_range": [
      0.0,
      6.277112406291541
    ],
    "kd": 0.023082403288445442,
    "response_type": "hill",
    "receptor_concentration": 5.3161281015328665,
    "kon": 66642.92781615825,
    "koff": 1538.2789361753235
  },
  "noise_preset": "medium",
  "noise_params": {
    "additive_sigma": 0.03,
    "multiplicative_sigma": 0.06,
    "drift_rate": 0.0003,
    "outlier_probability": 0.003,
    "outlier_magnitude": 4.0,
    "shot_noise_enabled": false,
    "seed": null
  },
  "measurement": {
    "snr_db": 18.73519095839274,
    "n_detections": 361,
    "detection_rate": 1.0,
    "time_to_detection": 301.98855316384254,
    "false_negative_rate": 0.05097519980975053,
    "max_signal": 8.28290919718433,
    "mean_signal": 6.815852167583499,
    "signal_std": 0.486816392378058,
    "has_noise": true
  },
  "false_negative_rate": 0.05097519980975053,
  "sclerostin_mean": 1.4726192415835668,
  "sclerostin_max": 1.737085952706379,
  "sclerostin_min": 0.025000000000000005,
  "sclerostin_std": 0.15395138027766864,
  "metadata_file": "metadata/fd9f4300-3422-4f81-8e14-781cbe1c2c77.json",
  "timeseries_file": "timeseries/fd9f4300-3422-4f81-8e14-781cbe1c2c77.csv"
}