{
  "run_id": "fdc7ba40-08de-477e-8f01-5fabc9a1aadc",
  "timestamp": "2026-05-17T01:54:24.480191",
  "scenario": "ckd_mbd",
  "duration": 3600.0,
  "num_points": 361,
  "environment_params": {
    "Estrogen": 0.5756345967941371,
    "PTH": 145.3805539629028,
    "k_prod_Scl": 1.3334544247989352e-05,
    "k_deg_Scl": 5.6564368083651425e-05,
    "Sclerostin_bone": 0.1285959263441424,
    "k_prod_RANKL": 1.2827649601158339e-05,
    "k_deg_RANKL": 1.990492395659873e-05,
    "RANKL_bone": 1.1411764913879807,
    "k_prod_OPG": 7.854461206262477e-05,
    "k_deg_OPG": 2.4211631941821564e-05,
    "OPG_bone": 5.0713325675673095,
    "MineralIon": 4.2891658663391174,
    "k_prod_Mineral": 0.14910431121741383,
    "k_loss_Mineral": 0.019122815599243267
  },
  "biosensor_config": {
    "circuit_type": "direct_binding",
    "sensitivity": 0.5854481991304853,
    "threshold": 0.0013658265497072226,
    "dynamic_range": [
      0.0,
      18.487676628569503
    ],
    "kd": 0.20215983081103922,
    "response_type": "linear",
    "receptor_concentration": 3.6445915179157216,
    "kon": 51387.52131160163,
    "koff": 10388.492614152057
  },
  "noise_preset": "medium",
  "noise_params": {
    "additive_sigma": 0.03,
    "multiplicative_sigma": 0.06,
    "drift_rate": 0.0002,
    "outlier_probability": 0.003,
    "outlier_magnitude": 4.0,
    "shot_noise_enabled": 0,
    "seed": null
  },
  "measurement": {
    "snr_db": 12.791466017229551,
    "n_detections": 361,
    "detection_rate": 1.0,
    "time_to_detection": 1506.4215632212338,
    "false_negative_rate": 0.06345885996961066,
    "max_signal": 2.983921782991352,
    "mean_signal": 2.2354231075998086,
    "signal_std": 0.2835002518139679,
    "has_noise": 1
  },
  "false_negative_rate": 0.06345885996961066,
  "sclerostin_mean": 1.5261846019892127,
  "sclerostin_max": 1.9062455937457958,
  "sclerostin_min": 0.025000000000000005,
  "sclerostin_std": 0.20860424184909893,
  "metadata_file": "metadata/fdc7ba40-08de-477e-8f01-5fabc9a1aadc.json",
  "timeseries_file": "timeseries/fdc7ba40-08de-477e-8f01-5fabc9a1aadc.csv"
}