{
  "run_id": "fde46dcd-37d5-48a8-8732-4c06788f73cc",
  "timestamp": "2026-05-17T01:48:46.405403",
  "scenario": "pmo",
  "duration": 3600.0,
  "num_points": 361,
  "environment_params": {
    "Estrogen": 0.19685213191384981,
    "PTH": 68.4486440907206,
    "k_prod_Scl": 4.0742627488585035e-06,
    "k_deg_Scl": 6.478003124708287e-05,
    "Sclerostin_bone": 0.14014786249952824,
    "k_prod_RANKL": 1.5294202253660003e-05,
    "k_deg_RANKL": 2.1184883980807044e-05,
    "RANKL_bone": 1.095454602889533,
    "k_prod_OPG": 8.165176152195346e-05,
    "k_deg_OPG": 2.019664016709146e-05,
    "OPG_bone": 3.9085375843262393,
    "MineralIon": 2.1242761114057904,
    "k_prod_Mineral": 0.09380110994357038,
    "k_loss_Mineral": 0.05372180324732415
  },
  "biosensor_config": {
    "circuit_type": "amplifying",
    "sensitivity": 4.631295985635839,
    "threshold": 0.026531331412469092,
    "dynamic_range": [
      0.0,
      2.5156044724677784
    ],
    "kd": 0.01932624819305242,
    "response_type": "hill",
    "receptor_concentration": 0.09012875984033974,
    "enzyme_concentration": 23.628197850360312,
    "amplification_gain": 3794.052601508055,
    "response_time": 123.23521304730656
  },
  "noise_preset": "low",
  "noise_params": {
    "additive_sigma": 0.005,
    "multiplicative_sigma": 0.01,
    "drift_rate": 2e-05,
    "outlier_probability": 0.0002,
    "outlier_magnitude": 2.0,
    "shot_noise_enabled": 0,
    "seed": null
  },
  "measurement": {
    "snr_db": 34.23430556877857,
    "n_detections": 360,
    "detection_rate": 0.997229916897507,
    "time_to_detection": 1786.0805587055124,
    "false_negative_rate": 0.0,
    "max_signal": 2.628307276069301,
    "mean_signal": 2.543938369369453,
    "signal_std": 0.13811978895684598,
    "has_noise": 1
  },
  "false_negative_rate": 0.0,
  "sclerostin_mean": 1.5125559945352411,
  "sclerostin_max": 1.7202741750115362,
  "sclerostin_min": 0.025000000000000005,
  "sclerostin_std": 0.13052334811286487,
  "metadata_file": "metadata/fde46dcd-37d5-48a8-8732-4c06788f73cc.json",
  "timeseries_file": "timeseries/fde46dcd-37d5-48a8-8732-4c06788f73cc.csv"
}