{
  "run_id": "fe12ef9d-2eb9-4fc9-8034-9f41fcca609d",
  "timestamp": "2026-01-31T04:10:26.967021",
  "scenario": "pmo",
  "duration": 3600.0,
  "num_points": 361,
  "environment_params": {
    "Estrogen": 0.21790178055005763,
    "PTH": 64.58953184055005,
    "k_prod_Scl": 8.744513772391633e-06,
    "k_prod_RANKL": 3.62381966724524e-05,
    "k_prod_OPG": 4.2099087698821876e-05,
    "Sclerostin_bone": 0.11513156645016706,
    "RANKL_bone": 1.293161328323523,
    "OPG_bone": 1.7265611584624092
  },
  "biosensor_config": {
    "circuit_type": "ratiometric",
    "sensitivity": 10.305586029592513,
    "threshold": 0.0011481435082301092,
    "dynamic_range": [
      0.0,
      19.00992624972299
    ],
    "kd": 0.09073337183921629,
    "response_type": "hill",
    "reference_kd": 0.18597421842258444,
    "ratio_exponent": 2.1897022799512684
  },
  "noise_preset": "high",
  "noise_params": {
    "additive_sigma": 0.1,
    "multiplicative_sigma": 0.2,
    "drift_rate": 0.001,
    "outlier_probability": 0.01,
    "outlier_magnitude": 10.0,
    "shot_noise_enabled": true,
    "seed": null
  },
  "measurement": {
    "snr_db": 11.20983427540426,
    "n_detections": 361,
    "detection_rate": 1.0,
    "time_to_detection": 2997.6766708024784,
    "false_negative_rate": 0.0833257683500663,
    "max_signal": 17.98712599198773,
    "mean_signal": 11.831219380548948,
    "signal_std": 2.389707345227369,
    "has_noise": true
  },
  "false_negative_rate": 0.0833257683500663,
  "sclerostin_mean": 1.4369245693314987,
  "sclerostin_max": 1.8715414247803268,
  "sclerostin_min": 0.025000000000000005,
  "sclerostin_std": 0.23343019827901557,
  "metadata_file": "metadata/fe12ef9d-2eb9-4fc9-8034-9f41fcca609d.json",
  "timeseries_file": "timeseries/fe12ef9d-2eb9-4fc9-8034-9f41fcca609d.csv"
}