{
  "run_id": "fe3d421b-7fcd-464e-bce5-245e0439c657",
  "timestamp": "2026-05-17T01:40:39.851691",
  "scenario": "pmo",
  "duration": 3600.0,
  "num_points": 361,
  "environment_params": {
    "Estrogen": 0.20893723179789664,
    "PTH": 51.25476522995815,
    "k_prod_Scl": 5.443444420796822e-06,
    "k_deg_Scl": 6.317046275676378e-05,
    "Sclerostin_bone": 0.06504141699478072,
    "k_prod_RANKL": 1.555190637628665e-05,
    "k_deg_RANKL": 2.487856034909043e-05,
    "RANKL_bone": 1.0419207205600154,
    "k_prod_OPG": 6.297429337615416e-05,
    "k_deg_OPG": 1.7174989668313584e-05,
    "OPG_bone": 4.697792362890089,
    "MineralIon": 2.17255530409457,
    "k_prod_Mineral": 0.0835112738108148,
    "k_loss_Mineral": 0.055629668961539085
  },
  "biosensor_config": {
    "circuit_type": "amplifying",
    "sensitivity": 5.095211992352981,
    "threshold": 0.003904184885881325,
    "dynamic_range": [
      0.0,
      15.46335546545593
    ],
    "kd": 1.20450534572424,
    "response_type": "linear",
    "receptor_concentration": 2.001669474124235,
    "enzyme_concentration": 12.348596312447835,
    "amplification_gain": 9643.768615758763,
    "response_time": 63.507770191871245
  },
  "biosensor_type": "amplifying",
  "noise_preset": "medium",
  "noise_params": {
    "additive_sigma": 0.03,
    "multiplicative_sigma": 0.06,
    "drift_rate": 0.0002,
    "outlier_probability": 0.003,
    "outlier_magnitude": 4.0,
    "shot_noise_enabled": false,
    "seed": null
  },
  "measurement": {
    "snr_db": 23.818541046874596,
    "n_detections": 361,
    "detection_rate": 1.0,
    "time_to_detection": 2211.4914640930647,
    "false_negative_rate": 0.0,
    "max_signal": 18.656376882053333,
    "mean_signal": 15.664059184152043,
    "signal_std": 1.2692629334506986,
    "has_noise": true
  },
  "signal_to_noise_ratio_SNR": 23.818541046874596,
  "time_to_detection_threshold": 2211.4914640930647,
  "false_negative_rate": 0.0,
  "dynamic_range_of_output": 0.0,
  "sclerostin_mean": 0.8354103410673565,
  "sclerostin_max": 1.0995956849190511,
  "sclerostin_min": 0.025000000000000005,
  "sclerostin_std": 0.14115827549448617,
  "sclerostin_change": 