{
  "run_id": "fe90701a-c06c-46ba-bf80-269600a205db",
  "timestamp": "2026-01-31T04:10:53.343291",
  "scenario": "ckd_mbd",
  "duration": 3600.0,
  "num_points": 361,
  "environment_params": {
    "Estrogen": 0.6766408690420075,
    "PTH": 396.6036990054894,
    "k_prod_Scl": 1.491470592772515e-05,
    "k_deg_Scl": 3.940748715798865e-05,
    "k_prod_RANKL": 1.1802880040088504e-05,
    "k_prod_OPG": 6.978962374297103e-05,
    "Sclerostin_bone": 0.316061017388821,
    "RANKL_bone": 0.6598153963337454,
    "OPG_bone": 3.966399681930351,
    "MineralIon": 3.588169481824277,
    "k_prod_Mineral": 0.16839358903489338
  },
  "biosensor_config": {
    "circuit_type": "ratiometric",
    "sensitivity": 3.46692011789208,
    "threshold": 0.021707196912585533,
    "dynamic_range": [
      0.0,
      19.538249804456875
    ],
    "kd": 0.036768056687705566,
    "response_type": "hill",
    "reference_kd": 0.27219007569070197,
    "ratio_exponent": 1.1742229143186158
  },
  "noise_preset": "medium",
  "noise_params": {
    "additive_sigma": 0.03,
    "multiplicative_sigma": 0.06,
    "drift_rate": 0.0003,
    "outlier_probability": 0.003,
    "outlier_magnitude": 4.0,
    "shot_noise_enabled": false,
    "seed": null
  },
  "measurement": {
    "snr_db": 14.535765646431418,
    "n_detections": 361,
    "detection_rate": 1.0,
    "time_to_detection": 3660.6828369731547,
    "false_negative_rate": 0.01872215229372826,
    "max_signal": 4.99124814539483,
    "mean_signal": 3.9972734918173094,
    "signal_std": 0.37642634804562625,
    "has_noise": true
  },
  "false_negative_rate": 0.01872215229372826,
  "sclerostin_mean": 3.321789462811177,
  "sclerostin_max": 3.7057478147393934,
  "sclerostin_min": 0.025000000000000005,
  "sclerostin_std": 0.25913332578911163,
  "metadata_file": "metadata/fe90701a-c06c-46ba-bf80-269600a205db.json",
  "timeseries_file": "timeseries/fe90701a-c06c-46ba-bf80-269600a205db.csv"
}