{
  "run_id": "feae564b-7096-4500-b81a-df9b4802628b",
  "timestamp": "2026-05-17T02:01:34.207374",
  "scenario": "ckd_mbd",
  "duration": 3600.0,
  "num_points": 361,
  "environment_params": {
    "Estrogen": 0.6418426063746439,
    "PTH": 176.23574445418507,
    "k_prod_Scl": 1.9150432962214974e-05,
    "k_deg_Scl": 5.6304049572283644e-05,
    "Sclerostin_bone": 0.12561708987101156,
    "k_prod_RANKL": 1.985174114339996e-05,
    "k_deg_RANKL": 2.2208485972640007e-05,
    "RANKL_bone": 0.9197297681123557,
    "k_prod_OPG": 8.525701619335707e-05,
    "k_deg_OPG": 2.2891765565985922e-05,
    "OPG_bone": 4.151331110077413,
    "MineralIon": 2.08497647203274,
    "k_prod_Mineral": 0.1418086804890001,
    "k_loss_Mineral": 0.028429953802319118
  },
  "biosensor_config": {
    "circuit_type": "direct_binding",
    "sensitivity": 4.138098249828805,
    "threshold": 0.00017130752261419892,
    "dynamic_range": [
      0.0,
      8.83377456831344
    ],
    "kd": 2.3367469527455027,
    "response_type": "linear",
    "receptor_concentration": 2.6309464938375156,
    "kon": 20084.181008977157,
    "koff": 46931.64877111647
  },
  "noise_preset": "medium",
  "noise_params": {
    "additive_sigma": 0.03,
    "multiplicative_sigma": 0.06,
    "drift_rate": 0.0002,
    "outlier_probability": 0.003,
    "outlier_magnitude": 4.0,
    "shot_noise_enabled": 0,
    "seed": null
  },
  "measurement": {
    "snr_db": 18.41466406532751,
    "n_detections": 361,
    "detection_rate": 1.0,
    "time_to_detection": 2744.199516674142,
    "false_negative_rate": 0.08092839578439366,
    "max_signal": 6.4673148603424,
    "mean_signal": 4.745332560775137,
    "signal_std": 0.7260151977745918,
    "has_noise": 1
  },
  "false_negative_rate": 0.08092839578439366,
  "sclerostin_mean": 1.5777538302532264,
  "sclerostin_max": 2.069195180959988,
  "sclerostin_min": 0.025000000000000005,
  "sclerostin_std": 0.263271998970337,
  "metadata_file": "metadata/feae564b-7096-4500-b81a-df9b4802628b.json",
  "timeseries_file": "timeseries/feae564b-7096-4500-b81a-df9b4802628b.csv"
}