{
  "run_id": "fecf8113-b432-43bf-bb9b-2a04867b2308",
  "timestamp": "2026-01-31T04:11:07.157220",
  "scenario": "pmo",
  "duration": 3600.0,
  "num_points": 361,
  "environment_params": {
    "Estrogen": 0.11991137573877253,
    "PTH": 50.678462856899124,
    "k_prod_Scl": 3.6527191249238683e-06,
    "k_prod_RANKL": 4.712400870362517e-05,
    "k_prod_OPG": 4.5441673712049176e-05,
    "Sclerostin_bone": 0.12152712758838385,
    "RANKL_bone": 1.2186332313122563,
    "OPG_bone": 2.7593810733291186
  },
  "biosensor_config": {
    "circuit_type": "threshold",
    "sensitivity": 6.364286540301241,
    "threshold": 0.0006650846525796021,
    "dynamic_range": [
      0.0,
      15.049128185956544
    ],
    "kd": 0.09539772002730826,
    "response_type": "hill",
    "hill_coefficient": 2.760079178635534,
    "off_level": 0.14373102568768556,
    "on_level": 11.897496954370759
  },
  "noise_preset": "medium",
  "noise_params": {
    "additive_sigma": 0.03,
    "multiplicative_sigma": 0.06,
    "drift_rate": 0.0003,
    "outlier_probability": 0.003,
    "outlier_magnitude": 4.0,
    "shot_noise_enabled": false,
    "seed": null
  },
  "measurement": {
    "snr_db": 21.88598225708976,
    "n_detections": 361,
    "detection_rate": 1.0,
    "time_to_detection": 2210.449078064767,
    "false_negative_rate": 0.054906525999448993,
    "max_signal": 14.872649204029255,
    "mean_signal": 12.399722964505099,
    "signal_std": 1.0107432534035645,
    "has_noise": true
  },
  "false_negative_rate": 0.054906525999448993,
  "sclerostin_mean": 1.3279464815183526,
  "sclerostin_max": 1.525640690641557,
  "sclerostin_min": 0.025000000000000005,
  "sclerostin_std": 0.12097417586243127,
  "metadata_file": "metadata/fecf8113-b432-43bf-bb9b-2a04867b2308.json",
  "timeseries_file": "timeseries/fecf8113-b432-43bf-bb9b-2a04867b2308.csv"
}