{
  "run_id": "ff8968c0-c703-4340-9519-2a5cc204ca00",
  "timestamp": "2026-01-31T04:10:12.027917",
  "scenario": "ckd_mbd",
  "duration": 3600.0,
  "num_points": 361,
  "environment_params": {
    "Estrogen": 0.838045057280186,
    "PTH": 248.7049812309816,
    "k_prod_Scl": 1.3639152971860023e-05,
    "k_deg_Scl": 4.319418282647294e-05,
    "k_prod_RANKL": 1.6381823663779232e-05,
    "k_prod_OPG": 8.590244075915195e-05,
    "Sclerostin_bone": 0.19596599833041684,
    "RANKL_bone": 0.7936522318929069,
    "OPG_bone": 3.140339670713013,
    "MineralIon": 3.117754353453937,
    "k_prod_Mineral": 0.1911712354577347
  },
  "biosensor_config": {
    "circuit_type": "amplifying",
    "sensitivity": 1.941437920571669,
    "threshold": 0.0002389979618789187,
    "dynamic_range": [
      0.0,
      1.419506439379134
    ],
    "kd": 0.023851680403580912,
    "response_type": "michaelis_menten",
    "receptor_concentration": 0.2880388641631473,
    "enzyme_concentration": 15.533853246612122,
    "amplification_gain": 9106.289935207953,
    "response_time": 392.3495448837538
  },
  "noise_preset": "medium",
  "noise_params": {
    "additive_sigma": 0.03,
    "multiplicative_sigma": 0.06,
    "drift_rate": 0.0003,
    "outlier_probability": 0.003,
    "outlier_magnitude": 4.0,
    "shot_noise_enabled": false,
    "seed": null
  },
  "measurement": {
    "snr_db": 7.09198652343149,
    "n_detections": 361,
    "detection_rate": 1.0,
    "time_to_detection": 2272.026421095588,
    "false_negative_rate": 0.01835056619973621,
    "max_signal": 2.559678319616998,
    "mean_signal": 1.9527340059605516,
    "signal_std": 0.33693636864742754,
    "has_noise": true
  },
  "false_negative_rate": 0.01835056619973621,
  "sclerostin_mean": 2.078849832253276,
  "sclerostin_max": 2.331246664367349,
  "sclerostin_min": 0.025000000000000005,
  "sclerostin_std": 0.166507939237591,
  "metadata_file": "metadata/ff8968c0-c703-4340-9519-2a5cc204ca00.json",
  "timeseries_file": "timeseries/ff8968c0-c703-4340-9519-2a5cc204ca00.csv"
}