{
  "timestamp": "2026-05-24T22:22:41.794501",
  "best_y": -100.0,
  "best_config": {
    "biosensor_type": "direct_binding",
    "kd_nm": 7.969454221602287,
    "sensitivity": 2.697515308420525,
    "response_time_s": 854.4639095724053,
    "noise_preset": "low",
    "target_scenario": "pmo"
  },
  "uncertainty": {
    "gp_mean": -100.0,
    "gp_std": 0.0038093337513321144,
    "ci_lower": 0.0,
    "ci_upper": -99.99253370584739
  },
  "predictions": {
    "snr_db_est": 16.869162830659977,
    "detection_rate": 0.0027678217377406725,
    "false_negative_rate": 0.0014691714461221078,
    "time_to_detection_s": 1072.475048613371
  },
  "robustness": {
    "mean_score": -100.0,
    "min_score": -100.0,
    "max_score": -100.0,
    "std_score": 0.0,
    "robustness_score": 0.0
  },
  "n_evaluations": 100,
  "n_init": 20,
  "n_iter": 80
}