{
  "target_metrics": [
    "signal_to_noise_ratio_SNR",
    "false_negative_rate",
    "time_to_detection_threshold",
    "dynamic_range_of_output"
  ],
  "data_statistics": {
    "signal_to_noise_ratio_SNR": {
      "min": -6.116974703982868,
      "max": 33.47995698870519,
      "mean": 17.59996351927637,
      "std": 6.922997797500615
    },
    "time_to_detection_threshold": {
      "min": 0.0,
      "max": 10.0,
      "mean": 1.8871903230228484,
      "std": 3.6953315598972356
    },
    "dynamic_range_of_output": {
      "min": 0.7002761313423136,
      "max": 17.647245588897796,
      "mean": 7.306817212397897,
      "std": 3.3553078267435286
    },
    "false_negative_rate": {
      "min": 0.0,
      "max": 0.008310249307479256,
      "mean": 0.0005391783625694989,
      "std": 0.0010497072308526855
    }
  },
  "model_architectures": {
    "signal_to_noise_ratio_SNR": "LGBMRegressor",
    "time_to_detection_threshold": "LGBMRegressor",
    "dynamic_range_of_output": "XGBRegressor",
    "false_negative_rate": "XGBRegressor"
  },
  "r2_scores": {
    "signal_to_noise_ratio_SNR": 0.9085120320749529,
    "time_to_detection_threshold": 0.9085120320749529,
    "dynamic_range_of_output": 0.9588373719024023,
    "false_negative_rate": 0.9588373719024023
  }
}