{
  "run_id": "06970856-4b43-4148-be7c-ca26b216ff70",
  "timestamp": "2026-06-27T17:24:15.667225",
  "scenario": "pmo",
  "biosensor_config": {
    "circuit_type": "array",
    "kd_scl": 1.72698322445101,
    "kd_ctx": 4.9769828368252895,
    "kd_p1np": 1.3645490985784727,
    "w_scl": 0.067767485976951,
    "w_ctx": 0.4412992216634426,
    "w_p1np": 0.49093329235960637,
    "sensitivity": 0.8756050914151249,
    "threshold": 1.924049220672729,
    "dynamic_range": [
      0.0,
      3.4116179281981363
    ],
    "kd": 1.72698322445101
  },
  "noise_preset": "realistic",
  "measurement": {
    "snr_db": 13.209944866341985,
    "n_detections": 1,
    "detection_rate": 1.0,
    "time_to_detection": 540.0,
    "false_negative_rate": 0.0
  },
  "environment_params": {
    "Estrogen": 0.21266725429326439,
    "PTH": 65.3434264566927,
    "k_prod_Scl": 6.187126812942777e-07,
    "k_deg_Scl": 6.063054606359572e-05,
    "Sclerostin_bone": 0.06848730259372786,
    "k_prod_RANKL": 3.3568029269875087e-06,
    "k_deg_RANKL": 1.7646826087840277e-05,
    "RANKL_bone": 1.0814759133618979,
    "k_prod_OPG": 6.427879188026309e-05,
    "k_deg_OPG": 1.8849422495610317e-05,
    "OPG_bone": 3.320549482489456,
    "MineralIon": 1.9673581827262219,
    "k_prod_Mineral": 0.06990314562242554,
    "k_loss_Mineral": 0.025558507448036456,
    "k_prod_CTX": 1.7517500147293418e-06,
    "k_deg_CTX": 1.723308715393046e-05,
    "CTX_bone": 0.031121792166539666,
    "k_prod_P1NP": 1.9130854331252527e-07,
    "k_deg_P1NP": 2.247400555082111e-05,
    "P1NP_bone": 0.029169808494449966,
    "Sclerostin_sensor": 1.7121825648431965,
    "RANKL_sensor": 32.44427740085693,
    "OPG_sensor": 99.61648447468369,
    "CTX_sensor": 0.7780448041634916,
    "P1NP_sensor": 0.7292452123612492
  },
  "equilibration_check": {
    "Sclerostin_bone": 0.0009790295441090854,
    "RANKL_bone": 8.84739402778029e-05,
    "OPG_bone": 0.00012381778670567898,
    "CTX_bone": 0.00023225273768464274,
    "P1NP_bone": 0.0002862514336488441,
    "Osteocytes": 9.76207470210208e-05,
    "Osteoblasts": 1.2767628798013829e-05,
    "Osteoclasts": 6.230438154617721e-05,
    "MineralIon": 1.2769735731135989e-05,
    "Sclerostin_sensor": 0.0009793882568815333,
    "RANKL_sensor": 8.85102144621972e-05,
    "OPG_sensor": 0.0001238830132104829,
    "CTX_sensor": 0.00023235731918121129,
    "P1NP_sensor": 0.0002863073408804282
  },
  "sclerostin_mean": 1.674618128520083,
  "sclerostin_max": 1.702814403712553,
  "sclerostin_min": 1.646931138389145,
  "sclerostin_std": 0.016180030071176597,
  "ctx_mean": 0.7820087288443947,
  "p1np_mean": 0.7245581718432371,
  "metadata_file": "metadata/06970856-4b43-4148-be7c-ca26b216ff70.json",
  "timeseries_file": "timeseries/06970856-4b43-4148-be7c-ca26b216ff70.csv",
  "instrumentation": {
    "biological_realization": {
      "rng_seed": 1900944356,
      "scenario": "pmo",
      "realization_hash": "a6bb8919c30c77ec"
    },
    "stages": {
      "stage_0_ode": {
        "stage": "stage_0_ode",
        "description": "ODE concentration output",
        "mean_signal": 1.674618128520083,
        "std_signal": 0.016180030071176597,
        "min_signal": 1.646931138389145,
        "max_signal": 1.702814403712553,
        "median_signal": 1.6744890395568708,
        "q25_signal": 1.6606103396452156,
        "q75_signal": 1.6885609331319869,
        "auc_total": 6028.62271624699,
        "auc_per_second": 1.6746174211797196,
        "terminal_mean": 1.649576533929694,
        "terminal_std": 0.0015718218559356049,
        "signal_range": 0.05588326532340804,
        "cv_coefficient": 0.00966192219922726,
        "species_tracked": "Sclerostin_sensor or Sclerostin_bone"
      },
      "stage_1_biosensor_clean": {
        "stage": "stage_1_biosensor_clean",
        "description": "Biosensor output (clean signal, no noise)",
        "mean_signal": 2.252243601809679,
        "std_signal": 0.0005564530520053987,
        "min_signal": 2.251273516702111,
        "max_signal": 2.2531959998252487,
        "median_signal": 2.252248151098999,
        "q25_signal": 2.251764358827233,
        "q75_signal": 2.2527251715387693,
        "auc_total": 8108.077054950305,
        "auc_per_second": 2.2522436263750847,
        "terminal_mean": 2.2531048746550293,
        "terminal_std": 5.413578963124847e-05,
        "signal_range": 0.001922483123137475,
        "cv_coefficient": 0.00024706610402102524,
        "biosensor_type": "array",
        "kd": 1.72698322445101,
        "sensitivity": 0.8756050914151249
      },
      "stage_2_biosensor_noisy": {
        "stage": "stage_2_biosensor_noisy",
        "description": "Biosensor output (with noise injection)",
        "mean_signal": 2.3398357866813466,
        "std_signal": 0.48435481131103597,
        "min_signal": 1.1435013234508273,
        "max_signal": 3.685683257595363,
        "median_signal": 2.3360046383610413,
        "q25_signal": 2.016390230077487,
        "q75_signal": 2.668886907836117,
        "auc_total": 8420.66369720994,
        "auc_per_second": 2.3390732492249833,
        "terminal_mean": 2.3422392601158535,
        "terminal_std": 0.513835950583141,
        "signal_range": 2.5421819341445353,
        "cv_coefficient": 0.20700376242984544,
        "noise_preset": "realistic",
        "snr_db": 13.209944866341985
      },
      "stage_3_thresholded": {
        "stage": "stage_3_thresholded",
        "description": "Threshold crossing detection",
        "threshold": 1.924049220672729,
        "fraction_above_threshold": 0.7894736842105263,
        "time_to_first_crossing": 0.0,
        "n_threshold_crossings": 128,
        "mean_signal_above": 2.5185620340285917,
        "std_signal_above": 0.36532904187288334,
        "mean_signal_below": 1.6696123591291778,
        "std_signal_below": 0.211818675584162,
        "mean_margin_above_threshold": 0.5945128133558627,
        "mean_margin_below_threshold": -0.25443686154355133
      },
      "stage_4_ttd": {
        "stage": "stage_4_ttd",
        "description": "Time-to-detection assignment",
        "ttd_seconds": 540.0,
        "detected": true,
        "is_sentinel": false
      }
    },
    "stage_deltas": {
      "delta_0_to_1": {
        "transition": "stage_0_ode->stage_1_biosensor_clean",
        "mean_delta": 0.5776254732895963,
        "std_delta": 0.016736483083531983,
        "max_delta": 0.6062648614361037,
        "rms_delta": 0.5778678891053175,
        "fraction_significantly_changed": 1.0
      },
      "delta_1_to_2": {
        "transition": "stage_1_biosensor_clean->stage_2_biosensor_noisy",
        "mean_delta": 0.08759218487166767,
        "std_delta": 0.48431626336175965,
        "max_delta": 1.4333551511307725,
        "rms_delta": 0.4921733777921046,
        "fraction_significantly_changed": 1.0
      },
      "delta_2_to_3": {
        "transition": "stage_2_biosensor_noisy->stage_3_thresholded",
        "mean_delta": -0.35149733876403744,
        "std_delta": 0.6875751870973323,
        "max_delta": 1.9217711673642546,
        "rms_delta": 0.7722111220839363,
        "fraction_significantly_changed": 0.21052631578947367
      }
    },
    "propagation_integrity": {
      "stages_recorded": 5,
      "biological_hash_consistent": false,
      "all_stages_use_same_time": true
    }
  }
}