{
  "run_id": "0e58bb5a-11c4-4886-bc74-c651795e28b5",
  "timestamp": "2026-06-27T17:24:17.561755",
  "scenario": "pmo_mild",
  "biosensor_config": {
    "circuit_type": "array",
    "kd_scl": 4.384301384790358,
    "kd_ctx": 0.8897817620496089,
    "kd_p1np": 0.5379818684565759,
    "w_scl": 0.6280571096824754,
    "w_ctx": 0.04409097522948889,
    "w_p1np": 0.32785191508803574,
    "sensitivity": 2.242745954721169,
    "threshold": 3.2719892889820894,
    "dynamic_range": [
      0.0,
      9.69368619650155
    ],
    "kd": 4.384301384790358
  },
  "noise_preset": "realistic",
  "measurement": {
    "snr_db": 13.526954573468872,
    "n_detections": 0,
    "detection_rate": 0.0,
    "time_to_detection": 9000.0,
    "false_negative_rate": 1.0
  },
  "environment_params": {
    "Estrogen": 0.5959710616849287,
    "PTH": 42.84920513884507,
    "k_prod_Scl": 2.3110207517832513e-06,
    "k_deg_Scl": 5.5262955538968765e-05,
    "Sclerostin_bone": 0.01933662555874776,
    "k_prod_RANKL": 3.517208459703708e-06,
    "k_deg_RANKL": 1.8996429960492996e-05,
    "RANKL_bone": 0.6322393317450707,
    "k_prod_OPG": 5.205492720505441e-05,
    "k_deg_OPG": 1.935858676722728e-05,
    "OPG_bone": 4.98983962644323,
    "MineralIon": 2.2382445278675682,
    "k_prod_Mineral": 0.0763925631355191,
    "k_loss_Mineral": 0.023945316788896203,
    "k_prod_CTX": 8.270468831361319e-07,
    "k_deg_CTX": 2.2966710059378533e-05,
    "CTX_bone": 0.0125058577981936,
    "k_prod_P1NP": 1.9553253557196076e-07,
    "k_deg_P1NP": 1.9909344126214255e-05,
    "P1NP_bone": 0.011566923399910448,
    "Sclerostin_sensor": 0.483415638968694,
    "RANKL_sensor": 18.967179952352122,
    "OPG_sensor": 149.6951887932969,
    "CTX_sensor": 0.31264644495484,
    "P1NP_sensor": 0.28917308499776123
  },
  "equilibration_check": {
    "Sclerostin_bone": 0.0032745637080053994,
    "RANKL_bone": 9.035081238239923e-05,
    "OPG_bone": 2.356263024246346e-05,
    "CTX_bone": 4.133349266561322e-05,
    "P1NP_bone": 0.0004034640349739151,
    "Osteocytes": 4.347364948539315e-05,
    "Osteoblasts": 1.4519481293361998e-05,
    "Osteoclasts": 4.5187266773644414e-05,
    "MineralIon": 1.452468914790007e-05,
    "Sclerostin_sensor": 0.0032822883521711286,
    "RANKL_sensor": 9.038040528842507e-05,
    "OPG_sensor": 2.3581907476407197e-05,
    "CTX_sensor": 4.133230212696439e-05,
    "P1NP_sensor": 0.00040366196359328197
  },
  "sclerostin_mean": 0.525865987692193,
  "sclerostin_max": 0.5570494541905535,
  "sclerostin_min": 0.4940436416738471,
  "sclerostin_std": 0.0182363738752563,
  "ctx_mean": 0.3123424861795364,
  "p1np_mean": 0.29186573517882336,
  "metadata_file": "metadata/0e58bb5a-11c4-4886-bc74-c651795e28b5.json",
  "timeseries_file": "timeseries/0e58bb5a-11c4-4886-bc74-c651795e28b5.csv",
  "instrumentation": {
    "biological_realization": {
      "rng_seed": 662321790,
      "scenario": "pmo_mild",
      "realization_hash": "6f8b66266e765515"
    },
    "stages": {
      "stage_0_ode": {
        "stage": "stage_0_ode",
        "description": "ODE concentration output",
        "mean_signal": 0.525865987692193,
        "std_signal": 0.0182363738752563,
        "min_signal": 0.4940436416738471,
        "max_signal": 0.5570494541905535,
        "median_signal": 0.526026701586027,
        "q25_signal": 0.5101602007684134,
        "q75_signal": 0.5416537789605508,
        "auc_total": 1893.1207500894943,
        "auc_per_second": 0.5258668750248595,
        "terminal_mean": 0.5540721531823795,
        "terminal_std": 0.0017690187475785134,
        "signal_range": 0.0630058125167064,
        "cv_coefficient": 0.03467874763166973,
        "species_tracked": "Sclerostin_sensor or Sclerostin_bone"
      },
      "stage_1_biosensor_clean": {
        "stage": "stage_1_biosensor_clean",
        "description": "Biosensor output (clean signal, no noise)",
        "mean_signal": 2.710452359993594,
        "std_signal": 0.060951500265563056,
        "min_signal": 2.603662907618535,
        "max_signal": 2.814259826415084,
        "median_signal": 2.711202775623559,
        "q25_signal": 2.658018800087976,
        "q75_signal": 2.763268541288056,
        "auc_total": 9757.643405906707,
        "auc_per_second": 2.710456501640752,
        "terminal_mean": 2.8044202356386956,
        "terminal_std": 0.0058485279640389356,
        "signal_range": 0.2105969187965493,
        "cv_coefficient": 0.022487574828914208,
        "biosensor_type": "array",
        "kd": 4.384301384790358,
        "sensitivity": 2.242745954721169
      },
      "stage_2_biosensor_noisy": {
        "stage": "stage_2_biosensor_noisy",
        "description": "Biosensor output (with noise injection)",
        "mean_signal": 2.806157138614326,
        "std_signal": 0.5754309462832733,
        "min_signal": 1.1459163510325807,
        "max_signal": 4.335930996351294,
        "median_signal": 2.830140069480419,
        "q25_signal": 2.3972421332878144,
        "q75_signal": 3.1865827398283977,
        "auc_total": 10105.235795536933,
        "auc_per_second": 2.8070099432047035,
        "terminal_mean": 3.0992644210322418,
        "terminal_std": 0.4912775279153938,
        "signal_range": 3.1900146453187137,
        "cv_coefficient": 0.20506012951484953,
        "noise_preset": "realistic",
        "snr_db": 13.526954573468872
      },
      "stage_3_thresholded": {
        "stage": "stage_3_thresholded",
        "description": "Threshold crossing detection",
        "threshold": 3.2719892889820894,
        "fraction_above_threshold": 0.20498614958448755,
        "time_to_first_crossing": 20.0,
        "n_threshold_crossings": 114,
        "mean_signal_above": 3.5879581619527836,
        "std_signal_above": 0.25057069151321937,
        "mean_signal_below": 2.6045777806803683,
        "std_signal_below": 0.4495320190028756,
        "mean_margin_above_threshold": 0.31596887297069487,
        "mean_margin_below_threshold": -0.6674115083017215
      },
      "stage_4_ttd": {
        "stage": "stage_4_ttd",
        "description": "Time-to-detection assignment",
        "ttd_seconds": 9000.0,
        "detected": false,
        "is_sentinel": true
      }
    },
    "stage_deltas": {
      "delta_0_to_1": {
        "transition": "stage_0_ode->stage_1_biosensor_clean",
        "mean_delta": 2.184586372301401,
        "std_delta": 0.042715253951762296,
        "max_delta": 2.257210372224531,
        "rms_delta": 2.1850039384324136,
        "fraction_significantly_changed": 1.0
      },
      "delta_1_to_2": {
        "transition": "stage_1_biosensor_clean->stage_2_biosensor_noisy",
        "mean_delta": 0.09570477862073198,
        "std_delta": 0.5629996487770926,
        "max_delta": 1.7286067717046993,
        "rms_delta": 0.5710761850873952,
        "fraction_significantly_changed": 0.9944598337950139
      },
      "delta_2_to_3": {
        "transition": "stage_2_biosensor_noisy->stage_3_thresholded",
        "mean_delta": -2.0706754101253897,
        "std_delta": 1.12525292388021,
        "max_delta": 3.2642476131236386,
        "rms_delta": 2.356669428833605,
        "fraction_significantly_changed": 0.7950138504155124
      }
    },
    "propagation_integrity": {
      "stages_recorded": 5,
      "biological_hash_consistent": false,
      "all_stages_use_same_time": true
    }
  }
}