{
  "run_id": "118cbf24-b8a8-4fb5-8d1a-ec0e5ebb27b5",
  "timestamp": "2026-06-27T17:23:34.128720",
  "scenario": "healthy",
  "biosensor_config": {
    "circuit_type": "array",
    "kd_scl": 0.27009732763759337,
    "kd_ctx": 7.12624630527697,
    "kd_p1np": 8.317251398324533,
    "w_scl": 0.5574446586983773,
    "w_ctx": 0.08352654556781222,
    "w_p1np": 0.3590287957338104,
    "sensitivity": 1.262897692238696,
    "threshold": 1.839455268914064,
    "dynamic_range": [
      0.0,
      4.029403569508464
    ],
    "kd": 0.27009732763759337
  },
  "noise_preset": "realistic",
  "measurement": {
    "snr_db": 13.531752488423258,
    "n_detections": 0,
    "detection_rate": 0.0,
    "time_to_detection": 9000.0,
    "false_negative_rate": 1.0
  },
  "environment_params": {
    "Estrogen": 1.0173637563468834,
    "PTH": 43.656842746976054,
    "k_prod_Scl": 1.2653830894487485e-06,
    "k_deg_Scl": 5.9751877739247026e-05,
    "Sclerostin_bone": 0.015190067251602329,
    "k_prod_RANKL": 4.880876512396306e-06,
    "k_deg_RANKL": 2.194567276575e-05,
    "RANKL_bone": 0.6835124320836633,
    "k_prod_OPG": 4.3974734038087904e-05,
    "k_deg_OPG": 1.891935402448016e-05,
    "OPG_bone": 5.8944410785150545,
    "MineralIon": 2.0739745659215907,
    "k_prod_Mineral": 0.06825269938080018,
    "k_loss_Mineral": 0.024816675256170387,
    "k_prod_CTX": 4.561821787825796e-07,
    "k_deg_CTX": 2.298676855620178e-05,
    "CTX_bone": 0.004031579441837806,
    "k_prod_P1NP": 1.340481225143719e-07,
    "k_deg_P1NP": 1.9250709565532525e-05,
    "P1NP_bone": 0.011150804266211383,
    "Sclerostin_sensor": 0.3797516812900582,
    "RANKL_sensor": 20.5053729625099,
    "OPG_sensor": 176.83323235545163,
    "CTX_sensor": 0.10078948604594516,
    "P1NP_sensor": 0.27877010665528457
  },
  "equilibration_check": {
    "Sclerostin_bone": 4.264005507557989e-05,
    "RANKL_bone": 0.00014242607636980585,
    "OPG_bone": 7.768353649195308e-05,
    "CTX_bone": 0.00034700032252045146,
    "P1NP_bone": 0.00013999836055856573,
    "Osteocytes": 2.425278781982083e-05,
    "Osteoblasts": 1.3510227416010156e-07,
    "Osteoclasts": 4.455454515000557e-06,
    "MineralIon": 1.3567109892524676e-07,
    "Sclerostin_sensor": 4.2698653415058324e-05,
    "RANKL_sensor": 0.00014248515443216291,
    "OPG_sensor": 7.771457252744206e-05,
    "CTX_sensor": 0.0003471729025747182,
    "P1NP_sensor": 0.00014004609469715683
  },
  "sclerostin_mean": 0.3801531544332653,
  "sclerostin_max": 0.38043644515314556,
  "sclerostin_min": 0.37985602699437493,
  "sclerostin_std": 0.000167625247757756,
  "ctx_mean": 0.10159305482246365,
  "p1np_mean": 0.27966084687708964,
  "metadata_file": "metadata/118cbf24-b8a8-4fb5-8d1a-ec0e5ebb27b5.json",
  "timeseries_file": "timeseries/118cbf24-b8a8-4fb5-8d1a-ec0e5ebb27b5.csv",
  "instrumentation": {
    "biological_realization": {
      "rng_seed": 1911864606,
      "scenario": "healthy",
      "realization_hash": "e404be4f0cf691d8"
    },
    "stages": {
      "stage_0_ode": {
        "stage": "stage_0_ode",
        "description": "ODE concentration output",
        "mean_signal": 0.3801531544332653,
        "std_signal": 0.000167625247757756,
        "min_signal": 0.37985602699437493,
        "max_signal": 0.38043644515314556,
        "median_signal": 0.38015656891886074,
        "q25_signal": 0.38000963503207547,
        "q75_signal": 0.3802984755078959,
        "auc_total": 1368.5514251433501,
        "auc_per_second": 0.3801531736509306,
        "terminal_mean": 0.3804098666325262,
        "terminal_std": 1.580146860599822e-05,
        "signal_range": 0.0005804181587706347,
        "cv_coefficient": 0.00044094135693192594,
        "species_tracked": "Sclerostin_sensor or Sclerostin_bone"
      },
      "stage_1_biosensor_clean": {
        "stage": "stage_1_biosensor_clean",
        "description": "Biosensor output (clean signal, no noise)",
        "mean_signal": 1.127584586902275,
        "std_signal": 0.0008024865573725049,
        "min_signal": 1.126188339198628,
        "max_signal": 1.1289617023335734,
        "median_signal": 1.1275893407193183,
        "q25_signal": 1.1268930410157878,
        "q75_signal": 1.128278605864126,
        "auc_total": 4059.3046085095516,
        "auc_per_second": 1.1275846134748755,
        "terminal_mean": 1.1288292935724435,
        "terminal_std": 7.864122270407799e-05,
        "signal_range": 0.0027733631349453614,
        "cv_coefficient": 0.0007116863485843785,
        "biosensor_type": "array",
        "kd": 0.27009732763759337,
        "sensitivity": 1.262897692238696
      },
      "stage_2_biosensor_noisy": {
        "stage": "stage_2_biosensor_noisy",
        "description": "Biosensor output (with noise injection)",
        "mean_signal": 1.1789872944317457,
        "std_signal": 0.23195025276701053,
        "min_signal": 0.5249687408556505,
        "max_signal": 1.9106742747710592,
        "median_signal": 1.1667280436266614,
        "q25_signal": 1.0268444787414854,
        "q75_signal": 1.33360381918412,
        "auc_total": 4244.658188114073,
        "auc_per_second": 1.1790717189205757,
        "terminal_mean": 1.2649397225587777,
        "terminal_std": 0.2329825664438407,
        "signal_range": 1.3857055339154087,
        "cv_coefficient": 0.196736855318536,
        "noise_preset": "realistic",
        "snr_db": 13.531752488423258
      },
      "stage_3_thresholded": {
        "stage": "stage_3_thresholded",
        "description": "Threshold crossing detection",
        "threshold": 1.839455268914064,
        "fraction_above_threshold": 0.00554016620498615,
        "time_to_first_crossing": 2010.0,
        "n_threshold_crossings": 4,
        "mean_signal_above": 1.8865424637610098,
        "std_signal_above": 0.024131811010049464,
        "mean_signal_below": 1.175045482903449,
        "std_signal_below": 0.22647917138603677,
        "mean_margin_above_threshold": 0.04708719484694579,
        "mean_margin_below_threshold": -0.6644097860106152
      },
      "stage_4_ttd": {
        "stage": "stage_4_ttd",
        "description": "Time-to-detection assignment",
        "ttd_seconds": 9000.0,
        "detected": false,
        "is_sentinel": true
      }
    },
    "stage_deltas": {
      "delta_0_to_1": {
        "transition": "stage_0_ode->stage_1_biosensor_clean",
        "mean_delta": 0.7474314324690098,
        "std_delta": 0.0006348795866579474,
        "max_delta": 0.7485252571804278,
        "rms_delta": 0.7474317021071325,
        "fraction_significantly_changed": 1.0
      },
      "delta_1_to_2": {
        "transition": "stage_1_biosensor_clean->stage_2_biosensor_noisy",
        "mean_delta": 0.05140270752947055,
        "std_delta": 0.23181349053220288,
        "max_delta": 0.7820533904693683,
        "rms_delta": 0.23744416761437626,
        "fraction_significantly_changed": 0.997229916897507
      },
      "delta_2_to_3": {
        "transition": "stage_2_biosensor_noisy->stage_3_thresholded",
        "mean_delta": -1.1685355356297455,
        "std_delta": 0.2421068959684653,
        "max_delta": 1.836500713314372,
        "rms_delta": 1.193352859427999,
        "fraction_significantly_changed": 0.9944598337950139
      }
    },
    "propagation_integrity": {
      "stages_recorded": 5,
      "biological_hash_consistent": false,
      "all_stages_use_same_time": true
    }
  }
}