{
  "run_id": "1335f598-4d0d-4980-a37e-66c9acc64ebc",
  "timestamp": "2026-06-27T17:23:48.931988",
  "scenario": "pmo",
  "biosensor_config": {
    "circuit_type": "array",
    "kd_scl": 0.29998030763784894,
    "kd_ctx": 1.3829341684834953,
    "kd_p1np": 3.3532973906860444,
    "w_scl": 0.12665562720619897,
    "w_ctx": 0.7993258996772037,
    "w_p1np": 0.07401847311659729,
    "sensitivity": 2.0284000887945295,
    "threshold": 3.2230498292476075,
    "dynamic_range": [
      0.0,
      8.044441556314085
    ],
    "kd": 0.29998030763784894
  },
  "noise_preset": "realistic",
  "measurement": {
    "snr_db": 13.314327511673964,
    "n_detections": 1,
    "detection_rate": 1.0,
    "time_to_detection": 650.0,
    "false_negative_rate": 0.0
  },
  "environment_params": {
    "Estrogen": 0.22718862700576753,
    "PTH": 58.899729598264805,
    "k_prod_Scl": 8.049126750440055e-07,
    "k_deg_Scl": 7.088718038728737e-05,
    "Sclerostin_bone": 0.04359778802005106,
    "k_prod_RANKL": 4.064766396208286e-06,
    "k_deg_RANKL": 1.9620487318933513e-05,
    "RANKL_bone": 0.9341656780994921,
    "k_prod_OPG": 6.366917085407388e-05,
    "k_deg_OPG": 1.9976014422306204e-05,
    "OPG_bone": 4.071324331401458,
    "MineralIon": 2.609184990871479,
    "k_prod_Mineral": 0.07126779793396816,
    "k_loss_Mineral": 0.029178237266147124,
    "k_prod_CTX": 2.00398492552572e-06,
    "k_deg_CTX": 1.9897759322667968e-05,
    "CTX_bone": 0.01698673415258204,
    "k_prod_P1NP": 2.3990609803095235e-07,
    "k_deg_P1NP": 1.724926727724574e-05,
    "P1NP_bone": 0.026151992984001476,
    "Sclerostin_sensor": 1.0899447005012766,
    "RANKL_sensor": 28.024970342984766,
    "OPG_sensor": 122.13972994204374,
    "CTX_sensor": 0.42466835381455104,
    "P1NP_sensor": 0.6537998246000369
  },
  "equilibration_check": {
    "Sclerostin_bone": 0.00042826031282805054,
    "RANKL_bone": 6.541302722388047e-07,
    "OPG_bone": 1.3058757330244047e-05,
    "CTX_bone": 0.0007879889736651842,
    "P1NP_bone": 2.8119262762489836e-05,
    "Osteocytes": 6.600101224260661e-05,
    "Osteoblasts": 3.642248471722162e-06,
    "Osteoclasts": 5.99117942813577e-06,
    "MineralIon": 3.642392880855698e-06,
    "Sclerostin_sensor": 0.00042855410489190055,
    "RANKL_sensor": 6.562352574986809e-07,
    "OPG_sensor": 1.306357585261061e-05,
    "CTX_sensor": 0.0007885079471011207,
    "P1NP_sensor": 2.812561723518881e-05
  },
  "sclerostin_mean": 1.0792880291862195,
  "sclerostin_max": 1.0872974319974038,
  "sclerostin_min": 1.071412523179589,
  "sclerostin_std": 0.004601119836163932,
  "ctx_mean": 0.43235214476516415,
  "p1np_mean": 0.6542215988519889,
  "metadata_file": "metadata/1335f598-4d0d-4980-a37e-66c9acc64ebc.json",
  "timeseries_file": "timeseries/1335f598-4d0d-4980-a37e-66c9acc64ebc.csv",
  "instrumentation": {
    "biological_realization": {
      "rng_seed": 955252935,
      "scenario": "pmo",
      "realization_hash": "188ce78ab2cb79eb"
    },
    "stages": {
      "stage_0_ode": {
        "stage": "stage_0_ode",
        "description": "ODE concentration output",
        "mean_signal": 1.0792880291862195,
        "std_signal": 0.004601119836163932,
        "min_signal": 1.071412523179589,
        "max_signal": 1.0872974319974038,
        "median_signal": 1.079253687369046,
        "q25_signal": 1.0753039207868162,
        "q75_signal": 1.0832552154944441,
        "auc_total": 3885.436235586367,
        "auc_per_second": 1.0792878432184352,
        "terminal_mean": 1.072164812042447,
        "terminal_std": 0.0004470224038566253,
        "signal_range": 0.01588490881781479,
        "cv_coefficient": 0.0042631065218365904,
        "species_tracked": "Sclerostin_sensor or Sclerostin_bone"
      },
      "stage_1_biosensor_clean": {
        "stage": "stage_1_biosensor_clean",
        "description": "Biosensor output (clean signal, no noise)",
        "mean_signal": 3.6774976767845597,
        "std_signal": 0.018033811539401996,
        "min_signal": 3.6461746288961314,
        "max_signal": 3.708472665424202,
        "median_signal": 3.6775858266000703,
        "q25_signal": 3.661946093547611,
        "q75_signal": 3.6930940169102,
        "auc_total": 13238.99337672066,
        "auc_per_second": 3.6774981602001833,
        "terminal_mean": 3.7054915781531577,
        "terminal_std": 0.0017705540198965828,
        "signal_range": 0.06229803652807053,
        "cv_coefficient": 0.004903826766022585,
        "biosensor_type": "array",
        "kd": 0.29998030763784894,
        "sensitivity": 2.0284000887945295
      },
      "stage_2_biosensor_noisy": {
        "stage": "stage_2_biosensor_noisy",
        "description": "Biosensor output (with noise injection)",
        "mean_signal": 3.7879480813291275,
        "std_signal": 0.7877766740341078,
        "min_signal": 1.7995666726434179,
        "max_signal": 6.481125537483284,
        "median_signal": 3.8134622246809147,
        "q25_signal": 3.220088543378742,
        "q75_signal": 4.285730688510759,
        "auc_total": 13641.073435621347,
        "auc_per_second": 3.789187065450374,
        "terminal_mean": 4.013576672582623,
        "terminal_std": 0.7784660759380044,
        "signal_range": 4.681558864839866,
        "cv_coefficient": 0.20796923746581292,
        "noise_preset": "realistic",
        "snr_db": 13.314327511673964
      },
      "stage_3_thresholded": {
        "stage": "stage_3_thresholded",
        "description": "Threshold crossing detection",
        "threshold": 3.2230498292476075,
        "fraction_above_threshold": 0.7479224376731302,
        "time_to_first_crossing": 0.0,
        "n_threshold_crossings": 137,
        "mean_signal_above": 4.128841216353453,
        "std_signal_above": 0.5744574827934924,
        "mean_signal_below": 2.776506911476732,
        "std_signal_below": 0.3390835440258672,
        "mean_margin_above_threshold": 0.905791387105846,
        "mean_margin_below_threshold": -0.4465429177708755
      },
      "stage_4_ttd": {
        "stage": "stage_4_ttd",
        "description": "Time-to-detection assignment",
        "ttd_seconds": 650.0,
        "detected": true,
        "is_sentinel": false
      }
    },
    "stage_deltas": {
      "delta_0_to_1": {
        "transition": "stage_0_ode->stage_1_biosensor_clean",
        "mean_delta": 2.5982096475983405,
        "std_delta": 0.02263492174340873,
        "max_delta": 2.637060142244613,
        "rms_delta": 2.5983082404817606,
        "fraction_significantly_changed": 1.0
      },
      "delta_1_to_2": {
        "transition": "stage_1_biosensor_clean->stage_2_biosensor_noisy",
        "mean_delta": 0.11045040454456767,
        "std_delta": 0.7863089689390966,
        "max_delta": 2.781864620283664,
        "rms_delta": 0.7940283914937323,
        "fraction_significantly_changed": 1.0
      },
      "delta_2_to_3": {
        "transition": "stage_2_biosensor_noisy->stage_3_thresholded",
        "mean_delta": -0.6998950940287607,
        "std_delta": 1.2175359168932085,
        "max_delta": 3.220088543378742,
        "rms_delta": 1.4043670643996582,
        "fraction_significantly_changed": 0.2520775623268698
      }
    },
    "propagation_integrity": {
      "stages_recorded": 5,
      "biological_hash_consistent": false,
      "all_stages_use_same_time": true
    }
  }
}