{
  "run_id": "14612333-91f2-4048-a955-35d33080f4f7",
  "timestamp": "2026-06-27T17:24:04.692217",
  "scenario": "ckd_mbd",
  "biosensor_config": {
    "circuit_type": "array",
    "kd_scl": 4.263642492195531,
    "kd_ctx": 0.41612550772039614,
    "kd_p1np": 1.6281527508853875,
    "w_scl": 0.4880184113138272,
    "w_ctx": 0.08410526174640573,
    "w_p1np": 0.4278763269397669,
    "sensitivity": 2.581608615831987,
    "threshold": 3.5303215212166204,
    "dynamic_range": [
      0.0,
      10.70079144689249
    ],
    "kd": 4.263642492195531
  },
  "noise_preset": "realistic",
  "measurement": {
    "snr_db": 13.449246780617013,
    "n_detections": 1,
    "detection_rate": 1.0,
    "time_to_detection": 170.0,
    "false_negative_rate": 0.0
  },
  "environment_params": {
    "Estrogen": 0.583666429785993,
    "PTH": 192.82473697910945,
    "k_prod_Scl": 2.5408844023856275e-06,
    "k_deg_Scl": 5.821796097150283e-05,
    "Sclerostin_bone": 0.07311016955270298,
    "k_prod_RANKL": 5.938676706692469e-06,
    "k_deg_RANKL": 2.1060202497434922e-05,
    "RANKL_bone": 0.836034438872887,
    "k_prod_OPG": 0.00011731408519172139,
    "k_deg_OPG": 1.980447510033555e-05,
    "OPG_bone": 6.203389085962094,
    "MineralIon": 3.3620302327257363,
    "k_prod_Mineral": 0.1327745858748547,
    "k_loss_Mineral": 0.05938746882865371,
    "k_prod_CTX": 4.630008977462114e-07,
    "k_deg_CTX": 8.349446132978205e-06,
    "CTX_bone": 0.030238957965167266,
    "k_prod_P1NP": 1.815744366047031e-07,
    "k_deg_P1NP": 1.4647108314593001e-05,
    "P1NP_bone": 0.019939679407628495,
    "Sclerostin_sensor": 1.8277542388175745,
    "RANKL_sensor": 25.08103316618661,
    "OPG_sensor": 186.1016725788628,
    "CTX_sensor": 0.7559739491291817,
    "P1NP_sensor": 0.49849198519071236
  },
  "equilibration_check": {
    "Sclerostin_bone": 0.0005790956898146804,
    "RANKL_bone": 3.137462580471477e-05,
    "OPG_bone": 9.195709315486104e-05,
    "CTX_bone": 0.00010610889820708206,
    "P1NP_bone": 9.882721766928163e-05,
    "Osteocytes": 0.00010933470309646144,
    "Osteoblasts": 8.17913157239455e-06,
    "Osteoclasts": 4.3683166404541745e-05,
    "MineralIon": 8.18003531181736e-06,
    "Sclerostin_sensor": 0.0005793584635609961,
    "RANKL_sensor": 3.1394291021864144e-05,
    "OPG_sensor": 9.199804620781924e-05,
    "CTX_sensor": 0.00010611932108842064,
    "P1NP_sensor": 9.885038320965592e-05
  },
  "sclerostin_mean": 1.8039016325487922,
  "sclerostin_max": 1.82184382041528,
  "sclerostin_min": 1.7862018122782048,
  "sclerostin_std": 0.010323056349253418,
  "ctx_mean": 0.754169467380127,
  "p1np_mean": 0.49961542599281616,
  "metadata_file": "metadata/14612333-91f2-4048-a955-35d33080f4f7.json",
  "timeseries_file": "timeseries/14612333-91f2-4048-a955-35d33080f4f7.csv",
  "instrumentation": {
    "biological_realization": {
      "rng_seed": 1763411181,
      "scenario": "ckd_mbd",
      "realization_hash": "4ce0bd3208dd5038"
    },
    "stages": {
      "stage_0_ode": {
        "stage": "stage_0_ode",
        "description": "ODE concentration output",
        "mean_signal": 1.8039016325487922,
        "std_signal": 0.010323056349253418,
        "min_signal": 1.7862018122782048,
        "max_signal": 1.82184382041528,
        "median_signal": 1.803839433081045,
        "q25_signal": 1.7949670330303893,
        "q75_signal": 1.8128056032178768,
        "auc_total": 6494.044665337673,
        "auc_per_second": 1.8039012959271314,
        "terminal_mean": 1.787898090898081,
        "terminal_std": 0.0010077717452203253,
        "signal_range": 0.03564200813707519,
        "cv_coefficient": 0.005722627089520193,
        "species_tracked": "Sclerostin_sensor or Sclerostin_bone"
      },
      "stage_1_biosensor_clean": {
        "stage": "stage_1_biosensor_clean",
        "description": "Biosensor output (clean signal, no noise)",
        "mean_signal": 6.530196859962278,
        "std_signal": 0.0176999136549153,
        "min_signal": 6.499793675011299,
        "max_signal": 6.560902243689533,
        "median_signal": 6.5301185906228225,
        "q25_signal": 6.514884030220653,
        "q75_signal": 6.545471708677621,
        "auc_total": 23508.70718487032,
        "auc_per_second": 6.530196440241755,
        "terminal_mean": 6.502716807647182,
        "terminal_std": 0.0017363745911905897,
        "signal_range": 0.06110856867823422,
        "cv_coefficient": 0.0027104716801780375,
        "biosensor_type": "array",
        "kd": 4.263642492195531,
        "sensitivity": 2.581608615831987
      },
      "stage_2_biosensor_noisy": {
        "stage": "stage_2_biosensor_noisy",
        "description": "Biosensor output (with noise injection)",
        "mean_signal": 6.803404334797322,
        "std_signal": 1.3597760311040008,
        "min_signal": 2.7208133927509004,
        "max_signal": 10.379630683685603,
        "median_signal": 6.850414889104352,
        "q25_signal": 5.854595358620923,
        "q75_signal": 7.705979272331814,
        "auc_total": 24506.89520126129,
        "auc_per_second": 6.807470889239247,
        "terminal_mean": 6.870258921693424,
        "terminal_std": 1.5489023958700199,
        "signal_range": 7.658817290934703,
        "cv_coefficient": 0.19986700248714667,
        "noise_preset": "realistic",
        "snr_db": 13.449246780617013
      },
      "stage_3_thresholded": {
        "stage": "stage_3_thresholded",
        "description": "Threshold crossing detection",
        "threshold": 3.5303215212166204,
        "fraction_above_threshold": 0.9944598337950139,
        "time_to_first_crossing": 0.0,
        "n_threshold_crossings": 4,
        "mean_signal_above": 6.825440822948731,
        "std_signal_above": 1.3309957537975117,
        "mean_signal_below": 2.8478547116194917,
        "std_signal_below": 0.12704131886859127,
        "mean_margin_above_threshold": 3.2951193017321097,
        "mean_margin_below_threshold": -0.6824668095971287
      },
      "stage_4_ttd": {
        "stage": "stage_4_ttd",
        "description": "Time-to-detection assignment",
        "ttd_seconds": 170.0,
        "detected": true,
        "is_sentinel": false
      }
    },
    "stage_deltas": {
      "delta_0_to_1": {
        "transition": "stage_0_ode->stage_1_biosensor_clean",
        "mean_delta": 4.726295227413486,
        "std_delta": 0.007376882899816436,
        "max_delta": 4.739058423274253,
        "rms_delta": 4.726300984392848,
        "fraction_significantly_changed": 1.0
      },
      "delta_1_to_2": {
        "transition": "stage_1_biosensor_clean->stage_2_biosensor_noisy",
        "mean_delta": 0.2732074748350435,
        "std_delta": 1.3610887109848557,
        "max_delta": 3.8701296205377735,
        "rms_delta": 1.388238021189507,
        "fraction_significantly_changed": 1.0
      },
      "delta_2_to_3": {
        "transition": "stage_2_biosensor_noisy->stage_3_thresholded",
        "mean_delta": -0.015777588430024886,
        "std_delta": 0.21159575313780377,
        "max_delta": 2.974896030488083,
        "rms_delta": 0.21218316390001743,
        "fraction_significantly_changed": 0.00554016620498615
      }
    },
    "propagation_integrity": {
      "stages_recorded": 5,
      "biological_hash_consistent": false,
      "all_stages_use_same_time": true
    }
  }
}