{
  "run_id": "18887f98-d754-4823-813e-c68f442f6573",
  "timestamp": "2026-06-27T17:23:00.240849",
  "scenario": "pmo_mild",
  "biosensor_config": {
    "circuit_type": "array",
    "kd_scl": 0.42959190997813673,
    "kd_ctx": 3.8280035668292114,
    "kd_p1np": 1.2878058370684375,
    "w_scl": 0.06234771853486787,
    "w_ctx": 0.07853448835817534,
    "w_p1np": 0.8591177931069567,
    "sensitivity": 2.0307689099466057,
    "threshold": 2.576672125786127,
    "dynamic_range": [
      0.0,
      6.470483651166489
    ],
    "kd": 0.42959190997813673
  },
  "noise_preset": "realistic",
  "measurement": {
    "snr_db": 13.367086666508197,
    "n_detections": 1,
    "detection_rate": 1.0,
    "time_to_detection": 1640.0,
    "false_negative_rate": 0.0
  },
  "environment_params": {
    "Estrogen": 0.519131318834323,
    "PTH": 50.26535702739346,
    "k_prod_Scl": 2.252098676724018e-06,
    "k_deg_Scl": 7.020062312910781e-05,
    "Sclerostin_bone": 0.024465824864990545,
    "k_prod_RANKL": 3.590130969573563e-06,
    "k_deg_RANKL": 1.827842719152935e-05,
    "RANKL_bone": 0.5126671072693942,
    "k_prod_OPG": 4.602921664427452e-05,
    "k_deg_OPG": 1.8700941860359094e-05,
    "OPG_bone": 3.9564816329504042,
    "MineralIon": 3.0223165340560447,
    "k_prod_Mineral": 0.07939435502370068,
    "k_loss_Mineral": 0.026241821298351703,
    "k_prod_CTX": 7.727914134320161e-07,
    "k_deg_CTX": 2.1898842400367544e-05,
    "CTX_bone": 0.016471775665404424,
    "k_prod_P1NP": 1.363994301355175e-07,
    "k_deg_P1NP": 1.892402867474732e-05,
    "P1NP_bone": 0.022744925940129293,
    "Sclerostin_sensor": 0.6116456216247637,
    "RANKL_sensor": 15.380013218081828,
    "OPG_sensor": 118.69444898851212,
    "CTX_sensor": 0.4117943916351106,
    "P1NP_sensor": 0.5686231485032324
  },
  "equilibration_check": {
    "Sclerostin_bone": 0.0024107875110426493,
    "RANKL_bone": 6.861302647494351e-05,
    "OPG_bone": 5.006945872097851e-05,
    "CTX_bone": 0.00018815528452646352,
    "P1NP_bone": 0.00021039534188669178,
    "Osteocytes": 5.03858992718672e-05,
    "Osteoblasts": 1.2975113032037293e-05,
    "Osteoclasts": 1.2736915518914724e-05,
    "MineralIon": 1.297820387810637e-05,
    "Sclerostin_sensor": 0.0024160444098671125,
    "RANKL_sensor": 6.865556150586207e-05,
    "OPG_sensor": 5.0101896244549774e-05,
    "CTX_sensor": 0.00018820042709502479,
    "P1NP_sensor": 0.0002104292577477533
  },
  "sclerostin_mean": 0.650235938217161,
  "sclerostin_max": 0.6783652774566954,
  "sclerostin_min": 0.6213628079174748,
  "sclerostin_std": 0.01649752165805702,
  "ctx_mean": 0.4100275977040368,
  "p1np_mean": 0.5659367335034096,
  "metadata_file": "metadata/18887f98-d754-4823-813e-c68f442f6573.json",
  "timeseries_file": "timeseries/18887f98-d754-4823-813e-c68f442f6573.csv",
  "instrumentation": {
    "biological_realization": {
      "rng_seed": 1182689587,
      "scenario": "pmo_mild",
      "realization_hash": "77e35bace86faf3b"
    },
    "stages": {
      "stage_0_ode": {
        "stage": "stage_0_ode",
        "description": "ODE concentration output",
        "mean_signal": 0.650235938217161,
        "std_signal": 0.01649752165805702,
        "min_signal": 0.6213628079174748,
        "max_signal": 0.6783652774566954,
        "median_signal": 0.6504229343659784,
        "q25_signal": 0.6360398773290474,
        "q75_signal": 0.6645275107859606,
        "auc_total": 2340.8530965370805,
        "auc_per_second": 0.6502369712603001,
        "terminal_mean": 0.6756933152985859,
        "terminal_std": 0.0015880042086832027,
        "signal_range": 0.05700246953922061,
        "cv_coefficient": 0.025371593122475646,
        "species_tracked": "Sclerostin_sensor or Sclerostin_bone"
      },
      "stage_1_biosensor_clean": {
        "stage": "stage_1_biosensor_clean",
        "description": "Biosensor output (clean signal, no noise)",
        "mean_signal": 2.966767789358175,
        "std_signal": 0.0024424114647372806,
        "min_signal": 2.9624827244569123,
        "max_signal": 2.9709138603950844,
        "median_signal": 2.9668026739260207,
        "q25_signal": 2.96466634191032,
        "q75_signal": 2.968887087713706,
        "auc_total": 10680.364736658754,
        "auc_per_second": 2.9667679824052096,
        "terminal_mean": 2.962910530443153,
        "terminal_std": 0.00025363442774203014,
        "signal_range": 0.00843113593817213,
        "cv_coefficient": 0.0008232567016192619,
        "biosensor_type": "array",
        "kd": 0.42959190997813673,
        "sensitivity": 2.0307689099466057
      },
      "stage_2_biosensor_noisy": {
        "stage": "stage_2_biosensor_noisy",
        "description": "Biosensor output (with noise injection)",
        "mean_signal": 3.087587229014616,
        "std_signal": 0.6248765315238767,
        "min_signal": 1.191748478114937,
        "max_signal": 4.852400965768882,
        "median_signal": 3.0972238619030263,
        "q25_signal": 2.658283333710526,
        "q75_signal": 3.4937647725721566,
        "auc_total": 11116.431076833927,
        "auc_per_second": 3.0878975213427577,
        "terminal_mean": 3.173886737997855,
        "terminal_std": 0.5119562696393984,
        "signal_range": 3.660652487653945,
        "cv_coefficient": 0.2023834422074942,
        "noise_preset": "realistic",
        "snr_db": 13.367086666508197
      },
      "stage_3_thresholded": {
        "stage": "stage_3_thresholded",
        "description": "Threshold crossing detection",
        "threshold": 2.576672125786127,
        "fraction_above_threshold": 0.778393351800554,
        "time_to_first_crossing": 0.0,
        "n_threshold_crossings": 120,
        "mean_signal_above": 3.329955558856562,
        "std_signal_above": 0.46335960632464707,
        "mean_signal_below": 2.2362684704447786,
        "std_signal_below": 0.27709455837422364,
        "mean_margin_above_threshold": 0.753283433070435,
        "mean_margin_below_threshold": -0.3404036553413484
      },
      "stage_4_ttd": {
        "stage": "stage_4_ttd",
        "description": "Time-to-detection assignment",
        "ttd_seconds": 1640.0,
        "detected": true,
        "is_sentinel": false
      }
    },
    "stage_deltas": {
      "delta_0_to_1": {
        "transition": "stage_0_ode->stage_1_biosensor_clean",
        "mean_delta": 2.3165318511410145,
        "std_delta": 0.018939372603587506,
        "max_delta": 2.3495510524776098,
        "rms_delta": 2.3166092715832405,
        "fraction_significantly_changed": 1.0
      },
      "delta_1_to_2": {
        "transition": "stage_1_biosensor_clean->stage_2_biosensor_noisy",
        "mean_delta": 0.12081943965644021,
        "std_delta": 0.6251232249055618,
        "max_delta": 1.8876386399493756,
        "rms_delta": 0.6366917490554012,
        "fraction_significantly_changed": 1.0
      },
      "delta_2_to_3": {
        "transition": "stage_2_biosensor_noisy->stage_3_thresholded",
        "mean_delta": -0.4955719602093692,
        "std_delta": 0.9378995943796837,
        "max_delta": 2.5744184195948026,
        "rms_delta": 1.0607767045346217,
        "fraction_significantly_changed": 0.22160664819944598
      }
    },
    "propagation_integrity": {
      "stages_recorded": 5,
      "biological_hash_consistent": false,
      "all_stages_use_same_time": true
    }
  }
}