{
  "run_id": "1c808eda-a3c3-4aaf-bfb9-acce5541906a",
  "timestamp": "2026-06-27T17:23:38.357829",
  "scenario": "healthy",
  "biosensor_config": {
    "circuit_type": "array",
    "kd_scl": 1.9917716299861021,
    "kd_ctx": 0.6265062533496641,
    "kd_p1np": 6.580490018607579,
    "w_scl": 0.29889961676258714,
    "w_ctx": 0.2275021915493065,
    "w_p1np": 0.47359819168810624,
    "sensitivity": 2.477134252402109,
    "threshold": 3.3346128412092253,
    "dynamic_range": [
      0.0,
      9.470814120012
    ],
    "kd": 1.9917716299861021
  },
  "noise_preset": "realistic",
  "measurement": {
    "snr_db": 13.363970309474585,
    "n_detections": 0,
    "detection_rate": 0.0,
    "time_to_detection": 9000.0,
    "false_negative_rate": 1.0
  },
  "environment_params": {
    "Estrogen": 0.8531754525600678,
    "PTH": 39.98169706600727,
    "k_prod_Scl": 1.2287590072627795e-06,
    "k_deg_Scl": 6.399387087378073e-05,
    "Sclerostin_bone": 0.01248775975489159,
    "k_prod_RANKL": 4.957233098240665e-06,
    "k_deg_RANKL": 2.0473278801680756e-05,
    "RANKL_bone": 0.3871618146302978,
    "k_prod_OPG": 3.824668708322339e-05,
    "k_deg_OPG": 2.0661160671533377e-05,
    "OPG_bone": 4.569665388572346,
    "MineralIon": 1.921821927886211,
    "k_prod_Mineral": 0.09229140870840898,
    "k_loss_Mineral": 0.026003808406703355,
    "k_prod_CTX": 5.531477749434491e-07,
    "k_deg_CTX": 1.9348392452517314e-05,
    "CTX_bone": 0.007887180970988027,
    "k_prod_P1NP": 1.394949510076847e-07,
    "k_deg_P1NP": 1.76645350184934e-05,
    "P1NP_bone": 0.011303251560583403,
    "Sclerostin_sensor": 0.31219399387228974,
    "RANKL_sensor": 11.614854438908933,
    "OPG_sensor": 137.0899616571704,
    "CTX_sensor": 0.19717952427470067,
    "P1NP_sensor": 0.28258128901458507
  },
  "equilibration_check": {
    "Sclerostin_bone": 0.0008677679276479466,
    "RANKL_bone": 0.00027632400650630466,
    "OPG_bone": 7.178897486472974e-05,
    "CTX_bone": 2.5728068609887935e-05,
    "P1NP_bone": 0.0002061603016644911,
    "Osteocytes": 2.1794300451819763e-05,
    "Osteoblasts": 2.2381781759864026e-06,
    "Osteoclasts": 0.00023901669028147802,
    "MineralIon": 2.2382415100212843e-06,
    "Sclerostin_sensor": 0.0008689438697387151,
    "RANKL_sensor": 0.00027653878681042546,
    "OPG_sensor": 7.18202237922561e-05,
    "CTX_sensor": 2.5798060739051632e-05,
    "P1NP_sensor": 0.00020623302656843338
  },
  "sclerostin_mean": 0.3187970078858635,
  "sclerostin_max": 0.32362583131221506,
  "sclerostin_min": 0.31385274313606504,
  "sclerostin_std": 0.0028285644985622306,
  "ctx_mean": 0.1970650206736805,
  "p1np_mean": 0.2839122302365083,
  "metadata_file": "metadata/1c808eda-a3c3-4aaf-bfb9-acce5541906a.json",
  "timeseries_file": "timeseries/1c808eda-a3c3-4aaf-bfb9-acce5541906a.csv",
  "instrumentation": {
    "biological_realization": {
      "rng_seed": 124910281,
      "scenario": "healthy",
      "realization_hash": "5994f9cc01717660"
    },
    "stages": {
      "stage_0_ode": {
        "stage": "stage_0_ode",
        "description": "ODE concentration output",
        "mean_signal": 0.3187970078858635,
        "std_signal": 0.0028285644985622306,
        "min_signal": 0.31385274313606504,
        "max_signal": 0.32362583131221506,
        "median_signal": 0.3188260283197926,
        "q25_signal": 0.3163621729680051,
        "q75_signal": 0.32124666848728817,
        "auc_total": 1147.6698055957256,
        "auc_per_second": 0.3187971682210349,
        "terminal_mean": 0.32316612763310765,
        "terminal_std": 0.0002731810307475778,
        "signal_range": 0.009773088176150024,
        "cv_coefficient": 0.008872619342697596,
        "species_tracked": "Sclerostin_sensor or Sclerostin_bone"
      },
      "stage_1_biosensor_clean": {
        "stage": "stage_1_biosensor_clean",
        "description": "Biosensor output (clean signal, no noise)",
        "mean_signal": 2.16282053542052,
        "std_signal": 0.0066906510486561,
        "min_signal": 2.151145284814748,
        "max_signal": 2.1742620628942038,
        "median_signal": 2.1628792584951957,
        "q25_signal": 2.157058441562045,
        "q75_signal": 2.1686126303864355,
        "auc_total": 7786.155096129532,
        "auc_per_second": 2.162820860035981,
        "terminal_mean": 2.1731694518566744,
        "terminal_std": 0.000649185189653339,
        "signal_range": 0.02311677807945589,
        "cv_coefficient": 0.0030934841514047434,
        "biosensor_type": "array",
        "kd": 1.9917716299861021,
        "sensitivity": 2.477134252402109
      },
      "stage_2_biosensor_noisy": {
        "stage": "stage_2_biosensor_noisy",
        "description": "Biosensor output (with noise injection)",
        "mean_signal": 2.231494393352101,
        "std_signal": 0.46023216612325196,
        "min_signal": 0.9896998851746863,
        "max_signal": 3.508922355811872,
        "median_signal": 2.2275739646750883,
        "q25_signal": 1.881430534141778,
        "q75_signal": 2.591857740843456,
        "auc_total": 8031.599602510365,
        "auc_per_second": 2.2309998895862124,
        "terminal_mean": 2.385085982899936,
        "terminal_std": 0.4647306689459331,
        "signal_range": 2.5192224706371857,
        "cv_coefficient": 0.20624392671312136,
        "noise_preset": "realistic",
        "snr_db": 13.363970309474585
      },
      "stage_3_thresholded": {
        "stage": "stage_3_thresholded",
        "description": "Threshold crossing detection",
        "threshold": 3.3346128412092253,
        "fraction_above_threshold": 0.00554016620498615,
        "time_to_first_crossing": 2480.0,
        "n_threshold_crossings": 4,
        "mean_signal_above": 3.457346951524478,
        "std_signal_above": 0.051575404287394155,
        "mean_signal_below": 2.2246651311895813,
        "std_signal_below": 0.4522836948980581,
        "mean_margin_above_threshold": 0.12273411031525261,
        "mean_margin_below_threshold": -1.1099477100196442
      },
      "stage_4_ttd": {
        "stage": "stage_4_ttd",
        "description": "Time-to-detection assignment",
        "ttd_seconds": 9000.0,
        "detected": false,
        "is_sentinel": true
      }
    },
    "stage_deltas": {
      "delta_0_to_1": {
        "transition": "stage_0_ode->stage_1_biosensor_clean",
        "mean_delta": 1.8440235275346564,
        "std_delta": 0.003862090869939757,
        "max_delta": 1.8506362315819886,
        "rms_delta": 1.8440275718782635,
        "fraction_significantly_changed": 1.0
      },
      "delta_1_to_2": {
        "transition": "stage_1_biosensor_clean->stage_2_biosensor_noisy",
        "mean_delta": 0.06867385793158179,
        "std_delta": 0.45921836757982065,
        "max_delta": 1.339425489772117,
        "rms_delta": 0.4643248947513824,
        "fraction_significantly_changed": 1.0
      },
      "delta_2_to_3": {
        "transition": "stage_2_biosensor_noisy->stage_3_thresholded",
        "mean_delta": -2.2123401166123537,
        "std_delta": 0.48030653281355146,
        "max_delta": 3.3149402936875876,
        "rms_delta": 2.2638779024134092,
        "fraction_significantly_changed": 0.9944598337950139
      }
    },
    "propagation_integrity": {
      "stages_recorded": 5,
      "biological_hash_consistent": false,
      "all_stages_use_same_time": true
    }
  }
}