{
  "run_id": "1ea073a0-38f5-4999-a3ad-5b12a37ab01b",
  "timestamp": "2026-06-27T17:23:12.996615",
  "scenario": "healthy",
  "biosensor_config": {
    "circuit_type": "array",
    "kd_scl": 7.067121296924071,
    "kd_ctx": 8.404041297898344,
    "kd_p1np": 2.2015004357356744,
    "w_scl": 0.3828178888383351,
    "w_ctx": 0.3970509272604959,
    "w_p1np": 0.22013118390116906,
    "sensitivity": 1.3199219426414246,
    "threshold": 2.7014139290413994,
    "dynamic_range": [
      0.0,
      6.223010864437994
    ],
    "kd": 7.067121296924071
  },
  "noise_preset": "realistic",
  "measurement": {
    "snr_db": 13.218201790216565,
    "n_detections": 0,
    "detection_rate": 0.0,
    "time_to_detection": 9000.0,
    "false_negative_rate": 1.0
  },
  "environment_params": {
    "Estrogen": 1.006166355763165,
    "PTH": 46.75080950751554,
    "k_prod_Scl": 1.3132013554826226e-06,
    "k_deg_Scl": 7.187729836813531e-05,
    "Sclerostin_bone": 0.018206494012735636,
    "k_prod_RANKL": 4.0630150980724605e-06,
    "k_deg_RANKL": 2.2464617136302267e-05,
    "RANKL_bone": 0.6038401708226577,
    "k_prod_OPG": 4.405986101146171e-05,
    "k_deg_OPG": 2.14253072189964e-05,
    "OPG_bone": 5.07864350213695,
    "MineralIon": 3.2836864935068593,
    "k_prod_Mineral": 0.08568565817086164,
    "k_loss_Mineral": 0.028069807665725872,
    "k_prod_CTX": 5.935087667363745e-07,
    "k_deg_CTX": 2.8619875819896704e-05,
    "CTX_bone": 0.014689099946278674,
    "k_prod_P1NP": 1.738170364547917e-07,
    "k_deg_P1NP": 1.833511434263704e-05,
    "P1NP_bone": 0.016905904949803898,
    "Sclerostin_sensor": 0.4551623503183909,
    "RANKL_sensor": 18.115205124679733,
    "OPG_sensor": 152.3593050641085,
    "CTX_sensor": 0.36722749865696686,
    "P1NP_sensor": 0.42264762374509746
  },
  "equilibration_check": {
    "Sclerostin_bone": 0.0005216139530676979,
    "RANKL_bone": 0.00018027657701295168,
    "OPG_bone": 8.80125297432604e-05,
    "CTX_bone": 0.0004738253393586793,
    "P1NP_bone": 6.417401123727555e-05,
    "Osteocytes": 2.7370370414574234e-05,
    "Osteoblasts": 1.8786027238559492e-06,
    "Osteoclasts": 2.7890411555063675e-05,
    "MineralIon": 1.880840451219137e-06,
    "Sclerostin_sensor": 0.0005220005006751495,
    "RANKL_sensor": 0.00018034810845186035,
    "OPG_sensor": 8.805326907577894e-05,
    "CTX_sensor": 0.0004739086779448342,
    "P1NP_sensor": 6.419220212161966e-05
  },
  "sclerostin_mean": 0.4497020221293379,
  "sclerostin_max": 0.4537955054079858,
  "sclerostin_min": 0.4456981938867553,
  "sclerostin_std": 0.002344379734932281,
  "ctx_mean": 0.3633206699831373,
  "p1np_mean": 0.4232651365352388,
  "metadata_file": "metadata/1ea073a0-38f5-4999-a3ad-5b12a37ab01b.json",
  "timeseries_file": "timeseries/1ea073a0-38f5-4999-a3ad-5b12a37ab01b.csv",
  "instrumentation": {
    "biological_realization": {
      "rng_seed": 456442847,
      "scenario": "healthy",
      "realization_hash": "34b17279aa343b6b"
    },
    "stages": {
      "stage_0_ode": {
        "stage": "stage_0_ode",
        "description": "ODE concentration output",
        "mean_signal": 0.4497020221293379,
        "std_signal": 0.002344379734932281,
        "min_signal": 0.4456981938867553,
        "max_signal": 0.4537955054079858,
        "median_signal": 0.4496793236580294,
        "q25_signal": 0.4476714580969661,
        "q75_signal": 0.4517211349485953,
        "auc_total": 1618.926831390436,
        "auc_per_second": 0.44970189760845447,
        "terminal_mean": 0.446079392630144,
        "terminal_std": 0.00022653889099836936,
        "signal_range": 0.008097311521230499,
        "cv_coefficient": 0.005213184774735166,
        "species_tracked": "Sclerostin_sensor or Sclerostin_bone"
      },
      "stage_1_biosensor_clean": {
        "stage": "stage_1_biosensor_clean",
        "description": "Biosensor output (clean signal, no noise)",
        "mean_signal": 1.8757961161858887,
        "std_signal": 0.006925355574695457,
        "min_signal": 1.8639211451668003,
        "max_signal": 1.8878432708056114,
        "median_signal": 1.8757525880030206,
        "q25_signal": 1.869803981971147,
        "q75_signal": 1.8817662357534466,
        "auc_total": 6752.865157351196,
        "auc_per_second": 1.875795877041999,
        "terminal_mean": 1.8650603060615571,
        "terminal_std": 0.0006767042845635721,
        "signal_range": 0.02392212563881113,
        "cv_coefficient": 0.0036919553862692638,
        "biosensor_type": "array",
        "kd": 7.067121296924071,
        "sensitivity": 1.3199219426414246
      },
      "stage_2_biosensor_noisy": {
        "stage": "stage_2_biosensor_noisy",
        "description": "Biosensor output (with noise injection)",
        "mean_signal": 1.9932091411459925,
        "std_signal": 0.39153699311282913,
        "min_signal": 0.8225561739594531,
        "max_signal": 3.096113020541496,
        "median_signal": 2.003099396415701,
        "q25_signal": 1.715470610847335,
        "q75_signal": 2.249900986511913,
        "auc_total": 7169.653459536364,
        "auc_per_second": 1.9915704054267678,
        "terminal_mean": 2.0235911385623755,
        "terminal_std": 0.4390888981272322,
        "signal_range": 2.273556846582043,
        "cv_coefficient": 0.19643547936355316,
        "noise_preset": "realistic",
        "snr_db": 13.218201790216565
      },
      "stage_3_thresholded": {
        "stage": "stage_3_thresholded",
        "description": "Threshold crossing detection",
        "threshold": 2.7014139290413994,
        "fraction_above_threshold": 0.04155124653739612,
        "time_to_first_crossing": 140.0,
        "n_threshold_crossings": 28,
        "mean_signal_above": 2.840175072377927,
        "std_signal_above": 0.1034962794364281,
        "mean_signal_below": 1.9564909649365154,
        "std_signal_below": 0.3564205159745174,
        "mean_margin_above_threshold": 0.1387611433365282,
        "mean_margin_below_threshold": -0.7449229641048837
      },
      "stage_4_ttd": {
        "stage": "stage_4_ttd",
        "description": "Time-to-detection assignment",
        "ttd_seconds": 9000.0,
        "detected": false,
        "is_sentinel": true
      }
    },
    "stage_deltas": {
      "delta_0_to_1": {
        "transition": "stage_0_ode->stage_1_biosensor_clean",
        "mean_delta": 1.4260940940565507,
        "std_delta": 0.004580992103961436,
        "max_delta": 1.4340477653976256,
        "rms_delta": 1.426101451717805,
        "fraction_significantly_changed": 1.0
      },
      "delta_1_to_2": {
        "transition": "stage_1_biosensor_clean->stage_2_biosensor_noisy",
        "mean_delta": 0.11741302496010404,
        "std_delta": 0.39232784910788693,
        "max_delta": 1.2199615336685643,
        "rms_delta": 0.4095204019531908,
        "fraction_significantly_changed": 0.9944598337950139
      },
      "delta_2_to_3": {
        "transition": "stage_2_biosensor_noisy->stage_3_thresholded",
        "mean_delta": -1.8751963265042506,
        "std_delta": 0.5236415803598741,
        "max_delta": 2.6997329166534523,
        "rms_delta": 1.946936508368165,
        "fraction_significantly_changed": 0.9584487534626038
      }
    },
    "propagation_integrity": {
      "stages_recorded": 5,
      "biological_hash_consistent": false,
      "all_stages_use_same_time": true
    }
  }
}