{
  "run_id": "221569bb-809a-4e99-84be-c874bf889e54",
  "timestamp": "2026-06-27T17:23:11.640473",
  "scenario": "pmo",
  "biosensor_config": {
    "circuit_type": "array",
    "kd_scl": 0.10453061332207284,
    "kd_ctx": 0.8018629976496768,
    "kd_p1np": 1.8699570960892782,
    "w_scl": 0.11298466729079866,
    "w_ctx": 0.2944187709486363,
    "w_p1np": 0.592596561760565,
    "sensitivity": 4.205687441787999,
    "threshold": 4.854983703858347,
    "dynamic_range": [
      0.0,
      13.796327123977598
    ],
    "kd": 0.10453061332207284
  },
  "noise_preset": "realistic",
  "measurement": {
    "snr_db": 11.96347542500451,
    "n_detections": 1,
    "detection_rate": 1.0,
    "time_to_detection": 170.0,
    "false_negative_rate": 0.0
  },
  "environment_params": {
    "Estrogen": 0.21281403338881863,
    "PTH": 59.40467260926801,
    "k_prod_Scl": 1.083910187761856e-06,
    "k_deg_Scl": 6.265726490956947e-05,
    "Sclerostin_bone": 0.05076784201454799,
    "k_prod_RANKL": 3.5313695812094783e-06,
    "k_deg_RANKL": 1.9999249221913068e-05,
    "RANKL_bone": 0.9894755405562792,
    "k_prod_OPG": 5.486061088489525e-05,
    "k_deg_OPG": 1.9413483234320457e-05,
    "OPG_bone": 3.609177716800223,
    "MineralIon": 2.0075269316815296,
    "k_prod_Mineral": 0.07872948703841186,
    "k_loss_Mineral": 0.021695658859089948,
    "k_prod_CTX": 1.1692893620753725e-06,
    "k_deg_CTX": 1.8089515872499723e-05,
    "CTX_bone": 0.04682531672851071,
    "k_prod_P1NP": 2.600845345072864e-07,
    "k_deg_P1NP": 2.0304209944480163e-05,
    "P1NP_bone": 0.022785995181604554,
    "Sclerostin_sensor": 1.2691960503636996,
    "RANKL_sensor": 29.684266216688375,
    "OPG_sensor": 108.27533150400669,
    "CTX_sensor": 1.1706329182127677,
    "P1NP_sensor": 0.5696498795401138
  },
  "equilibration_check": {
    "Sclerostin_bone": 9.046844509196993e-05,
    "RANKL_bone": 9.268108414809339e-05,
    "OPG_bone": 7.413851771235082e-07,
    "CTX_bone": 0.0002250211181030595,
    "P1NP_bone": 6.814976874347876e-05,
    "Osteocytes": 8.154856230848295e-05,
    "Osteoblasts": 9.315110129496073e-07,
    "Osteoclasts": 1.5399718016628155e-05,
    "MineralIon": 9.338459950180681e-07,
    "Sclerostin_sensor": 9.063028877063513e-05,
    "RANKL_sensor": 9.271899043711842e-05,
    "OPG_sensor": 7.41291782537293e-07,
    "CTX_sensor": 0.00022505319486631413,
    "P1NP_sensor": 6.81720146054551e-05
  },
  "sclerostin_mean": 1.2721646171642758,
  "sclerostin_max": 1.2742028694869039,
  "sclerostin_min": 1.269986175319403,
  "sclerostin_std": 0.0012160213906126155,
  "ctx_mean": 1.164616291940035,
  "p1np_mean": 0.5705406860883956,
  "metadata_file": "metadata/221569bb-809a-4e99-84be-c874bf889e54.json",
  "timeseries_file": "timeseries/221569bb-809a-4e99-84be-c874bf889e54.csv",
  "instrumentation": {
    "biological_realization": {
      "rng_seed": 185376317,
      "scenario": "pmo",
      "realization_hash": "d0000def519b3da4"
    },
    "stages": {
      "stage_0_ode": {
        "stage": "stage_0_ode",
        "description": "ODE concentration output",
        "mean_signal": 1.2721646171642758,
        "std_signal": 0.0012160213906126155,
        "min_signal": 1.269986175319403,
        "max_signal": 1.2742028694869039,
        "median_signal": 1.2721990452181766,
        "q25_signal": 1.2711277593844577,
        "q75_signal": 1.273219794013924,
        "auc_total": 4579.793322739004,
        "auc_per_second": 1.2721648118719455,
        "terminal_mean": 1.274014025125869,
        "terminal_std": 0.00011232100503101324,
        "signal_range": 0.004216694167500812,
        "cv_coefficient": 0.000955867954670201,
        "species_tracked": "Sclerostin_sensor or Sclerostin_bone"
      },
      "stage_1_biosensor_clean": {
        "stage": "stage_1_biosensor_clean",
        "description": "Biosensor output (clean signal, no noise)",
        "mean_signal": 7.930508543601378,
        "std_signal": 0.0013604262686913039,
        "min_signal": 7.928152662289878,
        "max_signal": 7.9328505497069175,
        "median_signal": 7.9305117602639585,
        "q25_signal": 7.9293342692449285,
        "q75_signal": 7.931684609499966,
        "auc_total": 28549.83082634099,
        "auc_per_second": 7.930508562872497,
        "terminal_mean": 7.9283826980496155,
        "terminal_std": 0.0001365254279318034,
        "signal_range": 0.004697887417039581,
        "cv_coefficient": 0.00017154338353105302,
        "biosensor_type": "array",
        "kd": 0.10453061332207284,
        "sensitivity": 4.205687441787999
      },
      "stage_2_biosensor_noisy": {
        "stage": "stage_2_biosensor_noisy",
        "description": "Biosensor output (with noise injection)",
        "mean_signal": 8.205101483035316,
        "std_signal": 1.981292592444697,
        "min_signal": 4.007055787713635,
        "max_signal": 29.001560015816324,
        "median_signal": 7.998278548595169,
        "q25_signal": 7.0796789465219865,
        "q75_signal": 9.093828602771215,
        "auc_total": 29541.647669097085,
        "auc_per_second": 8.206013241415857,
        "terminal_mean": 9.083118018621322,
        "terminal_std": 3.725136091522647,
        "signal_range": 24.994504228102688,
        "cv_coefficient": 0.24147082111551857,
        "noise_preset": "realistic",
        "snr_db": 11.96347542500451
      },
      "stage_3_thresholded": {
        "stage": "stage_3_thresholded",
        "description": "Threshold crossing detection",
        "threshold": 4.854983703858347,
        "fraction_above_threshold": 0.9889196675900277,
        "time_to_first_crossing": 0.0,
        "n_threshold_crossings": 6,
        "mean_signal_above": 8.24574824391134,
        "std_signal_above": 1.9542702000113974,
        "mean_signal_below": 4.577378074850104,
        "std_signal_below": 0.3305688478127873,
        "mean_margin_above_threshold": 3.390764540052993,
        "mean_margin_below_threshold": -0.27760562900824337
      },
      "stage_4_ttd": {
        "stage": "stage_4_ttd",
        "description": "Time-to-detection assignment",
        "ttd_seconds": 170.0,
        "detected": true,
        "is_sentinel": false
      }
    },
    "stage_deltas": {
      "delta_0_to_1": {
        "transition": "stage_0_ode->stage_1_biosensor_clean",
        "mean_delta": 6.6583439264371025,
        "std_delta": 0.0025761969261744347,
        "max_delta": 6.662864374387515,
        "rms_delta": 6.658344424818564,
        "fraction_significantly_changed": 1.0
      },
      "delta_1_to_2": {
        "transition": "stage_1_biosensor_clean->stage_2_biosensor_noisy",
        "mean_delta": 0.2745929394339373,
        "std_delta": 1.9815122775953868,
        "max_delta": 21.073236437210213,
        "rms_delta": 2.0004479969867317,
        "fraction_significantly_changed": 1.0
      },
      "delta_2_to_3": {
        "transition": "stage_2_biosensor_noisy->stage_3_thresholded",
        "mean_delta": -0.05071887063545822,
        "std_delta": 0.48041425287907596,
        "max_delta": 4.814977070098588,
        "rms_delta": 0.4830841109039886,
        "fraction_significantly_changed": 0.0110803324099723
      }
    },
    "propagation_integrity": {
      "stages_recorded": 5,
      "biological_hash_consistent": false,
      "all_stages_use_same_time": true
    }
  }
}