{
  "run_id": "2b766f9e-ec97-4a3f-9f64-fb80e0b22df9",
  "timestamp": "2026-06-27T17:23:41.136989",
  "scenario": "ckd_mbd",
  "biosensor_config": {
    "circuit_type": "array",
    "kd_scl": 0.3670928655419792,
    "kd_ctx": 0.4985375684788064,
    "kd_p1np": 2.8627581344551682,
    "w_scl": 0.867382528133104,
    "w_ctx": 0.009159832169090356,
    "w_p1np": 0.12345763969780575,
    "sensitivity": 0.9850690129261023,
    "threshold": 1.4860964170121769,
    "dynamic_range": [
      0.0,
      2.981362572175551
    ],
    "kd": 0.3670928655419792
  },
  "noise_preset": "realistic",
  "measurement": {
    "snr_db": 13.305372321850369,
    "n_detections": 1,
    "detection_rate": 1.0,
    "time_to_detection": 2270.0,
    "false_negative_rate": 0.3
  },
  "environment_params": {
    "Estrogen": 0.5199748760275837,
    "PTH": 179.62592472371503,
    "k_prod_Scl": 2.237153694014806e-06,
    "k_deg_Scl": 7.698013544102885e-05,
    "Sclerostin_bone": 0.0520325152698393,
    "k_prod_RANKL": 6.089905603100582e-06,
    "k_deg_RANKL": 1.7875928881624505e-05,
    "RANKL_bone": 1.0382708659549134,
    "k_prod_OPG": 0.00011989050901122911,
    "k_deg_OPG": 2.0474595585268645e-05,
    "OPG_bone": 4.281293126058208,
    "MineralIon": 2.848104719882197,
    "k_prod_Mineral": 0.1404525229256978,
    "k_loss_Mineral": 0.06242048574091222,
    "k_prod_CTX": 4.78717511300277e-07,
    "k_deg_CTX": 9.996360594745124e-06,
    "CTX_bone": 0.019114634445582795,
    "k_prod_P1NP": 1.3694108214651406e-07,
    "k_deg_P1NP": 1.850077776016957e-05,
    "P1NP_bone": 0.020488376900372723,
    "Sclerostin_sensor": 1.3008128817459825,
    "RANKL_sensor": 31.1481259786474,
    "OPG_sensor": 128.43879378174626,
    "CTX_sensor": 0.47786586113956986,
    "P1NP_sensor": 0.5122094225093181
  },
  "equilibration_check": {
    "Sclerostin_bone": 0.0006000036156424014,
    "RANKL_bone": 1.213619590823582e-05,
    "OPG_bone": 0.00011231625307043229,
    "CTX_bone": 1.6402118871153373e-06,
    "P1NP_bone": 0.00015821790822930862,
    "Osteocytes": 7.739810748891792e-05,
    "Osteoblasts": 6.005368156199384e-06,
    "Osteoclasts": 5.3833774178810215e-05,
    "MineralIon": 6.00440392488851e-06,
    "Sclerostin_sensor": 0.0006004309369788895,
    "RANKL_sensor": 1.2144095565608228e-05,
    "OPG_sensor": 0.00011238187553462685,
    "CTX_sensor": 1.6327974463591222e-06,
    "P1NP_sensor": 0.00015824914138694456
  },
  "sclerostin_mean": 1.282990120489396,
  "sclerostin_max": 1.296369591114648,
  "sclerostin_min": 1.2698761923254491,
  "sclerostin_std": 0.007673129676102183,
  "ctx_mean": 0.47781914241391094,
  "p1np_mean": 0.5103875917264089,
  "metadata_file": "metadata/2b766f9e-ec97-4a3f-9f64-fb80e0b22df9.json",
  "timeseries_file": "timeseries/2b766f9e-ec97-4a3f-9f64-fb80e0b22df9.csv",
  "instrumentation": {
    "biological_realization": {
      "rng_seed": 115028605,
      "scenario": "ckd_mbd",
      "realization_hash": "5f33d4530cb18813"
    },
    "stages": {
      "stage_0_ode": {
        "stage": "stage_0_ode",
        "description": "ODE concentration output",
        "mean_signal": 1.282990120489396,
        "std_signal": 0.007673129676102183,
        "min_signal": 1.2698761923254491,
        "max_signal": 1.296369591114648,
        "median_signal": 1.282922343742496,
        "q25_signal": 1.2763439245395365,
        "q75_signal": 1.2896026202596318,
        "auc_total": 4618.7631060495205,
        "auc_per_second": 1.2829897516804223,
        "terminal_mean": 1.2711256358519274,
        "terminal_std": 0.000742527487685702,
        "signal_range": 0.026493398789198874,
        "cv_coefficient": 0.005980661544903612,
        "species_tracked": "Sclerostin_sensor or Sclerostin_bone"
      },
      "stage_1_biosensor_clean": {
        "stage": "stage_1_biosensor_clean",
        "description": "Biosensor output (clean signal, no noise)",
        "mean_signal": 1.499011879914167,
        "std_signal": 0.0019720597254976064,
        "min_signal": 1.4956225957396392,
        "max_signal": 1.5024317028946619,
        "median_signal": 1.4990039930534655,
        "q25_signal": 1.497306100653785,
        "q75_signal": 1.5007138160758475,
        "auc_total": 5396.442614996972,
        "auc_per_second": 1.499011837499159,
        "terminal_mean": 1.4959488383159416,
        "terminal_std": 0.00019377793260711736,
        "signal_range": 0.006809107155022698,
        "cv_coefficient": 0.0013155731131433903,
        "biosensor_type": "array",
        "kd": 0.3670928655419792,
        "sensitivity": 0.9850690129261023
      },
      "stage_2_biosensor_noisy": {
        "stage": "stage_2_biosensor_noisy",
        "description": "Biosensor output (with noise injection)",
        "mean_signal": 1.5583393976108957,
        "std_signal": 0.31849078726202223,
        "min_signal": 0.12735228249934916,
        "max_signal": 2.712662889930515,
        "median_signal": 1.5696282620734185,
        "q25_signal": 1.3525661541528136,
        "q75_signal": 1.7782755935314514,
        "auc_total": 5609.313522058119,
        "auc_per_second": 1.5581426450161442,
        "terminal_mean": 1.4546840504518657,
        "terminal_std": 0.28134343921298527,
        "signal_range": 2.5853106074311656,
        "cv_coefficient": 0.2043783194792504,
        "noise_preset": "realistic",
        "snr_db": 13.305372321850369
      },
      "stage_3_thresholded": {
        "stage": "stage_3_thresholded",
        "description": "Threshold crossing detection",
        "threshold": 1.4860964170121769,
        "fraction_above_threshold": 0.5983379501385041,
        "time_to_first_crossing": 10.0,
        "n_threshold_crossings": 179,
        "mean_signal_above": 1.7616069531281833,
        "std_signal_above": 0.20322182811056086,
        "mean_signal_below": 1.2555408321506603,
        "std_signal_below": 0.1943812790492707,
        "mean_margin_above_threshold": 0.27551053611600634,
        "mean_margin_below_threshold": -0.2305555848615168
      },
      "stage_4_ttd": {
        "stage": "stage_4_ttd",
        "description": "Time-to-detection assignment",
        "ttd_seconds": 2270.0,
        "detected": true,
        "is_sentinel": false
      }
    },
    "stage_deltas": {
      "delta_0_to_1": {
        "transition": "stage_0_ode->stage_1_biosensor_clean",
        "mean_delta": 0.216021759424771,
        "std_delta": 0.005701094687338766,
        "max_delta": 0.22574640341419006,
        "rms_delta": 0.2160969759751571,
        "fraction_significantly_changed": 1.0
      },
      "delta_1_to_2": {
        "transition": "stage_1_biosensor_clean->stage_2_biosensor_noisy",
        "mean_delta": 0.05932751769672841,
        "std_delta": 0.3185154809640858,
        "max_delta": 1.3727334195768404,
        "rms_delta": 0.3239936202610145,
        "fraction_significantly_changed": 1.0
      },
      "delta_2_to_3": {
        "transition": "stage_2_biosensor_noisy->stage_3_thresholded",
        "mean_delta": -0.5043031043264424,
        "std_delta": 0.6277164566223293,
        "max_delta": 1.4844900434637787,
        "rms_delta": 0.8052015716252543,
        "fraction_significantly_changed": 0.40166204986149584
      }
    },
    "propagation_integrity": {
      "stages_recorded": 5,
      "biological_hash_consistent": false,
      "all_stages_use_same_time": true
    }
  }
}