{
  "run_id": "2d01f720-160b-47e5-a120-380e0dc216f6",
  "timestamp": "2026-06-27T17:24:12.872929",
  "scenario": "ckd_mbd",
  "biosensor_config": {
    "circuit_type": "array",
    "kd_scl": 9.280727453269492,
    "kd_ctx": 1.9101008759945084,
    "kd_p1np": 0.22162401003926763,
    "w_scl": 0.2617822682599735,
    "w_ctx": 0.45679300337522555,
    "w_p1np": 0.281424728364801,
    "sensitivity": 2.8065451851168954,
    "threshold": 3.936268140838461,
    "dynamic_range": [
      0.0,
      11.607216167497768
    ],
    "kd": 9.280727453269492
  },
  "noise_preset": "realistic",
  "measurement": {
    "snr_db": 13.967176659620755,
    "n_detections": 1,
    "detection_rate": 1.0,
    "time_to_detection": 280.0,
    "false_negative_rate": 0.0
  },
  "environment_params": {
    "Estrogen": 0.6094844015582105,
    "PTH": 175.03979866497784,
    "k_prod_Scl": 1.976379173073835e-06,
    "k_deg_Scl": 6.250480407872375e-05,
    "Sclerostin_bone": 0.03381333977867642,
    "k_prod_RANKL": 6.5338854111997515e-06,
    "k_deg_RANKL": 2.4773467326713485e-05,
    "RANKL_bone": 0.8900238968066025,
    "k_prod_OPG": 0.00011492831458244584,
    "k_deg_OPG": 2.0973173230210745e-05,
    "OPG_bone": 6.774653759329601,
    "MineralIon": 4.699195675478089,
    "k_prod_Mineral": 0.14944364294235263,
    "k_loss_Mineral": 0.05979148442464767,
    "k_prod_CTX": 8.081801748664056e-07,
    "k_deg_CTX": 1.0753123423009257e-05,
    "CTX_bone": 0.018042700472733802,
    "k_prod_P1NP": 1.713539112268868e-07,
    "k_deg_P1NP": 1.6933943454765635e-05,
    "P1NP_bone": 0.027599916736860738,
    "Sclerostin_sensor": 0.8453334944669105,
    "RANKL_sensor": 26.700716904198075,
    "OPG_sensor": 203.23961277988803,
    "CTX_sensor": 0.45106751181834503,
    "P1NP_sensor": 0.6899979184215185
  },
  "equilibration_check": {
    "Sclerostin_bone": 6.130121651594347e-05,
    "RANKL_bone": 0.00011763131708105015,
    "OPG_bone": 0.00013286746853046163,
    "CTX_bone": 8.82237405258273e-05,
    "P1NP_bone": 0.00013832624745051486,
    "Osteocytes": 5.415781637462634e-05,
    "Osteoblasts": 4.0625438618672836e-07,
    "Osteoclasts": 5.210709011879783e-05,
    "MineralIon": 4.06191344225246e-07,
    "Sclerostin_sensor": 6.14080060085927e-05,
    "RANKL_sensor": 0.0001176910011730939,
    "OPG_sensor": 0.0001329204324182006,
    "CTX_sensor": 8.82307806159132e-05,
    "P1NP_sensor": 0.00013835067675289537
  },
  "sclerostin_mean": 0.8466672620085202,
  "sclerostin_max": 0.8475850501067913,
  "sclerostin_min": 0.8456878419137059,
  "sclerostin_std": 0.000547184490796878,
  "ctx_mean": 0.4519585516566777,
  "p1np_mean": 0.6878526245661034,
  "metadata_file": "metadata/2d01f720-160b-47e5-a120-380e0dc216f6.json",
  "timeseries_file": "timeseries/2d01f720-160b-47e5-a120-380e0dc216f6.csv",
  "instrumentation": {
    "biological_realization": {
      "rng_seed": 1174693032,
      "scenario": "ckd_mbd",
      "realization_hash": "2fa09b218647db18"
    },
    "stages": {
      "stage_0_ode": {
        "stage": "stage_0_ode",
        "description": "ODE concentration output",
        "mean_signal": 0.8466672620085202,
        "std_signal": 0.000547184490796878,
        "min_signal": 0.8456878419137059,
        "max_signal": 0.8475850501067913,
        "median_signal": 0.846682402026053,
        "q25_signal": 0.8462005427109605,
        "q75_signal": 0.847142035217255,
        "auc_total": 3048.002451390655,
        "auc_per_second": 0.8466673476085153,
        "terminal_mean": 0.8474999288707611,
        "terminal_std": 5.062676841029153e-05,
        "signal_range": 0.0018972081930853646,
        "cv_coefficient": 0.0006462804402036412,
        "species_tracked": "Sclerostin_sensor or Sclerostin_bone"
      },
      "stage_1_biosensor_clean": {
        "stage": "stage_1_biosensor_clean",
        "description": "Biosensor output (clean signal, no noise)",
        "mean_signal": 5.145211094655974,
        "std_signal": 0.0024205414279227714,
        "min_signal": 5.1409700220794115,
        "max_signal": 5.149344346576938,
        "median_signal": 5.145237593144185,
        "q25_signal": 5.143130649230356,
        "q75_signal": 5.1473056259338215,
        "auc_total": 18522.760479864784,
        "auc_per_second": 5.145211244406885,
        "terminal_mean": 5.1489497377420745,
        "terminal_std": 0.00023441936584495847,
        "signal_range": 0.008374324497526509,
        "cv_coefficient": 0.0004704455042547903,
        "biosensor_type": "array",
        "kd": 9.280727453269492,
        "sensitivity": 2.8065451851168954
      },
      "stage_2_biosensor_noisy": {
        "stage": "stage_2_biosensor_noisy",
        "description": "Biosensor output (with noise injection)",
        "mean_signal": 5.302660377493667,
        "std_signal": 1.0186965280267326,
        "min_signal": 3.0262030253950445,
        "max_signal": 8.041882540101168,
        "median_signal": 5.2895018110944,
        "q25_signal": 4.604337875865231,
        "q75_signal": 6.019001001327095,
        "auc_total": 19102.484959383626,
        "auc_per_second": 5.306245822051007,
        "terminal_mean": 5.433252645651922,
        "terminal_std": 1.0749430440278325,
        "signal_range": 5.0156795147061235,
        "cv_coefficient": 0.19211046069449114,
        "noise_preset": "realistic",
        "snr_db": 13.967176659620755
      },
      "stage_3_thresholded": {
        "stage": "stage_3_thresholded",
        "description": "Threshold crossing detection",
        "threshold": 3.936268140838461,
        "fraction_above_threshold": 0.9113573407202216,
        "time_to_first_crossing": 10.0,
        "n_threshold_crossings": 53,
        "mean_signal_above": 5.475178506504482,
        "std_signal_above": 0.8918708264029186,
        "mean_signal_below": 3.5289583636012285,
        "std_signal_below": 0.27743089317647074,
        "mean_margin_above_threshold": 1.5389103656660208,
        "mean_margin_below_threshold": -0.4073097772372327
      },
      "stage_4_ttd": {
        "stage": "stage_4_ttd",
        "description": "Time-to-detection assignment",
        "ttd_seconds": 280.0,
        "detected": true,
        "is_sentinel": false
      }
    },
    "stage_deltas": {
      "delta_0_to_1": {
        "transition": "stage_0_ode->stage_1_biosensor_clean",
        "mean_delta": 4.298543832647454,
        "std_delta": 0.001873438824439928,
        "max_delta": 4.301759296470147,
        "rms_delta": 4.2985442408988295,
        "fraction_significantly_changed": 1.0
      },
      "delta_1_to_2": {
        "transition": "stage_1_biosensor_clean->stage_2_biosensor_noisy",
        "mean_delta": 0.1574492828376928,
        "std_delta": 1.01839197430938,
        "max_delta": 2.896090141053845,
        "rms_delta": 1.030491382789716,
        "fraction_significantly_changed": 1.0
      },
      "delta_2_to_3": {
        "transition": "stage_2_biosensor_noisy->stage_3_thresholded",
        "mean_delta": -0.312816253837228,
        "std_delta": 1.0064214653727497,
        "max_delta": 3.9351974031322987,
        "rms_delta": 1.0539156392367417,
        "fraction_significantly_changed": 0.0886426592797784
      }
    },
    "propagation_integrity": {
      "stages_recorded": 5,
      "biological_hash_consistent": false,
      "all_stages_use_same_time": true
    }
  }
}