{
  "run_id": "2f7a97e6-916d-41a7-93fd-25c819b0c399",
  "timestamp": "2026-06-27T17:23:23.754719",
  "scenario": "pmo",
  "biosensor_config": {
    "circuit_type": "array",
    "kd_scl": 3.5743441480172073,
    "kd_ctx": 2.077983298829663,
    "kd_p1np": 0.10166221039370242,
    "w_scl": 0.19718431508775333,
    "w_ctx": 0.239253380635986,
    "w_p1np": 0.5635623042762608,
    "sensitivity": 1.7555001068262435,
    "threshold": 2.438245876842549,
    "dynamic_range": [
      0.0,
      5.797303392880849
    ],
    "kd": 3.5743441480172073
  },
  "noise_preset": "realistic",
  "measurement": {
    "snr_db": 13.158254429950208,
    "n_detections": 1,
    "detection_rate": 1.0,
    "time_to_detection": 430.0,
    "false_negative_rate": 0.0
  },
  "environment_params": {
    "Estrogen": 0.20022742603768984,
    "PTH": 74.7421380152836,
    "k_prod_Scl": 5.412518587057541e-07,
    "k_deg_Scl": 6.435177594302174e-05,
    "Sclerostin_bone": 0.046769227273588725,
    "k_prod_RANKL": 3.277401000913152e-06,
    "k_deg_RANKL": 2.228767615155318e-05,
    "RANKL_bone": 0.9322051529471429,
    "k_prod_OPG": 5.9020375346899416e-05,
    "k_deg_OPG": 2.1958798913778237e-05,
    "OPG_bone": 3.5243047253415294,
    "MineralIon": 1.9403644820107986,
    "k_prod_Mineral": 0.07213166472601858,
    "k_loss_Mineral": 0.024865560440434344,
    "k_prod_CTX": 1.8552841645924538e-06,
    "k_deg_CTX": 2.0059812868789687e-05,
    "CTX_bone": 0.020227405167756972,
    "k_prod_P1NP": 2.4463136776083604e-07,
    "k_deg_P1NP": 2.120924392178557e-05,
    "P1NP_bone": 0.01828168624388698,
    "Sclerostin_sensor": 1.169230681839718,
    "RANKL_sensor": 27.966154588414287,
    "OPG_sensor": 105.72914176024588,
    "CTX_sensor": 0.5056851291939243,
    "P1NP_sensor": 0.45704215609717447
  },
  "equilibration_check": {
    "Sclerostin_bone": 0.0008525689103560589,
    "RANKL_bone": 0.00014892748734343322,
    "OPG_bone": 8.049033336384937e-05,
    "CTX_bone": 0.0005530277999537987,
    "P1NP_bone": 0.00015714242134710218,
    "Osteocytes": 6.7684873383532e-05,
    "Osteoblasts": 7.667281571129187e-06,
    "Osteoclasts": 4.98587658097172e-06,
    "MineralIon": 7.669267816281712e-06,
    "Sclerostin_sensor": 0.0008529765779814244,
    "RANKL_sensor": 0.00014899288969968602,
    "OPG_sensor": 8.053208406755009e-05,
    "CTX_sensor": 0.0005533269121941929,
    "P1NP_sensor": 0.00015719872104943625
  },
  "sclerostin_mean": 1.1467233698618202,
  "sclerostin_max": 1.1636109498953506,
  "sclerostin_min": 1.1301617413268394,
  "sclerostin_std": 0.009684595559005115,
  "ctx_mean": 0.511996950731143,
  "p1np_mean": 0.4586875782790258,
  "metadata_file": "metadata/2f7a97e6-916d-41a7-93fd-25c819b0c399.json",
  "timeseries_file": "timeseries/2f7a97e6-916d-41a7-93fd-25c819b0c399.csv",
  "instrumentation": {
    "biological_realization": {
      "rng_seed": 1601992974,
      "scenario": "pmo",
      "realization_hash": "f7c5d74430f3e419"
    },
    "stages": {
      "stage_0_ode": {
        "stage": "stage_0_ode",
        "description": "ODE concentration output",
        "mean_signal": 1.1467233698618202,
        "std_signal": 0.009684595559005115,
        "min_signal": 1.1301617413268394,
        "max_signal": 1.1636109498953506,
        "median_signal": 1.146640781222228,
        "q25_signal": 1.1383377099620295,
        "q75_signal": 1.1550674255136553,
        "auc_total": 4128.20250174506,
        "auc_per_second": 1.1467229171514055,
        "terminal_mean": 1.1317423248460305,
        "terminal_std": 0.0009391950107012363,
        "signal_range": 0.03344920856851119,
        "cv_coefficient": 0.00844545058863857,
        "species_tracked": "Sclerostin_sensor or Sclerostin_bone"
      },
      "stage_1_biosensor_clean": {
        "stage": "stage_1_biosensor_clean",
        "description": "Biosensor output (clean signal, no noise)",
        "mean_signal": 2.876242659851245,
        "std_signal": 0.0011969161943562296,
        "min_signal": 2.874214099671205,
        "max_signal": 2.878344844827744,
        "median_signal": 2.8762239851322953,
        "q25_signal": 2.875203528131495,
        "q75_signal": 2.8772724941252337,
        "auc_total": 10354.4732073405,
        "auc_per_second": 2.8762425575945834,
        "terminal_mean": 2.874404179621891,
        "terminal_std": 0.00011307180413952946,
        "signal_range": 0.004130745156539106,
        "cv_coefficient": 0.00041613880882294274,
        "biosensor_type": "array",
        "kd": 3.5743441480172073,
        "sensitivity": 1.7555001068262435
      },
      "stage_2_biosensor_noisy": {
        "stage": "stage_2_biosensor_noisy",
        "description": "Biosensor output (with noise injection)",
        "mean_signal": 3.0455943831353376,
        "std_signal": 0.6090223183538049,
        "min_signal": 1.496061379202839,
        "max_signal": 4.884099944185722,
        "median_signal": 3.0492335110364968,
        "q25_signal": 2.636666178647957,
        "q75_signal": 3.4229229189227817,
        "auc_total": 10960.225634510989,
        "auc_per_second": 3.0445071206974967,
        "terminal_mean": 3.2163404485585505,
        "terminal_std": 0.5795112870653962,
        "signal_range": 3.3880385649828826,
        "cv_coefficient": 0.1999682957540908,
        "noise_preset": "realistic",
        "snr_db": 13.158254429950208
      },
      "stage_3_thresholded": {
        "stage": "stage_3_thresholded",
        "description": "Threshold crossing detection",
        "threshold": 2.438245876842549,
        "fraction_above_threshold": 0.8421052631578947,
        "time_to_first_crossing": 0.0,
        "n_threshold_crossings": 94,
        "mean_signal_above": 3.2205531851306994,
        "std_signal_above": 0.48610918154369237,
        "mean_signal_below": 2.112480772493407,
        "std_signal_below": 0.23420003507291823,
        "mean_margin_above_threshold": 0.7823073082881505,
        "mean_margin_below_threshold": -0.32576510434914213
      },
      "stage_4_ttd": {
        "stage": "stage_4_ttd",
        "description": "Time-to-detection assignment",
        "ttd_seconds": 430.0,
        "detected": true,
        "is_sentinel": false
      }
    },
    "stage_deltas": {
      "delta_0_to_1": {
        "transition": "stage_0_ode->stage_1_biosensor_clean",
        "mean_delta": 1.7295192899894252,
        "std_delta": 0.00848770647570475,
        "max_delta": 1.7440523583443654,
        "rms_delta": 1.729540116796006,
        "fraction_significantly_changed": 1.0
      },
      "delta_1_to_2": {
        "transition": "stage_1_biosensor_clean->stage_2_biosensor_noisy",
        "mean_delta": 0.1693517232840924,
        "std_delta": 0.6091832015972827,
        "max_delta": 2.0067566572185678,
        "rms_delta": 0.6322848877583643,
        "fraction_significantly_changed": 1.0
      },
      "delta_2_to_3": {
        "transition": "stage_2_biosensor_noisy->stage_3_thresholded",
        "mean_delta": -0.3335495956568537,
        "std_delta": 0.7759009258937682,
        "max_delta": 2.4104716989986685,
        "rms_delta": 0.8445576235909883,
        "fraction_significantly_changed": 0.15789473684210525
      }
    },
    "propagation_integrity": {
      "stages_recorded": 5,
      "biological_hash_consistent": false,
      "all_stages_use_same_time": true
    }
  }
}