{
  "run_id": "31c35828-d756-48ea-8fe1-64e7d4c738ed",
  "timestamp": "2026-06-27T17:23:33.476068",
  "scenario": "pmo_mild",
  "biosensor_config": {
    "circuit_type": "array",
    "kd_scl": 0.8443066352678439,
    "kd_ctx": 1.2140372139638895,
    "kd_p1np": 7.892733737918039,
    "w_scl": 0.4674784132919718,
    "w_ctx": 0.13353610714476313,
    "w_p1np": 0.3989854795632651,
    "sensitivity": 3.5752814238400648,
    "threshold": 4.369047622187848,
    "dynamic_range": [
      0.0,
      13.108457495501835
    ],
    "kd": 0.8443066352678439
  },
  "noise_preset": "realistic",
  "measurement": {
    "snr_db": 13.217899455642616,
    "n_detections": 1,
    "detection_rate": 1.0,
    "time_to_detection": 2480.0,
    "false_negative_rate": 0.4
  },
  "environment_params": {
    "Estrogen": 0.7424997161367352,
    "PTH": 43.589363708730545,
    "k_prod_Scl": 2.3234630571450565e-06,
    "k_deg_Scl": 6.787856815126477e-05,
    "Sclerostin_bone": 0.025499515607985,
    "k_prod_RANKL": 4.148547759208968e-06,
    "k_deg_RANKL": 2.0181990392543996e-05,
    "RANKL_bone": 0.5584190591343422,
    "k_prod_OPG": 4.5830408452998597e-05,
    "k_deg_OPG": 2.4154341343041045e-05,
    "OPG_bone": 5.47225962231351,
    "MineralIon": 2.1217511912791327,
    "k_prod_Mineral": 0.08481855278518899,
    "k_loss_Mineral": 0.021740556520953774,
    "k_prod_CTX": 7.69051966312201e-07,
    "k_deg_CTX": 1.606022120003696e-05,
    "CTX_bone": 0.014362003847383877,
    "k_prod_P1NP": 1.486363334081405e-07,
    "k_deg_P1NP": 1.8984788534206643e-05,
    "P1NP_bone": 0.01220623973409796,
    "Sclerostin_sensor": 0.637487890199625,
    "RANKL_sensor": 16.752571774030265,
    "OPG_sensor": 164.1677886694053,
    "CTX_sensor": 0.35905009618459693,
    "P1NP_sensor": 0.30515599335244903
  },
  "equilibration_check": {
    "Sclerostin_bone": 0.0010626760634012624,
    "RANKL_bone": 3.282387775382835e-05,
    "OPG_bone": 0.00018983435761773404,
    "CTX_bone": 4.09105197388427e-06,
    "P1NP_bone": 0.00015542021685803766,
    "Osteocytes": 4.555776760657155e-05,
    "Osteoblasts": 5.6344598704004445e-06,
    "Osteoclasts": 8.41620008974892e-05,
    "MineralIon": 5.635073220901619e-06,
    "Sclerostin_sensor": 0.0010643043026502528,
    "RANKL_sensor": 3.28367610671282e-05,
    "OPG_sensor": 0.00018991282153160976,
    "CTX_sensor": 4.111132658501153e-06,
    "P1NP_sensor": 0.00015547562947270036
  },
  "sclerostin_mean": 0.6542376675820496,
  "sclerostin_max": 0.6664385163961852,
  "sclerostin_min": 0.641709688495804,
  "sclerostin_std": 0.007156215834491595,
  "ctx_mean": 0.35901065169406665,
  "p1np_mean": 0.30624033717129817,
  "metadata_file": "metadata/31c35828-d756-48ea-8fe1-64e7d4c738ed.json",
  "timeseries_file": "timeseries/31c35828-d756-48ea-8fe1-64e7d4c738ed.csv",
  "instrumentation": {
    "biological_realization": {
      "rng_seed": 1444422348,
      "scenario": "pmo_mild",
      "realization_hash": "f55f350a7a6ef27b"
    },
    "stages": {
      "stage_0_ode": {
        "stage": "stage_0_ode",
        "description": "ODE concentration output",
        "mean_signal": 0.6542376675820496,
        "std_signal": 0.007156215834491595,
        "min_signal": 0.641709688495804,
        "max_signal": 0.6664385163961852,
        "median_signal": 0.654319774214683,
        "q25_signal": 0.6480806762058969,
        "q75_signal": 0.6604367257185713,
        "auc_total": 2355.2572389467387,
        "auc_per_second": 0.6542381219296496,
        "terminal_mean": 0.6652795221038624,
        "terminal_std": 0.0006888033293586142,
        "signal_range": 0.024728827900381223,
        "cv_coefficient": 0.010938251019602316,
        "species_tracked": "Sclerostin_sensor or Sclerostin_bone"
      },
      "stage_1_biosensor_clean": {
        "stage": "stage_1_biosensor_clean",
        "description": "Biosensor output (clean signal, no noise)",
        "mean_signal": 4.397679376563095,
        "std_signal": 0.016450992319082362,
        "min_signal": 4.3687717250517855,
        "max_signal": 4.425623460868514,
        "median_signal": 4.397921354493891,
        "q25_signal": 4.383540780908446,
        "q75_signal": 4.411941781958535,
        "auc_total": 15831.650573463168,
        "auc_per_second": 4.39768071485088,
        "terminal_mean": 4.422986656838482,
        "terminal_std": 0.0015676077359811213,
        "signal_range": 0.05685173581672842,
        "cv_coefficient": 0.0037408348609396028,
        "biosensor_type": "array",
        "kd": 0.8443066352678439,
        "sensitivity": 3.5752814238400648
      },
      "stage_2_biosensor_noisy": {
        "stage": "stage_2_biosensor_noisy",
        "description": "Biosensor output (with noise injection)",
        "mean_signal": 4.621359943665514,
        "std_signal": 0.9366942227079931,
        "min_signal": 1.9456663053005614,
        "max_signal": 7.424154842501546,
        "median_signal": 4.642001329799705,
        "q25_signal": 3.95379169906428,
        "q75_signal": 5.2133955551277475,
        "auc_total": 16639.58283337741,
        "auc_per_second": 4.6221063426048365,
        "terminal_mean": 4.906236137352225,
        "terminal_std": 0.9965927305438392,
        "signal_range": 5.478488537200985,
        "cv_coefficient": 0.20268800399153444,
        "noise_preset": "realistic",
        "snr_db": 13.217899455642616
      },
      "stage_3_thresholded": {
        "stage": "stage_3_thresholded",
        "description": "Threshold crossing detection",
        "threshold": 4.369047622187848,
        "fraction_above_threshold": 0.6232686980609419,
        "time_to_first_crossing": 0.0,
        "n_threshold_crossings": 175,
        "mean_signal_above": 5.199330758815375,
        "std_signal_above": 0.6046365816717492,
        "mean_signal_below": 3.665158227424935,
        "std_signal_below": 0.5071126646674741,
        "mean_margin_above_threshold": 0.8302831366275258,
        "mean_margin_below_threshold": -0.7038893947629132
      },
      "stage_4_ttd": {
        "stage": "stage_4_ttd",
        "description": "Time-to-detection assignment",
        "ttd_seconds": 2480.0,
        "detected": true,
        "is_sentinel": false
      }
    },
    "stage_deltas": {
      "delta_0_to_1": {
        "transition": "stage_0_ode->stage_1_biosensor_clean",
        "mean_delta": 3.743441708981045,
        "std_delta": 0.009294829615467848,
        "max_delta": 3.7591849444723286,
        "rms_delta": 3.743453248325202,
        "fraction_significantly_changed": 1.0
      },
      "delta_1_to_2": {
        "transition": "stage_1_biosensor_clean->stage_2_biosensor_noisy",
        "mean_delta": 0.22368056710241863,
        "std_delta": 0.9337079129016563,
        "max_delta": 3.0082265946743423,
        "rms_delta": 0.960126795123658,
        "fraction_significantly_changed": 0.997229916897507
      },
      "delta_2_to_3": {
        "transition": "stage_2_biosensor_noisy->stage_3_thresholded",
        "mean_delta": -1.3807798308304464,
        "std_delta": 1.8030821012210525,
        "max_delta": 4.363364775598525,
        "rms_delta": 2.2710477769020807,
        "fraction_significantly_changed": 0.3767313019390582
      }
    },
    "propagation_integrity": {
      "stages_recorded": 5,
      "biological_hash_consistent": false,
      "all_stages_use_same_time": true
    }
  }
}