{
  "run_id": "31c68580-0b24-46dc-b8c5-029ae970e9b1",
  "timestamp": "2026-06-27T17:24:00.842944",
  "scenario": "healthy",
  "biosensor_config": {
    "circuit_type": "array",
    "kd_scl": 1.4584295245653678,
    "kd_ctx": 9.150302767299019,
    "kd_p1np": 1.580386403675357,
    "w_scl": 0.3793118551387105,
    "w_ctx": 0.10357159589514249,
    "w_p1np": 0.517116548966147,
    "sensitivity": 0.671051586488709,
    "threshold": 1.4929180246220777,
    "dynamic_range": [
      0.0,
      2.505351825122645
    ],
    "kd": 1.4584295245653678
  },
  "noise_preset": "realistic",
  "measurement": {
    "snr_db": 13.526077477682124,
    "n_detections": 0,
    "detection_rate": 0.0,
    "time_to_detection": 9000.0,
    "false_negative_rate": 1.0
  },
  "environment_params": {
    "Estrogen": 1.1261793609876722,
    "PTH": 48.71383610867602,
    "k_prod_Scl": 1.252368437097681e-06,
    "k_deg_Scl": 6.945180162191739e-05,
    "Sclerostin_bone": 0.022660328623993083,
    "k_prod_RANKL": 5.130235576493571e-06,
    "k_deg_RANKL": 2.5429952266242226e-05,
    "RANKL_bone": 0.4768061135347159,
    "k_prod_OPG": 4.332910342750408e-05,
    "k_deg_OPG": 1.844423346662465e-05,
    "OPG_bone": 4.164391489188482,
    "MineralIon": 2.5068166018831137,
    "k_prod_Mineral": 0.0790590609943335,
    "k_loss_Mineral": 0.02536674822026666,
    "k_prod_CTX": 4.558784354770602e-07,
    "k_deg_CTX": 1.8639049642704348e-05,
    "CTX_bone": 0.010431445342542195,
    "k_prod_P1NP": 1.2678989386172407e-07,
    "k_deg_P1NP": 2.324653744260104e-05,
    "P1NP_bone": 0.013754003505525495,
    "Sclerostin_sensor": 0.5665082155998271,
    "RANKL_sensor": 14.304183406041478,
    "OPG_sensor": 124.93174467565446,
    "CTX_sensor": 0.2607861335635549,
    "P1NP_sensor": 0.3438500876381374
  },
  "equilibration_check": {
    "Sclerostin_bone": 0.0010370872082053756,
    "RANKL_bone": 3.031697438092488e-05,
    "OPG_bone": 8.475788679703648e-05,
    "CTX_bone": 0.00015019323763356795,
    "P1NP_bone": 0.00014598702976662703,
    "Osteocytes": 3.2123456284066835e-05,
    "Osteoblasts": 4.5204172081598306e-06,
    "Osteoclasts": 5.5837830543030774e-05,
    "MineralIon": 4.522943331760668e-06,
    "Sclerostin_sensor": 0.0010375956610535388,
    "RANKL_sensor": 3.0338137172879738e-05,
    "OPG_sensor": 8.480126298879222e-05,
    "CTX_sensor": 0.00015021172393647192,
    "P1NP_sensor": 0.00014602672190246153
  },
  "sclerostin_mean": 0.5532446485858742,
  "sclerostin_max": 0.5631835596139726,
  "sclerostin_min": 0.5435294658504239,
  "sclerostin_std": 0.005689656254513534,
  "ctx_mean": 0.25990291847433555,
  "p1np_mean": 0.3427161462125943,
  "metadata_file": "metadata/31c68580-0b24-46dc-b8c5-029ae970e9b1.json",
  "timeseries_file": "timeseries/31c68580-0b24-46dc-b8c5-029ae970e9b1.csv",
  "instrumentation": {
    "biological_realization": {
      "rng_seed": 1953154290,
      "scenario": "healthy",
      "realization_hash": "cd03288bdc7a4666"
    },
    "stages": {
      "stage_0_ode": {
        "stage": "stage_0_ode",
        "description": "ODE concentration output",
        "mean_signal": 0.5532446485858742,
        "std_signal": 0.005689656254513534,
        "min_signal": 0.5435294658504239,
        "max_signal": 0.5631835596139726,
        "median_signal": 0.5531881512675884,
        "q25_signal": 0.5483167413646345,
        "q75_signal": 0.5581439226568639,
        "auc_total": 1991.6796162676833,
        "auc_per_second": 0.5532443378521342,
        "terminal_mean": 0.5444543205627673,
        "terminal_std": 0.0005496170049232334,
        "signal_range": 0.019654093763548652,
        "cv_coefficient": 0.010284159583028285,
        "species_tracked": "Sclerostin_sensor or Sclerostin_bone"
      },
      "stage_1_biosensor_clean": {
        "stage": "stage_1_biosensor_clean",
        "description": "Biosensor output (clean signal, no noise)",
        "mean_signal": 0.7730647321551499,
        "std_signal": 0.0030831122255064254,
        "min_signal": 0.7677787471911487,
        "max_signal": 0.778428636955016,
        "median_signal": 0.7730450341675006,
        "q25_signal": 0.7703969971536653,
        "q75_signal": 0.7757224976479385,
        "auc_total": 2783.032646159361,
        "auc_per_second": 0.7730646239331558,
        "terminal_mean": 0.7682857087145145,
        "terminal_std": 0.00030115842961528854,
        "signal_range": 0.01064988976386727,
        "cv_coefficient": 0.003988168257153996,
        "biosensor_type": "array",
        "kd": 1.4584295245653678,
        "sensitivity": 0.671051586488709
      },
      "stage_2_biosensor_noisy": {
        "stage": "stage_2_biosensor_noisy",
        "description": "Biosensor output (with noise injection)",
        "mean_signal": 0.8174122809782417,
        "std_signal": 0.1564380819829209,
        "min_signal": 0.3400902901762157,
        "max_signal": 1.2812345663391544,
        "median_signal": 0.8195050868108834,
        "q25_signal": 0.7108525097356213,
        "q75_signal": 0.9232582408707773,
        "auc_total": 2944.227862823646,
        "auc_per_second": 0.8178410730065683,
        "terminal_mean": 0.8379439011981151,
        "terminal_std": 0.1650120999854441,
        "signal_range": 0.9411442761629387,
        "cv_coefficient": 0.19138210377228848,
        "noise_preset": "realistic",
        "snr_db": 13.526077477682124
      },
      "stage_3_thresholded": {
        "stage": "stage_3_thresholded",
        "description": "Threshold crossing detection",
        "threshold": 1.4929180246220777,
        "fraction_above_threshold": 0.0,
        "time_to_first_crossing": 9000.0,
        "n_threshold_crossings": 0,
        "mean_signal_above": NaN,
        "std_signal_above": NaN,
        "mean_signal_below": 0.8174122809782417,
        "std_signal_below": 0.1564380819829209,
        "mean_margin_above_threshold": NaN,
        "mean_margin_below_threshold": -0.6755057436438359
      },
      "stage_4_ttd": {
        "stage": "stage_4_ttd",
        "description": "Time-to-detection assignment",
        "ttd_seconds": 9000.0,
        "detected": false,
        "is_sentinel": true
      }
    },
    "stage_deltas": {
      "delta_0_to_1": {
        "transition": "stage_0_ode->stage_1_biosensor_clean",
        "mean_delta": 0.21982008356927596,
        "std_delta": 0.002606577778717286,
        "max_delta": 0.22424928134072475,
        "rms_delta": 0.21983553713656026,
        "fraction_significantly_changed": 1.0
      },
      "delta_1_to_2": {
        "transition": "stage_1_biosensor_clean->stage_2_biosensor_noisy",
        "mean_delta": 0.04434754882309175,
        "std_delta": 0.15674371821286717,
        "max_delta": 0.5107205093973555,
        "rms_delta": 0.16289658770462692,
        "fraction_significantly_changed": 1.0
      },
      "delta_2_to_3": {
        "transition": "stage_2_biosensor_noisy->stage_3_thresholded",
        "mean_delta": -0.8174122809782417,
        "std_delta": 0.1564380819829209,
        "max_delta": 1.2812345663391544,
        "rms_delta": 0.8322473854501119,
        "fraction_significantly_changed": 1.0
      }
    },
    "propagation_integrity": {
      "stages_recorded": 5,
      "biological_hash_consistent": false,
      "all_stages_use_same_time": true
    }
  }
}