{
  "run_id": "3680efc5-6090-4873-8614-f3f7fbc16b40",
  "timestamp": "2026-06-27T17:23:23.164921",
  "scenario": "ckd_mbd",
  "biosensor_config": {
    "circuit_type": "array",
    "kd_scl": 9.534650934120238,
    "kd_ctx": 0.1525129284572397,
    "kd_p1np": 0.7214413998495969,
    "w_scl": 0.29007999957213815,
    "w_ctx": 0.253454636067887,
    "w_p1np": 0.4564653643599749,
    "sensitivity": 0.9888234791096927,
    "threshold": 1.7078538739185714,
    "dynamic_range": [
      0.0,
      3.559688887511693
    ],
    "kd": 9.534650934120238
  },
  "noise_preset": "realistic",
  "measurement": {
    "snr_db": 13.726667595002917,
    "n_detections": 0,
    "detection_rate": 0.0,
    "time_to_detection": 9000.0,
    "false_negative_rate": 1.0
  },
  "environment_params": {
    "Estrogen": 0.5247396868703805,
    "PTH": 255.99527196160608,
    "k_prod_Scl": 1.499504602333213e-06,
    "k_deg_Scl": 6.28076147162483e-05,
    "Sclerostin_bone": 0.023961689412452015,
    "k_prod_RANKL": 5.7765755804508196e-06,
    "k_deg_RANKL": 1.879476891490308e-05,
    "RANKL_bone": 0.9505584160633185,
    "k_prod_OPG": 0.00013332284540997104,
    "k_deg_OPG": 1.7894718668244125e-05,
    "OPG_bone": 5.495488157596147,
    "MineralIon": 3.211120753005464,
    "k_prod_Mineral": 0.1469000073811973,
    "k_loss_Mineral": 0.0586704044115816,
    "k_prod_CTX": 1.6719704953939413e-06,
    "k_deg_CTX": 1.0856274501493939e-05,
    "CTX_bone": 0.00540861286478383,
    "k_prod_P1NP": 7.493503762859301e-08,
    "k_deg_P1NP": 1.7143862716745812e-05,
    "P1NP_bone": 0.011645667283404828,
    "Sclerostin_sensor": 0.5990422353113004,
    "RANKL_sensor": 28.516752481899555,
    "OPG_sensor": 164.8646447278844,
    "CTX_sensor": 0.13521532161959574,
    "P1NP_sensor": 0.2911416820851207
  },
  "equilibration_check": {
    "Sclerostin_bone": 9.951022615177052e-05,
    "RANKL_bone": 1.9374399475574745e-05,
    "OPG_bone": 3.0774877797873296e-05,
    "CTX_bone": 0.0026132361007845644,
    "P1NP_bone": 0.00013030857394196816,
    "Osteocytes": 3.853259689628253e-05,
    "Osteoblasts": 5.1916785837417e-07,
    "Osteoclasts": 1.2598333179426193e-05,
    "MineralIon": 5.208128465191246e-07,
    "Sclerostin_sensor": 9.964081280757468e-05,
    "RANKL_sensor": 1.9382914854108256e-05,
    "OPG_sensor": 3.0787539420548067e-05,
    "CTX_sensor": 0.00261682687258762,
    "P1NP_sensor": 0.00013033243912282413
  },
  "sclerostin_mean": 0.6005048144063168,
  "sclerostin_max": 0.6015464073016673,
  "sclerostin_min": 0.5994190506261882,
  "sclerostin_std": 0.0006147500867495272,
  "ctx_mean": 0.14399622356944983,
  "p1np_mean": 0.29028827690232795,
  "metadata_file": "metadata/3680efc5-6090-4873-8614-f3f7fbc16b40.json",
  "timeseries_file": "timeseries/3680efc5-6090-4873-8614-f3f7fbc16b40.csv",
  "instrumentation": {
    "biological_realization": {
      "rng_seed": 1649682402,
      "scenario": "ckd_mbd",
      "realization_hash": "7382d9aef0035d45"
    },
    "stages": {
      "stage_0_ode": {
        "stage": "stage_0_ode",
        "description": "ODE concentration output",
        "mean_signal": 0.6005048144063168,
        "std_signal": 0.0006147500867495272,
        "min_signal": 0.5994190506261882,
        "max_signal": 0.6015464073016673,
        "median_signal": 0.6005157444613114,
        "q25_signal": 0.5999777129394899,
        "q75_signal": 0.6010376563798224,
        "auc_total": 2161.8175527171643,
        "auc_per_second": 0.6005048757547679,
        "terminal_mean": 0.6014483352082538,
        "terminal_std": 5.830022215378331e-05,
        "signal_range": 0.0021273566754791418,
        "cv_coefficient": 0.001023722161757011,
        "species_tracked": "Sclerostin_sensor or Sclerostin_bone"
      },
      "stage_1_biosensor_clean": {
        "stage": "stage_1_biosensor_clean",
        "description": "Biosensor output (clean signal, no noise)",
        "mean_signal": 1.0600462619813773,
        "std_signal": 0.0030213898561672666,
        "min_signal": 1.0547264476579508,
        "max_signal": 1.0651680134077361,
        "median_signal": 1.0600960496736571,
        "q25_signal": 1.0574510882327883,
        "q75_signal": 1.0626668847445575,
        "auc_total": 3816.167533447444,
        "auc_per_second": 1.0600465370687344,
        "terminal_mean": 1.0646865191126809,
        "terminal_std": 0.0002863073167060755,
        "signal_range": 0.010441565749785386,
        "cv_coefficient": 0.0028502433945853073,
        "biosensor_type": "array",
        "kd": 9.534650934120238,
        "sensitivity": 0.9888234791096927
      },
      "stage_2_biosensor_noisy": {
        "stage": "stage_2_biosensor_noisy",
        "description": "Biosensor output (with noise injection)",
        "mean_signal": 1.109952017889472,
        "std_signal": 0.21259446011991645,
        "min_signal": 0.39195303211485494,
        "max_signal": 1.7420491048985596,
        "median_signal": 1.115187851542284,
        "q25_signal": 0.9712648277372506,
        "q75_signal": 1.258195843050754,
        "auc_total": 3996.2026712015586,
        "auc_per_second": 1.1100562975559884,
        "terminal_mean": 1.1464190012656044,
        "terminal_std": 0.2207097996776183,
        "signal_range": 1.3500960727837046,
        "cv_coefficient": 0.1915348201484926,
        "noise_preset": "realistic",
        "snr_db": 13.726667595002917
      },
      "stage_3_thresholded": {
        "stage": "stage_3_thresholded",
        "description": "Threshold crossing detection",
        "threshold": 1.7078538739185714,
        "fraction_above_threshold": 0.002770083102493075,
        "time_to_first_crossing": 40.0,
        "n_threshold_crossings": 2,
        "mean_signal_above": 1.7420491048985596,
        "std_signal_above": 0.0,
        "mean_signal_below": 1.10819619264778,
        "std_signal_below": 0.21025939954925044,
        "mean_margin_above_threshold": 0.03419523097998822,
        "mean_margin_below_threshold": -0.5996576812707914
      },
      "stage_4_ttd": {
        "stage": "stage_4_ttd",
        "description": "Time-to-detection assignment",
        "ttd_seconds": 9000.0,
        "detected": false,
        "is_sentinel": true
      }
    },
    "stage_deltas": {
      "delta_0_to_1": {
        "transition": "stage_0_ode->stage_1_biosensor_clean",
        "mean_delta": 0.4595414475750605,
        "std_delta": 0.0024066407106379676,
        "max_delta": 0.46362160610606884,
        "rms_delta": 0.4595477493785517,
        "fraction_significantly_changed": 1.0
      },
      "delta_1_to_2": {
        "transition": "stage_1_biosensor_clean->stage_2_biosensor_noisy",
        "mean_delta": 0.04990575590809452,
        "std_delta": 0.2124867900873193,
        "max_delta": 0.6871998094162131,
        "rms_delta": 0.21826868862567253,
        "fraction_significantly_changed": 0.997229916897507
      },
      "delta_2_to_3": {
        "transition": "stage_2_biosensor_noisy->stage_3_thresholded",
        "mean_delta": -1.1051263971002792,
        "std_delta": 0.21789691265906516,
        "max_delta": 1.6528064965819698,
        "rms_delta": 1.1264028667018724,
        "fraction_significantly_changed": 0.997229916897507
      }
    },
    "propagation_integrity": {
      "stages_recorded": 5,
      "biological_hash_consistent": false,
      "all_stages_use_same_time": true
    }
  }
}