{
  "run_id": "383872d1-29ec-4d5f-bc8b-53d40e53f443",
  "timestamp": "2026-06-27T17:24:15.628177",
  "scenario": "pmo",
  "biosensor_config": {
    "circuit_type": "array",
    "kd_scl": 5.790367108156095,
    "kd_ctx": 0.9333239151240814,
    "kd_p1np": 3.865601221574937,
    "w_scl": 0.35705959562703493,
    "w_ctx": 0.01845720839960774,
    "w_p1np": 0.6244831959733574,
    "sensitivity": 0.6882596443883655,
    "threshold": 1.5714040216936234,
    "dynamic_range": [
      0.0,
      2.80582550713588
    ],
    "kd": 5.790367108156095
  },
  "noise_preset": "realistic",
  "measurement": {
    "snr_db": 13.57988969478664,
    "n_detections": 0,
    "detection_rate": 0.0,
    "time_to_detection": 9000.0,
    "false_negative_rate": 1.0
  },
  "environment_params": {
    "Estrogen": 0.20838297899814795,
    "PTH": 63.772338080552444,
    "k_prod_Scl": 6.50647793794473e-07,
    "k_deg_Scl": 6.097212536436731e-05,
    "Sclerostin_bone": 0.02411970205373733,
    "k_prod_RANKL": 3.823358796004948e-06,
    "k_deg_RANKL": 2.0570898959083386e-05,
    "RANKL_bone": 1.0395498247251034,
    "k_prod_OPG": 6.013374534766979e-05,
    "k_deg_OPG": 2.1430156167686035e-05,
    "OPG_bone": 4.958475449881057,
    "MineralIon": 2.437541287080775,
    "k_prod_Mineral": 0.06758503139516235,
    "k_loss_Mineral": 0.02252808937300706,
    "k_prod_CTX": 1.1095756585453104e-06,
    "k_deg_CTX": 2.1795035803733287e-05,
    "CTX_bone": 0.01072122186981227,
    "k_prod_P1NP": 1.4617617782329898e-07,
    "k_deg_P1NP": 2.3028734290519008e-05,
    "P1NP_bone": 0.016758460981256405,
    "Sclerostin_sensor": 0.6029925513434332,
    "RANKL_sensor": 31.1864947417531,
    "OPG_sensor": 148.7542634964317,
    "CTX_sensor": 0.26803054674530674,
    "P1NP_sensor": 0.4189615245314101
  },
  "equilibration_check": {
    "Sclerostin_bone": 0.0006206577089639491,
    "RANKL_bone": 8.852027288985523e-05,
    "OPG_bone": 0.00016968343618097074,
    "CTX_bone": 0.0004871178732397602,
    "P1NP_bone": 0.00016946038399191953,
    "Osteocytes": 4.105761305606651e-05,
    "Osteoblasts": 3.0738148602347736e-06,
    "Osteoclasts": 7.053991862313193e-05,
    "MineralIon": 3.075920852648964e-06,
    "Sclerostin_sensor": 0.0006214272665008488,
    "RANKL_sensor": 8.855712950204553e-05,
    "OPG_sensor": 0.000169746206813929,
    "CTX_sensor": 0.000487342688188653,
    "P1NP_sensor": 0.00016950191541459822
  },
  "sclerostin_mean": 0.6120477336381929,
  "sclerostin_max": 0.6186555237541882,
  "sclerostin_min": 0.6052728644280886,
  "sclerostin_std": 0.003872494859300796,
  "ctx_mean": 0.27098345502031296,
  "p1np_mean": 0.4173602074674969,
  "metadata_file": "metadata/383872d1-29ec-4d5f-bc8b-53d40e53f443.json",
  "timeseries_file": "timeseries/383872d1-29ec-4d5f-bc8b-53d40e53f443.csv",
  "instrumentation": {
    "biological_realization": {
      "rng_seed": 1207705087,
      "scenario": "pmo",
      "realization_hash": "783eca84b782839f"
    },
    "stages": {
      "stage_0_ode": {
        "stage": "stage_0_ode",
        "description": "ODE concentration output",
        "mean_signal": 0.6120477336381929,
        "std_signal": 0.003872494859300796,
        "min_signal": 0.6052728644280886,
        "max_signal": 0.6186555237541882,
        "median_signal": 0.6120895951561748,
        "q25_signal": 0.6087155016531346,
        "q75_signal": 0.6154014756684296,
        "auc_total": 2203.3726764929643,
        "auc_per_second": 0.6120479656924901,
        "terminal_mean": 0.61802679476286,
        "terminal_std": 0.0003736246631016383,
        "signal_range": 0.01338265932609961,
        "cv_coefficient": 0.006327112488892885,
        "species_tracked": "Sclerostin_sensor or Sclerostin_bone"
      },
      "stage_1_biosensor_clean": {
        "stage": "stage_1_biosensor_clean",
        "description": "Biosensor output (clean signal, no noise)",
        "mean_signal": 0.9069057822175328,
        "std_signal": 0.0015116234600022099,
        "min_signal": 0.9042473860664705,
        "max_signal": 0.9094722548508821,
        "median_signal": 0.9069287885042808,
        "q25_signal": 0.9056070880382161,
        "q75_signal": 0.9082163124495024,
        "auc_total": 3264.861275600707,
        "auc_per_second": 0.9069059098890853,
        "terminal_mean": 0.9092302226222458,
        "terminal_std": 0.00014389217751348745,
        "signal_range": 0.00522486878441164,
        "cv_coefficient": 0.001666792173610409,
        "biosensor_type": "array",
        "kd": 5.790367108156095,
        "sensitivity": 0.6882596443883655
      },
      "stage_2_biosensor_noisy": {
        "stage": "stage_2_biosensor_noisy",
        "description": "Biosensor output (with noise injection)",
        "mean_signal": 0.9401175981706845,
        "std_signal": 0.1872299748847234,
        "min_signal": 0.3036154324170557,
        "max_signal": 1.3542018893892889,
        "median_signal": 0.9368709859262655,
        "q25_signal": 0.8105178951941285,
        "q75_signal": 1.0825871060195427,
        "auc_total": 3385.1217014504396,
        "auc_per_second": 0.9403115837362332,
        "terminal_mean": 1.01736385961026,
        "terminal_std": 0.18371039884095558,
        "signal_range": 1.0505864569722332,
        "cv_coefficient": 0.19915590905759278,
        "noise_preset": "realistic",
        "snr_db": 13.57988969478664
      },
      "stage_3_thresholded": {
        "stage": "stage_3_thresholded",
        "description": "Threshold crossing detection",
        "threshold": 1.5714040216936234,
        "fraction_above_threshold": 0.0,
        "time_to_first_crossing": 9000.0,
        "n_threshold_crossings": 0,
        "mean_signal_above": NaN,
        "std_signal_above": NaN,
        "mean_signal_below": 0.9401175981706845,
        "std_signal_below": 0.1872299748847234,
        "mean_margin_above_threshold": NaN,
        "mean_margin_below_threshold": -0.6312864235229387
      },
      "stage_4_ttd": {
        "stage": "stage_4_ttd",
        "description": "Time-to-detection assignment",
        "ttd_seconds": 9000.0,
        "detected": false,
        "is_sentinel": true
      }
    },
    "stage_deltas": {
      "delta_0_to_1": {
        "transition": "stage_0_ode->stage_1_biosensor_clean",
        "mean_delta": 0.29485804857933995,
        "std_delta": 0.0023608908648515047,
        "max_delta": 0.2989745216383819,
        "rms_delta": 0.294867500104186,
        "fraction_significantly_changed": 1.0
      },
      "delta_1_to_2": {
        "transition": "stage_1_biosensor_clean->stage_2_biosensor_noisy",
        "mean_delta": 0.033211815953151876,
        "std_delta": 0.18699219446945384,
        "max_delta": 0.6013772480161362,
        "rms_delta": 0.18991868131231346,
        "fraction_significantly_changed": 0.997229916897507
      },
      "delta_2_to_3": {
        "transition": "stage_2_biosensor_noisy->stage_3_thresholded",
        "mean_delta": -0.9401175981706845,
        "std_delta": 0.1872299748847234,
        "max_delta": 1.3542018893892889,
        "rms_delta": 0.9585802845278799,
        "fraction_significantly_changed": 1.0
      }
    },
    "propagation_integrity": {
      "stages_recorded": 5,
      "biological_hash_consistent": false,
      "all_stages_use_same_time": true
    }
  }
}