{
  "run_id": "38d77064-e2e5-4d19-b8c9-a3dfae6bf5af",
  "timestamp": "2026-06-27T17:22:57.768083",
  "scenario": "healthy",
  "biosensor_config": {
    "circuit_type": "array",
    "kd_scl": 0.6385625985584373,
    "kd_ctx": 0.2432020996807297,
    "kd_p1np": 0.8889867940696821,
    "w_scl": 0.8052662698285004,
    "w_ctx": 0.11404651222147344,
    "w_p1np": 0.0806872179500261,
    "sensitivity": 4.5895469970460425,
    "threshold": 5.257455637019385,
    "dynamic_range": [
      0.0,
      15.387449694030403
    ],
    "kd": 0.6385625985584373
  },
  "noise_preset": "realistic",
  "measurement": {
    "snr_db": 10.222903636708569,
    "n_detections": 1,
    "detection_rate": 1.0,
    "time_to_detection": 580.0,
    "false_negative_rate": 0.04
  },
  "environment_params": {
    "Estrogen": 1.1081551816588642,
    "PTH": 46.33393390712359,
    "k_prod_Scl": 1.402426219958666e-06,
    "k_deg_Scl": 8.590994375943209e-05,
    "Sclerostin_bone": 0.025956404360588575,
    "k_prod_RANKL": 4.227520308056403e-06,
    "k_deg_RANKL": 2.119052151692638e-05,
    "RANKL_bone": 0.48744834754838995,
    "k_prod_OPG": 5.3994791797015925e-05,
    "k_deg_OPG": 2.0210090767673618e-05,
    "OPG_bone": 4.128321413721323,
    "MineralIon": 2.0048080901996217,
    "k_prod_Mineral": 0.09841627852949064,
    "k_loss_Mineral": 0.024198133215357173,
    "k_prod_CTX": 5.022540604276896e-07,
    "k_deg_CTX": 1.7549483128683975e-05,
    "CTX_bone": 0.003781680312921824,
    "k_prod_P1NP": 1.4578526810217962e-07,
    "k_deg_P1NP": 1.792991550110677e-05,
    "P1NP_bone": 0.01173840572408266,
    "Sclerostin_sensor": 0.6489101090147144,
    "RANKL_sensor": 14.623450426451699,
    "OPG_sensor": 123.84964241163968,
    "CTX_sensor": 0.0945420078230456,
    "P1NP_sensor": 0.29346014310206653
  },
  "equilibration_check": {
    "Sclerostin_bone": 0.0015095039113827765,
    "RANKL_bone": 4.112063269676842e-05,
    "OPG_bone": 0.00019427446169230234,
    "CTX_bone": 0.000711656000958481,
    "P1NP_bone": 0.00020120569479117501,
    "Osteocytes": 3.480002202753661e-05,
    "Osteoblasts": 7.383659601783484e-06,
    "Osteoclasts": 0.00011093179515679747,
    "MineralIon": 7.386559806674109e-06,
    "Sclerostin_sensor": 0.0015102700130580269,
    "RANKL_sensor": 4.114446344588927e-05,
    "OPG_sensor": 0.00019440294361679973,
    "CTX_sensor": 0.000712136641632665,
    "P1NP_sensor": 0.0002012736170044082
  },
  "sclerostin_mean": 0.6269164239939339,
  "sclerostin_max": 0.6433667508106148,
  "sclerostin_min": 0.6109297187043936,
  "sclerostin_std": 0.00938981951369907,
  "ctx_mean": 0.09610934910331663,
  "p1np_mean": 0.2948090473959122,
  "metadata_file": "metadata/38d77064-e2e5-4d19-b8c9-a3dfae6bf5af.json",
  "timeseries_file": "timeseries/38d77064-e2e5-4d19-b8c9-a3dfae6bf5af.csv",
  "instrumentation": {
    "biological_realization": {
      "rng_seed": 361177947,
      "scenario": "healthy",
      "realization_hash": "56ed31ea5a879f2c"
    },
    "stages": {
      "stage_0_ode": {
        "stage": "stage_0_ode",
        "description": "ODE concentration output",
        "mean_signal": 0.6269164239939339,
        "std_signal": 0.00938981951369907,
        "min_signal": 0.6109297187043936,
        "max_signal": 0.6433667508106148,
        "median_signal": 0.6267994223319673,
        "q25_signal": 0.6187783162462993,
        "q75_signal": 0.6349951682588723,
        "auc_total": 2256.8968082705264,
        "auc_per_second": 0.6269157800751463,
        "terminal_mean": 0.6124435811005522,
        "terminal_std": 0.0008998922314380781,
        "signal_range": 0.032437032106221175,
        "cv_coefficient": 0.014977785162938923,
        "species_tracked": "Sclerostin_sensor or Sclerostin_bone"
      },
      "stage_1_biosensor_clean": {
        "stage": "stage_1_biosensor_clean",
        "description": "Biosensor output (clean signal, no noise)",
        "mean_signal": 5.60333745890331,
        "std_signal": 0.03523669953333693,
        "min_signal": 5.542833310614924,
        "max_signal": 5.664544799487436,
        "median_signal": 5.603159665068161,
        "q25_signal": 5.572858464103579,
        "q75_signal": 5.6337265262558285,
        "auc_total": 20172.011336090436,
        "auc_per_second": 5.603336482247343,
        "terminal_mean": 5.5486514017463175,
        "terminal_std": 0.0034557728305705604,
        "signal_range": 0.12171148887251171,
        "cv_coefficient": 0.006288519974349982,
        "biosensor_type": "array",
        "kd": 0.6385625985584373,
        "sensitivity": 4.5895469970460425
      },
      "stage_2_biosensor_noisy": {
        "stage": "stage_2_biosensor_noisy",
        "description": "Biosensor output (with noise injection)",
        "mean_signal": 5.857316541609033,
        "std_signal": 1.7038843874872693,
        "min_signal": -15.03106755341128,
        "max_signal": 8.891625806958935,
        "median_signal": 5.991556569898312,
        "q25_signal": 5.20617047380434,
        "q75_signal": 6.828230965646166,
        "auc_total": 21085.304201537314,
        "auc_per_second": 5.857028944871476,
        "terminal_mean": 6.2009894544043,
        "terminal_std": 0.9793758046615532,
        "signal_range": 23.922693360370214,
        "cv_coefficient": 0.2908984644048628,
        "noise_preset": "realistic",
        "snr_db": 10.222903636708569
      },
      "stage_3_thresholded": {
        "stage": "stage_3_thresholded",
        "description": "Threshold crossing detection",
        "threshold": 5.257455637019385,
        "fraction_above_threshold": 0.7368421052631579,
        "time_to_first_crossing": 0.0,
        "n_threshold_crossings": 128,
        "mean_signal_above": 6.468004038043225,
        "std_signal_above": 0.7858981634819155,
        "mean_signal_below": 4.147391551593296,
        "std_signal_below": 2.3097163796370572,
        "mean_margin_above_threshold": 1.2105484010238403,
        "mean_margin_below_threshold": -1.1100640854260877
      },
      "stage_4_ttd": {
        "stage": "stage_4_ttd",
        "description": "Time-to-detection assignment",
        "ttd_seconds": 580.0,
        "detected": true,
        "is_sentinel": false
      }
    },
    "stage_deltas": {
      "delta_0_to_1": {
        "transition": "stage_0_ode->stage_1_biosensor_clean",
        "mean_delta": 4.976421034909376,
        "std_delta": 0.0258471616610225,
        "max_delta": 5.021178048676821,
        "rms_delta": 4.976488158576733,
        "fraction_significantly_changed": 1.0
      },
      "delta_1_to_2": {
        "transition": "stage_1_biosensor_clean->stage_2_biosensor_noisy",
        "mean_delta": 0.25397908270572356,
        "std_delta": 1.708259582777825,
        "max_delta": 20.653896218662133,
        "rms_delta": 1.7270368197013952,
        "fraction_significantly_changed": 1.0
      },
      "delta_2_to_3": {
        "transition": "stage_2_biosensor_noisy->stage_3_thresholded",
        "mean_delta": -1.0914188293666571,
        "std_delta": 2.1769791481985,
        "max_delta": 15.03106755341128,
        "rms_delta": 2.435248092656506,
        "fraction_significantly_changed": 0.2631578947368421
      }
    },
    "propagation_integrity": {
      "stages_recorded": 5,
      "biological_hash_consistent": false,
      "all_stages_use_same_time": true
    }
  }
}