{
  "run_id": "39168c37-2b25-43bf-9be5-cc0a3c220d91",
  "timestamp": "2026-06-27T17:24:00.463143",
  "scenario": "ckd_mbd",
  "biosensor_config": {
    "circuit_type": "array",
    "kd_scl": 3.5725633349610653,
    "kd_ctx": 0.6700203734908203,
    "kd_p1np": 3.528925414971795,
    "w_scl": 0.39114926749027973,
    "w_ctx": 0.4118595264158784,
    "w_p1np": 0.19699120609384196,
    "sensitivity": 2.310442714749036,
    "threshold": 3.38350404525967,
    "dynamic_range": [
      0.0,
      9.612464009921553
    ],
    "kd": 3.5725633349610653
  },
  "noise_preset": "realistic",
  "measurement": {
    "snr_db": 10.094539070058858,
    "n_detections": 1,
    "detection_rate": 1.0,
    "time_to_detection": 370.0,
    "false_negative_rate": 0.0
  },
  "environment_params": {
    "Estrogen": 0.589844523614435,
    "PTH": 240.90673440657264,
    "k_prod_Scl": 1.8947125060868282e-06,
    "k_deg_Scl": 6.327219805489108e-05,
    "Sclerostin_bone": 0.04289240315382513,
    "k_prod_RANKL": 5.964078595436742e-06,
    "k_deg_RANKL": 2.353781322196287e-05,
    "RANKL_bone": 0.7746460629163738,
    "k_prod_OPG": 0.00013316908679284931,
    "k_deg_OPG": 1.9754594039700145e-05,
    "OPG_bone": 5.003593503653317,
    "MineralIon": 4.155317190205397,
    "k_prod_Mineral": 0.16303595641569307,
    "k_loss_Mineral": 0.05443113514359,
    "k_prod_CTX": 6.116259529675274e-07,
    "k_deg_CTX": 1.1069049774123237e-05,
    "CTX_bone": 0.01642472961298808,
    "k_prod_P1NP": 1.0349807610492021e-07,
    "k_deg_P1NP": 1.5278608283872953e-05,
    "P1NP_bone": 0.02528732225078703,
    "Sclerostin_sensor": 1.0723100788456281,
    "RANKL_sensor": 23.239381887491216,
    "OPG_sensor": 150.1078051095995,
    "CTX_sensor": 0.410618240324702,
    "P1NP_sensor": 0.6321830562696757
  },
  "equilibration_check": {
    "Sclerostin_bone": 0.0005980548834875522,
    "RANKL_bone": 5.1968945830310856e-05,
    "OPG_bone": 2.3736664133896935e-06,
    "CTX_bone": 5.6292829939476426e-05,
    "P1NP_bone": 0.00021636504492481947,
    "Osteocytes": 6.383772358588432e-05,
    "Osteoblasts": 4.9887819390716634e-06,
    "Osteoclasts": 1.2427009270058443e-05,
    "MineralIon": 4.989205200264007e-06,
    "Sclerostin_sensor": 0.000598387751019821,
    "RANKL_sensor": 5.1999692844896975e-05,
    "OPG_sensor": 2.3772875914998673e-06,
    "CTX_sensor": 5.6305509625485276e-05,
    "P1NP_sensor": 0.0002163909264144875
  },
  "sclerostin_mean": 1.0577446743868957,
  "sclerostin_max": 1.068682399153188,
  "sclerostin_min": 1.0469983969956236,
  "sclerostin_std": 0.006279013813641603,
  "ctx_mean": 0.4111204266266584,
  "p1np_mean": 0.6291188542280992,
  "metadata_file": "metadata/39168c37-2b25-43bf-9be5-cc0a3c220d91.json",
  "timeseries_file": "timeseries/39168c37-2b25-43bf-9be5-cc0a3c220d91.csv",
  "instrumentation": {
    "biological_realization": {
      "rng_seed": 1012170070,
      "scenario": "ckd_mbd",
      "realization_hash": "9b1492ccc00c2743"
    },
    "stages": {
      "stage_0_ode": {
        "stage": "stage_0_ode",
        "description": "ODE concentration output",
        "mean_signal": 1.0577446743868957,
        "std_signal": 0.006279013813641603,
        "min_signal": 1.0469983969956236,
        "max_signal": 1.068682399153188,
        "median_signal": 1.057695985899303,
        "q25_signal": 1.0523084582237756,
        "q75_signal": 1.0631565243513592,
        "auc_total": 3807.87987055595,
        "auc_per_second": 1.0577444084877639,
        "terminal_mean": 1.04802523854515,
        "terminal_std": 0.0006101296781226273,
        "signal_range": 0.021684002157564386,
        "cv_coefficient": 0.005936228246463287,
        "species_tracked": "Sclerostin_sensor or Sclerostin_bone"
      },
      "stage_1_biosensor_clean": {
        "stage": "stage_1_biosensor_clean",
        "description": "Biosensor output (clean signal, no noise)",
        "mean_signal": 4.5104973099000345,
        "std_signal": 0.010786801038839373,
        "min_signal": 4.491999418539906,
        "max_signal": 4.5292511155267,
        "median_signal": 4.510432138530181,
        "q25_signal": 4.501162953212775,
        "q75_signal": 4.519799139297449,
        "auc_total": 16237.789036068789,
        "auc_per_second": 4.5104969544635525,
        "terminal_mean": 4.4937734238218185,
        "terminal_std": 0.0010538778098081582,
        "signal_range": 0.03725169698679398,
        "cv_coefficient": 0.0023914881880460403,
        "biosensor_type": "array",
        "kd": 3.5725633349610653,
        "sensitivity": 2.310442714749036
      },
      "stage_2_biosensor_noisy": {
        "stage": "stage_2_biosensor_noisy",
        "description": "Biosensor output (with noise injection)",
        "mean_signal": 4.8028910500450115,
        "std_signal": 1.3783268851421484,
        "min_signal": 2.234927551096448,
        "max_signal": 23.68541294331021,
        "median_signal": 4.689826053861578,
        "q25_signal": 4.028112013896198,
        "q75_signal": 5.457543100919906,
        "auc_total": 17292.088828903845,
        "auc_per_second": 4.803358008028845,
        "terminal_mean": 5.520096744794389,
        "terminal_std": 3.197369997833699,
        "signal_range": 21.450485392213764,
        "cv_coefficient": 0.2869785866013411,
        "noise_preset": "realistic",
        "snr_db": 10.094539070058858
      },
      "stage_3_thresholded": {
        "stage": "stage_3_thresholded",
        "description": "Threshold crossing detection",
        "threshold": 3.38350404525967,
        "fraction_above_threshold": 0.9307479224376731,
        "time_to_first_crossing": 0.0,
        "n_threshold_crossings": 46,
        "mean_signal_above": 4.934441285761,
        "std_signal_above": 1.336232237010425,
        "mean_signal_below": 3.0348558820221188,
        "std_signal_below": 0.27752233918099883,
        "mean_margin_above_threshold": 1.5509372405013304,
        "mean_margin_below_threshold": -0.3486481632375514
      },
      "stage_4_ttd": {
        "stage": "stage_4_ttd",
        "description": "Time-to-detection assignment",
        "ttd_seconds": 370.0,
        "detected": true,
        "is_sentinel": false
      }
    },
    "stage_deltas": {
      "delta_0_to_1": {
        "transition": "stage_0_ode->stage_1_biosensor_clean",
        "mean_delta": 3.452752635513138,
        "std_delta": 0.004507804794502656,
        "max_delta": 3.460568716373512,
        "rms_delta": 3.4527555781356702,
        "fraction_significantly_changed": 1.0
      },
      "delta_1_to_2": {
        "transition": "stage_1_biosensor_clean->stage_2_biosensor_noisy",
        "mean_delta": 0.2923937401449773,
        "std_delta": 1.3802739180515102,
        "max_delta": 19.190675876763898,
        "rms_delta": 1.4109040322180795,
        "fraction_significantly_changed": 0.997229916897507
      },
      "delta_2_to_3": {
        "transition": "stage_2_biosensor_noisy->stage_3_thresholded",
        "mean_delta": -0.2101700749322797,
        "std_delta": 0.7739496942132723,
        "max_delta": 3.3726580401215314,
        "rms_delta": 0.8019785468264458,
        "fraction_significantly_changed": 0.06925207756232687
      }
    },
    "propagation_integrity": {
      "stages_recorded": 5,
      "biological_hash_consistent": false,
      "all_stages_use_same_time": true
    }
  }
}