{
  "run_id": "3d76d951-78b9-4932-a1dc-7b9fe4b26088",
  "timestamp": "2026-06-27T17:23:22.484241",
  "scenario": "pmo",
  "biosensor_config": {
    "circuit_type": "array",
    "kd_scl": 1.2570315839608863,
    "kd_ctx": 0.21470389269146117,
    "kd_p1np": 5.420368770078272,
    "w_scl": 0.30996718167096105,
    "w_ctx": 0.42078444834938705,
    "w_p1np": 0.2692483699796519,
    "sensitivity": 2.7491603111408307,
    "threshold": 3.4441860825562305,
    "dynamic_range": [
      0.0,
      9.382557406193222
    ],
    "kd": 1.2570315839608863
  },
  "noise_preset": "realistic",
  "measurement": {
    "snr_db": 13.235243016823297,
    "n_detections": 1,
    "detection_rate": 1.0,
    "time_to_detection": 240.0,
    "false_negative_rate": 0.0
  },
  "environment_params": {
    "Estrogen": 0.1910540552719946,
    "PTH": 61.42128017814735,
    "k_prod_Scl": 5.470450328366636e-07,
    "k_deg_Scl": 7.321192830410081e-05,
    "Sclerostin_bone": 0.06025963779806809,
    "k_prod_RANKL": 4.111697780846352e-06,
    "k_deg_RANKL": 1.9903200340864543e-05,
    "RANKL_bone": 0.7686553212121947,
    "k_prod_OPG": 6.757176524812838e-05,
    "k_deg_OPG": 1.9286167008008817e-05,
    "OPG_bone": 3.6252813031273847,
    "MineralIon": 2.7140165356178425,
    "k_prod_Mineral": 0.07596257072152099,
    "k_loss_Mineral": 0.0266321496573133,
    "k_prod_CTX": 1.69291835263021e-06,
    "k_deg_CTX": 1.785619615738481e-05,
    "CTX_bone": 0.0384191310005536,
    "k_prod_P1NP": 1.710158813444815e-07,
    "k_deg_P1NP": 2.03944645895945e-05,
    "P1NP_bone": 0.016491524636562734,
    "Sclerostin_sensor": 1.506490944951702,
    "RANKL_sensor": 23.05965963636584,
    "OPG_sensor": 108.75843909382154,
    "CTX_sensor": 0.96047827501384,
    "P1NP_sensor": 0.41228811591406833
  },
  "equilibration_check": {
    "Sclerostin_bone": 0.0013110627448724886,
    "RANKL_bone": 0.00014878408917066418,
    "OPG_bone": 8.617850949609829e-05,
    "CTX_bone": 3.5322460689567894e-06,
    "P1NP_bone": 3.271014513720038e-06,
    "Osteocytes": 8.267531327049322e-05,
    "Osteoblasts": 1.4862849094229647e-05,
    "Osteoclasts": 2.6658086059012394e-06,
    "MineralIon": 1.486371997799266e-05,
    "Sclerostin_sensor": 0.0013115923149723421,
    "RANKL_sensor": 0.00014886941547392213,
    "OPG_sensor": 8.621866011522719e-05,
    "CTX_sensor": 3.533817523196525e-06,
    "P1NP_sensor": 3.2676190854084037e-06
  },
  "sclerostin_mean": 1.4623054254853576,
  "sclerostin_max": 1.495414501210669,
  "sclerostin_min": 1.4299592385322941,
  "sclerostin_std": 0.018949848686311024,
  "ctx_mean": 0.9602767088196378,
  "p1np_mean": 0.41232233672349483,
  "metadata_file": "metadata/3d76d951-78b9-4932-a1dc-7b9fe4b26088.json",
  "timeseries_file": "timeseries/3d76d951-78b9-4932-a1dc-7b9fe4b26088.csv",
  "instrumentation": {
    "biological_realization": {
      "rng_seed": 268862482,
      "scenario": "pmo",
      "realization_hash": "9a7851b28c2ceec3"
    },
    "stages": {
      "stage_0_ode": {
        "stage": "stage_0_ode",
        "description": "ODE concentration output",
        "mean_signal": 1.4623054254853576,
        "std_signal": 0.018949848686311024,
        "min_signal": 1.4299592385322941,
        "max_signal": 1.495414501210669,
        "median_signal": 1.4621125314896626,
        "q25_signal": 1.4458906763589203,
        "q75_signal": 1.4786226462632048,
        "auc_total": 5264.295717303426,
        "auc_per_second": 1.4623043659176183,
        "terminal_mean": 1.433036204492331,
        "terminal_std": 0.0018286489690106545,
        "signal_range": 0.06545526267837487,
        "cv_coefficient": 0.012958885576193038,
        "species_tracked": "Sclerostin_sensor or Sclerostin_bone"
      },
      "stage_1_biosensor_clean": {
        "stage": "stage_1_biosensor_clean",
        "description": "Biosensor output (clean signal, no noise)",
        "mean_signal": 4.817249231483348,
        "std_signal": 0.011933514127442025,
        "min_signal": 4.796716848885683,
        "max_signal": 4.837933474285114,
        "median_signal": 4.817210537204312,
        "q25_signal": 4.806931793391353,
        "q75_signal": 4.8275473445802515,
        "auc_total": 17342.096474039034,
        "auc_per_second": 4.817249020566398,
        "terminal_mean": 4.798698328926104,
        "terminal_std": 0.0011767300549956044,
        "signal_range": 0.04121662539943127,
        "cv_coefficient": 0.0024772465683216074,
        "biosensor_type": "array",
        "kd": 1.2570315839608863,
        "sensitivity": 2.7491603111408307
      },
      "stage_2_biosensor_noisy": {
        "stage": "stage_2_biosensor_noisy",
        "description": "Biosensor output (with noise injection)",
        "mean_signal": 4.939444696418289,
        "std_signal": 1.0416154854647819,
        "min_signal": 2.0257958686591353,
        "max_signal": 7.8101793232938235,
        "median_signal": 4.991266115827144,
        "q25_signal": 4.2668928692787915,
        "q75_signal": 5.681193785258283,
        "auc_total": 17782.262151728217,
        "auc_per_second": 4.939517264368949,
        "terminal_mean": 4.857414077346226,
        "terminal_std": 1.0478387619829843,
        "signal_range": 5.784383454634688,
        "cv_coefficient": 0.21087704174926433,
        "noise_preset": "realistic",
        "snr_db": 13.235243016823297
      },
      "stage_3_thresholded": {
        "stage": "stage_3_thresholded",
        "description": "Threshold crossing detection",
        "threshold": 3.4441860825562305,
        "fraction_above_threshold": 0.9141274238227147,
        "time_to_first_crossing": 0.0,
        "n_threshold_crossings": 60,
        "mean_signal_above": 5.122466964218975,
        "std_signal_above": 0.8842678883773892,
        "mean_signal_below": 2.9911431359593728,
        "std_signal_below": 0.3979167375381338,
        "mean_margin_above_threshold": 1.678280881662744,
        "mean_margin_below_threshold": -0.453042946596857
      },
      "stage_4_ttd": {
        "stage": "stage_4_ttd",
        "description": "Time-to-detection assignment",
        "ttd_seconds": 240.0,
        "detected": true,
        "is_sentinel": false
      }
    },
    "stage_deltas": {
      "delta_0_to_1": {
        "transition": "stage_0_ode->stage_1_biosensor_clean",
        "mean_delta": 3.3549438059979915,
        "std_delta": 0.007016955141143224,
        "max_delta": 3.3667576103533885,
        "rms_delta": 3.3549511440651023,
        "fraction_significantly_changed": 1.0
      },
      "delta_1_to_2": {
        "transition": "stage_1_biosensor_clean->stage_2_biosensor_noisy",
        "mean_delta": 0.12219546493494003,
        "std_delta": 1.0424946572696572,
        "max_delta": 3.0015442648754087,
        "rms_delta": 1.0496317649949654,
        "fraction_significantly_changed": 0.9944598337950139
      },
      "delta_2_to_3": {
        "transition": "stage_2_biosensor_noisy->stage_3_thresholded",
        "mean_delta": -0.2568571667998354,
        "std_delta": 0.8461192682129041,
        "max_delta": 3.443069262970829,
        "rms_delta": 0.8842473749904937,
        "fraction_significantly_changed": 0.08587257617728532
      }
    },
    "propagation_integrity": {
      "stages_recorded": 5,
      "biological_hash_consistent": false,
      "all_stages_use_same_time": true
    }
  }
}