{
  "run_id": "3e4de06a-c360-404f-81e1-ce0c780338d1",
  "timestamp": "2026-06-27T17:23:43.100059",
  "scenario": "pmo_mild",
  "biosensor_config": {
    "circuit_type": "array",
    "kd_scl": 5.986144887005385,
    "kd_ctx": 1.981739417967024,
    "kd_p1np": 0.2958994025413549,
    "w_scl": 0.6697366721514777,
    "w_ctx": 0.32832362307769386,
    "w_p1np": 0.0019397047708283755,
    "sensitivity": 0.6355341954693575,
    "threshold": 2.1014262454804022,
    "dynamic_range": [
      0.0,
      3.204768620707319
    ],
    "kd": 5.986144887005385
  },
  "noise_preset": "realistic",
  "measurement": {
    "snr_db": 13.264378294221292,
    "n_detections": 0,
    "detection_rate": 0.0,
    "time_to_detection": 9000.0,
    "false_negative_rate": 1.0
  },
  "environment_params": {
    "Estrogen": 0.6418205997955959,
    "PTH": 64.00865421935468,
    "k_prod_Scl": 2.2017940967500896e-06,
    "k_deg_Scl": 7.497903070565426e-05,
    "Sclerostin_bone": 0.025671070496980006,
    "k_prod_RANKL": 3.199798831532332e-06,
    "k_deg_RANKL": 2.1267824128059126e-05,
    "RANKL_bone": 0.40784385591056527,
    "k_prod_OPG": 4.340893303162012e-05,
    "k_deg_OPG": 1.6804794654113955e-05,
    "OPG_bone": 4.564108895547153,
    "MineralIon": 2.4751444878587296,
    "k_prod_Mineral": 0.08673391502456099,
    "k_loss_Mineral": 0.02511702100461968,
    "k_prod_CTX": 8.25088991729561e-07,
    "k_deg_CTX": 1.9503991019087407e-05,
    "CTX_bone": 0.016281591498789636,
    "k_prod_P1NP": 2.2058243932599293e-07,
    "k_deg_P1NP": 1.668851771211123e-05,
    "P1NP_bone": 0.02544151600451923,
    "Sclerostin_sensor": 0.6417767624245002,
    "RANKL_sensor": 12.235315677316958,
    "OPG_sensor": 136.9232668664146,
    "CTX_sensor": 0.4070397874697409,
    "P1NP_sensor": 0.6360379001129808
  },
  "equilibration_check": {
    "Sclerostin_bone": 0.0011320843774135616,
    "RANKL_bone": 1.6569772577511312e-06,
    "OPG_bone": 2.114742796306295e-05,
    "CTX_bone": 0.0001724972276411582,
    "P1NP_bone": 1.6716535281318413e-05,
    "Osteocytes": 4.618388666796454e-05,
    "Osteoblasts": 6.097055367667321e-06,
    "Osteoclasts": 8.923918145895572e-06,
    "MineralIon": 6.101749426366003e-06,
    "Sclerostin_sensor": 0.0011339736569721593,
    "RANKL_sensor": 1.6546201122643644e-06,
    "OPG_sensor": 2.1153451059637658e-05,
    "CTX_sensor": 0.0001725331185401419,
    "P1NP_sensor": 1.672215403888954e-05
  },
  "sclerostin_mean": 0.6598972533294434,
  "sclerostin_max": 0.6730527956077443,
  "sclerostin_min": 0.6463548294240997,
  "sclerostin_std": 0.007725934126441102,
  "ctx_mean": 0.405474126819921,
  "p1np_mean": 0.6362830109369249,
  "metadata_file": "metadata/3e4de06a-c360-404f-81e1-ce0c780338d1.json",
  "timeseries_file": "timeseries/3e4de06a-c360-404f-81e1-ce0c780338d1.csv",
  "instrumentation": {
    "biological_realization": {
      "rng_seed": 1887278402,
      "scenario": "pmo_mild",
      "realization_hash": "72f1c0b65a9491db"
    },
    "stages": {
      "stage_0_ode": {
        "stage": "stage_0_ode",
        "description": "ODE concentration output",
        "mean_signal": 0.6598972533294434,
        "std_signal": 0.007725934126441102,
        "min_signal": 0.6463548294240997,
        "max_signal": 0.6730527956077443,
        "median_signal": 0.6599943698615007,
        "q25_signal": 0.6532524774573024,
        "q75_signal": 0.6665917679528156,
        "auc_total": 2375.632046394131,
        "auc_per_second": 0.6598977906650364,
        "terminal_mean": 0.6718059830304248,
        "terminal_std": 0.0007410818080252289,
        "signal_range": 0.026697966183644617,
        "cv_coefficient": 0.011707783427587704,
        "species_tracked": "Sclerostin_sensor or Sclerostin_bone"
      },
      "stage_1_biosensor_clean": {
        "stage": "stage_1_biosensor_clean",
        "description": "Biosensor output (clean signal, no noise)",
        "mean_signal": 1.1050679679066786,
        "std_signal": 0.007016222963484354,
        "min_signal": 1.0927408300277206,
        "max_signal": 1.1169874614743533,
        "median_signal": 1.105170305815761,
        "q25_signal": 1.0990377052622122,
        "q75_signal": 1.1111506286096018,
        "auc_total": 3978.246722685599,
        "auc_per_second": 1.105068534079333,
        "terminal_mean": 1.1158625033191738,
        "terminal_std": 0.0006687948785492396,
        "signal_range": 0.02424663144663275,
        "cv_coefficient": 0.006349132512432814,
        "biosensor_type": "array",
        "kd": 5.986144887005385,
        "sensitivity": 0.6355341954693575
      },
      "stage_2_biosensor_noisy": {
        "stage": "stage_2_biosensor_noisy",
        "description": "Biosensor output (with noise injection)",
        "mean_signal": 1.1616892472744125,
        "std_signal": 0.23331617781412126,
        "min_signal": 0.4887911328979641,
        "max_signal": 1.8993462228891718,
        "median_signal": 1.1492234606659033,
        "q25_signal": 1.0181826959667908,
        "q75_signal": 1.316201561442698,
        "auc_total": 4181.212640311336,
        "auc_per_second": 1.1614479556420378,
        "terminal_mean": 1.1517468461855689,
        "terminal_std": 0.23570379174917325,
        "signal_range": 1.4105550899912076,
        "cv_coefficient": 0.20084216012288497,
        "noise_preset": "realistic",
        "snr_db": 13.264378294221292
      },
      "stage_3_thresholded": {
        "stage": "stage_3_thresholded",
        "description": "Threshold crossing detection",
        "threshold": 2.1014262454804022,
        "fraction_above_threshold": 0.0,
        "time_to_first_crossing": 9000.0,
        "n_threshold_crossings": 0,
        "mean_signal_above": NaN,
        "std_signal_above": NaN,
        "mean_signal_below": 1.1616892472744125,
        "std_signal_below": 0.23331617781412126,
        "mean_margin_above_threshold": NaN,
        "mean_margin_below_threshold": -0.9397369982059897
      },
      "stage_4_ttd": {
        "stage": "stage_4_ttd",
        "description": "Time-to-detection assignment",
        "ttd_seconds": 9000.0,
        "detected": false,
        "is_sentinel": true
      }
    },
    "stage_deltas": {
      "delta_0_to_1": {
        "transition": "stage_0_ode->stage_1_biosensor_clean",
        "mean_delta": 0.44517071457723517,
        "std_delta": 0.0007098357299505929,
        "max_delta": 0.4463860006036209,
        "rms_delta": 0.44517128050220145,
        "fraction_significantly_changed": 1.0
      },
      "delta_1_to_2": {
        "transition": "stage_1_biosensor_clean->stage_2_biosensor_noisy",
        "mean_delta": 0.05662127936773393,
        "std_delta": 0.23320186995201844,
        "max_delta": 0.798726215277715,
        "rms_delta": 0.23997725189350158,
        "fraction_significantly_changed": 1.0
      },
      "delta_2_to_3": {
        "transition": "stage_2_biosensor_noisy->stage_3_thresholded",
        "mean_delta": -1.1616892472744125,
        "std_delta": 0.23331617781412126,
        "max_delta": 1.8993462228891718,
        "rms_delta": 1.1848874824483469,
        "fraction_significantly_changed": 1.0
      }
    },
    "propagation_integrity": {
      "stages_recorded": 5,
      "biological_hash_consistent": false,
      "all_stages_use_same_time": true
    }
  }
}