{
  "run_id": "423cb709-ec28-40b8-b1f0-35a64baba7e0",
  "timestamp": "2026-06-27T17:23:22.134859",
  "scenario": "ckd_mbd",
  "biosensor_config": {
    "circuit_type": "array",
    "kd_scl": 0.9063849954880959,
    "kd_ctx": 1.5020949175834386,
    "kd_p1np": 0.7100460682069865,
    "w_scl": 0.9950439943732241,
    "w_ctx": 0.0015494531618047418,
    "w_p1np": 0.0034065524649711013,
    "sensitivity": 0.6930129216144807,
    "threshold": 1.5402291392132086,
    "dynamic_range": [
      0.0,
      2.621149427023714
    ],
    "kd": 0.9063849954880959
  },
  "noise_preset": "realistic",
  "measurement": {
    "snr_db": 12.865014834436725,
    "n_detections": 0,
    "detection_rate": 0.0,
    "time_to_detection": 9000.0,
    "false_negative_rate": 0.98
  },
  "environment_params": {
    "Estrogen": 0.6976869866222726,
    "PTH": 216.71975586601565,
    "k_prod_Scl": 3.713712529504028e-06,
    "k_deg_Scl": 6.0350590047528507e-05,
    "Sclerostin_bone": 0.04616983160972027,
    "k_prod_RANKL": 7.480253360605364e-06,
    "k_deg_RANKL": 2.0622001670836504e-05,
    "RANKL_bone": 1.1833050949237658,
    "k_prod_OPG": 0.0001399967117859444,
    "k_deg_OPG": 1.8784709730553758e-05,
    "OPG_bone": 5.196408203396416,
    "MineralIon": 4.291557672253358,
    "k_prod_Mineral": 0.1515425312583345,
    "k_loss_Mineral": 0.0503019958801724,
    "k_prod_CTX": 5.417951479317134e-07,
    "k_deg_CTX": 1.0580645487991396e-05,
    "CTX_bone": 0.01916445924989325,
    "k_prod_P1NP": 1.0603226020445042e-07,
    "k_deg_P1NP": 1.4359030590345277e-05,
    "P1NP_bone": 0.031078026231370234,
    "Sclerostin_sensor": 1.1542457902430068,
    "RANKL_sensor": 35.49915284771297,
    "OPG_sensor": 155.89224610189248,
    "CTX_sensor": 0.4791114812473313,
    "P1NP_sensor": 0.7769506557842558
  },
  "equilibration_check": {
    "Sclerostin_bone": 0.00019030959356487035,
    "RANKL_bone": 0.00010983581029300688,
    "OPG_bone": 9.154781636798714e-05,
    "CTX_bone": 5.52719533418075e-06,
    "P1NP_bone": 0.00022994419758306972,
    "Osteocytes": 7.501081022128838e-05,
    "Osteoblasts": 1.7737166817826986e-06,
    "Osteoclasts": 6.015219749776014e-05,
    "MineralIon": 1.7744943123280737e-06,
    "Sclerostin_sensor": 0.00019056257642370298,
    "RANKL_sensor": 0.00010988040116140257,
    "OPG_sensor": 9.159965827960639e-05,
    "CTX_sensor": 5.519078563586536e-06,
    "P1NP_sensor": 0.0002299664274752894
  },
  "sclerostin_mean": 1.1596495633617296,
  "sclerostin_max": 1.1635000696031976,
  "sclerostin_min": 1.155637613091615,
  "sclerostin_std": 0.0022719938259224705,
  "ctx_mean": 0.47903040107710143,
  "p1np_mean": 0.7729534588160332,
  "metadata_file": "metadata/423cb709-ec28-40b8-b1f0-35a64baba7e0.json",
  "timeseries_file": "timeseries/423cb709-ec28-40b8-b1f0-35a64baba7e0.csv",
  "instrumentation": {
    "biological_realization": {
      "rng_seed": 529892401,
      "scenario": "ckd_mbd",
      "realization_hash": "0273e52c5e79c22b"
    },
    "stages": {
      "stage_0_ode": {
        "stage": "stage_0_ode",
        "description": "ODE concentration output",
        "mean_signal": 1.1596495633617296,
        "std_signal": 0.0022719938259224705,
        "min_signal": 1.155637613091615,
        "max_signal": 1.1635000696031976,
        "median_signal": 1.1596894985121637,
        "q25_signal": 1.1577014128083312,
        "q75_signal": 1.161618699980665,
        "auc_total": 4174.7392353223695,
        "auc_per_second": 1.159649787589547,
        "terminal_mean": 1.1631373336696345,
        "terminal_std": 0.00021562673757995093,
        "signal_range": 0.007862456511582572,
        "cv_coefficient": 0.0019592072447612067,
        "species_tracked": "Sclerostin_sensor or Sclerostin_bone"
      },
      "stage_1_biosensor_clean": {
        "stage": "stage_1_biosensor_clean",
        "description": "Biosensor output (clean signal, no noise)",
        "mean_signal": 1.3285127276948878,
        "std_signal": 0.0011327341476062814,
        "min_signal": 1.3265098055897857,
        "max_signal": 1.330429892529337,
        "median_signal": 1.32853395639868,
        "q25_signal": 1.3275418537762849,
        "q75_signal": 1.3294947428536226,
        "auc_total": 4782.646248487949,
        "auc_per_second": 1.3285128468022083,
        "terminal_mean": 1.3302497189037517,
        "terminal_std": 0.00010711616185322805,
        "signal_range": 0.003920086939551259,
        "cv_coefficient": 0.0008526332672564581,
        "biosensor_type": "array",
        "kd": 0.9063849954880959,
        "sensitivity": 0.6930129216144807
      },
      "stage_2_biosensor_noisy": {
        "stage": "stage_2_biosensor_noisy",
        "description": "Biosensor output (with noise injection)",
        "mean_signal": 1.3841841724319615,
        "std_signal": 0.2970644659266,
        "min_signal": 0.44632733649184364,
        "max_signal": 2.3237078247719656,
        "median_signal": 1.3737778735051625,
        "q25_signal": 1.1935187781783019,
        "q75_signal": 1.5869611214824313,
        "auc_total": 4984.062342926167,
        "auc_per_second": 1.3844617619239352,
        "terminal_mean": 1.4965858518100532,
        "terminal_std": 0.28937432272759445,
        "signal_range": 1.877380488280122,
        "cv_coefficient": 0.21461339599387885,
        "noise_preset": "realistic",
        "snr_db": 12.865014834436725
      },
      "stage_3_thresholded": {
        "stage": "stage_3_thresholded",
        "description": "Threshold crossing detection",
        "threshold": 1.5402291392132086,
        "fraction_above_threshold": 0.30193905817174516,
        "time_to_first_crossing": 20.0,
        "n_threshold_crossings": 152,
        "mean_signal_above": 1.7274775495487462,
        "std_signal_above": 0.14641697236243,
        "mean_signal_below": 1.2356961640758921,
        "std_signal_below": 0.2100508530946047,
        "mean_margin_above_threshold": 0.18724841033553716,
        "mean_margin_below_threshold": -0.3045329751373164
      },
      "stage_4_ttd": {
        "stage": "stage_4_ttd",
        "description": "Time-to-detection assignment",
        "ttd_seconds": 9000.0,
        "detected": false,
        "is_sentinel": true
      }
    },
    "stage_deltas": {
      "delta_0_to_1": {
        "transition": "stage_0_ode->stage_1_biosensor_clean",
        "mean_delta": 0.16886316433315815,
        "std_delta": 0.0011392609118269531,
        "max_delta": 0.17087219249817065,
        "rms_delta": 0.16886700738756635,
        "fraction_significantly_changed": 1.0
      },
      "delta_1_to_2": {
        "transition": "stage_1_biosensor_clean->stage_2_biosensor_noisy",
        "mean_delta": 0.0556714447370737,
        "std_delta": 0.296900786834416,
        "max_delta": 0.9950117465929773,
        "rms_delta": 0.30207513466356084,
        "fraction_significantly_changed": 1.0
      },
      "delta_2_to_3": {
        "transition": "stage_2_biosensor_noisy->stage_3_thresholded",
        "mean_delta": -0.862591228108379,
        "std_delta": 0.5938319995286386,
        "max_delta": 1.5390042884543311,
        "rms_delta": 1.0472344868622798,
        "fraction_significantly_changed": 0.6980609418282548
      }
    },
    "propagation_integrity": {
      "stages_recorded": 5,
      "biological_hash_consistent": false,
      "all_stages_use_same_time": true
    }
  }
}