{
  "run_id": "463fc1a0-30d7-4602-91ec-ebda4810928a",
  "timestamp": "2026-06-27T17:23:48.046359",
  "scenario": "ckd_mbd",
  "biosensor_config": {
    "circuit_type": "array",
    "kd_scl": 2.5490037819790703,
    "kd_ctx": 2.0546587767389326,
    "kd_p1np": 4.79734831153138,
    "w_scl": 0.3329983705203143,
    "w_ctx": 0.13701579562522323,
    "w_p1np": 0.5299858338544624,
    "sensitivity": 0.784532860864008,
    "threshold": 1.70289158772838,
    "dynamic_range": [
      0.0,
      3.131514609747267
    ],
    "kd": 2.5490037819790703
  },
  "noise_preset": "realistic",
  "measurement": {
    "snr_db": 13.568179558832998,
    "n_detections": 0,
    "detection_rate": 0.0,
    "time_to_detection": 9000.0,
    "false_negative_rate": 0.7
  },
  "environment_params": {
    "Estrogen": 0.6522824622583427,
    "PTH": 164.09540220412208,
    "k_prod_Scl": 2.046678444621921e-06,
    "k_deg_Scl": 5.5586050748237114e-05,
    "Sclerostin_bone": 0.06498710845102437,
    "k_prod_RANKL": 6.0938574411007955e-06,
    "k_deg_RANKL": 2.1291231729869858e-05,
    "RANKL_bone": 0.9163990934674989,
    "k_prod_OPG": 0.00012984754284951953,
    "k_deg_OPG": 2.0022254625704926e-05,
    "OPG_bone": 6.434881329077195,
    "MineralIon": 4.0786883238326785,
    "k_prod_Mineral": 0.14195022943200805,
    "k_loss_Mineral": 0.05184483077530403,
    "k_prod_CTX": 4.3335294448020075e-07,
    "k_deg_CTX": 1.0857185174827548e-05,
    "CTX_bone": 0.018313342611501332,
    "k_prod_P1NP": 7.445544705635887e-08,
    "k_deg_P1NP": 1.3840422329734479e-05,
    "P1NP_bone": 0.022378750862240542,
    "Sclerostin_sensor": 1.6246777112756092,
    "RANKL_sensor": 27.491972804024968,
    "OPG_sensor": 193.04643987231583,
    "CTX_sensor": 0.4578335652875333,
    "P1NP_sensor": 0.5594687715560136
  },
  "equilibration_check": {
    "Sclerostin_bone": 0.0006675035220385533,
    "RANKL_bone": 9.360080213729423e-05,
    "OPG_bone": 1.8858653502474398e-06,
    "CTX_bone": 0.00010238073008276622,
    "P1NP_bone": 0.0002200474289182733,
    "Osteocytes": 9.613838777657442e-05,
    "Osteoblasts": 8.375237314372826e-06,
    "Osteoclasts": 1.7180859137310225e-05,
    "MineralIon": 8.376398323177968e-06,
    "Sclerostin_sensor": 0.0006677781740197841,
    "RANKL_sensor": 9.364614180925202e-05,
    "OPG_sensor": 1.890985654453911e-06,
    "CTX_sensor": 0.00010238985951263751,
    "P1NP_sensor": 0.00022006905028170836
  },
  "sclerostin_mean": 1.600261132968645,
  "sclerostin_max": 1.618613271399097,
  "sclerostin_min": 1.5821793388602625,
  "sclerostin_std": 0.010550426441008676,
  "ctx_mean": 0.4567777991081845,
  "p1np_mean": 0.5567145535987555,
  "metadata_file": "metadata/463fc1a0-30d7-4602-91ec-ebda4810928a.json",
  "timeseries_file": "timeseries/463fc1a0-30d7-4602-91ec-ebda4810928a.csv",
  "instrumentation": {
    "biological_realization": {
      "rng_seed": 821856530,
      "scenario": "ckd_mbd",
      "realization_hash": "bba37dace4f69aa9"
    },
    "stages": {
      "stage_0_ode": {
        "stage": "stage_0_ode",
        "description": "ODE concentration output",
        "mean_signal": 1.600261132968645,
        "std_signal": 0.010550426441008676,
        "min_signal": 1.5821793388602625,
        "max_signal": 1.618613271399097,
        "median_signal": 1.6001922322889555,
        "q25_signal": 1.5911297827930109,
        "q75_signal": 1.6093581292675145,
        "auc_total": 5760.938726965511,
        "auc_per_second": 1.6002607574904197,
        "terminal_mean": 1.5839114411395758,
        "terminal_std": 0.001029051443724643,
        "signal_range": 0.036433932538834535,
        "cv_coefficient": 0.00659294050430168,
        "species_tracked": "Sclerostin_sensor or Sclerostin_bone"
      },
      "stage_1_biosensor_clean": {
        "stage": "stage_1_biosensor_clean",
        "description": "Biosensor output (clean signal, no noise)",
        "mean_signal": 1.641854862611412,
        "std_signal": 0.004590219068181399,
        "min_signal": 1.6339581207589622,
        "max_signal": 1.6498109709889315,
        "median_signal": 1.6418396548028218,
        "q25_signal": 1.6378859794421152,
        "q75_signal": 1.6458162207204283,
        "auc_total": 5910.677208568457,
        "auc_per_second": 1.6418547801579046,
        "terminal_mean": 1.634719934626569,
        "terminal_std": 0.0004524251519028474,
        "signal_range": 0.015852850229969295,
        "cv_coefficient": 0.002795752031869942,
        "biosensor_type": "array",
        "kd": 2.5490037819790703,
        "sensitivity": 0.784532860864008
      },
      "stage_2_biosensor_noisy": {
        "stage": "stage_2_biosensor_noisy",
        "description": "Biosensor output (with noise injection)",
        "mean_signal": 1.7135954527685224,
        "std_signal": 0.33644581330791656,
        "min_signal": 0.7468028224621396,
        "max_signal": 2.889418315322185,
        "median_signal": 1.7212872110840483,
        "q25_signal": 1.499651476575289,
        "q75_signal": 1.932133158021778,
        "auc_total": 6168.064921621025,
        "auc_per_second": 1.7133513671169514,
        "terminal_mean": 1.6803379718449483,
        "terminal_std": 0.2891110162082292,
        "signal_range": 2.1426154928600454,
        "cv_coefficient": 0.19633911420828487,
        "noise_preset": "realistic",
        "snr_db": 13.568179558832998
      },
      "stage_3_thresholded": {
        "stage": "stage_3_thresholded",
        "description": "Threshold crossing detection",
        "threshold": 1.70289158772838,
        "fraction_above_threshold": 0.5207756232686981,
        "time_to_first_crossing": 10.0,
        "n_threshold_crossings": 183,
        "mean_signal_above": 1.9670592273184055,
        "std_signal_above": 0.2086588432634593,
        "mean_signal_below": 1.4381550503674938,
        "std_signal_below": 0.207872860853895,
        "mean_margin_above_threshold": 0.26416763959002554,
        "mean_margin_below_threshold": -0.26473653736088626
      },
      "stage_4_ttd": {
        "stage": "stage_4_ttd",
        "description": "Time-to-detection assignment",
        "ttd_seconds": 9000.0,
        "detected": false,
        "is_sentinel": true
      }
    },
    "stage_deltas": {
      "delta_0_to_1": {
        "transition": "stage_0_ode->stage_1_biosensor_clean",
        "mean_delta": 0.04159372964276714,
        "std_delta": 0.0059602408445720186,
        "max_delta": 0.051778781898699666,
        "rms_delta": 0.04201860083963898,
        "fraction_significantly_changed": 1.0
      },
      "delta_1_to_2": {
        "transition": "stage_1_biosensor_clean->stage_2_biosensor_noisy",
        "mean_delta": 0.07174059015711054,
        "std_delta": 0.3367337872081101,
        "max_delta": 1.2470055943599105,
        "rms_delta": 0.34429109155423593,
        "fraction_significantly_changed": 1.0
      },
      "delta_2_to_3": {
        "transition": "stage_2_biosensor_noisy->stage_3_thresholded",
        "mean_delta": -0.6891989576553362,
        "std_delta": 0.7327261312973783,
        "max_delta": 1.7007218126193613,
        "rms_delta": 1.0059238473757468,
        "fraction_significantly_changed": 0.4792243767313019
      }
    },
    "propagation_integrity": {
      "stages_recorded": 5,
      "biological_hash_consistent": false,
      "all_stages_use_same_time": true
    }
  }
}