{
  "run_id": "48081ec5-5c20-45a3-a3f2-d1f16095e8ea",
  "timestamp": "2026-06-27T17:23:36.458989",
  "scenario": "pmo_mild",
  "biosensor_config": {
    "circuit_type": "array",
    "kd_scl": 0.5175244201994944,
    "kd_ctx": 3.81027975064386,
    "kd_p1np": 1.125137122779375,
    "w_scl": 0.9476449025543452,
    "w_ctx": 0.013380653322287052,
    "w_p1np": 0.038974444123367764,
    "sensitivity": 0.7432406179589686,
    "threshold": 1.3690068679132064,
    "dynamic_range": [
      0.0,
      2.429794858866314
    ],
    "kd": 0.5175244201994944
  },
  "noise_preset": "realistic",
  "measurement": {
    "snr_db": 13.296978141799407,
    "n_detections": 0,
    "detection_rate": 0.0,
    "time_to_detection": 9000.0,
    "false_negative_rate": 1.0
  },
  "environment_params": {
    "Estrogen": 0.5768955333310068,
    "PTH": 50.108588575201566,
    "k_prod_Scl": 2.098788886334765e-06,
    "k_deg_Scl": 7.447904655780087e-05,
    "Sclerostin_bone": 0.0208751875708147,
    "k_prod_RANKL": 3.5788960386042326e-06,
    "k_deg_RANKL": 2.081732651706953e-05,
    "RANKL_bone": 0.6394513018710789,
    "k_prod_OPG": 5.347788682108363e-05,
    "k_deg_OPG": 2.087191775157226e-05,
    "OPG_bone": 4.632552704045333,
    "MineralIon": 2.0277448026266223,
    "k_prod_Mineral": 0.08031370379359941,
    "k_loss_Mineral": 0.02240573703346174,
    "k_prod_CTX": 6.872181188580838e-07,
    "k_deg_CTX": 2.248192245506713e-05,
    "CTX_bone": 0.01188614452884837,
    "k_prod_P1NP": 1.315270146753447e-07,
    "k_deg_P1NP": 2.125715442246795e-05,
    "P1NP_bone": 0.016377810412435398,
    "Sclerostin_sensor": 0.5218796892703675,
    "RANKL_sensor": 19.183539056132368,
    "OPG_sensor": 138.97658112135997,
    "CTX_sensor": 0.29715361322120926,
    "P1NP_sensor": 0.40944526031088496
  },
  "equilibration_check": {
    "Sclerostin_bone": 0.002203684055780463,
    "RANKL_bone": 0.00012944031508356778,
    "OPG_bone": 3.631755392130016e-06,
    "CTX_bone": 8.465673583748479e-05,
    "P1NP_bone": 0.00015773026653699064,
    "Osteocytes": 4.2076460325987616e-05,
    "Osteoblasts": 1.0081450405116346e-05,
    "Osteoclasts": 4.8838120692648715e-05,
    "MineralIon": 1.008697115836223e-05,
    "Sclerostin_sensor": 0.0022083996992979956,
    "RANKL_sensor": 0.00012948795639372186,
    "OPG_sensor": 3.638961392473879e-06,
    "CTX_sensor": 8.466681993774187e-05,
    "P1NP_sensor": 0.000157764195198571
  },
  "sclerostin_mean": 0.5517976106647989,
  "sclerostin_max": 0.573569772355804,
  "sclerostin_min": 0.5294214003449945,
  "sclerostin_std": 0.012777413645903223,
  "ctx_mean": 0.2965688462475333,
  "p1np_mean": 0.4079904632180943,
  "metadata_file": "metadata/48081ec5-5c20-45a3-a3f2-d1f16095e8ea.json",
  "timeseries_file": "timeseries/48081ec5-5c20-45a3-a3f2-d1f16095e8ea.csv",
  "instrumentation": {
    "biological_realization": {
      "rng_seed": 1955774506,
      "scenario": "pmo_mild",
      "realization_hash": "7202cf37dc73a59e"
    },
    "stages": {
      "stage_0_ode": {
        "stage": "stage_0_ode",
        "description": "ODE concentration output",
        "mean_signal": 0.5517976106647989,
        "std_signal": 0.012777413645903223,
        "min_signal": 0.5294214003449945,
        "max_signal": 0.573569772355804,
        "median_signal": 0.5519495194449998,
        "q25_signal": 0.5408045117110483,
        "q75_signal": 0.5628682583776417,
        "auc_total": 1986.47441863642,
        "auc_per_second": 0.5517984496212278,
        "terminal_mean": 0.5715041696774557,
        "terminal_std": 0.0012277104568779885,
        "signal_range": 0.044148372010809456,
        "cv_coefficient": 0.023155978567049526,
        "species_tracked": "Sclerostin_sensor or Sclerostin_bone"
      },
      "stage_1_biosensor_clean": {
        "stage": "stage_1_biosensor_clean",
        "description": "Biosensor output (clean signal, no noise)",
        "mean_signal": 0.9118119896325159,
        "std_signal": 0.00965270909075329,
        "min_signal": 0.8946711451660451,
        "max_signal": 0.9280343265567914,
        "median_signal": 0.912043023561285,
        "q25_signal": 0.9035421238594862,
        "q75_signal": 0.9201997483324289,
        "auc_total": 3282.527755214768,
        "auc_per_second": 0.9118132653374356,
        "terminal_mean": 0.9265331880826475,
        "terminal_std": 0.0008933242741300221,
        "signal_range": 0.033363181390746344,
        "cv_coefficient": 0.010586293227668112,
        "biosensor_type": "array",
        "kd": 0.5175244201994944,
        "sensitivity": 0.7432406179589686
      },
      "stage_2_biosensor_noisy": {
        "stage": "stage_2_biosensor_noisy",
        "description": "Biosensor output (with noise injection)",
        "mean_signal": 0.9428462083669229,
        "std_signal": 0.1973306180157196,
        "min_signal": 0.43190054820625456,
        "max_signal": 1.5266493176192981,
        "median_signal": 0.9317561194707217,
        "q25_signal": 0.8071557245298266,
        "q75_signal": 1.0797301886901416,
        "auc_total": 3394.9804646089897,
        "auc_per_second": 0.9430501290580526,
        "terminal_mean": 1.064700942702939,
        "terminal_std": 0.19639743804284363,
        "signal_range": 1.0947487694130436,
        "cv_coefficient": 0.20929247661451633,
        "noise_preset": "realistic",
        "snr_db": 13.296978141799407
      },
      "stage_3_thresholded": {
        "stage": "stage_3_thresholded",
        "description": "Threshold crossing detection",
        "threshold": 1.3690068679132064,
        "fraction_above_threshold": 0.0221606648199446,
        "time_to_first_crossing": 540.0,
        "n_threshold_crossings": 16,
        "mean_signal_above": 1.4260300197144273,
        "std_signal_above": 0.048895361204505834,
        "mean_signal_below": 0.9318958670332685,
        "std_signal_below": 0.18535569164947577,
        "mean_margin_above_threshold": 0.05702315180122092,
        "mean_margin_below_threshold": -0.4371110008799379
      },
      "stage_4_ttd": {
        "stage": "stage_4_ttd",
        "description": "Time-to-detection assignment",
        "ttd_seconds": 9000.0,
        "detected": false,
        "is_sentinel": true
      }
    },
    "stage_deltas": {
      "delta_0_to_1": {
        "transition": "stage_0_ode->stage_1_biosensor_clean",
        "mean_delta": 0.36001437896771693,
        "std_delta": 0.003127001465796888,
        "max_delta": 0.36524974482105055,
        "rms_delta": 0.36002795891663464,
        "fraction_significantly_changed": 1.0
      },
      "delta_1_to_2": {
        "transition": "stage_1_biosensor_clean->stage_2_biosensor_noisy",
        "mean_delta": 0.03103421873440716,
        "std_delta": 0.19481143775385343,
        "max_delta": 0.60556352406123,
        "rms_delta": 0.1972678864188962,
        "fraction_significantly_changed": 0.997229916897507
      },
      "delta_2_to_3": {
        "transition": "stage_2_biosensor_noisy->stage_3_thresholded",
        "mean_delta": -0.9112444350768526,
        "std_delta": 0.22894074963161923,
        "max_delta": 1.3628613760346369,
        "rms_delta": 0.9395638814367121,
        "fraction_significantly_changed": 0.9778393351800554
      }
    },
    "propagation_integrity": {
      "stages_recorded": 5,
      "biological_hash_consistent": false,
      "all_stages_use_same_time": true
    }
  }
}