{
  "run_id": "49d8317e-8dc7-44aa-be63-977959d50b93",
  "timestamp": "2026-06-27T17:23:23.631212",
  "scenario": "pmo",
  "biosensor_config": {
    "circuit_type": "array",
    "kd_scl": 0.8110728909421568,
    "kd_ctx": 0.4941867216837732,
    "kd_p1np": 1.3902896883787674,
    "w_scl": 0.6530262369482985,
    "w_ctx": 0.21337397047735704,
    "w_p1np": 0.1335997925743444,
    "sensitivity": 1.895883221519462,
    "threshold": 2.6789190992633705,
    "dynamic_range": [
      0.0,
      6.744232161946593
    ],
    "kd": 0.8110728909421568
  },
  "noise_preset": "realistic",
  "measurement": {
    "snr_db": 8.351019015822569,
    "n_detections": 1,
    "detection_rate": 1.0,
    "time_to_detection": 230.0,
    "false_negative_rate": 0.0
  },
  "environment_params": {
    "Estrogen": 0.1994573923717351,
    "PTH": 64.19659997048983,
    "k_prod_Scl": 7.232450790718674e-07,
    "k_deg_Scl": 6.258183449895989e-05,
    "Sclerostin_bone": 0.048401718579165524,
    "k_prod_RANKL": 3.5763335572521838e-06,
    "k_deg_RANKL": 1.989239802887398e-05,
    "RANKL_bone": 0.7318627342093053,
    "k_prod_OPG": 7.54632979092713e-05,
    "k_deg_OPG": 2.1195552361594597e-05,
    "OPG_bone": 4.468887792532707,
    "MineralIon": 2.4493046239893204,
    "k_prod_Mineral": 0.07215766632035892,
    "k_loss_Mineral": 0.024572736573646475,
    "k_prod_CTX": 9.244444750581966e-07,
    "k_deg_CTX": 2.0366635938864375e-05,
    "CTX_bone": 0.022370314660401406,
    "k_prod_P1NP": 4.0090866036285517e-07,
    "k_deg_P1NP": 2.2429490133197004e-05,
    "P1NP_bone": 0.028128246260315234,
    "Sclerostin_sensor": 1.2100429644791382,
    "RANKL_sensor": 21.95588202627916,
    "OPG_sensor": 134.0666337759812,
    "CTX_sensor": 0.5592578665100352,
    "P1NP_sensor": 0.7032061565078809
  },
  "equilibration_check": {
    "Sclerostin_bone": 0.0004633917080363964,
    "RANKL_bone": 8.379793042966887e-05,
    "OPG_bone": 2.0835034931782252e-05,
    "CTX_bone": 0.000161868374223172,
    "P1NP_bone": 0.00017143314852907218,
    "Osteocytes": 7.315262476953098e-05,
    "Osteoblasts": 4.374930389821718e-06,
    "Osteoclasts": 3.381748196040894e-05,
    "MineralIon": 4.376135844552461e-06,
    "Sclerostin_sensor": 0.0004636555118393475,
    "RANKL_sensor": 8.384367241406483e-05,
    "OPG_sensor": 2.0847903296478783e-05,
    "CTX_sensor": 0.00016191047296716294,
    "P1NP_sensor": 0.00017150010327304902
  },
  "sclerostin_mean": 1.1973099852716567,
  "sclerostin_max": 1.2068834067130128,
  "sclerostin_min": 1.187879828523132,
  "sclerostin_std": 0.005503994007517869,
  "ctx_mean": 0.557171135198116,
  "p1np_mean": 0.7059734344727898,
  "metadata_file": "metadata/49d8317e-8dc7-44aa-be63-977959d50b93.json",
  "timeseries_file": "timeseries/49d8317e-8dc7-44aa-be63-977959d50b93.csv",
  "instrumentation": {
    "biological_realization": {
      "rng_seed": 835382701,
      "scenario": "pmo",
      "realization_hash": "5cc49c78067afb93"
    },
    "stages": {
      "stage_0_ode": {
        "stage": "stage_0_ode",
        "description": "ODE concentration output",
        "mean_signal": 1.1973099852716567,
        "std_signal": 0.005503994007517869,
        "min_signal": 1.187879828523132,
        "max_signal": 1.2068834067130128,
        "median_signal": 1.197273279899817,
        "q25_signal": 1.192545445665965,
        "q75_signal": 1.2020563965192221,
        "auc_total": 4310.315230654501,
        "auc_per_second": 1.197309786292917,
        "terminal_mean": 1.188782376616253,
        "terminal_std": 0.0005362470835123018,
        "signal_range": 0.019003578189880743,
        "cv_coefficient": 0.004596966596139322,
        "species_tracked": "Sclerostin_sensor or Sclerostin_bone"
      },
      "stage_1_biosensor_clean": {
        "stage": "stage_1_biosensor_clean",
        "description": "Biosensor output (clean signal, no noise)",
        "mean_signal": 3.502680291089499,
        "std_signal": 0.004414173338983146,
        "min_signal": 3.4950922078926023,
        "max_signal": 3.510332681991786,
        "median_signal": 3.502663610204594,
        "q25_signal": 3.498862249363279,
        "q75_signal": 3.5064902677348253,
        "auc_total": 12609.64872638367,
        "auc_per_second": 3.5026802017732415,
        "terminal_mean": 3.4958228466087164,
        "terminal_std": 0.0004339721879689712,
        "signal_range": 0.015240474099183832,
        "cv_coefficient": 0.0012602273037057943,
        "biosensor_type": "array",
        "kd": 0.8110728909421568,
        "sensitivity": 1.895883221519462
      },
      "stage_2_biosensor_noisy": {
        "stage": "stage_2_biosensor_noisy",
        "description": "Biosensor output (with noise injection)",
        "mean_signal": 3.6878959108496847,
        "std_signal": 1.3259380526678999,
        "min_signal": -11.879207418975984,
        "max_signal": 17.627159421578394,
        "median_signal": 3.730548631800047,
        "q25_signal": 3.2142920024078108,
        "q75_signal": 4.19788907710943,
        "auc_total": 13272.42248463503,
        "auc_per_second": 3.6867840235097304,
        "terminal_mean": 3.7751101215435785,
        "terminal_std": 0.7460263041502482,
        "signal_range": 29.506366840554378,
        "cv_coefficient": 0.3595378190493468,
        "noise_preset": "realistic",
        "snr_db": 8.351019015822569
      },
      "stage_3_thresholded": {
        "stage": "stage_3_thresholded",
        "description": "Threshold crossing detection",
        "threshold": 2.6789190992633705,
        "fraction_above_threshold": 0.9113573407202216,
        "time_to_first_crossing": 0.0,
        "n_threshold_crossings": 62,
        "mean_signal_above": 3.866577017943908,
        "std_signal_above": 0.9813429365613235,
        "mean_signal_below": 1.850830778537197,
        "std_signal_below": 2.4958861775636385,
        "mean_margin_above_threshold": 1.1876579186805378,
        "mean_margin_below_threshold": -0.8280883207261738
      },
      "stage_4_ttd": {
        "stage": "stage_4_ttd",
        "description": "Time-to-detection assignment",
        "ttd_seconds": 230.0,
        "detected": true,
        "is_sentinel": false
      }
    },
    "stage_deltas": {
      "delta_0_to_1": {
        "transition": "stage_0_ode->stage_1_biosensor_clean",
        "mean_delta": 2.305370305817842,
        "std_delta": 0.0010898950958447453,
        "max_delta": 2.3072123793694703,
        "rms_delta": 2.305370563449176,
        "fraction_significantly_changed": 1.0
      },
      "delta_1_to_2": {
        "transition": "stage_1_biosensor_clean->stage_2_biosensor_noisy",
        "mean_delta": 0.1852156197601855,
        "std_delta": 1.3263429936900963,
        "max_delta": 15.376767334089436,
        "rms_delta": 1.3392126652305663,
        "fraction_significantly_changed": 1.0
      },
      "delta_2_to_3": {
        "transition": "stage_2_biosensor_noisy->stage_3_thresholded",
        "mean_delta": -0.16406256208639972,
        "std_delta": 0.9104561137582472,
        "max_delta": 11.879207418975984,
        "rms_delta": 0.9251199162044476,
        "fraction_significantly_changed": 0.0886426592797784
      }
    },
    "propagation_integrity": {
      "stages_recorded": 5,
      "biological_hash_consistent": false,
      "all_stages_use_same_time": true
    }
  }
}