{
  "run_id": "59525766-8f6c-47b1-a0c6-e8d192845eff",
  "timestamp": "2026-06-27T17:23:18.774929",
  "scenario": "pmo_mild",
  "biosensor_config": {
    "circuit_type": "array",
    "kd_scl": 4.019395302267142,
    "kd_ctx": 1.4676479476361088,
    "kd_p1np": 2.1676278144820444,
    "w_scl": 0.26159827849444833,
    "w_ctx": 0.396316764848397,
    "w_p1np": 0.34208495665715466,
    "sensitivity": 1.6897355408052201,
    "threshold": 2.7741693003142913,
    "dynamic_range": [
      0.0,
      6.964485617567096
    ],
    "kd": 4.019395302267142
  },
  "noise_preset": "realistic",
  "measurement": {
    "snr_db": 12.785989014058467,
    "n_detections": 0,
    "detection_rate": 0.0,
    "time_to_detection": 9000.0,
    "false_negative_rate": 0.96
  },
  "environment_params": {
    "Estrogen": 0.6339840711012431,
    "PTH": 54.61927547682289,
    "k_prod_Scl": 2.067627876347703e-06,
    "k_deg_Scl": 7.899119614299225e-05,
    "Sclerostin_bone": 0.025275506575060103,
    "k_prod_RANKL": 3.633373712656677e-06,
    "k_deg_RANKL": 1.9211995941534876e-05,
    "RANKL_bone": 0.5117958395712751,
    "k_prod_OPG": 4.499174882542193e-05,
    "k_deg_OPG": 2.0611701742724476e-05,
    "OPG_bone": 4.5244081558446405,
    "MineralIon": 2.1537246113749124,
    "k_prod_Mineral": 0.07068782428262975,
    "k_loss_Mineral": 0.02199226201687397,
    "k_prod_CTX": 1.3128215213429645e-06,
    "k_deg_CTX": 1.8908557181366386e-05,
    "CTX_bone": 0.014112220385998157,
    "k_prod_P1NP": 1.3237686730367874e-07,
    "k_deg_P1NP": 2.3598257292810982e-05,
    "P1NP_bone": 0.016230632395488075,
    "Sclerostin_sensor": 0.6318876643765026,
    "RANKL_sensor": 15.353875187138252,
    "OPG_sensor": 135.73224467533922,
    "CTX_sensor": 0.35280550964995394,
    "P1NP_sensor": 0.40576580988720184
  },
  "equilibration_check": {
    "Sclerostin_bone": 0.000986235353105712,
    "RANKL_bone": 2.0993718885835035e-06,
    "OPG_bone": 7.236075317212359e-05,
    "CTX_bone": 0.00030114333117235145,
    "P1NP_bone": 0.00022062050429814774,
    "Osteocytes": 4.4811991023698185e-05,
    "Osteoblasts": 5.193178331210773e-06,
    "Osteoclasts": 3.541503136754255e-05,
    "MineralIon": 5.19668629887278e-06,
    "Sclerostin_sensor": 0.0009878771647142323,
    "RANKL_sensor": 2.1028911451954645e-06,
    "OPG_sensor": 7.239081054013419e-05,
    "CTX_sensor": 0.00030125261236884574,
    "P1NP_sensor": 0.00022067086574441936
  },
  "sclerostin_mean": 0.6473976382505285,
  "sclerostin_max": 0.658631362803358,
  "sclerostin_min": 0.6358132850400923,
  "sclerostin_std": 0.0066029056724550735,
  "ctx_mean": 0.3552235778340711,
  "p1np_mean": 0.40374928864770493,
  "metadata_file": "metadata/59525766-8f6c-47b1-a0c6-e8d192845eff.json",
  "timeseries_file": "timeseries/59525766-8f6c-47b1-a0c6-e8d192845eff.csv",
  "instrumentation": {
    "biological_realization": {
      "rng_seed": 986493022,
      "scenario": "pmo_mild",
      "realization_hash": "5a91c6987c0eb70c"
    },
    "stages": {
      "stage_0_ode": {
        "stage": "stage_0_ode",
        "description": "ODE concentration output",
        "mean_signal": 0.6473976382505285,
        "std_signal": 0.0066029056724550735,
        "min_signal": 0.6358132850400923,
        "max_signal": 0.658631362803358,
        "median_signal": 0.6474856362201061,
        "q25_signal": 0.641720308613157,
        "q75_signal": 0.6531200557678374,
        "auc_total": 2330.6332508451906,
        "auc_per_second": 0.6473981252347751,
        "terminal_mean": 0.6575682798413334,
        "terminal_std": 0.0006319217539607227,
        "signal_range": 0.02281807776326572,
        "cv_coefficient": 0.010199150077683626,
        "species_tracked": "Sclerostin_sensor or Sclerostin_bone"
      },
      "stage_1_biosensor_clean": {
        "stage": "stage_1_biosensor_clean",
        "description": "Biosensor output (clean signal, no noise)",
        "mean_signal": 2.4595618389477734,
        "std_signal": 0.007724850361001872,
        "min_signal": 2.4460216756432733,
        "max_signal": 2.472716142190908,
        "median_signal": 2.459658714856691,
        "q25_signal": 2.4529179860626438,
        "q75_signal": 2.4662552964610276,
        "auc_total": 8854.42454951229,
        "auc_per_second": 2.4595623748645252,
        "terminal_mean": 2.4714693053016954,
        "terminal_std": 0.000741089154824076,
        "signal_range": 0.026694466547634743,
        "cv_coefficient": 0.0031407424845665377,
        "biosensor_type": "array",
        "kd": 4.019395302267142,
        "sensitivity": 1.6897355408052201
      },
      "stage_2_biosensor_noisy": {
        "stage": "stage_2_biosensor_noisy",
        "description": "Biosensor output (with noise injection)",
        "mean_signal": 2.5670809821483305,
        "std_signal": 0.555139740033916,
        "min_signal": 0.8360428296220075,
        "max_signal": 4.089887159637291,
        "median_signal": 2.567175928759982,
        "q25_signal": 2.1809255888191417,
        "q75_signal": 2.9551761037722653,
        "auc_total": 9241.903404631204,
        "auc_per_second": 2.5671953901753346,
        "terminal_mean": 2.7598637328041438,
        "terminal_std": 0.42725122981847125,
        "signal_range": 3.2538443300152835,
        "cv_coefficient": 0.21625330244522806,
        "noise_preset": "realistic",
        "snr_db": 12.785989014058467
      },
      "stage_3_thresholded": {
        "stage": "stage_3_thresholded",
        "description": "Threshold crossing detection",
        "threshold": 2.7741693003142913,
        "fraction_above_threshold": 0.3601108033240997,
        "time_to_first_crossing": 60.0,
        "n_threshold_crossings": 161,
        "mean_signal_above": 3.14937504364564,
        "std_signal_above": 0.29502037545961246,
        "mean_signal_below": 2.239383025461533,
        "std_signal_below": 0.36664756637069024,
        "mean_margin_above_threshold": 0.37520574333134893,
        "mean_margin_below_threshold": -0.5347862748527584
      },
      "stage_4_ttd": {
        "stage": "stage_4_ttd",
        "description": "Time-to-detection assignment",
        "ttd_seconds": 9000.0,
        "detected": false,
        "is_sentinel": true
      }
    },
    "stage_deltas": {
      "delta_0_to_1": {
        "transition": "stage_0_ode->stage_1_biosensor_clean",
        "mean_delta": 1.8121642006972445,
        "std_delta": 0.0011219560510769928,
        "max_delta": 1.81408477938755,
        "rms_delta": 1.8121645480126976,
        "fraction_significantly_changed": 1.0
      },
      "delta_1_to_2": {
        "transition": "stage_1_biosensor_clean->stage_2_biosensor_noisy",
        "mean_delta": 0.1075191432005574,
        "std_delta": 0.5540260649521287,
        "max_delta": 1.6308645409404647,
        "rms_delta": 0.5643626908300391,
        "fraction_significantly_changed": 1.0
      },
      "delta_2_to_3": {
        "transition": "stage_2_biosensor_noisy->stage_3_thresholded",
        "mean_delta": -1.4329570052122274,
        "std_delta": 1.1142685492441349,
        "max_delta": 2.7655681310250704,
        "rms_delta": 1.815202517247435,
        "fraction_significantly_changed": 0.6398891966759003
      }
    },
    "propagation_integrity": {
      "stages_recorded": 5,
      "biological_hash_consistent": false,
      "all_stages_use_same_time": true
    }
  }
}