{
  "run_id": "5decf3e2-dff5-4625-9c78-68ff0b11007d",
  "timestamp": "2026-06-27T17:23:49.952957",
  "scenario": "pmo",
  "biosensor_config": {
    "circuit_type": "array",
    "kd_scl": 5.041653166711878,
    "kd_ctx": 0.669268909544957,
    "kd_p1np": 3.4960801294185355,
    "w_scl": 0.16664353921125136,
    "w_ctx": 0.38552934195769417,
    "w_p1np": 0.4478271188310545,
    "sensitivity": 4.423113677290513,
    "threshold": 5.316884040769769,
    "dynamic_range": [
      0.0,
      16.825441037672555
    ],
    "kd": 5.041653166711878
  },
  "noise_preset": "realistic",
  "measurement": {
    "snr_db": 11.171102848987005,
    "n_detections": 1,
    "detection_rate": 1.0,
    "time_to_detection": 170.0,
    "false_negative_rate": 0.0
  },
  "environment_params": {
    "Estrogen": 0.1979631582601366,
    "PTH": 51.73470719216576,
    "k_prod_Scl": 5.843849237293767e-07,
    "k_deg_Scl": 5.580068064748501e-05,
    "Sclerostin_bone": 0.05015142189180905,
    "k_prod_RANKL": 3.1681611254655453e-06,
    "k_deg_RANKL": 1.7610984619691118e-05,
    "RANKL_bone": 0.8234100298677637,
    "k_prod_OPG": 7.278480725352268e-05,
    "k_deg_OPG": 1.7399014470494722e-05,
    "OPG_bone": 4.232360578536146,
    "MineralIon": 1.6379827664309643,
    "k_prod_Mineral": 0.062113703300276164,
    "k_loss_Mineral": 0.02256914257619674,
    "k_prod_CTX": 8.851504123541174e-07,
    "k_deg_CTX": 1.7747236278224777e-05,
    "CTX_bone": 0.026284203165575948,
    "k_prod_P1NP": 2.807920269903811e-07,
    "k_deg_P1NP": 1.6492801291957337e-05,
    "P1NP_bone": 0.031058267766972285,
    "Sclerostin_sensor": 1.2537855472952264,
    "RANKL_sensor": 24.70230089603291,
    "OPG_sensor": 126.97081735608438,
    "CTX_sensor": 0.6571050791393986,
    "P1NP_sensor": 0.7764566941743071
  },
  "equilibration_check": {
    "Sclerostin_bone": 0.0005405384569890328,
    "RANKL_bone": 1.6411321267927933e-05,
    "OPG_bone": 0.00013758428938730736,
    "CTX_bone": 0.00014708544733127194,
    "P1NP_bone": 4.2202805812365605e-05,
    "Osteocytes": 7.499483826186791e-05,
    "Osteoblasts": 5.272770213348469e-06,
    "Osteoclasts": 5.9440890190527276e-05,
    "MineralIon": 5.274393585893591e-06,
    "Sclerostin_sensor": 0.0005407913589107505,
    "RANKL_sensor": 1.6416396341101913e-05,
    "OPG_sensor": 0.00013765891314221557,
    "CTX_sensor": 0.00014710162983241649,
    "P1NP_sensor": 4.221223746670954e-05
  },
  "sclerostin_mean": 1.2384614955744042,
  "sclerostin_max": 1.2499810773897808,
  "sclerostin_min": 1.2271085284609888,
  "sclerostin_std": 0.0066235397237141835,
  "ctx_mean": 0.654885251169887,
  "p1np_mean": 0.7772059391475468,
  "metadata_file": "metadata/5decf3e2-dff5-4625-9c78-68ff0b11007d.json",
  "timeseries_file": "timeseries/5decf3e2-dff5-4625-9c78-68ff0b11007d.csv",
  "instrumentation": {
    "biological_realization": {
      "rng_seed": 2143125938,
      "scenario": "pmo",
      "realization_hash": "2980e0c47a1234eb"
    },
    "stages": {
      "stage_0_ode": {
        "stage": "stage_0_ode",
        "description": "ODE concentration output",
        "mean_signal": 1.2384614955744042,
        "std_signal": 0.0066235397237141835,
        "min_signal": 1.2271085284609888,
        "max_signal": 1.2499810773897808,
        "median_signal": 1.2384189859516708,
        "q25_signal": 1.2327289168189006,
        "q75_signal": 1.2441729231121905,
        "auc_total": 4458.460550994345,
        "auc_per_second": 1.2384612641650958,
        "terminal_mean": 1.2281962234723534,
        "terminal_std": 0.000646203231168949,
        "signal_range": 0.02287254892879198,
        "cv_coefficient": 0.005348199962116832,
        "species_tracked": "Sclerostin_sensor or Sclerostin_bone"
      },
      "stage_1_biosensor_clean": {
        "stage": "stage_1_biosensor_clean",
        "description": "Biosensor output (clean signal, no noise)",
        "mean_signal": 9.723883448342178,
        "std_signal": 0.010339652836096306,
        "min_signal": 9.706124803225302,
        "max_signal": 9.741830478806426,
        "median_signal": 9.723835068517587,
        "q25_signal": 9.71493928492289,
        "q75_signal": 9.732803745655735,
        "auc_total": 35005.9794721051,
        "auc_per_second": 9.723883186695861,
        "terminal_mean": 9.707832658259319,
        "terminal_std": 0.0010144364018255694,
        "signal_range": 0.035705675581123586,
        "cv_coefficient": 0.0010633254595270895,
        "biosensor_type": "array",
        "kd": 5.041653166711878,
        "sensitivity": 4.423113677290513
      },
      "stage_2_biosensor_noisy": {
        "stage": "stage_2_biosensor_noisy",
        "description": "Biosensor output (with noise injection)",
        "mean_signal": 10.151628850107667,
        "std_signal": 2.6519227493192847,
        "min_signal": 3.982056967091573,
        "max_signal": 43.706342669983066,
        "median_signal": 10.084896982484032,
        "q25_signal": 8.697468185961702,
        "q75_signal": 11.28781278879665,
        "auc_total": 36538.93826235977,
        "auc_per_second": 10.149705072877714,
        "terminal_mean": 10.333691901313767,
        "terminal_std": 1.679736959805006,
        "signal_range": 39.72428570289149,
        "cv_coefficient": 0.26123125544440673,
        "noise_preset": "realistic",
        "snr_db": 11.171102848987005
      },
      "stage_3_thresholded": {
        "stage": "stage_3_thresholded",
        "description": "Threshold crossing detection",
        "threshold": 5.316884040769769,
        "fraction_above_threshold": 0.9916897506925207,
        "time_to_first_crossing": 0.0,
        "n_threshold_crossings": 6,
        "mean_signal_above": 10.197916908726622,
        "std_signal_above": 2.6137543871375355,
        "mean_signal_below": 4.6279205215790356,
        "std_signal_below": 0.4995430938207023,
        "mean_margin_above_threshold": 4.881032867956852,
        "mean_margin_below_threshold": -0.6889635191907333
      },
      "stage_4_ttd": {
        "stage": "stage_4_ttd",
        "description": "Time-to-detection assignment",
        "ttd_seconds": 170.0,
        "detected": true,
        "is_sentinel": false
      }
    },
    "stage_deltas": {
      "delta_0_to_1": {
        "transition": "stage_0_ode->stage_1_biosensor_clean",
        "mean_delta": 8.485421952767775,
        "std_delta": 0.0037161354397823258,
        "max_delta": 8.491849401416644,
        "rms_delta": 8.485422766496427,
        "fraction_significantly_changed": 1.0
      },
      "delta_1_to_2": {
        "transition": "stage_1_biosensor_clean->stage_2_biosensor_noisy",
        "mean_delta": 0.42774540176548864,
        "std_delta": 2.652841117599851,
        "max_delta": 33.99670221657429,
        "rms_delta": 2.687104784700431,
        "fraction_significantly_changed": 1.0
      },
      "delta_2_to_3": {
        "transition": "stage_2_biosensor_noisy->stage_3_thresholded",
        "mean_delta": -0.03845917330952107,
        "std_delta": 0.4225880457939267,
        "max_delta": 5.198763887125036,
        "rms_delta": 0.4243344959575897,
        "fraction_significantly_changed": 0.008310249307479225
      }
    },
    "propagation_integrity": {
      "stages_recorded": 5,
      "biological_hash_consistent": false,
      "all_stages_use_same_time": true
    }
  }
}