{
  "run_id": "60300714-3617-440a-a336-20bb9b4919d6",
  "timestamp": "2026-06-27T17:23:19.093613",
  "scenario": "pmo",
  "biosensor_config": {
    "circuit_type": "array",
    "kd_scl": 0.22408471409431782,
    "kd_ctx": 1.1159828403138168,
    "kd_p1np": 0.9448028755024678,
    "w_scl": 0.5960075440335862,
    "w_ctx": 0.07834766028312547,
    "w_p1np": 0.32564479568328825,
    "sensitivity": 1.1992851620460878,
    "threshold": 1.634090277828009,
    "dynamic_range": [
      0.0,
      3.4375083864189966
    ],
    "kd": 0.22408471409431782
  },
  "noise_preset": "realistic",
  "measurement": {
    "snr_db": 12.66805700516539,
    "n_detections": 0,
    "detection_rate": 0.0,
    "time_to_detection": 9000.0,
    "false_negative_rate": 0.54
  },
  "environment_params": {
    "Estrogen": 0.20392046805811614,
    "PTH": 49.20805369433944,
    "k_prod_Scl": 8.023994348698168e-07,
    "k_deg_Scl": 5.896523935981425e-05,
    "Sclerostin_bone": 0.0318424888592298,
    "k_prod_RANKL": 3.952490572732113e-06,
    "k_deg_RANKL": 2.5069961780478078e-05,
    "RANKL_bone": 0.7542181165488059,
    "k_prod_OPG": 6.423930829165251e-05,
    "k_deg_OPG": 1.9559427939679922e-05,
    "OPG_bone": 4.326746535100352,
    "MineralIon": 2.1558474062932094,
    "k_prod_Mineral": 0.06728909305547956,
    "k_loss_Mineral": 0.024206528758472613,
    "k_prod_CTX": 1.4290435097459582e-06,
    "k_deg_CTX": 2.0246713796548323e-05,
    "CTX_bone": 0.02129052115903063,
    "k_prod_P1NP": 1.4959969962549535e-07,
    "k_deg_P1NP": 1.999694434042358e-05,
    "P1NP_bone": 0.021463130029030716,
    "Sclerostin_sensor": 0.796062221480745,
    "RANKL_sensor": 22.626543496464176,
    "OPG_sensor": 129.80239605301054,
    "CTX_sensor": 0.5322630289757657,
    "P1NP_sensor": 0.5365782507257679
  },
  "equilibration_check": {
    "Sclerostin_bone": 0.0006008662633029617,
    "RANKL_bone": 1.0728246133657543e-05,
    "OPG_bone": 1.7279040465446503e-05,
    "CTX_bone": 0.00013633550065439152,
    "P1NP_bone": 0.00018449136720397006,
    "Osteocytes": 5.408049700848921e-05,
    "Osteoblasts": 3.914666127677852e-06,
    "Osteoclasts": 1.096706589085502e-05,
    "MineralIon": 3.916588185034089e-06,
    "Sclerostin_sensor": 0.0006016031602387685,
    "RANKL_sensor": 1.0732447068915718e-05,
    "OPG_sensor": 1.7289749832266902e-05,
    "CTX_sensor": 0.00013638752146577743,
    "P1NP_sensor": 0.00018452734797573216
  },
  "sclerostin_mean": 0.8076407453167064,
  "sclerostin_max": 0.8160810796860207,
  "sclerostin_min": 0.7989815594000629,
  "sclerostin_std": 0.004947496961341117,
  "ctx_mean": 0.5338485707054157,
  "p1np_mean": 0.5343517146779947,
  "metadata_file": "metadata/60300714-3617-440a-a336-20bb9b4919d6.json",
  "timeseries_file": "timeseries/60300714-3617-440a-a336-20bb9b4919d6.csv",
  "instrumentation": {
    "biological_realization": {
      "rng_seed": 2087756869,
      "scenario": "pmo",
      "realization_hash": "fbbc3144db2e6fcf"
    },
    "stages": {
      "stage_0_ode": {
        "stage": "stage_0_ode",
        "description": "ODE concentration output",
        "mean_signal": 0.8076407453167064,
        "std_signal": 0.004947496961341117,
        "min_signal": 0.7989815594000629,
        "max_signal": 0.8160810796860207,
        "median_signal": 0.8076954829574579,
        "q25_signal": 0.8033842790351298,
        "q75_signal": 0.8119254241229829,
        "auc_total": 2907.50777739788,
        "auc_per_second": 0.8076410492771889,
        "terminal_mean": 0.8152781360754762,
        "terminal_std": 0.0004771494499487236,
        "signal_range": 0.017099520285957848,
        "cv_coefficient": 0.006125863498133712,
        "species_tracked": "Sclerostin_sensor or Sclerostin_bone"
      },
      "stage_1_biosensor_clean": {
        "stage": "stage_1_biosensor_clean",
        "description": "Biosensor output (clean signal, no noise)",
        "mean_signal": 1.6158745747706833,
        "std_signal": 0.0007677422451091606,
        "min_signal": 1.614511073898771,
        "max_signal": 1.6171655089555284,
        "median_signal": 1.6158927478184213,
        "q25_signal": 1.6152169836523171,
        "q75_signal": 1.6165415117010735,
        "auc_total": 5817.148832007895,
        "auc_per_second": 1.6158746755577487,
        "terminal_mean": 1.617045876134324,
        "terminal_std": 7.11855585631406e-05,
        "signal_range": 0.0026544350567574426,
        "cv_coefficient": 0.0004751248996031234,
        "biosensor_type": "array",
        "kd": 0.22408471409431782,
        "sensitivity": 1.1992851620460878
      },
      "stage_2_biosensor_noisy": {
        "stage": "stage_2_biosensor_noisy",
        "description": "Biosensor output (with noise injection)",
        "mean_signal": 1.6800619714618228,
        "std_signal": 0.3703791186361646,
        "min_signal": 0.5401707945855668,
        "max_signal": 4.1346855788741355,
        "median_signal": 1.660472757616841,
        "q25_signal": 1.4567152322973733,
        "q75_signal": 1.9181549943923408,
        "auc_total": 6047.637148507756,
        "auc_per_second": 1.679899207918821,
        "terminal_mean": 1.7601201002899935,
        "terminal_std": 0.3358049085693911,
        "signal_range": 3.5945147842885685,
        "cv_coefficient": 0.22045562897533924,
        "noise_preset": "realistic",
        "snr_db": 12.66805700516539
      },
      "stage_3_thresholded": {
        "stage": "stage_3_thresholded",
        "description": "Threshold crossing detection",
        "threshold": 1.634090277828009,
        "fraction_above_threshold": 0.5373961218836565,
        "time_to_first_crossing": 0.0,
        "n_threshold_crossings": 187,
        "mean_signal_above": 1.9380061878016634,
        "std_signal_above": 0.26866622509591304,
        "mean_signal_below": 1.3804141991867984,
        "std_signal_below": 0.2135591020866509,
        "mean_margin_above_threshold": 0.3039159099736546,
        "mean_margin_below_threshold": -0.25367607864121067
      },
      "stage_4_ttd": {
        "stage": "stage_4_ttd",
        "description": "Time-to-detection assignment",
        "ttd_seconds": 9000.0,
        "detected": false,
        "is_sentinel": true
      }
    },
    "stage_deltas": {
      "delta_0_to_1": {
        "transition": "stage_0_ode->stage_1_biosensor_clean",
        "mean_delta": 0.8082338294539768,
        "std_delta": 0.004179812844572105,
        "max_delta": 0.815529514498708,
        "rms_delta": 0.8082446374144746,
        "fraction_significantly_changed": 1.0
      },
      "delta_1_to_2": {
        "transition": "stage_1_biosensor_clean->stage_2_biosensor_noisy",
        "mean_delta": 0.06418739669113975,
        "std_delta": 0.3703199335916212,
        "max_delta": 2.5178013796419787,
        "rms_delta": 0.3758415558573699,
        "fraction_significantly_changed": 1.0
      },
      "delta_2_to_3": {
        "transition": "stage_2_biosensor_noisy->stage_3_thresholded",
        "mean_delta": -0.6385849619506796,
        "std_delta": 0.7034338611542424,
        "max_delta": 1.6329992863962706,
        "rms_delta": 0.9500578669996459,
        "fraction_significantly_changed": 0.4626038781163435
      }
    },
    "propagation_integrity": {
      "stages_recorded": 5,
      "biological_hash_consistent": false,
      "all_stages_use_same_time": true
    }
  }
}