{
  "run_id": "6551cbcb-ca6a-4ab5-9a0e-7a99396ffc3a",
  "timestamp": "2026-06-27T17:24:18.824767",
  "scenario": "ckd_mbd",
  "biosensor_config": {
    "circuit_type": "array",
    "kd_scl": 8.113561859413913,
    "kd_ctx": 0.21304287756280843,
    "kd_p1np": 2.583333450073905,
    "w_scl": 0.07109371779858514,
    "w_ctx": 0.647425858163845,
    "w_p1np": 0.2814804240375698,
    "sensitivity": 2.3272416331642938,
    "threshold": 2.9431039692029834,
    "dynamic_range": [
      0.0,
      7.415099922846942
    ],
    "kd": 8.113561859413913
  },
  "noise_preset": "realistic",
  "measurement": {
    "snr_db": 12.245724902030384,
    "n_detections": 1,
    "detection_rate": 1.0,
    "time_to_detection": 270.0,
    "false_negative_rate": 0.0
  },
  "environment_params": {
    "Estrogen": 0.47031810106416017,
    "PTH": 192.39327990893733,
    "k_prod_Scl": 2.785697399737564e-06,
    "k_deg_Scl": 6.753117107941246e-05,
    "Sclerostin_bone": 0.050869744757700106,
    "k_prod_RANKL": 7.0610291752740375e-06,
    "k_deg_RANKL": 2.1605367194626045e-05,
    "RANKL_bone": 0.9933203781749272,
    "k_prod_OPG": 0.00011720729306804319,
    "k_deg_OPG": 2.1555317135955944e-05,
    "OPG_bone": 5.4130939322777625,
    "MineralIon": 3.460737971154856,
    "k_prod_Mineral": 0.1615694288011912,
    "k_loss_Mineral": 0.051650259785076286,
    "k_prod_CTX": 7.129840909134242e-07,
    "k_deg_CTX": 1.009517779681864e-05,
    "CTX_bone": 0.040335607039829746,
    "k_prod_P1NP": 7.439268666297065e-08,
    "k_deg_P1NP": 1.2192403981904494e-05,
    "P1NP_bone": 0.048042128655613026,
    "Sclerostin_sensor": 1.2717436189425027,
    "RANKL_sensor": 29.79961134524782,
    "OPG_sensor": 162.39281796833288,
    "CTX_sensor": 1.0083901759957437,
    "P1NP_sensor": 1.2010532163903256
  },
  "equilibration_check": {
    "Sclerostin_bone": 0.00023918171148275226,
    "RANKL_bone": 1.5818249168657434e-05,
    "OPG_bone": 9.776118966844378e-05,
    "CTX_bone": 0.00011688707072992552,
    "P1NP_bone": 0.0002773982586878894,
    "Osteocytes": 8.304615567438776e-05,
    "Osteoblasts": 2.4467814792609004e-06,
    "Osteoclasts": 5.339258948822817e-05,
    "MineralIon": 2.4489888903751453e-06,
    "Sclerostin_sensor": 0.00023952944143344792,
    "RANKL_sensor": 1.5828387934512474e-05,
    "OPG_sensor": 9.780382343961928e-05,
    "CTX_sensor": 0.00011690230600282819,
    "P1NP_sensor": 0.0002774104263150134
  },
  "sclerostin_mean": 1.2792798298645396,
  "sclerostin_max": 1.2846342314723147,
  "sclerostin_min": 1.273688322661266,
  "sclerostin_std": 0.0031630538258465802,
  "ctx_mean": 1.0057160888020442,
  "p1np_mean": 1.1936212544724416,
  "metadata_file": "metadata/6551cbcb-ca6a-4ab5-9a0e-7a99396ffc3a.json",
  "timeseries_file": "timeseries/6551cbcb-ca6a-4ab5-9a0e-7a99396ffc3a.csv",
  "instrumentation": {
    "biological_realization": {
      "rng_seed": 1103718793,
      "scenario": "ckd_mbd",
      "realization_hash": "6e44748bff62c299"
    },
    "stages": {
      "stage_0_ode": {
        "stage": "stage_0_ode",
        "description": "ODE concentration output",
        "mean_signal": 1.2792798298645396,
        "std_signal": 0.0031630538258465802,
        "min_signal": 1.273688322661266,
        "max_signal": 1.2846342314723147,
        "median_signal": 1.2793385470835341,
        "q25_signal": 1.2765684597320086,
        "q75_signal": 1.2820219951046599,
        "auc_total": 4605.40857304032,
        "auc_per_second": 1.2792801591778669,
        "terminal_mean": 1.2841309219316837,
        "terminal_std": 0.0002992241732668247,
        "signal_range": 0.010945908811048621,
        "cv_coefficient": 0.0024725269264829334,
        "species_tracked": "Sclerostin_sensor or Sclerostin_bone"
      },
      "stage_1_biosensor_clean": {
        "stage": "stage_1_biosensor_clean",
        "description": "Biosensor output (clean signal, no noise)",
        "mean_signal": 4.812875429412616,
        "std_signal": 0.002642761490341327,
        "min_signal": 4.808279870250704,
        "max_signal": 4.817401969852657,
        "median_signal": 4.812892450880211,
        "q25_signal": 4.8105960057411465,
        "q75_signal": 4.815163840579125,
        "auc_total": 17326.351890979025,
        "auc_per_second": 4.812875525271951,
        "terminal_mean": 4.808731474770492,
        "terminal_std": 0.00026796014990459826,
        "signal_range": 0.009122099601952982,
        "cv_coefficient": 0.0005491024085499469,
        "biosensor_type": "array",
        "kd": 8.113561859413913,
        "sensitivity": 2.3272416331642938
      },
      "stage_2_biosensor_noisy": {
        "stage": "stage_2_biosensor_noisy",
        "description": "Biosensor output (with noise injection)",
        "mean_signal": 4.972605817122178,
        "std_signal": 1.1638198177902759,
        "min_signal": -5.2789078354552466,
        "max_signal": 8.558495367424692,
        "median_signal": 5.00667170332637,
        "q25_signal": 4.3565125433828955,
        "q75_signal": 5.680165437000676,
        "auc_total": 17903.871679550728,
        "auc_per_second": 4.973297688764091,
        "terminal_mean": 5.380622582368274,
        "terminal_std": 1.1363360472789632,
        "signal_range": 13.837403202879939,
        "cv_coefficient": 0.2340462647939827,
        "noise_preset": "realistic",
        "snr_db": 12.245724902030384
      },
      "stage_3_thresholded": {
        "stage": "stage_3_thresholded",
        "description": "Threshold crossing detection",
        "threshold": 2.9431039692029834,
        "fraction_above_threshold": 0.9778393351800554,
        "time_to_first_crossing": 0.0,
        "n_threshold_crossings": 16,
        "mean_signal_above": 5.0489755822638225,
        "std_signal_above": 0.9838597866034873,
        "mean_signal_below": 1.6027899302470963,
        "std_signal_below": 2.6068415693802125,
        "mean_margin_above_threshold": 2.1058716130608395,
        "mean_margin_below_threshold": -1.340314038955887
      },
      "stage_4_ttd": {
        "stage": "stage_4_ttd",
        "description": "Time-to-detection assignment",
        "ttd_seconds": 270.0,
        "detected": true,
        "is_sentinel": false
      }
    },
    "stage_deltas": {
      "delta_0_to_1": {
        "transition": "stage_0_ode->stage_1_biosensor_clean",
        "mean_delta": 3.5335955995480766,
        "std_delta": 0.00580544691853505,
        "max_delta": 3.543713647191391,
        "rms_delta": 3.5336003685136004,
        "fraction_significantly_changed": 1.0
      },
      "delta_1_to_2": {
        "transition": "stage_1_biosensor_clean->stage_2_biosensor_noisy",
        "mean_delta": 0.159730387709562,
        "std_delta": 1.164312319675164,
        "max_delta": 10.095319859642572,
        "rms_delta": 1.1752178412980328,
        "fraction_significantly_changed": 1.0
      },
      "delta_2_to_3": {
        "transition": "stage_2_biosensor_noisy->stage_3_thresholded",
        "mean_delta": -0.03551889042098828,
        "std_delta": 0.4541621419237669,
        "max_delta": 5.2789078354552466,
        "rms_delta": 0.4555489465837036,
        "fraction_significantly_changed": 0.0221606648199446
      }
    },
    "propagation_integrity": {
      "stages_recorded": 5,
      "biological_hash_consistent": false,
      "all_stages_use_same_time": true
    }
  }
}