{
  "run_id": "65f8be7d-3c67-43a6-a4c4-790cce366732",
  "timestamp": "2026-06-27T17:23:53.372443",
  "scenario": "ckd_mbd",
  "biosensor_config": {
    "circuit_type": "array",
    "kd_scl": 6.15319571835856,
    "kd_ctx": 0.1669104515205121,
    "kd_p1np": 1.7973753197438922,
    "w_scl": 0.27065716791949546,
    "w_ctx": 0.6426946087488655,
    "w_p1np": 0.0866482233316391,
    "sensitivity": 2.0182050385710415,
    "threshold": 2.75664583300133,
    "dynamic_range": [
      0.0,
      7.061427442995577
    ],
    "kd": 6.15319571835856
  },
  "noise_preset": "realistic",
  "measurement": {
    "snr_db": 13.499952053421199,
    "n_detections": 1,
    "detection_rate": 1.0,
    "time_to_detection": 330.0,
    "false_negative_rate": 0.0
  },
  "environment_params": {
    "Estrogen": 0.4798207042571299,
    "PTH": 194.41579959354257,
    "k_prod_Scl": 2.554303246224504e-06,
    "k_deg_Scl": 5.311674047026849e-05,
    "Sclerostin_bone": 0.052333412955618955,
    "k_prod_RANKL": 6.801172764384543e-06,
    "k_deg_RANKL": 1.9947956488564137e-05,
    "RANKL_bone": 0.8312344433720212,
    "k_prod_OPG": 0.00010157633788903017,
    "k_deg_OPG": 1.8676419021358317e-05,
    "OPG_bone": 5.683436734864653,
    "MineralIon": 3.9440873756153696,
    "k_prod_Mineral": 0.14265320896183625,
    "k_loss_Mineral": 0.056895295106757095,
    "k_prod_CTX": 6.852407131085615e-07,
    "k_deg_CTX": 8.679912272598983e-06,
    "CTX_bone": 0.02436969307771636,
    "k_prod_P1NP": 9.445647043889234e-08,
    "k_deg_P1NP": 1.425501947423844e-05,
    "P1NP_bone": 0.03794946439135457,
    "Sclerostin_sensor": 1.3083353238904738,
    "RANKL_sensor": 24.937033301160636,
    "OPG_sensor": 170.50310204593958,
    "CTX_sensor": 0.609242326942909,
    "P1NP_sensor": 0.9487366097838642
  },
  "equilibration_check": {
    "Sclerostin_bone": 0.00036903499977324983,
    "RANKL_bone": 0.00013899304846668638,
    "OPG_bone": 0.00010525576088834394,
    "CTX_bone": 2.0106846365649698e-05,
    "P1NP_bone": 0.0002829301585890587,
    "Osteocytes": 8.660201918919489e-05,
    "Osteoblasts": 3.916917054584252e-06,
    "Osteoclasts": 8.766724599666458e-05,
    "MineralIon": 3.918810714789561e-06,
    "Sclerostin_sensor": 0.00036946024309925866,
    "RANKL_sensor": 0.000139082954679443,
    "OPG_sensor": 0.00010529308243227948,
    "CTX_sensor": 2.0097831813043593e-05,
    "P1NP_sensor": 0.0002829500030738165
  },
  "sclerostin_mean": 1.3200212695848728,
  "sclerostin_max": 1.328480706318259,
  "sclerostin_min": 1.3113034334979758,
  "sclerostin_std": 0.0049672943132993315,
  "ctx_mean": 0.6094942473261833,
  "p1np_mean": 0.9427421391776052,
  "metadata_file": "metadata/65f8be7d-3c67-43a6-a4c4-790cce366732.json",
  "timeseries_file": "timeseries/65f8be7d-3c67-43a6-a4c4-790cce366732.csv",
  "instrumentation": {
    "biological_realization": {
      "rng_seed": 1415615553,
      "scenario": "ckd_mbd",
      "realization_hash": "f2e780b3ac199319"
    },
    "stages": {
      "stage_0_ode": {
        "stage": "stage_0_ode",
        "description": "ODE concentration output",
        "mean_signal": 1.3200212695848728,
        "std_signal": 0.0049672943132993315,
        "min_signal": 1.3113034334979758,
        "max_signal": 1.328480706318259,
        "median_signal": 1.3200854500412065,
        "q25_signal": 1.3157525629274638,
        "q75_signal": 1.3243234644236541,
        "auc_total": 4752.07786250231,
        "auc_per_second": 1.320021628472864,
        "terminal_mean": 1.327677704851853,
        "terminal_std": 0.00047720172806898543,
        "signal_range": 0.01717727282028325,
        "cv_coefficient": 0.003763041117406746,
        "species_tracked": "Sclerostin_sensor or Sclerostin_bone"
      },
      "stage_1_biosensor_clean": {
        "stage": "stage_1_biosensor_clean",
        "description": "Biosensor output (clean signal, no noise)",
        "mean_signal": 3.9168084805846424,
        "std_signal": 0.00461173392172458,
        "min_signal": 3.908693528816339,
        "max_signal": 3.924643481611573,
        "median_signal": 3.9168780353010275,
        "q25_signal": 3.912848599595462,
        "q75_signal": 3.920804635206232,
        "auc_total": 14100.511929858418,
        "auc_per_second": 3.916808869405116,
        "terminal_mean": 3.9239028587028133,
        "terminal_std": 0.000440219077277238,
        "signal_range": 0.015949952795233813,
        "cv_coefficient": 0.001177421348167682,
        "biosensor_type": "array",
        "kd": 6.15319571835856,
        "sensitivity": 2.0182050385710415
      },
      "stage_2_biosensor_noisy": {
        "stage": "stage_2_biosensor_noisy",
        "description": "Biosensor output (with noise injection)",
        "mean_signal": 4.056642684658296,
        "std_signal": 0.8167033515609977,
        "min_signal": 1.834514223636575,
        "max_signal": 6.003684734037959,
        "median_signal": 4.075563948392297,
        "q25_signal": 3.5219948402931998,
        "q75_signal": 4.597801448377948,
        "auc_total": 14598.136455163462,
        "auc_per_second": 4.055037904212073,
        "terminal_mean": 4.320213536614346,
        "terminal_std": 0.7099274596737247,
        "signal_range": 4.1691705104013845,
        "cv_coefficient": 0.2013249415950942,
        "noise_preset": "realistic",
        "snr_db": 13.499952053421199
      },
      "stage_3_thresholded": {
        "stage": "stage_3_thresholded",
        "description": "Threshold crossing detection",
        "threshold": 2.75664583300133,
        "fraction_above_threshold": 0.9473684210526315,
        "time_to_first_crossing": 0.0,
        "n_threshold_crossings": 38,
        "mean_signal_above": 4.148269567518116,
        "std_signal_above": 0.7357422164742867,
        "mean_signal_below": 2.407358793181551,
        "std_signal_below": 0.24109720884288888,
        "mean_margin_above_threshold": 1.3916237345167852,
        "mean_margin_below_threshold": -0.34928703981977904
      },
      "stage_4_ttd": {
        "stage": "stage_4_ttd",
        "description": "Time-to-detection assignment",
        "ttd_seconds": 330.0,
        "detected": true,
        "is_sentinel": false
      }
    },
    "stage_deltas": {
      "delta_0_to_1": {
        "transition": "stage_0_ode->stage_1_biosensor_clean",
        "mean_delta": 2.596787210999769,
        "std_delta": 0.00035568254880658385,
        "max_delta": 2.5973900953183633,
        "rms_delta": 2.59678723535873,
        "fraction_significantly_changed": 1.0
      },
      "delta_1_to_2": {
        "transition": "stage_1_biosensor_clean->stage_2_biosensor_noisy",
        "mean_delta": 0.1398342040736538,
        "std_delta": 0.8159219454389095,
        "max_delta": 2.0885390330702585,
        "rms_delta": 0.8278177490714529,
        "fraction_significantly_changed": 1.0
      },
      "delta_2_to_3": {
        "transition": "stage_2_biosensor_noisy->stage_3_thresholded",
        "mean_delta": -0.1267030943779764,
        "std_delta": 0.5403938337159508,
        "max_delta": 2.70461216536585,
        "rms_delta": 0.5550487993349568,
        "fraction_significantly_changed": 0.05263157894736842
      }
    },
    "propagation_integrity": {
      "stages_recorded": 5,
      "biological_hash_consistent": false,
      "all_stages_use_same_time": true
    }
  }
}