{
  "run_id": "681f4d17-fdb8-4869-95d8-7745eee39e2a",
  "timestamp": "2026-06-27T17:24:17.057146",
  "scenario": "pmo",
  "biosensor_config": {
    "circuit_type": "array",
    "kd_scl": 2.5725533379646115,
    "kd_ctx": 0.24322198099117048,
    "kd_p1np": 4.960371513608797,
    "w_scl": 0.021725688254815224,
    "w_ctx": 0.2405799029294309,
    "w_p1np": 0.7376944088157539,
    "sensitivity": 2.009406462696851,
    "threshold": 2.6009772177737585,
    "dynamic_range": [
      0.0,
      6.683628264085502
    ],
    "kd": 2.5725533379646115
  },
  "noise_preset": "realistic",
  "measurement": {
    "snr_db": 13.583787440258908,
    "n_detections": 1,
    "detection_rate": 1.0,
    "time_to_detection": 170.0,
    "false_negative_rate": 0.0
  },
  "environment_params": {
    "Estrogen": 0.19584431704080066,
    "PTH": 56.468708645771905,
    "k_prod_Scl": 6.463030140663431e-07,
    "k_deg_Scl": 5.8445107778589696e-05,
    "Sclerostin_bone": 0.05915272583991767,
    "k_prod_RANKL": 3.2598551370316605e-06,
    "k_deg_RANKL": 1.9633836007437214e-05,
    "RANKL_bone": 0.9765174692224994,
    "k_prod_OPG": 7.417037138809007e-05,
    "k_deg_OPG": 2.020576396397389e-05,
    "OPG_bone": 3.7170875812965902,
    "MineralIon": 2.214885050014559,
    "k_prod_Mineral": 0.07969754180059108,
    "k_loss_Mineral": 0.02402308327451101,
    "k_prod_CTX": 1.8475523845276454e-06,
    "k_deg_CTX": 1.8789348363606343e-05,
    "CTX_bone": 0.045051240269689846,
    "k_prod_P1NP": 3.0689227750090873e-07,
    "k_deg_P1NP": 2.1427065688888777e-05,
    "P1NP_bone": 0.024220547237606374,
    "Sclerostin_sensor": 1.478818145997942,
    "RANKL_sensor": 29.29552407667498,
    "OPG_sensor": 111.51262743889771,
    "CTX_sensor": 1.1262810067422462,
    "P1NP_sensor": 0.6055136809401593
  },
  "equilibration_check": {
    "Sclerostin_bone": 0.000695607539333513,
    "RANKL_bone": 9.916593683725492e-05,
    "OPG_bone": 0.00013158293572204064,
    "CTX_bone": 4.9044119566627154e-05,
    "P1NP_bone": 0.00010741103646892341,
    "Osteocytes": 8.715044423958418e-05,
    "Osteoblasts": 7.937238722401822e-06,
    "Osteoclasts": 7.353127707450329e-05,
    "MineralIon": 7.938990455535473e-06,
    "Sclerostin_sensor": 0.0006959168883067395,
    "RANKL_sensor": 9.92085585965568e-05,
    "OPG_sensor": 0.0001316606559060753,
    "CTX_sensor": 4.903810755861224e-05,
    "P1NP_sensor": 0.00010744649444049038
  },
  "sclerostin_mean": 1.4556180938747814,
  "sclerostin_max": 1.473047762225843,
  "sclerostin_min": 1.4384675469368382,
  "sclerostin_std": 0.010013305561113016,
  "ctx_mean": 1.1248984563726283,
  "p1np_mean": 0.607004883204396,
  "metadata_file": "metadata/681f4d17-fdb8-4869-95d8-7745eee39e2a.json",
  "timeseries_file": "timeseries/681f4d17-fdb8-4869-95d8-7745eee39e2a.csv",
  "instrumentation": {
    "biological_realization": {
      "rng_seed": 1002918968,
      "scenario": "pmo",
      "realization_hash": "9b6a431812e681d4"
    },
    "stages": {
      "stage_0_ode": {
        "stage": "stage_0_ode",
        "description": "ODE concentration output",
        "mean_signal": 1.4556180938747814,
        "std_signal": 0.010013305561113016,
        "min_signal": 1.4384675469368382,
        "max_signal": 1.473047762225843,
        "median_signal": 1.455547072295447,
        "q25_signal": 1.4469504669656568,
        "q75_signal": 1.464250211357296,
        "auc_total": 5240.223742342147,
        "auc_per_second": 1.4556177062061517,
        "terminal_mean": 1.4401086614165388,
        "terminal_std": 0.0009750461672719604,
        "signal_range": 0.0345802152890049,
        "cv_coefficient": 0.006879074671611223,
        "species_tracked": "Sclerostin_sensor or Sclerostin_bone"
      },
      "stage_1_biosensor_clean": {
        "stage": "stage_1_biosensor_clean",
        "description": "Biosensor output (clean signal, no noise)",
        "mean_signal": 3.4569822650634237,
        "std_signal": 0.0016966495961052751,
        "min_signal": 3.4540406573740166,
        "max_signal": 3.459903754155337,
        "median_signal": 3.456986984878125,
        "q25_signal": 3.4555185637103043,
        "q75_signal": 3.458448538480697,
        "auc_total": 12445.136254821313,
        "auc_per_second": 3.4569822930059204,
        "terminal_mean": 3.459621234019712,
        "terminal_std": 0.00016775260121808588,
        "signal_range": 0.005863096781320465,
        "cv_coefficient": 0.0004907892103618146,
        "biosensor_type": "array",
        "kd": 2.5725533379646115,
        "sensitivity": 2.009406462696851
      },
      "stage_2_biosensor_noisy": {
        "stage": "stage_2_biosensor_noisy",
        "description": "Biosensor output (with noise injection)",
        "mean_signal": 3.6372698559786305,
        "std_signal": 0.7011114413361401,
        "min_signal": 1.7625225738314998,
        "max_signal": 5.622672139740156,
        "median_signal": 3.6105794442600843,
        "q25_signal": 3.157932825413648,
        "q75_signal": 4.07569399072732,
        "auc_total": 13088.934107685185,
        "auc_per_second": 3.6358150299125516,
        "terminal_mean": 3.659011308995403,
        "terminal_std": 0.6665811566561477,
        "signal_range": 3.860149565908656,
        "cv_coefficient": 0.19275760916768758,
        "noise_preset": "realistic",
        "snr_db": 13.583787440258908
      },
      "stage_3_thresholded": {
        "stage": "stage_3_thresholded",
        "description": "Threshold crossing detection",
        "threshold": 2.6009772177737585,
        "fraction_above_threshold": 0.9279778393351801,
        "time_to_first_crossing": 0.0,
        "n_threshold_crossings": 46,
        "mean_signal_above": 3.7405300989202286,
        "std_signal_above": 0.6141787092499644,
        "mean_signal_below": 2.306801341154195,
        "std_signal_below": 0.23932397087736534,
        "mean_margin_above_threshold": 1.13955288114647,
        "mean_margin_below_threshold": -0.2941758766195636
      },
      "stage_4_ttd": {
        "stage": "stage_4_ttd",
        "description": "Time-to-detection assignment",
        "ttd_seconds": 170.0,
        "detected": true,
        "is_sentinel": false
      }
    },
    "stage_deltas": {
      "delta_0_to_1": {
        "transition": "stage_0_ode->stage_1_biosensor_clean",
        "mean_delta": 2.001364171188642,
        "std_delta": 0.01170994470291965,
        "max_delta": 2.021436207218499,
        "rms_delta": 2.001398428230258,
        "fraction_significantly_changed": 1.0
      },
      "delta_1_to_2": {
        "transition": "stage_1_biosensor_clean->stage_2_biosensor_noisy",
        "mean_delta": 0.180287590915207,
        "std_delta": 0.7007963898428367,
        "max_delta": 2.165636329401727,
        "rms_delta": 0.7236153643025846,
        "fraction_significantly_changed": 1.0
      },
      "delta_2_to_3": {
        "transition": "stage_2_biosensor_noisy->stage_3_thresholded",
        "mean_delta": -0.16614081681442955,
        "std_delta": 0.5998134932195686,
        "max_delta": 2.599049972910431,
        "rms_delta": 0.6223977808925956,
        "fraction_significantly_changed": 0.07202216066481995
      }
    },
    "propagation_integrity": {
      "stages_recorded": 5,
      "biological_hash_consistent": false,
      "all_stages_use_same_time": true
    }
  }
}