{
  "run_id": "69247794-84fc-422d-a25c-ab05d9b24ee1",
  "timestamp": "2026-06-27T17:23:09.780624",
  "scenario": "ckd_mbd",
  "biosensor_config": {
    "circuit_type": "array",
    "kd_scl": 0.22640537970541114,
    "kd_ctx": 0.965383023217475,
    "kd_p1np": 4.746359068540706,
    "w_scl": 0.034684460341712985,
    "w_ctx": 0.7972657731528738,
    "w_p1np": 0.16804976650541323,
    "sensitivity": 1.211536328711594,
    "threshold": 2.3028008079691658,
    "dynamic_range": [
      0.0,
      4.64296029940012
    ],
    "kd": 0.22640537970541114
  },
  "noise_preset": "realistic",
  "measurement": {
    "snr_db": 13.547712849361623,
    "n_detections": 0,
    "detection_rate": 0.0,
    "time_to_detection": 9000.0,
    "false_negative_rate": 1.0
  },
  "environment_params": {
    "Estrogen": 0.5772668807048487,
    "PTH": 190.0502932503507,
    "k_prod_Scl": 5.0016808933239816e-06,
    "k_deg_Scl": 5.803222611006901e-05,
    "Sclerostin_bone": 0.04333861301523048,
    "k_prod_RANKL": 5.767659179633064e-06,
    "k_deg_RANKL": 2.1933263405701895e-05,
    "RANKL_bone": 1.0167338487762785,
    "k_prod_OPG": 0.00015066833144342467,
    "k_deg_OPG": 2.033991477890965e-05,
    "OPG_bone": 5.092089877039553,
    "MineralIon": 4.439962048224474,
    "k_prod_Mineral": 0.16040111355962017,
    "k_loss_Mineral": 0.053166336088808004,
    "k_prod_CTX": 3.463470102368496e-07,
    "k_deg_CTX": 1.0422067042454353e-05,
    "CTX_bone": 0.013486415372194256,
    "k_prod_P1NP": 5.6337704981856945e-08,
    "k_deg_P1NP": 1.700022274791904e-05,
    "P1NP_bone": 0.017206670367029057,
    "Sclerostin_sensor": 1.083465325380762,
    "RANKL_sensor": 30.502015463288355,
    "OPG_sensor": 152.76269631118657,
    "CTX_sensor": 0.3371603843048564,
    "P1NP_sensor": 0.43016675917572644
  },
  "equilibration_check": {
    "Sclerostin_bone": 0.0019100251306960689,
    "RANKL_bone": 0.00015518835528668018,
    "OPG_bone": 0.00014259818838173978,
    "CTX_bone": 3.2981333043842614e-05,
    "P1NP_bone": 0.000318223931050571,
    "Osteocytes": 8.452096747935174e-05,
    "Osteoblasts": 1.7809741162568532e-05,
    "Osteoclasts": 9.734079551361097e-05,
    "MineralIon": 1.7812551220370812e-05,
    "Sclerostin_sensor": 0.0019134685896821798,
    "RANKL_sensor": 0.00015524370546822822,
    "OPG_sensor": 0.00014270122113980768,
    "CTX_sensor": 3.297274311605346e-05,
    "P1NP_sensor": 0.00031825211117011477
  },
  "sclerostin_mean": 1.1361356194051362,
  "sclerostin_max": 1.174644227492154,
  "sclerostin_min": 1.0967076979722854,
  "sclerostin_std": 0.022553508767136927,
  "ctx_mean": 0.33689951410547986,
  "p1np_mean": 0.4271082232557417,
  "metadata_file": "metadata/69247794-84fc-422d-a25c-ab05d9b24ee1.json",
  "timeseries_file": "timeseries/69247794-84fc-422d-a25c-ab05d9b24ee1.csv",
  "instrumentation": {
    "biological_realization": {
      "rng_seed": 2102711289,
      "scenario": "ckd_mbd",
      "realization_hash": "a6afd4fafbf9a2f0"
    },
    "stages": {
      "stage_0_ode": {
        "stage": "stage_0_ode",
        "description": "ODE concentration output",
        "mean_signal": 1.1361356194051362,
        "std_signal": 0.022553508767136927,
        "min_signal": 1.0967076979722854,
        "max_signal": 1.174644227492154,
        "median_signal": 1.1363661119742625,
        "q25_signal": 1.1167239631943144,
        "q75_signal": 1.155665568949587,
        "auc_total": 4090.0928264252198,
        "auc_per_second": 1.1361368962292278,
        "terminal_mean": 1.170976206028625,
        "terminal_std": 0.002179630722454754,
        "signal_range": 0.07793652951986862,
        "cv_coefficient": 0.019851070930198993,
        "species_tracked": "Sclerostin_sensor or Sclerostin_bone"
      },
      "stage_1_biosensor_clean": {
        "stage": "stage_1_biosensor_clean",
        "description": "Biosensor output (clean signal, no noise)",
        "mean_signal": 1.7569807733263765,
        "std_signal": 0.0008584033600935846,
        "min_signal": 1.7554898022011887,
        "max_signal": 1.758454532689332,
        "median_signal": 1.7569851184451921,
        "q25_signal": 1.7562403954217123,
        "q75_signal": 1.7577233727393973,
        "auc_total": 6325.130870033767,
        "auc_per_second": 1.7569807972316018,
        "terminal_mean": 1.7556361496182546,
        "terminal_std": 8.683477802022407e-05,
        "signal_range": 0.0029647304881432746,
        "cv_coefficient": 0.0004885673042787064,
        "biosensor_type": "array",
        "kd": 0.22640537970541114,
        "sensitivity": 1.211536328711594
      },
      "stage_2_biosensor_noisy": {
        "stage": "stage_2_biosensor_noisy",
        "description": "Biosensor output (with noise injection)",
        "mean_signal": 1.8193763921905421,
        "std_signal": 0.36397734269529086,
        "min_signal": 0.6867265892235697,
        "max_signal": 2.9128539350197515,
        "median_signal": 1.7929999656479114,
        "q25_signal": 1.5937751760650316,
        "q75_signal": 2.049521323930649,
        "auc_total": 6551.062090374371,
        "auc_per_second": 1.8197394695484364,
        "terminal_mean": 1.7847467691302263,
        "terminal_std": 0.3166497872236762,
        "signal_range": 2.226127345796182,
        "cv_coefficient": 0.20005609848386544,
        "noise_preset": "realistic",
        "snr_db": 13.547712849361623
      },
      "stage_3_thresholded": {
        "stage": "stage_3_thresholded",
        "description": "Threshold crossing detection",
        "threshold": 2.3028008079691658,
        "fraction_above_threshold": 0.09141274238227147,
        "time_to_first_crossing": 100.0,
        "n_threshold_crossings": 60,
        "mean_signal_above": 2.502224578272238,
        "std_signal_above": 0.14682037049956045,
        "mean_signal_below": 1.7506752027372008,
        "std_signal_below": 0.3033267785620178,
        "mean_margin_above_threshold": 0.19942377030307218,
        "mean_margin_below_threshold": -0.5521256052319649
      },
      "stage_4_ttd": {
        "stage": "stage_4_ttd",
        "description": "Time-to-detection assignment",
        "ttd_seconds": 9000.0,
        "detected": false,
        "is_sentinel": true
      }
    },
    "stage_deltas": {
      "delta_0_to_1": {
        "transition": "stage_0_ode->stage_1_biosensor_clean",
        "mean_delta": 0.6208451539212402,
        "std_delta": 0.023411834511987827,
        "max_delta": 0.6617468347170465,
        "rms_delta": 0.621286422789606,
        "fraction_significantly_changed": 1.0
      },
      "delta_1_to_2": {
        "transition": "stage_1_biosensor_clean->stage_2_biosensor_noisy",
        "mean_delta": 0.06239561886416585,
        "std_delta": 0.36399254096869915,
        "max_delta": 1.1546991312849193,
        "rms_delta": 0.36930175078693084,
        "fraction_significantly_changed": 1.0
      },
      "delta_2_to_3": {
        "transition": "stage_2_biosensor_noisy->stage_3_thresholded",
        "mean_delta": -1.5906411814343542,
        "std_delta": 0.5815094279681099,
        "max_delta": 2.302227441233423,
        "rms_delta": 1.6936034314120518,
        "fraction_significantly_changed": 0.9085872576177285
      }
    },
    "propagation_integrity": {
      "stages_recorded": 5,
      "biological_hash_consistent": false,
      "all_stages_use_same_time": true
    }
  }
}