{
  "run_id": "6e5f6a24-4430-40a3-9755-f3f2820e61eb",
  "timestamp": "2026-06-27T17:23:38.224662",
  "scenario": "pmo_mild",
  "biosensor_config": {
    "circuit_type": "array",
    "kd_scl": 1.0092396372011248,
    "kd_ctx": 2.634727955805285,
    "kd_p1np": 0.5732233431489301,
    "w_scl": 0.8267212814615348,
    "w_ctx": 0.03758311693215694,
    "w_p1np": 0.13569560160630828,
    "sensitivity": 0.6228840282537812,
    "threshold": 1.464395744074634,
    "dynamic_range": [
      0.0,
      2.3423782948707994
    ],
    "kd": 1.0092396372011248
  },
  "noise_preset": "realistic",
  "measurement": {
    "snr_db": 13.368015206658425,
    "n_detections": 0,
    "detection_rate": 0.0,
    "time_to_detection": 9000.0,
    "false_negative_rate": 1.0
  },
  "environment_params": {
    "Estrogen": 0.5515181199847137,
    "PTH": 46.314561223035106,
    "k_prod_Scl": 2.1408233817808868e-06,
    "k_deg_Scl": 5.868242605468187e-05,
    "Sclerostin_bone": 0.014275328935054543,
    "k_prod_RANKL": 3.376008374237564e-06,
    "k_deg_RANKL": 2.0215663763936693e-05,
    "RANKL_bone": 0.6285416249515096,
    "k_prod_OPG": 4.770708778602278e-05,
    "k_deg_OPG": 1.9282465692725538e-05,
    "OPG_bone": 5.9088219220705485,
    "MineralIon": 2.4685675080684146,
    "k_prod_Mineral": 0.0894608826460721,
    "k_loss_Mineral": 0.02941840938699457,
    "k_prod_CTX": 5.780909706316922e-07,
    "k_deg_CTX": 2.1432512761429668e-05,
    "CTX_bone": 0.011181007106188034,
    "k_prod_P1NP": 2.0594120309055735e-07,
    "k_deg_P1NP": 1.7451090162226842e-05,
    "P1NP_bone": 0.010148834381689115,
    "Sclerostin_sensor": 0.3568832233763636,
    "RANKL_sensor": 18.856248748545287,
    "OPG_sensor": 177.26465766211646,
    "CTX_sensor": 0.27952517765470086,
    "P1NP_sensor": 0.2537208595422279
  },
  "equilibration_check": {
    "Sclerostin_bone": 0.004571838487029282,
    "RANKL_bone": 0.00012136708281038085,
    "OPG_bone": 0.00011259521465017852,
    "CTX_bone": 0.00017921648516566115,
    "P1NP_bone": 0.0006695873743965926,
    "Osteocytes": 3.659241989678074e-05,
    "Osteoblasts": 1.5939362997390438e-05,
    "Osteoclasts": 1.5499691898877908e-05,
    "MineralIon": 1.5946852759926346e-05,
    "Sclerostin_sensor": 0.004585607710688495,
    "RANKL_sensor": 0.00012140837374500967,
    "OPG_sensor": 0.00011263160953011785,
    "CTX_sensor": 0.00017925975816508643,
    "P1NP_sensor": 0.0006699734259524685
  },
  "sclerostin_mean": 0.40345405747941554,
  "sclerostin_max": 0.43763230041173473,
  "sclerostin_min": 0.36854874559321416,
  "sclerostin_std": 0.019996151809033583,
  "ctx_mean": 0.2783948035840913,
  "p1np_mean": 0.25767314156167226,
  "metadata_file": "metadata/6e5f6a24-4430-40a3-9755-f3f2820e61eb.json",
  "timeseries_file": "timeseries/6e5f6a24-4430-40a3-9755-f3f2820e61eb.csv",
  "instrumentation": {
    "biological_realization": {
      "rng_seed": 646892730,
      "scenario": "pmo_mild",
      "realization_hash": "1919b443c3abd0d6"
    },
    "stages": {
      "stage_0_ode": {
        "stage": "stage_0_ode",
        "description": "ODE concentration output",
        "mean_signal": 0.40345405747941554,
        "std_signal": 0.019996151809033583,
        "min_signal": 0.36854874559321416,
        "max_signal": 0.43763230041173473,
        "median_signal": 0.4036371317316119,
        "q25_signal": 0.3862339697971621,
        "q75_signal": 0.4207674140837137,
        "auc_total": 1452.4382422706656,
        "auc_per_second": 0.4034550672974071,
        "terminal_mean": 0.4343717615985024,
        "terminal_std": 0.0019374010241959164,
        "signal_range": 0.06908355481852058,
        "cv_coefficient": 0.04956240106732301,
        "species_tracked": "Sclerostin_sensor or Sclerostin_bone"
      },
      "stage_1_biosensor_clean": {
        "stage": "stage_1_biosensor_clean",
        "description": "Biosensor output (clean signal, no noise)",
        "mean_signal": 0.6434425917976593,
        "std_signal": 0.019503369636669,
        "min_signal": 0.6088470573226178,
        "max_signal": 0.6762521623843838,
        "median_signal": 0.6438921764398213,
        "q25_signal": 0.6267269960350174,
        "q75_signal": 0.6603872941919132,
        "auc_total": 2316.4022602910154,
        "auc_per_second": 0.6434450723030598,
        "terminal_mean": 0.6732109462683291,
        "terminal_std": 0.0018096780604353495,
        "signal_range": 0.067405105061766,
        "cv_coefficient": 0.030310970839185825,
        "biosensor_type": "array",
        "kd": 1.0092396372011248,
        "sensitivity": 0.6228840282537812
      },
      "stage_2_biosensor_noisy": {
        "stage": "stage_2_biosensor_noisy",
        "description": "Biosensor output (with noise injection)",
        "mean_signal": 0.6655541467521165,
        "std_signal": 0.13762090934029833,
        "min_signal": 0.2556921146265102,
        "max_signal": 0.9853515749094495,
        "median_signal": 0.6671396446003782,
        "q25_signal": 0.572913018942664,
        "q75_signal": 0.7587358793568808,
        "auc_total": 2396.969015932872,
        "auc_per_second": 0.6658247266480201,
        "terminal_mean": 0.7185369187486024,
        "terminal_std": 0.13537747776645398,
        "signal_range": 0.7296594602829393,
        "cv_coefficient": 0.2067764283520493,
        "noise_preset": "realistic",
        "snr_db": 13.368015206658425
      },
      "stage_3_thresholded": {
        "stage": "stage_3_thresholded",
        "description": "Threshold crossing detection",
        "threshold": 1.464395744074634,
        "fraction_above_threshold": 0.0,
        "time_to_first_crossing": 9000.0,
        "n_threshold_crossings": 0,
        "mean_signal_above": NaN,
        "std_signal_above": NaN,
        "mean_signal_below": 0.6655541467521165,
        "std_signal_below": 0.13762090934029833,
        "mean_margin_above_threshold": NaN,
        "mean_margin_below_threshold": -0.7988415973225176
      },
      "stage_4_ttd": {
        "stage": "stage_4_ttd",
        "description": "Time-to-detection assignment",
        "ttd_seconds": 9000.0,
        "detected": false,
        "is_sentinel": true
      }
    },
    "stage_deltas": {
      "delta_0_to_1": {
        "transition": "stage_0_ode->stage_1_biosensor_clean",
        "mean_delta": 0.2399885343182438,
        "std_delta": 0.0005506583722672333,
        "max_delta": 0.24049392005805287,
        "rms_delta": 0.23998916606559934,
        "fraction_significantly_changed": 1.0
      },
      "delta_1_to_2": {
        "transition": "stage_1_biosensor_clean->stage_2_biosensor_noisy",
        "mean_delta": 0.02211155495445713,
        "std_delta": 0.13629107586956324,
        "max_delta": 0.4045154330848689,
        "rms_delta": 0.1380730901522343,
        "fraction_significantly_changed": 0.9833795013850416
      },
      "delta_2_to_3": {
        "transition": "stage_2_biosensor_noisy->stage_3_thresholded",
        "mean_delta": -0.6655541467521165,
        "std_delta": 0.13762090934029833,
        "max_delta": 0.9853515749094495,
        "rms_delta": 0.6796336049273817,
        "fraction_significantly_changed": 1.0
      }
    },
    "propagation_integrity": {
      "stages_recorded": 5,
      "biological_hash_consistent": false,
      "all_stages_use_same_time": true
    }
  }
}