{
  "run_id": "6f4e8fab-5640-4b40-8d2b-d4f970b8ae81",
  "timestamp": "2026-06-27T17:24:02.443220",
  "scenario": "ckd_mbd",
  "biosensor_config": {
    "circuit_type": "array",
    "kd_scl": 0.7044585366027104,
    "kd_ctx": 4.538158634582066,
    "kd_p1np": 0.37495240865959395,
    "w_scl": 0.4169633466818024,
    "w_ctx": 0.5667972805734557,
    "w_p1np": 0.016239372744741888,
    "sensitivity": 3.580675891202085,
    "threshold": 4.85213147425544,
    "dynamic_range": [
      0.0,
      14.979541359061018
    ],
    "kd": 0.7044585366027104
  },
  "noise_preset": "realistic",
  "measurement": {
    "snr_db": 13.309082119849096,
    "n_detections": 1,
    "detection_rate": 1.0,
    "time_to_detection": 170.0,
    "false_negative_rate": 0.0
  },
  "environment_params": {
    "Estrogen": 0.48151480175134326,
    "PTH": 181.30675388296135,
    "k_prod_Scl": 2.566046384497858e-06,
    "k_deg_Scl": 5.599990583614429e-05,
    "Sclerostin_bone": 0.045245028955520086,
    "k_prod_RANKL": 5.763449335248528e-06,
    "k_deg_RANKL": 2.0119971019158596e-05,
    "RANKL_bone": 1.0080302139455735,
    "k_prod_OPG": 0.00014386436362314852,
    "k_deg_OPG": 1.9182568624243923e-05,
    "OPG_bone": 6.660257021805902,
    "MineralIon": 3.7507437279352596,
    "k_prod_Mineral": 0.15982362900709043,
    "k_loss_Mineral": 0.0642245314901327,
    "k_prod_CTX": 1.1884724448441508e-06,
    "k_deg_CTX": 1.0803555144382307e-05,
    "CTX_bone": 0.023717033626650334,
    "k_prod_P1NP": 9.221963290847427e-08,
    "k_deg_P1NP": 1.5571289809785047e-05,
    "P1NP_bone": 0.02535687673060681,
    "Sclerostin_sensor": 1.1311257238880021,
    "RANKL_sensor": 30.240906418367203,
    "OPG_sensor": 199.80771065417704,
    "CTX_sensor": 0.5929258406662583,
    "P1NP_sensor": 0.6339219182651703
  },
  "equilibration_check": {
    "Sclerostin_bone": 0.000652394047289352,
    "RANKL_bone": 6.430283492962303e-05,
    "OPG_bone": 1.359872525929964e-05,
    "CTX_bone": 0.00014935367573671115,
    "P1NP_bone": 0.0002529937401540967,
    "Osteocytes": 7.719443944507434e-05,
    "Osteoblasts": 6.024954464092517e-06,
    "Osteoclasts": 2.7470539934509343e-06,
    "MineralIon": 6.02578110997078e-06,
    "Sclerostin_sensor": 0.0006532017508850605,
    "RANKL_sensor": 6.432863826751878e-05,
    "OPG_sensor": 1.3602260098571237e-05,
    "CTX_sensor": 0.00014938779369126214,
    "P1NP_sensor": 0.00025301941181120737
  },
  "sclerostin_mean": 1.1490452492984216,
  "sclerostin_max": 1.162094927787151,
  "sclerostin_min": 1.1356496475974982,
  "sclerostin_std": 0.007650588975306356,
  "ctx_mean": 0.5949197232026787,
  "p1np_mean": 0.6303337353677796,
  "metadata_file": "metadata/6f4e8fab-5640-4b40-8d2b-d4f970b8ae81.json",
  "timeseries_file": "timeseries/6f4e8fab-5640-4b40-8d2b-d4f970b8ae81.csv",
  "instrumentation": {
    "biological_realization": {
      "rng_seed": 1812573674,
      "scenario": "ckd_mbd",
      "realization_hash": "10cacab74dc9598e"
    },
    "stages": {
      "stage_0_ode": {
        "stage": "stage_0_ode",
        "description": "ODE concentration output",
        "mean_signal": 1.1490452492984216,
        "std_signal": 0.007650588975306356,
        "min_signal": 1.1356496475974982,
        "max_signal": 1.162094927787151,
        "median_signal": 1.1491316058674736,
        "q25_signal": 1.1424645263263458,
        "q75_signal": 1.155670634174178,
        "auc_total": 4136.564627090378,
        "auc_per_second": 1.1490457297473273,
        "terminal_mean": 1.1608535641766302,
        "terminal_std": 0.0007376711313452774,
        "signal_range": 0.026445280189652864,
        "cv_coefficient": 0.0066582138344661495,
        "species_tracked": "Sclerostin_sensor or Sclerostin_bone"
      },
      "stage_1_biosensor_clean": {
        "stage": "stage_1_biosensor_clean",
        "description": "Biosensor output (clean signal, no noise)",
        "mean_signal": 8.312313852876562,
        "std_signal": 0.01391004596304122,
        "min_signal": 8.288045444901254,
        "max_signal": 8.336114939757099,
        "median_signal": 8.312430907060195,
        "q25_signal": 8.300335283629591,
        "q75_signal": 8.324352644809435,
        "auc_total": 29924.332206961095,
        "auc_per_second": 8.312314501933637,
        "terminal_mean": 8.333838781986081,
        "terminal_std": 0.0013522593169316482,
        "signal_range": 0.04806949485584511,
        "cv_coefficient": 0.0016734264621429695,
        "biosensor_type": "array",
        "kd": 0.7044585366027104,
        "sensitivity": 3.580675891202085
      },
      "stage_2_biosensor_noisy": {
        "stage": "stage_2_biosensor_noisy",
        "description": "Biosensor output (with noise injection)",
        "mean_signal": 8.65272207260719,
        "std_signal": 1.7642921092479433,
        "min_signal": 3.065697456276528,
        "max_signal": 13.005163713882766,
        "median_signal": 8.734388548834994,
        "q25_signal": 7.5796403469240925,
        "q75_signal": 9.866905405932064,
        "auc_total": 31126.298080700406,
        "auc_per_second": 8.646193911305668,
        "terminal_mean": 8.696917547571928,
        "terminal_std": 1.5547673041198586,
        "signal_range": 9.939466257606238,
        "cv_coefficient": 0.20390024022999004,
        "noise_preset": "realistic",
        "snr_db": 13.309082119849096
      },
      "stage_3_thresholded": {
        "stage": "stage_3_thresholded",
        "description": "Threshold crossing detection",
        "threshold": 4.85213147425544,
        "fraction_above_threshold": 0.9833795013850416,
        "time_to_first_crossing": 0.0,
        "n_threshold_crossings": 12,
        "mean_signal_above": 8.734642804007756,
        "std_signal_above": 1.66013039952012,
        "mean_signal_below": 3.8057454647404345,
        "std_signal_below": 0.5717114557065549,
        "mean_margin_above_threshold": 3.8825113297523144,
        "mean_margin_below_threshold": -1.0463860095150057
      },
      "stage_4_ttd": {
        "stage": "stage_4_ttd",
        "description": "Time-to-detection assignment",
        "ttd_seconds": 170.0,
        "detected": true,
        "is_sentinel": false
      }
    },
    "stage_deltas": {
      "delta_0_to_1": {
        "transition": "stage_0_ode->stage_1_biosensor_clean",
        "mean_delta": 7.163268603578139,
        "std_delta": 0.006259514323452914,
        "max_delta": 7.174020011969948,
        "rms_delta": 7.163271338468751,
        "fraction_significantly_changed": 1.0
      },
      "delta_1_to_2": {
        "transition": "stage_1_biosensor_clean->stage_2_biosensor_noisy",
        "mean_delta": 0.3404082197306282,
        "std_delta": 1.7632828228816717,
        "max_delta": 5.257338642436967,
        "rms_delta": 1.7958407695365788,
        "fraction_significantly_changed": 1.0
      },
      "delta_2_to_3": {
        "transition": "stage_2_biosensor_noisy->stage_3_thresholded",
        "mean_delta": -0.0632533872256028,
        "std_delta": 0.49209529243062816,
        "max_delta": 4.556414399278605,
        "rms_delta": 0.4961438983076356,
        "fraction_significantly_changed": 0.01662049861495845
      }
    },
    "propagation_integrity": {
      "stages_recorded": 5,
      "biological_hash_consistent": false,
      "all_stages_use_same_time": true
    }
  }
}