{
  "run_id": "6f904034-8092-441d-88c1-7a91e8f7db60",
  "timestamp": "2026-06-27T17:23:26.344155",
  "scenario": "ckd_mbd",
  "biosensor_config": {
    "circuit_type": "array",
    "kd_scl": 2.404729379360027,
    "kd_ctx": 3.729886536268005,
    "kd_p1np": 0.15497021203424874,
    "w_scl": 0.1786210019895734,
    "w_ctx": 0.4086380326569358,
    "w_p1np": 0.41274096535349086,
    "sensitivity": 0.9462123908979727,
    "threshold": 1.8989087720093647,
    "dynamic_range": [
      0.0,
      3.497799988836219
    ],
    "kd": 2.404729379360027
  },
  "noise_preset": "realistic",
  "measurement": {
    "snr_db": 13.415906917407643,
    "n_detections": 0,
    "detection_rate": 0.0,
    "time_to_detection": 9000.0,
    "false_negative_rate": 0.8
  },
  "environment_params": {
    "Estrogen": 0.6331685720628882,
    "PTH": 189.85116731551977,
    "k_prod_Scl": 2.5506071466477728e-06,
    "k_deg_Scl": 5.91482938747266e-05,
    "Sclerostin_bone": 0.043753841645553765,
    "k_prod_RANKL": 7.594382974796819e-06,
    "k_deg_RANKL": 2.1506293794694977e-05,
    "RANKL_bone": 0.9067028008966578,
    "k_prod_OPG": 0.0001167581861479464,
    "k_deg_OPG": 1.9339458116143604e-05,
    "OPG_bone": 5.815903822289764,
    "MineralIon": 3.4736323463161813,
    "k_prod_Mineral": 0.15812865645194554,
    "k_loss_Mineral": 0.049850213647794225,
    "k_prod_CTX": 6.819943649557141e-07,
    "k_deg_CTX": 1.0254571012219481e-05,
    "CTX_bone": 0.022454252085719054,
    "k_prod_P1NP": 7.349452577236201e-08,
    "k_deg_P1NP": 1.821136629109678e-05,
    "P1NP_bone": 0.017594511999925407,
    "Sclerostin_sensor": 1.0938460411388442,
    "RANKL_sensor": 27.201084026899732,
    "OPG_sensor": 174.4771146686929,
    "CTX_sensor": 0.5613563021429764,
    "P1NP_sensor": 0.43986279999813516
  },
  "equilibration_check": {
    "Sclerostin_bone": 8.84497886780389e-07,
    "RANKL_bone": 3.0993044196046595e-05,
    "OPG_bone": 3.7461028531066174e-05,
    "CTX_bone": 3.6137580937371253e-06,
    "P1NP_bone": 0.0002999477760993904,
    "Osteocytes": 6.957822252726386e-05,
    "Osteoblasts": 9.950399577632574e-08,
    "Osteoclasts": 2.625110301131567e-05,
    "MineralIon": 1.0395721007087576e-07,
    "Sclerostin_sensor": 8.262741808893056e-07,
    "RANKL_sensor": 3.101067547287091e-05,
    "OPG_sensor": 3.747777582018876e-05,
    "CTX_sensor": 3.6180830792960446e-06,
    "P1NP_sensor": 0.0002999836564790183
  },
  "sclerostin_mean": 1.0940015992004322,
  "sclerostin_max": 1.0940273508888783,
  "sclerostin_min": 1.0939159731440056,
  "sclerostin_std": 3.118233527283527e-05,
  "ctx_mean": 0.5612918515348837,
  "p1np_mean": 0.4369098851342704,
  "metadata_file": "metadata/6f904034-8092-441d-88c1-7a91e8f7db60.json",
  "timeseries_file": "timeseries/6f904034-8092-441d-88c1-7a91e8f7db60.csv",
  "instrumentation": {
    "biological_realization": {
      "rng_seed": 1007041261,
      "scenario": "ckd_mbd",
      "realization_hash": "d9e6c27696e40d7f"
    },
    "stages": {
      "stage_0_ode": {
        "stage": "stage_0_ode",
        "description": "ODE concentration output",
        "mean_signal": 1.0940015992004322,
        "std_signal": 3.118233527283527e-05,
        "min_signal": 1.0939159731440056,
        "max_signal": 1.0940273508888783,
        "median_signal": 1.0940171956070062,
        "q25_signal": 1.093984435721044,
        "q75_signal": 1.0940256648940543,
        "auc_total": 3938.4060784997127,
        "auc_per_second": 1.0940016884721424,
        "terminal_mean": 1.0940245548554648,
        "terminal_std": 8.85703415030871e-07,
        "signal_range": 0.00011137774487268715,
        "cv_coefficient": 2.850300702999462e-05,
        "species_tracked": "Sclerostin_sensor or Sclerostin_bone"
      },
      "stage_1_biosensor_clean": {
        "stage": "stage_1_biosensor_clean",
        "description": "Biosensor output (clean signal, no noise)",
        "mean_signal": 1.8014512512190235,
        "std_signal": 0.0003449877832973399,
        "min_signal": 1.8008499853431525,
        "max_signal": 1.8020389564958392,
        "median_signal": 1.8014545312809636,
        "q25_signal": 1.8011536059676336,
        "q75_signal": 1.8017506969773853,
        "auc_total": 6485.224572191481,
        "auc_per_second": 1.801451270053189,
        "terminal_mean": 1.8009091530514287,
        "terminal_std": 3.5111987838511846e-05,
        "signal_range": 0.0011889711526866797,
        "cv_coefficient": 0.00019150547818814982,
        "biosensor_type": "array",
        "kd": 2.404729379360027,
        "sensitivity": 0.9462123908979727
      },
      "stage_2_biosensor_noisy": {
        "stage": "stage_2_biosensor_noisy",
        "description": "Biosensor output (with noise injection)",
        "mean_signal": 1.880032817259356,
        "std_signal": 0.3763056558370008,
        "min_signal": 0.7849775696637961,
        "max_signal": 2.7390417473631503,
        "median_signal": 1.8914451506772805,
        "q25_signal": 1.626768431980917,
        "q75_signal": 2.1250287107217964,
        "auc_total": 6771.59553375163,
        "auc_per_second": 1.8809987593754527,
        "terminal_mean": 1.9045827181302686,
        "terminal_std": 0.37192634069328856,
        "signal_range": 1.9540641776993541,
        "cv_coefficient": 0.2001590889171635,
        "noise_preset": "realistic",
        "snr_db": 13.415906917407643
      },
      "stage_3_thresholded": {
        "stage": "stage_3_thresholded",
        "description": "Threshold crossing detection",
        "threshold": 1.8989087720093647,
        "fraction_above_threshold": 0.4930747922437673,
        "time_to_first_crossing": 10.0,
        "n_threshold_crossings": 172,
        "mean_signal_above": 2.1882277889764143,
        "std_signal_above": 0.20671045554862644,
        "mean_signal_below": 1.5802584731848401,
        "std_signal_below": 0.2356427970967962,
        "mean_margin_above_threshold": 0.28931901696704976,
        "mean_margin_below_threshold": -0.3186502988245246
      },
      "stage_4_ttd": {
        "stage": "stage_4_ttd",
        "description": "Time-to-detection assignment",
        "ttd_seconds": 9000.0,
        "detected": false,
        "is_sentinel": true
      }
    },
    "stage_deltas": {
      "delta_0_to_1": {
        "transition": "stage_0_ode->stage_1_biosensor_clean",
        "mean_delta": 0.7074496520185914,
        "std_delta": 0.0003728278521182129,
        "max_delta": 0.7081229833518337,
        "rms_delta": 0.7074497502592204,
        "fraction_significantly_changed": 1.0
      },
      "delta_1_to_2": {
        "transition": "stage_1_biosensor_clean->stage_2_biosensor_noisy",
        "mean_delta": 0.07858156604033248,
        "std_delta": 0.3763218012269193,
        "max_delta": 1.016944071864411,
        "rms_delta": 0.38443876053283704,
        "fraction_significantly_changed": 1.0
      },
      "delta_2_to_3": {
        "transition": "stage_2_biosensor_noisy->stage_3_thresholded",
        "mean_delta": -0.8010728548277721,
        "std_delta": 0.8076711900991694,
        "max_delta": 1.897326654615602,
        "rms_delta": 1.137563391665768,
        "fraction_significantly_changed": 0.5069252077562327
      }
    },
    "propagation_integrity": {
      "stages_recorded": 5,
      "biological_hash_consistent": false,
      "all_stages_use_same_time": true
    }
  }
}