{
  "run_id": "71af9b04-82c7-4699-af21-da4f4a90d50d",
  "timestamp": "2026-06-27T17:24:06.662567",
  "scenario": "healthy",
  "biosensor_config": {
    "circuit_type": "array",
    "kd_scl": 0.4137743282430192,
    "kd_ctx": 1.160585243435382,
    "kd_p1np": 0.8758927488438606,
    "w_scl": 0.4026943838563524,
    "w_ctx": 0.45495680802708693,
    "w_p1np": 0.14234880811656075,
    "sensitivity": 1.6679123846323736,
    "threshold": 2.5352142451619226,
    "dynamic_range": [
      0.0,
      5.867027756881028
    ],
    "kd": 0.4137743282430192
  },
  "noise_preset": "realistic",
  "measurement": {
    "snr_db": 12.854205677460584,
    "n_detections": 0,
    "detection_rate": 0.0,
    "time_to_detection": 9000.0,
    "false_negative_rate": 1.0
  },
  "environment_params": {
    "Estrogen": 0.863529977271725,
    "PTH": 42.26803092369744,
    "k_prod_Scl": 1.2994615069529512e-06,
    "k_deg_Scl": 6.701813181540152e-05,
    "Sclerostin_bone": 0.019324828459002876,
    "k_prod_RANKL": 3.867698568411755e-06,
    "k_deg_RANKL": 1.7818656301203583e-05,
    "RANKL_bone": 0.46184735905771573,
    "k_prod_OPG": 4.507192500855534e-05,
    "k_deg_OPG": 2.1406988453491242e-05,
    "OPG_bone": 4.247502654804478,
    "MineralIon": 2.3242025439868694,
    "k_prod_Mineral": 0.09535433921567558,
    "k_loss_Mineral": 0.025983759266501677,
    "k_prod_CTX": 5.708744156976621e-07,
    "k_deg_CTX": 2.3356706803451567e-05,
    "CTX_bone": 0.007790791377314945,
    "k_prod_P1NP": 1.2044160582606352e-07,
    "k_deg_P1NP": 2.092285575800862e-05,
    "P1NP_bone": 0.014905032522234428,
    "Sclerostin_sensor": 0.4831207114750719,
    "RANKL_sensor": 13.855420771731472,
    "OPG_sensor": 127.42507964413434,
    "CTX_sensor": 0.19476978443287363,
    "P1NP_sensor": 0.3726258130558607
  },
  "equilibration_check": {
    "Sclerostin_bone": 8.752415857911213e-05,
    "RANKL_bone": 6.428333483328138e-05,
    "OPG_bone": 2.3696242268099575e-05,
    "CTX_bone": 3.099277327945707e-05,
    "P1NP_bone": 0.00014439504265953022,
    "Osteocytes": 3.05264742612751e-05,
    "Osteoblasts": 3.1297703554727067e-07,
    "Osteoclasts": 2.7143441220622366e-05,
    "MineralIon": 3.107712680704929e-07,
    "Sclerostin_sensor": 8.757620803907443e-05,
    "RANKL_sensor": 6.431569144054346e-05,
    "OPG_sensor": 2.3709279444109325e-05,
    "CTX_sensor": 3.101132948007128e-05,
    "P1NP_sensor": 0.00014442850863283251
  },
  "sclerostin_mean": 0.4821677098368185,
  "sclerostin_max": 0.48288821660874454,
  "sclerostin_min": 0.4814503720316214,
  "sclerostin_std": 0.00041689086057980935,
  "ctx_mean": 0.19462894235426467,
  "p1np_mean": 0.3714124931037448,
  "metadata_file": "metadata/71af9b04-82c7-4699-af21-da4f4a90d50d.json",
  "timeseries_file": "timeseries/71af9b04-82c7-4699-af21-da4f4a90d50d.csv",
  "instrumentation": {
    "biological_realization": {
      "rng_seed": 1898315714,
      "scenario": "healthy",
      "realization_hash": "498139c313dea6c3"
    },
    "stages": {
      "stage_0_ode": {
        "stage": "stage_0_ode",
        "description": "ODE concentration output",
        "mean_signal": 0.4821677098368185,
        "std_signal": 0.00041689086057980935,
        "min_signal": 0.4814503720316214,
        "max_signal": 0.48288821660874454,
        "median_signal": 0.482166785886076,
        "q25_signal": 0.48180698190374505,
        "q75_signal": 0.4825280799865646,
        "auc_total": 1735.8037395677127,
        "auc_per_second": 0.48216770543547577,
        "terminal_mean": 0.4815194348893541,
        "terminal_std": 4.102665886163373e-05,
        "signal_range": 0.0014378445771231485,
        "cv_coefficient": 0.0008646179577659794,
        "species_tracked": "Sclerostin_sensor or Sclerostin_bone"
      },
      "stage_1_biosensor_clean": {
        "stage": "stage_1_biosensor_clean",
        "description": "Biosensor output (clean signal, no noise)",
        "mean_signal": 1.749307565414024,
        "std_signal": 0.0007464993947975485,
        "min_signal": 1.7480236514271954,
        "max_signal": 1.7506007622327169,
        "median_signal": 1.7493051323669706,
        "q25_signal": 1.7486619225540379,
        "q75_signal": 1.7499520542113074,
        "auc_total": 6297.507189076327,
        "auc_per_second": 1.749307552521202,
        "terminal_mean": 1.748147370597921,
        "terminal_std": 7.34823872042491e-05,
        "signal_range": 0.0025771108055214764,
        "cv_coefficient": 0.00042673993387827596,
        "biosensor_type": "array",
        "kd": 0.4137743282430192,
        "sensitivity": 1.6679123846323736
      },
      "stage_2_biosensor_noisy": {
        "stage": "stage_2_biosensor_noisy",
        "description": "Biosensor output (with noise injection)",
        "mean_signal": 1.836920671573306,
        "std_signal": 0.38842602855140146,
        "min_signal": 0.010230875488262514,
        "max_signal": 2.8511471544830402,
        "median_signal": 1.8285126255724315,
        "q25_signal": 1.5784831810644855,
        "q75_signal": 2.111636966565295,
        "auc_total": 6616.677658724779,
        "auc_per_second": 1.8379660163124385,
        "terminal_mean": 1.8540080090343436,
        "terminal_std": 0.3872816725933235,
        "signal_range": 2.8409162789947775,
        "cv_coefficient": 0.21145498254898404,
        "noise_preset": "realistic",
        "snr_db": 12.854205677460584
      },
      "stage_3_thresholded": {
        "stage": "stage_3_thresholded",
        "description": "Threshold crossing detection",
        "threshold": 2.5352142451619226,
        "fraction_above_threshold": 0.04155124653739612,
        "time_to_first_crossing": 730.0,
        "n_threshold_crossings": 30,
        "mean_signal_above": 2.654453775762167,
        "std_signal_above": 0.09786107359534901,
        "mean_signal_below": 1.801478484975523,
        "std_signal_below": 0.35604649364723107,
        "mean_margin_above_threshold": 0.11923953060024442,
        "mean_margin_below_threshold": -0.7337357601863996
      },
      "stage_4_ttd": {
        "stage": "stage_4_ttd",
        "description": "Time-to-detection assignment",
        "ttd_seconds": 9000.0,
        "detected": false,
        "is_sentinel": true
      }
    },
    "stage_deltas": {
      "delta_0_to_1": {
        "transition": "stage_0_ode->stage_1_biosensor_clean",
        "mean_delta": 1.2671398555772058,
        "std_delta": 0.000329609197160821,
        "max_delta": 1.2677125456239724,
        "rms_delta": 1.2671398984462783,
        "fraction_significantly_changed": 1.0
      },
      "delta_1_to_2": {
        "transition": "stage_1_biosensor_clean->stage_2_biosensor_noisy",
        "mean_delta": 0.08761310615928192,
        "std_delta": 0.38849335075172475,
        "max_delta": 1.7398940933959657,
        "rms_delta": 0.3982500972368748,
        "fraction_significantly_changed": 1.0
      },
      "delta_2_to_3": {
        "transition": "stage_2_biosensor_noisy->stage_3_thresholded",
        "mean_delta": -1.7266248083144902,
        "std_delta": 0.5007453508453856,
        "max_delta": 2.496238322231321,
        "rms_delta": 1.7977706013505501,
        "fraction_significantly_changed": 0.9556786703601108
      }
    },
    "propagation_integrity": {
      "stages_recorded": 5,
      "biological_hash_consistent": false,
      "all_stages_use_same_time": true
    }
  }
}