{
  "run_id": "7395becd-4b90-47d1-bd0d-93c3da22913b",
  "timestamp": "2026-06-27T17:23:13.818164",
  "scenario": "pmo_mild",
  "biosensor_config": {
    "circuit_type": "array",
    "kd_scl": 4.585489718244668,
    "kd_ctx": 3.2115778989188404,
    "kd_p1np": 2.3588029305330522,
    "w_scl": 0.5144445782747094,
    "w_ctx": 0.3360184954437289,
    "w_p1np": 0.14953692628156173,
    "sensitivity": 1.5310644859994915,
    "threshold": 2.8726857745263743,
    "dynamic_range": [
      0.0,
      7.211935223290265
    ],
    "kd": 4.585489718244668
  },
  "noise_preset": "realistic",
  "measurement": {
    "snr_db": 12.847805352256563,
    "n_detections": 0,
    "detection_rate": 0.0,
    "time_to_detection": 9000.0,
    "false_negative_rate": 1.0
  },
  "environment_params": {
    "Estrogen": 0.5498028018863141,
    "PTH": 52.436264839355005,
    "k_prod_Scl": 1.8084810208713192e-06,
    "k_deg_Scl": 6.173311014519466e-05,
    "Sclerostin_bone": 0.019070601945299036,
    "k_prod_RANKL": 3.93589728514966e-06,
    "k_deg_RANKL": 1.944606654054813e-05,
    "RANKL_bone": 0.5624439268823006,
    "k_prod_OPG": 4.844755559530952e-05,
    "k_deg_OPG": 1.7822165955081376e-05,
    "OPG_bone": 3.988771883291671,
    "MineralIon": 2.4767537495547,
    "k_prod_Mineral": 0.08084147332902285,
    "k_loss_Mineral": 0.023854171641057867,
    "k_prod_CTX": 9.222922342459913e-07,
    "k_deg_CTX": 2.0744018182160265e-05,
    "CTX_bone": 0.008548062050108444,
    "k_prod_P1NP": 1.215428748740688e-07,
    "k_deg_P1NP": 2.4097516613449322e-05,
    "P1NP_bone": 0.009684057185573396,
    "Sclerostin_sensor": 0.47676504863247593,
    "RANKL_sensor": 16.873317806469018,
    "OPG_sensor": 119.66315649875014,
    "CTX_sensor": 0.2137015512527111,
    "P1NP_sensor": 0.2421014296393349
  },
  "equilibration_check": {
    "Sclerostin_bone": 0.0024997132614917187,
    "RANKL_bone": 2.3145006336788946e-05,
    "OPG_bone": 9.5658876344867e-05,
    "CTX_bone": 0.00048485634101853007,
    "P1NP_bone": 2.662036446055614e-05,
    "Osteocytes": 3.9587354330831825e-05,
    "Osteoblasts": 1.059114578091055e-05,
    "Osteoclasts": 3.231058541205194e-05,
    "MineralIon": 1.0597179325300872e-05,
    "Sclerostin_sensor": 0.0025049349947698146,
    "RANKL_sensor": 2.3162145269012466e-05,
    "OPG_sensor": 9.571575494511314e-05,
    "CTX_sensor": 0.0004851271393749297,
    "P1NP_sensor": 2.6633641579212667e-05
  },
  "sclerostin_mean": 0.5078195982548647,
  "sclerostin_max": 0.5305608495090628,
  "sclerostin_min": 0.4845577108725433,
  "sclerostin_std": 0.013314828991944819,
  "ctx_mean": 0.21607141521609752,
  "p1np_mean": 0.2422506550129117,
  "metadata_file": "metadata/7395becd-4b90-47d1-bd0d-93c3da22913b.json",
  "timeseries_file": "timeseries/7395becd-4b90-47d1-bd0d-93c3da22913b.csv",
  "instrumentation": {
    "biological_realization": {
      "rng_seed": 1476334715,
      "scenario": "pmo_mild",
      "realization_hash": "5dcf863e54064461"
    },
    "stages": {
      "stage_0_ode": {
        "stage": "stage_0_ode",
        "description": "ODE concentration output",
        "mean_signal": 0.5078195982548647,
        "std_signal": 0.013314828991944819,
        "min_signal": 0.4845577108725433,
        "max_signal": 0.5305608495090628,
        "median_signal": 0.5079505501890932,
        "q25_signal": 0.4963562862572371,
        "q75_signal": 0.5193497426407977,
        "auc_total": 1828.1531568981532,
        "auc_per_second": 0.5078203213605981,
        "terminal_mean": 0.528394145425116,
        "terminal_std": 0.0012875246421834598,
        "signal_range": 0.0460031386365195,
        "cv_coefficient": 0.026219604437681367,
        "species_tracked": "Sclerostin_sensor or Sclerostin_bone"
      },
      "stage_1_biosensor_clean": {
        "stage": "stage_1_biosensor_clean",
        "description": "Biosensor output (clean signal, no noise)",
        "mean_signal": 1.7569743625005845,
        "std_signal": 0.027062157305636218,
        "min_signal": 1.7095971099141507,
        "max_signal": 1.803100413049185,
        "median_signal": 1.7572892149625077,
        "q25_signal": 1.7336890705153039,
        "q75_signal": 1.7804202334744033,
        "auc_total": 6325.113961012293,
        "auc_per_second": 1.7569761002811923,
        "terminal_mean": 1.7987220175724825,
        "terminal_std": 0.002602271601328706,
        "signal_range": 0.0935033031350343,
        "cv_coefficient": 0.01540270471967528,
        "biosensor_type": "array",
        "kd": 4.585489718244668,
        "sensitivity": 1.5310644859994915
      },
      "stage_2_biosensor_noisy": {
        "stage": "stage_2_biosensor_noisy",
        "description": "Biosensor output (with noise injection)",
        "mean_signal": 1.857751323281692,
        "std_signal": 0.39291604708729705,
        "min_signal": 0.870420501302021,
        "max_signal": 3.155151061319635,
        "median_signal": 1.8783649936717601,
        "q25_signal": 1.5645750514524226,
        "q75_signal": 2.123711178778498,
        "auc_total": 6690.328019575631,
        "auc_per_second": 1.8584244498821196,
        "terminal_mean": 2.0196456530610614,
        "terminal_std": 0.4198703674759594,
        "signal_range": 2.284730560017614,
        "cv_coefficient": 0.21150088397903347,
        "noise_preset": "realistic",
        "snr_db": 12.847805352256563
      },
      "stage_3_thresholded": {
        "stage": "stage_3_thresholded",
        "description": "Threshold crossing detection",
        "threshold": 2.8726857745263743,
        "fraction_above_threshold": 0.00554016620498615,
        "time_to_first_crossing": 3440.0,
        "n_threshold_crossings": 4,
        "mean_signal_above": 3.0272661390436153,
        "std_signal_above": 0.12788492227601989,
        "mean_signal_below": 1.8512359204083666,
        "std_signal_below": 0.38404383891742994,
        "mean_margin_above_threshold": 0.154580364517241,
        "mean_margin_below_threshold": -1.021449854118008
      },
      "stage_4_ttd": {
        "stage": "stage_4_ttd",
        "description": "Time-to-detection assignment",
        "ttd_seconds": 9000.0,
        "detected": false,
        "is_sentinel": true
      }
    },
    "stage_deltas": {
      "delta_0_to_1": {
        "transition": "stage_0_ode->stage_1_biosensor_clean",
        "mean_delta": 1.2491547642457197,
        "std_delta": 0.013747362265746639,
        "max_delta": 1.2725395635401222,
        "rms_delta": 1.2492304090947537,
        "fraction_significantly_changed": 1.0
      },
      "delta_1_to_2": {
        "transition": "stage_1_biosensor_clean->stage_2_biosensor_noisy",
        "mean_delta": 0.10077696078110768,
        "std_delta": 0.38739694792287677,
        "max_delta": 1.356050435765129,
        "rms_delta": 0.4002903834521097,
        "fraction_significantly_changed": 0.9889196675900277
      },
      "delta_2_to_3": {
        "transition": "stage_2_biosensor_noisy->stage_3_thresholded",
        "mean_delta": -1.8409797657246638,
        "std_delta": 0.4068831849201828,
        "max_delta": 2.7616076279757946,
        "rms_delta": 1.8854072302763745,
        "fraction_significantly_changed": 0.9944598337950139
      }
    },
    "propagation_integrity": {
      "stages_recorded": 5,
      "biological_hash_consistent": false,
      "all_stages_use_same_time": true
    }
  }
}