{
  "run_id": "7ce1a6eb-9543-4f5a-bc2d-a4961ef28dd7",
  "timestamp": "2026-06-27T17:23:36.392429",
  "scenario": "healthy",
  "biosensor_config": {
    "circuit_type": "array",
    "kd_scl": 0.3330098580491763,
    "kd_ctx": 0.35275429255096946,
    "kd_p1np": 4.795915707898894,
    "w_scl": 0.757919688926345,
    "w_ctx": 0.0483479691913022,
    "w_p1np": 0.19373234188235297,
    "sensitivity": 0.5031646154092224,
    "threshold": 0.9980240229532671,
    "dynamic_range": [
      0.0,
      1.520449041108371
    ],
    "kd": 0.3330098580491763
  },
  "noise_preset": "realistic",
  "measurement": {
    "snr_db": 13.115159084935438,
    "n_detections": 0,
    "detection_rate": 0.0,
    "time_to_detection": 9000.0,
    "false_negative_rate": 1.0
  },
  "environment_params": {
    "Estrogen": 1.020547676518643,
    "PTH": 45.059964499735024,
    "k_prod_Scl": 1.2680053355417199e-06,
    "k_deg_Scl": 0.00010378654053129327,
    "Sclerostin_bone": 0.012716376940135,
    "k_prod_RANKL": 4.818730380796658e-06,
    "k_deg_RANKL": 1.862635105721077e-05,
    "RANKL_bone": 0.37924173917759435,
    "k_prod_OPG": 4.944256783326737e-05,
    "k_deg_OPG": 2.0681545127795108e-05,
    "OPG_bone": 6.717520999738081,
    "MineralIon": 2.268379293234702,
    "k_prod_Mineral": 0.09173233848723007,
    "k_loss_Mineral": 0.024651941297018646,
    "k_prod_CTX": 8.094692556929133e-07,
    "k_deg_CTX": 2.5606110344397314e-05,
    "CTX_bone": 0.006573925812184257,
    "k_prod_P1NP": 1.264428581421522e-07,
    "k_deg_P1NP": 1.7523855480364043e-05,
    "P1NP_bone": 0.015783454243075375,
    "Sclerostin_sensor": 0.31790942350337503,
    "RANKL_sensor": 11.37725217532783,
    "OPG_sensor": 201.52562999214243,
    "CTX_sensor": 0.16434814530460642,
    "P1NP_sensor": 0.39458635607688436
  },
  "equilibration_check": {
    "Sclerostin_bone": 0.0008666631733813047,
    "RANKL_bone": 0.0002785581671364152,
    "OPG_bone": 0.00013380553325253026,
    "CTX_bone": 1.577191794994027e-05,
    "P1NP_bone": 4.613837511075314e-05,
    "Osteocytes": 1.825324731966628e-05,
    "Osteoblasts": 2.135570988304015e-06,
    "Osteoclasts": 0.0002883809860631583,
    "MineralIon": 2.1366750447376987e-06,
    "Sclerostin_sensor": 0.0008675762605123847,
    "RANKL_sensor": 0.00027875910227496254,
    "OPG_sensor": 0.00013385877788278875,
    "CTX_sensor": 1.567017397750124e-05,
    "P1NP_sensor": 4.6149417559281946e-05
  },
  "sclerostin_mean": 0.3114933128487691,
  "sclerostin_max": 0.31628453972040543,
  "sclerostin_min": 0.3068626646847188,
  "sclerostin_std": 0.0027274897702833424,
  "ctx_mean": 0.16443805079654075,
  "p1np_mean": 0.394175564166814,
  "metadata_file": "metadata/7ce1a6eb-9543-4f5a-bc2d-a4961ef28dd7.json",
  "timeseries_file": "timeseries/7ce1a6eb-9543-4f5a-bc2d-a4961ef28dd7.csv",
  "instrumentation": {
    "biological_realization": {
      "rng_seed": 1719195887,
      "scenario": "healthy",
      "realization_hash": "a781e983a572a670"
    },
    "stages": {
      "stage_0_ode": {
        "stage": "stage_0_ode",
        "description": "ODE concentration output",
        "mean_signal": 0.3114933128487691,
        "std_signal": 0.0027274897702833424,
        "min_signal": 0.3068626646847188,
        "max_signal": 0.31628453972040543,
        "median_signal": 0.3114527719633899,
        "q25_signal": 0.30912782762168023,
        "q75_signal": 0.31383824583119513,
        "auc_total": 1121.375123362031,
        "auc_per_second": 0.3114930898227864,
        "terminal_mean": 0.3072988686292465,
        "terminal_std": 0.0002593669826859221,
        "signal_range": 0.009421875035686644,
        "cv_coefficient": 0.008756174395331391,
        "species_tracked": "Sclerostin_sensor or Sclerostin_bone"
      },
      "stage_1_biosensor_clean": {
        "stage": "stage_1_biosensor_clean",
        "description": "Biosensor output (clean signal, no noise)",
        "mean_signal": 0.47820688829368535,
        "std_signal": 0.0016181141654918543,
        "min_signal": 0.47544597600696475,
        "max_signal": 0.48103513933771175,
        "median_signal": 0.4781898712377266,
        "q25_signal": 0.4768051076788689,
        "q75_signal": 0.47960005366212616,
        "auc_total": 1721.5444611634807,
        "auc_per_second": 0.47820679476763356,
        "terminal_mean": 0.47570841124284097,
        "terminal_std": 0.00015597287356095734,
        "signal_range": 0.0055891633307469935,
        "cv_coefficient": 0.0033837115380448216,
        "biosensor_type": "array",
        "kd": 0.3330098580491763,
        "sensitivity": 0.5031646154092224
      },
      "stage_2_biosensor_noisy": {
        "stage": "stage_2_biosensor_noisy",
        "description": "Biosensor output (with noise injection)",
        "mean_signal": 0.48657850744120723,
        "std_signal": 0.10506070215201281,
        "min_signal": -0.19659393609269277,
        "max_signal": 0.802636720303902,
        "median_signal": 0.4879948744028296,
        "q25_signal": 0.4171679353110251,
        "q75_signal": 0.5524564870815828,
        "auc_total": 1751.0822832928664,
        "auc_per_second": 0.48641174535912957,
        "terminal_mean": 0.4995976544350607,
        "terminal_std": 0.09437641833000825,
        "signal_range": 0.9992306563965947,
        "cv_coefficient": 0.2159172683242841,
        "noise_preset": "realistic",
        "snr_db": 13.115159084935438
      },
      "stage_3_thresholded": {
        "stage": "stage_3_thresholded",
        "description": "Threshold crossing detection",
        "threshold": 0.9980240229532671,
        "fraction_above_threshold": 0.0,
        "time_to_first_crossing": 9000.0,
        "n_threshold_crossings": 0,
        "mean_signal_above": NaN,
        "std_signal_above": NaN,
        "mean_signal_below": 0.48657850744120723,
        "std_signal_below": 0.10506070215201281,
        "mean_margin_above_threshold": NaN,
        "mean_margin_below_threshold": -0.5114455155120599
      },
      "stage_4_ttd": {
        "stage": "stage_4_ttd",
        "description": "Time-to-detection assignment",
        "ttd_seconds": 9000.0,
        "detected": false,
        "is_sentinel": true
      }
    },
    "stage_deltas": {
      "delta_0_to_1": {
        "transition": "stage_0_ode->stage_1_biosensor_clean",
        "mean_delta": 0.16671357544491627,
        "std_delta": 0.0011094057056970318,
        "max_delta": 0.16858331132224597,
        "rms_delta": 0.1667172667081836,
        "fraction_significantly_changed": 1.0
      },
      "delta_1_to_2": {
        "transition": "stage_1_biosensor_clean->stage_2_biosensor_noisy",
        "mean_delta": 0.008371619147521821,
        "std_delta": 0.10531495998873272,
        "max_delta": 0.675329210874875,
        "rms_delta": 0.10564717130420259,
        "fraction_significantly_changed": 1.0
      },
      "delta_2_to_3": {
        "transition": "stage_2_biosensor_noisy->stage_3_thresholded",
        "mean_delta": -0.48657850744120723,
        "std_delta": 0.10506070215201281,
        "max_delta": 0.802636720303902,
        "rms_delta": 0.4977915176460793,
        "fraction_significantly_changed": 1.0
      }
    },
    "propagation_integrity": {
      "stages_recorded": 5,
      "biological_hash_consistent": false,
      "all_stages_use_same_time": true
    }
  }
}