{
  "run_id": "7e2ef242-d56d-4088-a226-8bba4c54b7b1",
  "timestamp": "2026-06-27T17:23:49.727581",
  "scenario": "pmo",
  "biosensor_config": {
    "circuit_type": "array",
    "kd_scl": 0.8773638073035267,
    "kd_ctx": 2.2666026163305233,
    "kd_p1np": 3.8099953024931033,
    "w_scl": 0.4816020226867427,
    "w_ctx": 0.4079272840698943,
    "w_p1np": 0.11047069324336299,
    "sensitivity": 3.240174593216105,
    "threshold": 4.329365490431687,
    "dynamic_range": [
      0.0,
      12.947176547815344
    ],
    "kd": 0.8773638073035267
  },
  "noise_preset": "realistic",
  "measurement": {
    "snr_db": 13.041082647687329,
    "n_detections": 1,
    "detection_rate": 1.0,
    "time_to_detection": 250.0,
    "false_negative_rate": 0.0
  },
  "environment_params": {
    "Estrogen": 0.18846087832005043,
    "PTH": 60.96922580333373,
    "k_prod_Scl": 7.131268200782783e-07,
    "k_deg_Scl": 6.27400494540925e-05,
    "Sclerostin_bone": 0.039081763666084554,
    "k_prod_RANKL": 3.943986598245484e-06,
    "k_deg_RANKL": 2.0424843966421542e-05,
    "RANKL_bone": 0.7288547574851943,
    "k_prod_OPG": 6.035687843792751e-05,
    "k_deg_OPG": 1.7566169692548137e-05,
    "OPG_bone": 3.9242294873457837,
    "MineralIon": 2.1171964095908744,
    "k_prod_Mineral": 0.08059725830132951,
    "k_loss_Mineral": 0.023744655677263575,
    "k_prod_CTX": 6.883261063295145e-07,
    "k_deg_CTX": 1.7407022678638533e-05,
    "CTX_bone": 0.027045655596600503,
    "k_prod_P1NP": 2.826430396698973e-07,
    "k_deg_P1NP": 2.1001244990361322e-05,
    "P1NP_bone": 0.023696576352761622,
    "Sclerostin_sensor": 0.9770440916521138,
    "RANKL_sensor": 21.86564272455583,
    "OPG_sensor": 117.72688462037351,
    "CTX_sensor": 0.6761413899150126,
    "P1NP_sensor": 0.5924144088190406
  },
  "equilibration_check": {
    "Sclerostin_bone": 0.00013084361142308483,
    "RANKL_bone": 0.00014845154303541082,
    "OPG_bone": 2.9315528326331302e-05,
    "CTX_bone": 0.00023040360413397067,
    "P1NP_bone": 7.922067823569394e-05,
    "Osteocytes": 6.127533541908888e-05,
    "Osteoblasts": 1.0416587498521135e-06,
    "Osteoclasts": 2.972296256244653e-05,
    "MineralIon": 1.0454803435482928e-06,
    "Sclerostin_sensor": 0.0001309013529637785,
    "RANKL_sensor": 0.0001485473395361986,
    "OPG_sensor": 2.932872117252868e-05,
    "CTX_sensor": 0.0002304402173452231,
    "P1NP_sensor": 7.924703668394558e-05
  },
  "sclerostin_mean": 0.9742031873258093,
  "sclerostin_max": 0.9763567903495594,
  "sclerostin_min": 0.9720464187441775,
  "sclerostin_std": 0.001250253062292499,
  "ctx_mean": 0.6726013295539539,
  "p1np_mean": 0.5934890631766165,
  "metadata_file": "metadata/7e2ef242-d56d-4088-a226-8bba4c54b7b1.json",
  "timeseries_file": "timeseries/7e2ef242-d56d-4088-a226-8bba4c54b7b1.csv",
  "instrumentation": {
    "biological_realization": {
      "rng_seed": 800669803,
      "scenario": "pmo",
      "realization_hash": "9ef6e20767ca4e45"
    },
    "stages": {
      "stage_0_ode": {
        "stage": "stage_0_ode",
        "description": "ODE concentration output",
        "mean_signal": 0.9742031873258093,
        "std_signal": 0.001250253062292499,
        "min_signal": 0.9720464187441775,
        "max_signal": 0.9763567903495594,
        "median_signal": 0.9742035018094356,
        "q25_signal": 0.9731218216562213,
        "q75_signal": 0.9752851491304828,
        "auc_total": 3507.1314902007034,
        "auc_per_second": 0.9742031917224176,
        "terminal_mean": 0.9722548873369057,
        "terminal_std": 0.0001238218340425795,
        "signal_range": 0.004310371605381835,
        "cv_coefficient": 0.0012833596507977431,
        "species_tracked": "Sclerostin_sensor or Sclerostin_bone"
      },
      "stage_1_biosensor_clean": {
        "stage": "stage_1_biosensor_clean",
        "description": "Biosensor output (clean signal, no noise)",
        "mean_signal": 7.045724742376622,
        "std_signal": 0.00778307761781349,
        "min_signal": 7.032309515350308,
        "max_signal": 7.059185045939476,
        "median_signal": 7.045712798352011,
        "q25_signal": 7.03899777480952,
        "q75_signal": 7.052446214015716,
        "auc_total": 25364.608847173156,
        "auc_per_second": 7.045724679770321,
        "terminal_mean": 7.033607842970842,
        "terminal_std": 0.0007709378757405404,
        "signal_range": 0.026875530589167695,
        "cv_coefficient": 0.0011046525236789407,
        "biosensor_type": "array",
        "kd": 0.8773638073035267,
        "sensitivity": 3.240174593216105
      },
      "stage_2_biosensor_noisy": {
        "stage": "stage_2_biosensor_noisy",
        "description": "Biosensor output (with noise injection)",
        "mean_signal": 7.416489700313595,
        "std_signal": 1.5239341842281144,
        "min_signal": 2.071026869326401,
        "max_signal": 11.474517110250838,
        "median_signal": 7.38979184999011,
        "q25_signal": 6.431090277266474,
        "q75_signal": 8.525330661210134,
        "auc_total": 26691.47152839373,
        "auc_per_second": 7.414297646776036,
        "terminal_mean": 7.894299964762401,
        "terminal_std": 1.4319898267262474,
        "signal_range": 9.403490240924437,
        "cv_coefficient": 0.2054791748937071,
        "noise_preset": "realistic",
        "snr_db": 13.041082647687329
      },
      "stage_3_thresholded": {
        "stage": "stage_3_thresholded",
        "description": "Threshold crossing detection",
        "threshold": 4.329365490431687,
        "fraction_above_threshold": 0.9750692520775623,
        "time_to_first_crossing": 0.0,
        "n_threshold_crossings": 16,
        "mean_signal_above": 7.513008802914107,
        "std_signal_above": 1.41257167581009,
        "mean_signal_below": 3.64152035416022,
        "std_signal_below": 0.7054148055404443,
        "mean_margin_above_threshold": 3.1836433124824195,
        "mean_margin_below_threshold": -0.6878451362714667
      },
      "stage_4_ttd": {
        "stage": "stage_4_ttd",
        "description": "Time-to-detection assignment",
        "ttd_seconds": 250.0,
        "detected": true,
        "is_sentinel": false
      }
    },
    "stage_deltas": {
      "delta_0_to_1": {
        "transition": "stage_0_ode->stage_1_biosensor_clean",
        "mean_delta": 6.071521555050812,
        "std_delta": 0.006532827570133522,
        "max_delta": 6.0828282555899165,
        "rms_delta": 6.071525069641292,
        "fraction_significantly_changed": 1.0
      },
      "delta_1_to_2": {
        "transition": "stage_1_biosensor_clean->stage_2_biosensor_noisy",
        "mean_delta": 0.37076495793697284,
        "std_delta": 1.5254882023325556,
        "max_delta": 4.9764053710496166,
        "rms_delta": 1.56989837552939,
        "fraction_significantly_changed": 1.0
      },
      "delta_2_to_3": {
        "transition": "stage_2_biosensor_noisy->stage_3_thresholded",
        "mean_delta": -0.09078582600399443,
        "std_delta": 0.578586344227745,
        "max_delta": 4.315392965488536,
        "rms_delta": 0.585665624678497,
        "fraction_significantly_changed": 0.024930747922437674
      }
    },
    "propagation_integrity": {
      "stages_recorded": 5,
      "biological_hash_consistent": false,
      "all_stages_use_same_time": true
    }
  }
}