{
  "run_id": "7ee99904-2fae-461e-b23c-3d6b9e1b2f5c",
  "timestamp": "2026-06-27T17:23:35.242620",
  "scenario": "pmo",
  "biosensor_config": {
    "circuit_type": "array",
    "kd_scl": 0.5203241360189029,
    "kd_ctx": 8.720866097991891,
    "kd_p1np": 0.8816226959208773,
    "w_scl": 0.15721900570288053,
    "w_ctx": 0.15935925986526314,
    "w_p1np": 0.6834217344318564,
    "sensitivity": 2.843778053718375,
    "threshold": 3.4918031931909437,
    "dynamic_range": [
      0.0,
      9.326083014181032
    ],
    "kd": 0.5203241360189029
  },
  "noise_preset": "realistic",
  "measurement": {
    "snr_db": 13.767139218302678,
    "n_detections": 1,
    "detection_rate": 1.0,
    "time_to_detection": 510.0,
    "false_negative_rate": 0.0
  },
  "environment_params": {
    "Estrogen": 0.17809782157195048,
    "PTH": 67.79770912995674,
    "k_prod_Scl": 1.1932198307702399e-06,
    "k_deg_Scl": 6.520919288441876e-05,
    "Sclerostin_bone": 0.028116114719023328,
    "k_prod_RANKL": 4.1278929284379945e-06,
    "k_deg_RANKL": 1.918943341502567e-05,
    "RANKL_bone": 0.7382873724774784,
    "k_prod_OPG": 8.057762469425167e-05,
    "k_deg_OPG": 1.8006792359387304e-05,
    "OPG_bone": 4.790215251402963,
    "MineralIon": 2.124647234399844,
    "k_prod_Mineral": 0.07540731459676865,
    "k_loss_Mineral": 0.023668152593344784,
    "k_prod_CTX": 1.2641224085957268e-06,
    "k_deg_CTX": 2.2664606323737097e-05,
    "CTX_bone": 0.01751243983878276,
    "k_prod_P1NP": 2.2971173146719433e-07,
    "k_deg_P1NP": 1.7254844936966545e-05,
    "P1NP_bone": 0.02189641327355359,
    "Sclerostin_sensor": 0.7029028679755832,
    "RANKL_sensor": 22.148621174324354,
    "OPG_sensor": 143.70645754208888,
    "CTX_sensor": 0.437810995969569,
    "P1NP_sensor": 0.5474103318388397
  },
  "equilibration_check": {
    "Sclerostin_bone": 0.0018378081518616886,
    "RANKL_bone": 0.00021695820055605698,
    "OPG_bone": 3.0282336165069694e-05,
    "CTX_bone": 7.986083020247705e-05,
    "P1NP_bone": 0.00010719978473458362,
    "Osteocytes": 5.447615439505084e-05,
    "Osteoblasts": 1.1175575289054193e-05,
    "Osteoclasts": 4.583989602417321e-05,
    "MineralIon": 1.118560125095251e-05,
    "Sclerostin_sensor": 0.0018412050318789563,
    "RANKL_sensor": 0.00021711407883010905,
    "OPG_sensor": 3.03021847301083e-05,
    "CTX_sensor": 7.987311637713194e-05,
    "P1NP_sensor": 0.00010723491414113044
  },
  "sclerostin_mean": 0.7357860683051579,
  "sclerostin_max": 0.7597906333075514,
  "sclerostin_min": 0.7111761306106685,
  "sclerostin_std": 0.01406933518451343,
  "ctx_mean": 0.43855348795904475,
  "p1np_mean": 0.5487500727514061,
  "metadata_file": "metadata/7ee99904-2fae-461e-b23c-3d6b9e1b2f5c.json",
  "timeseries_file": "timeseries/7ee99904-2fae-461e-b23c-3d6b9e1b2f5c.csv",
  "instrumentation": {
    "biological_realization": {
      "rng_seed": 1783397435,
      "scenario": "pmo",
      "realization_hash": "8ef1b9a70105c344"
    },
    "stages": {
      "stage_0_ode": {
        "stage": "stage_0_ode",
        "description": "ODE concentration output",
        "mean_signal": 0.7357860683051579,
        "std_signal": 0.01406933518451343,
        "min_signal": 0.7111761306106685,
        "max_signal": 0.7597906333075514,
        "median_signal": 0.73593812235016,
        "q25_signal": 0.7236779400397007,
        "q75_signal": 0.7479719881529087,
        "auc_total": 2648.8328727620287,
        "auc_per_second": 0.7357869091005635,
        "terminal_mean": 0.7575076106723151,
        "terminal_std": 0.0013567526686329781,
        "signal_range": 0.04861450269688283,
        "cv_coefficient": 0.01912150255429728,
        "species_tracked": "Sclerostin_sensor or Sclerostin_bone"
      },
      "stage_1_biosensor_clean": {
        "stage": "stage_1_biosensor_clean",
        "description": "Biosensor output (clean signal, no noise)",
        "mean_signal": 4.216796854207193,
        "std_signal": 0.007387954066938799,
        "min_signal": 4.20380096479548,
        "max_signal": 4.229332914222108,
        "median_signal": 4.216912432492962,
        "q25_signal": 4.2104493422134865,
        "q75_signal": 4.223203414175289,
        "auc_total": 15180.470974292879,
        "auc_per_second": 4.216797492859133,
        "terminal_mean": 4.228152245434298,
        "terminal_std": 0.000701982790486852,
        "signal_range": 0.025531949426627953,
        "cv_coefficient": 0.0017520298753703704,
        "biosensor_type": "array",
        "kd": 0.5203241360189029,
        "sensitivity": 2.843778053718375
      },
      "stage_2_biosensor_noisy": {
        "stage": "stage_2_biosensor_noisy",
        "description": "Biosensor output (with noise injection)",
        "mean_signal": 4.3355566062409725,
        "std_signal": 0.8569764780296661,
        "min_signal": 2.2026234994158314,
        "max_signal": 6.677437275387728,
        "median_signal": 4.298347036719668,
        "q25_signal": 3.740935447316772,
        "q75_signal": 4.981359580307547,
        "auc_total": 15611.66470461278,
        "auc_per_second": 4.336573529059105,
        "terminal_mean": 4.701180986562573,
        "terminal_std": 0.8253784519986885,
        "signal_range": 4.474813775971897,
        "cv_coefficient": 0.19766238936796734,
        "noise_preset": "realistic",
        "snr_db": 13.767139218302678
      },
      "stage_3_thresholded": {
        "stage": "stage_3_thresholded",
        "description": "Threshold crossing detection",
        "threshold": 3.4918031931909437,
        "fraction_above_threshold": 0.8310249307479224,
        "time_to_first_crossing": 0.0,
        "n_threshold_crossings": 106,
        "mean_signal_above": 4.599322216041418,
        "std_signal_above": 0.6747503884998393,
        "mean_signal_below": 3.0383486891895983,
        "std_signal_below": 0.28675026532699055,
        "mean_margin_above_threshold": 1.107519022850475,
        "mean_margin_below_threshold": -0.4534545040013452
      },
      "stage_4_ttd": {
        "stage": "stage_4_ttd",
        "description": "Time-to-detection assignment",
        "ttd_seconds": 510.0,
        "detected": true,
        "is_sentinel": false
      }
    },
    "stage_deltas": {
      "delta_0_to_1": {
        "transition": "stage_0_ode->stage_1_biosensor_clean",
        "mean_delta": 3.4810107859020354,
        "std_delta": 0.006681527005898791,
        "max_delta": 3.4926248341848116,
        "rms_delta": 3.4810171982294826,
        "fraction_significantly_changed": 1.0
      },
      "delta_1_to_2": {
        "transition": "stage_1_biosensor_clean->stage_2_biosensor_noisy",
        "mean_delta": 0.11875975203377911,
        "std_delta": 0.8560240443215679,
        "max_delta": 2.457568325129044,
        "rms_delta": 0.8642227971766183,
        "fraction_significantly_changed": 0.9944598337950139
      },
      "delta_2_to_3": {
        "transition": "stage_2_biosensor_noisy->stage_3_thresholded",
        "mean_delta": -0.5134051801677715,
        "std_delta": 1.1446454354919837,
        "max_delta": 3.459475520058251,
        "rms_delta": 1.254511080866062,
        "fraction_significantly_changed": 0.16897506925207756
      }
    },
    "propagation_integrity": {
      "stages_recorded": 5,
      "biological_hash_consistent": false,
      "all_stages_use_same_time": true
    }
  }
}