{
  "run_id": "8274082c-fd60-4127-9bb5-bcfa64b30737",
  "timestamp": "2026-06-27T17:23:15.481403",
  "scenario": "pmo_mild",
  "biosensor_config": {
    "circuit_type": "array",
    "kd_scl": 6.9733848166006185,
    "kd_ctx": 0.5452524628847886,
    "kd_p1np": 9.349635619947104,
    "w_scl": 0.19381741738620617,
    "w_ctx": 0.4113369181801494,
    "w_p1np": 0.3948456644336444,
    "sensitivity": 1.0602888657168987,
    "threshold": 1.9832857463479137,
    "dynamic_range": [
      0.0,
      4.127580616091093
    ],
    "kd": 6.9733848166006185
  },
  "noise_preset": "realistic",
  "measurement": {
    "snr_db": 13.008234203320978,
    "n_detections": 0,
    "detection_rate": 0.0,
    "time_to_detection": 9000.0,
    "false_negative_rate": 1.0
  },
  "environment_params": {
    "Estrogen": 0.6308231076884061,
    "PTH": 51.92787360835126,
    "k_prod_Scl": 1.9221473579838562e-06,
    "k_deg_Scl": 6.181464894244057e-05,
    "Sclerostin_bone": 0.023324666399104875,
    "k_prod_RANKL": 3.118297204819536e-06,
    "k_deg_RANKL": 2.1550041244421847e-05,
    "RANKL_bone": 0.696591986272929,
    "k_prod_OPG": 5.1428896959409764e-05,
    "k_deg_OPG": 2.1941670340479213e-05,
    "OPG_bone": 6.0095931624510035,
    "MineralIon": 2.3736861652356773,
    "k_prod_Mineral": 0.08224346880863968,
    "k_loss_Mineral": 0.023669656116279393,
    "k_prod_CTX": 1.1576030642738405e-06,
    "k_deg_CTX": 1.9335409238729683e-05,
    "CTX_bone": 0.012682669082950297,
    "k_prod_P1NP": 1.83752811098774e-07,
    "k_deg_P1NP": 1.7397652751591104e-05,
    "P1NP_bone": 0.01536547553570336,
    "Sclerostin_sensor": 0.5831166599776219,
    "RANKL_sensor": 20.897759588187867,
    "OPG_sensor": 180.28779487353012,
    "CTX_sensor": 0.31706672707375744,
    "P1NP_sensor": 0.384136888392584
  },
  "equilibration_check": {
    "Sclerostin_bone": 0.00150353745495993,
    "RANKL_bone": 0.0002464910964804879,
    "OPG_bone": 0.00016487074309240514,
    "CTX_bone": 0.00025549790228915055,
    "P1NP_bone": 0.00018997172308487256,
    "Osteocytes": 4.365034833981187e-05,
    "Osteoblasts": 7.430171729803733e-06,
    "Osteoclasts": 1.140603304516041e-05,
    "MineralIon": 7.431334222762693e-06,
    "Sclerostin_sensor": 0.0015059965844829678,
    "RANKL_sensor": 0.00024656467201716154,
    "OPG_sensor": 0.00016493278352166133,
    "CTX_sensor": 0.0002555945522225299,
    "P1NP_sensor": 0.00019003836050525397
  },
  "sclerostin_mean": 0.6050464714316822,
  "sclerostin_max": 0.6210862145676049,
  "sclerostin_min": 0.5886261137439032,
  "sclerostin_std": 0.009394373527665794,
  "ctx_mean": 0.3189143838059617,
  "p1np_mean": 0.38580474173117385,
  "metadata_file": "metadata/8274082c-fd60-4127-9bb5-bcfa64b30737.json",
  "timeseries_file": "timeseries/8274082c-fd60-4127-9bb5-bcfa64b30737.csv",
  "instrumentation": {
    "biological_realization": {
      "rng_seed": 173720771,
      "scenario": "pmo_mild",
      "realization_hash": "2b6eaa8cced60e53"
    },
    "stages": {
      "stage_0_ode": {
        "stage": "stage_0_ode",
        "description": "ODE concentration output",
        "mean_signal": 0.6050464714316822,
        "std_signal": 0.009394373527665794,
        "min_signal": 0.5886261137439032,
        "max_signal": 0.6210862145676049,
        "median_signal": 0.6051420952601819,
        "q25_signal": 0.5969598741579683,
        "q75_signal": 0.6131819763923494,
        "auc_total": 2178.1692002268155,
        "auc_per_second": 0.6050470000630043,
        "terminal_mean": 0.6195587737006528,
        "terminal_std": 0.0009076685293979865,
        "signal_range": 0.032460100823701765,
        "cv_coefficient": 0.015526697487279775,
        "species_tracked": "Sclerostin_sensor or Sclerostin_bone"
      },
      "stage_1_biosensor_clean": {
        "stage": "stage_1_biosensor_clean",
        "description": "Biosensor output (clean signal, no noise)",
        "mean_signal": 1.3810308873443846,
        "std_signal": 0.006377600323891531,
        "min_signal": 1.369897234502664,
        "max_signal": 1.3919327951240787,
        "median_signal": 1.3810891224122384,
        "q25_signal": 1.3755391170836244,
        "q75_signal": 1.3865524214156535,
        "auc_total": 4971.712353165095,
        "auc_per_second": 1.3810312092125263,
        "terminal_mean": 1.3908924231647644,
        "terminal_std": 0.0006181664885815986,
        "signal_range": 0.02203556062141465,
        "cv_coefficient": 0.004617999772731487,
        "biosensor_type": "array",
        "kd": 6.9733848166006185,
        "sensitivity": 1.0602888657168987
      },
      "stage_2_biosensor_noisy": {
        "stage": "stage_2_biosensor_noisy",
        "description": "Biosensor output (with noise injection)",
        "mean_signal": 1.4159413580819646,
        "std_signal": 0.30761308384574565,
        "min_signal": 0.421763861520591,
        "max_signal": 2.2626633952740858,
        "median_signal": 1.400045244358718,
        "q25_signal": 1.2336953817504344,
        "q75_signal": 1.6466700969691122,
        "auc_total": 5094.5987197053855,
        "auc_per_second": 1.4151663110292738,
        "terminal_mean": 1.4976808351760862,
        "terminal_std": 0.2844956312980757,
        "signal_range": 1.8408995337534948,
        "cv_coefficient": 0.21724987556154063,
        "noise_preset": "realistic",
        "snr_db": 13.008234203320978
      },
      "stage_3_thresholded": {
        "stage": "stage_3_thresholded",
        "description": "Threshold crossing detection",
        "threshold": 1.9832857463479137,
        "fraction_above_threshold": 0.0332409972299169,
        "time_to_first_crossing": 420.0,
        "n_threshold_crossings": 22,
        "mean_signal_above": 2.105288092850219,
        "std_signal_above": 0.08287611049621217,
        "mean_signal_below": 1.3922388915569814,
        "std_signal_below": 0.28415177205172043,
        "mean_margin_above_threshold": 0.12200234650230529,
        "mean_margin_below_threshold": -0.5910468547909321
      },
      "stage_4_ttd": {
        "stage": "stage_4_ttd",
        "description": "Time-to-detection assignment",
        "ttd_seconds": 9000.0,
        "detected": false,
        "is_sentinel": true
      }
    },
    "stage_deltas": {
      "delta_0_to_1": {
        "transition": "stage_0_ode->stage_1_biosensor_clean",
        "mean_delta": 0.7759844159127025,
        "std_delta": 0.0030167819835408096,
        "max_delta": 0.7812711207587609,
        "rms_delta": 0.7759902800376522,
        "fraction_significantly_changed": 1.0
      },
      "delta_1_to_2": {
        "transition": "stage_1_biosensor_clean->stage_2_biosensor_noisy",
        "mean_delta": 0.03491047073757988,
        "std_delta": 0.30690217528071284,
        "max_delta": 0.9593864325668064,
        "rms_delta": 0.3088813464085405,
        "fraction_significantly_changed": 0.997229916897507
      },
      "delta_2_to_3": {
        "transition": "stage_2_biosensor_noisy->stage_3_thresholded",
        "mean_delta": -1.3459594824193533,
        "std_delta": 0.3746311344516667,
        "max_delta": 1.946105126837041,
        "rms_delta": 1.3971239799012527,
        "fraction_significantly_changed": 0.9667590027700831
      }
    },
    "propagation_integrity": {
      "stages_recorded": 5,
      "biological_hash_consistent": false,
      "all_stages_use_same_time": true
    }
  }
}