{
  "run_id": "842c7c2b-8239-4ff5-98b1-685faf8e5942",
  "timestamp": "2026-06-27T17:23:41.104130",
  "scenario": "pmo",
  "biosensor_config": {
    "circuit_type": "array",
    "kd_scl": 0.7618845274371798,
    "kd_ctx": 1.623232450334746,
    "kd_p1np": 0.12823567732005642,
    "w_scl": 0.6574417003068784,
    "w_ctx": 0.005042947048421073,
    "w_p1np": 0.33751535264470034,
    "sensitivity": 2.8986752215095186,
    "threshold": 3.457322900107794,
    "dynamic_range": [
      0.0,
      9.1705577044601
    ],
    "kd": 0.7618845274371798
  },
  "noise_preset": "realistic",
  "measurement": {
    "snr_db": 12.720544932202756,
    "n_detections": 1,
    "detection_rate": 1.0,
    "time_to_detection": 390.0,
    "false_negative_rate": 0.0
  },
  "environment_params": {
    "Estrogen": 0.19871823242136488,
    "PTH": 63.287423661575865,
    "k_prod_Scl": 6.472494242536859e-07,
    "k_deg_Scl": 6.48616171382669e-05,
    "Sclerostin_bone": 0.042156282538958256,
    "k_prod_RANKL": 3.50568671268128e-06,
    "k_deg_RANKL": 1.9587279116272982e-05,
    "RANKL_bone": 1.007324130818008,
    "k_prod_OPG": 5.319032042532871e-05,
    "k_deg_OPG": 2.000505555934832e-05,
    "OPG_bone": 4.095427278304274,
    "MineralIon": 2.163204497991805,
    "k_prod_Mineral": 0.07140476161120664,
    "k_loss_Mineral": 0.020370288412909093,
    "k_prod_CTX": 1.3684067313456734e-06,
    "k_deg_CTX": 1.8586545097110785e-05,
    "CTX_bone": 0.014481324997863417,
    "k_prod_P1NP": 2.843501971173029e-07,
    "k_deg_P1NP": 1.8013040349444592e-05,
    "P1NP_bone": 0.0171013493085889,
    "Sclerostin_sensor": 1.0539070634739565,
    "RANKL_sensor": 30.219723924540244,
    "OPG_sensor": 122.86281834912822,
    "CTX_sensor": 0.3620331249465854,
    "P1NP_sensor": 0.4275337327147225
  },
  "equilibration_check": {
    "Sclerostin_bone": 0.00048588248507310477,
    "RANKL_bone": 8.101668414031334e-05,
    "OPG_bone": 0.00011070192492513241,
    "CTX_bone": 0.0005736342784565266,
    "P1NP_bone": 0.0004395612099175442,
    "Osteocytes": 6.354163071873678e-05,
    "Osteoblasts": 3.946730548929579e-06,
    "Osteoclasts": 3.646947763746277e-05,
    "MineralIon": 3.940902042814558e-06,
    "Sclerostin_sensor": 0.0004861773572805272,
    "RANKL_sensor": 8.105183889769901e-05,
    "OPG_sensor": 0.00011074737071631291,
    "CTX_sensor": 0.0005739213256009732,
    "P1NP_sensor": 0.00043976304857521365
  },
  "sclerostin_mean": 1.0422471626654422,
  "sclerostin_max": 1.0510077135237854,
  "sclerostin_min": 1.033632293727824,
  "sclerostin_std": 0.005032010437179463,
  "ctx_mean": 0.3667331433433951,
  "p1np_mean": 0.43186912226937957,
  "metadata_file": "metadata/842c7c2b-8239-4ff5-98b1-685faf8e5942.json",
  "timeseries_file": "timeseries/842c7c2b-8239-4ff5-98b1-685faf8e5942.csv",
  "instrumentation": {
    "biological_realization": {
      "rng_seed": 529833568,
      "scenario": "pmo",
      "realization_hash": "e9fba91b9e37d9d5"
    },
    "stages": {
      "stage_0_ode": {
        "stage": "stage_0_ode",
        "description": "ODE concentration output",
        "mean_signal": 1.0422471626654422,
        "std_signal": 0.005032010437179463,
        "min_signal": 1.033632293727824,
        "max_signal": 1.0510077135237854,
        "median_signal": 1.042209969920757,
        "q25_signal": 1.0378905950434891,
        "q75_signal": 1.0465852477669735,
        "auc_total": 3752.0890571859877,
        "auc_per_second": 1.042246960329441,
        "terminal_mean": 1.0344557766707676,
        "terminal_std": 0.0004892966122695381,
        "signal_range": 0.017375419795961466,
        "cv_coefficient": 0.00482803946840268,
        "species_tracked": "Sclerostin_sensor or Sclerostin_bone"
      },
      "stage_1_biosensor_clean": {
        "stage": "stage_1_biosensor_clean",
        "description": "Biosensor output (clean signal, no noise)",
        "mean_signal": 4.39295521968202,
        "std_signal": 0.00566262480352975,
        "min_signal": 4.383227872227229,
        "max_signal": 4.402778206781526,
        "median_signal": 4.392930470906119,
        "q25_signal": 4.388056387323988,
        "q75_signal": 4.397842036695651,
        "auc_total": 15814.63831265705,
        "auc_per_second": 4.392955086849181,
        "terminal_mean": 4.384163241922156,
        "terminal_std": 0.0005556156682077093,
        "signal_range": 0.01955033455429689,
        "cv_coefficient": 0.0012890240214967715,
        "biosensor_type": "array",
        "kd": 0.7618845274371798,
        "sensitivity": 2.8986752215095186
      },
      "stage_2_biosensor_noisy": {
        "stage": "stage_2_biosensor_noisy",
        "description": "Biosensor output (with noise injection)",
        "mean_signal": 4.660920226450849,
        "std_signal": 0.9786527855361964,
        "min_signal": 1.8095121197793043,
        "max_signal": 7.3452407799850405,
        "median_signal": 4.656444150611372,
        "q25_signal": 3.97644210614623,
        "q75_signal": 5.308679291249704,
        "auc_total": 16776.294079158877,
        "auc_per_second": 4.660081688655244,
        "terminal_mean": 5.018628211410138,
        "terminal_std": 0.9964235546883088,
        "signal_range": 5.535728660205736,
        "cv_coefficient": 0.2099698638870314,
        "noise_preset": "realistic",
        "snr_db": 12.720544932202756
      },
      "stage_3_thresholded": {
        "stage": "stage_3_thresholded",
        "description": "Threshold crossing detection",
        "threshold": 3.457322900107794,
        "fraction_above_threshold": 0.8808864265927978,
        "time_to_first_crossing": 0.0,
        "n_threshold_crossings": 78,
        "mean_signal_above": 4.879763759797158,
        "std_signal_above": 0.8192896057145301,
        "mean_signal_below": 3.0424959565874476,
        "std_signal_below": 0.3213111208024547,
        "mean_margin_above_threshold": 1.422440859689364,
        "mean_margin_below_threshold": -0.4148269435203468
      },
      "stage_4_ttd": {
        "stage": "stage_4_ttd",
        "description": "Time-to-detection assignment",
        "ttd_seconds": 390.0,
        "detected": true,
        "is_sentinel": false
      }
    },
    "stage_deltas": {
      "delta_0_to_1": {
        "transition": "stage_0_ode->stage_1_biosensor_clean",
        "mean_delta": 3.3507080570165777,
        "std_delta": 0.0006307803303056366,
        "max_delta": 3.3517704932577406,
        "rms_delta": 3.3507081163896744,
        "fraction_significantly_changed": 1.0
      },
      "delta_1_to_2": {
        "transition": "stage_1_biosensor_clean->stage_2_biosensor_noisy",
        "mean_delta": 0.2679650067688289,
        "std_delta": 0.9796277830017239,
        "max_delta": 2.9611580915885165,
        "rms_delta": 1.0156159894770715,
        "fraction_significantly_changed": 1.0
      },
      "delta_2_to_3": {
        "transition": "stage_2_biosensor_noisy->stage_3_thresholded",
        "mean_delta": -0.3624025654660948,
        "std_delta": 0.991751030032467,
        "max_delta": 3.444340513029233,
        "rms_delta": 1.0558909626599076,
        "fraction_significantly_changed": 0.11911357340720222
      }
    },
    "propagation_integrity": {
      "stages_recorded": 5,
      "biological_hash_consistent": false,
      "all_stages_use_same_time": true
    }
  }
}