{
  "run_id": "877acfea-2935-42a4-b4e1-30c0863cbd2a",
  "timestamp": "2026-06-27T17:24:09.828422",
  "scenario": "ckd_mbd",
  "biosensor_config": {
    "circuit_type": "array",
    "kd_scl": 4.56339687477029,
    "kd_ctx": 5.775133923785899,
    "kd_p1np": 9.421194599486912,
    "w_scl": 0.43662007770202566,
    "w_ctx": 0.1295620007726129,
    "w_p1np": 0.43381792152536136,
    "sensitivity": 0.7742758509846964,
    "threshold": 1.865290959837889,
    "dynamic_range": [
      0.0,
      3.40533911860216
    ],
    "kd": 4.56339687477029
  },
  "noise_preset": "realistic",
  "measurement": {
    "snr_db": 7.094715610951995,
    "n_detections": 1,
    "detection_rate": 1.0,
    "time_to_detection": 170.0,
    "false_negative_rate": 0.0
  },
  "environment_params": {
    "Estrogen": 0.5446683475561933,
    "PTH": 182.4210794650255,
    "k_prod_Scl": 1.7314885915981682e-06,
    "k_deg_Scl": 6.328203468814132e-05,
    "Sclerostin_bone": 0.04291240347352963,
    "k_prod_RANKL": 5.610277628056966e-06,
    "k_deg_RANKL": 2.1409834239461435e-05,
    "RANKL_bone": 0.9072928080986284,
    "k_prod_OPG": 0.00012305134759544413,
    "k_deg_OPG": 2.1376744488825487e-05,
    "OPG_bone": 6.012064297233907,
    "MineralIon": 3.1143468588043386,
    "k_prod_Mineral": 0.13738318629494845,
    "k_loss_Mineral": 0.06513680710786085,
    "k_prod_CTX": 1.0155218054222121e-06,
    "k_deg_CTX": 9.906963031842758e-06,
    "CTX_bone": 0.02950757123922025,
    "k_prod_P1NP": 9.398036574454154e-08,
    "k_deg_P1NP": 1.3895545778203478e-05,
    "P1NP_bone": 0.05930284365320476,
    "Sclerostin_sensor": 1.0728100868382406,
    "RANKL_sensor": 27.218784242958854,
    "OPG_sensor": 180.36192891701722,
    "CTX_sensor": 0.7376892809805062,
    "P1NP_sensor": 1.482571091330119
  },
  "equilibration_check": {
    "Sclerostin_bone": 0.00039070646320097513,
    "RANKL_bone": 9.005148913793143e-05,
    "OPG_bone": 8.434428547406876e-05,
    "CTX_bone": 4.138272410321566e-05,
    "P1NP_bone": 0.00032677296539529227,
    "Osteocytes": 6.536787363935893e-05,
    "Osteoblasts": 3.209110005522692e-06,
    "Osteoclasts": 2.813830455154437e-05,
    "MineralIon": 3.2071833543516804e-06,
    "Sclerostin_sensor": 0.0003909406984495205,
    "RANKL_sensor": 9.009353524065934e-05,
    "OPG_sensor": 8.43841541861808e-05,
    "CTX_sensor": 4.1384854871548735e-05,
    "P1NP_sensor": 0.0003267879648850491
  },
  "sclerostin_mean": 1.0632756915711197,
  "sclerostin_max": 1.070446415414053,
  "sclerostin_min": 1.0562084618218783,
  "sclerostin_std": 0.004124004756302474,
  "ctx_mean": 0.7383536779333805,
  "p1np_mean": 1.4717693655165376,
  "metadata_file": "metadata/877acfea-2935-42a4-b4e1-30c0863cbd2a.json",
  "timeseries_file": "timeseries/877acfea-2935-42a4-b4e1-30c0863cbd2a.csv",
  "instrumentation": {
    "biological_realization": {
      "rng_seed": 1722922171,
      "scenario": "ckd_mbd",
      "realization_hash": "3ac12a786849ddc2"
    },
    "stages": {
      "stage_0_ode": {
        "stage": "stage_0_ode",
        "description": "ODE concentration output",
        "mean_signal": 1.0632756915711197,
        "std_signal": 0.004124004756302474,
        "min_signal": 1.0562084618218783,
        "max_signal": 1.070446415414053,
        "median_signal": 1.0632491055679218,
        "q25_signal": 1.0597057817431494,
        "q75_signal": 1.0668325333724216,
        "auc_total": 3827.791972185562,
        "auc_per_second": 1.0632755478293228,
        "terminal_mean": 1.0568850307326452,
        "terminal_std": 0.00040198006106031606,
        "signal_range": 0.014237953592174613,
        "cv_coefficient": 0.003878584631431528,
        "species_tracked": "Sclerostin_sensor or Sclerostin_bone"
      },
      "stage_1_biosensor_clean": {
        "stage": "stage_1_biosensor_clean",
        "description": "Biosensor output (clean signal, no noise)",
        "mean_signal": 2.448027617267135,
        "std_signal": 0.006024827826522817,
        "min_signal": 2.4376645808966466,
        "max_signal": 2.458471940605746,
        "median_signal": 2.4480067999142316,
        "q25_signal": 2.442818083966844,
        "q75_signal": 2.4532268577230565,
        "auc_total": 8812.899015726845,
        "auc_per_second": 2.448027504368568,
        "terminal_mean": 2.4386640153511054,
        "terminal_std": 0.000593552356069354,
        "signal_range": 0.020807359709099416,
        "cv_coefficient": 0.0024610947131587743,
        "biosensor_type": "array",
        "kd": 4.56339687477029,
        "sensitivity": 0.7742758509846964
      },
      "stage_2_biosensor_noisy": {
        "stage": "stage_2_biosensor_noisy",
        "description": "Biosensor output (with noise injection)",
        "mean_signal": 2.589550313302512,
        "std_signal": 1.0724364897561407,
        "min_signal": 0.9354933471570324,
        "max_signal": 17.60714068248062,
        "median_signal": 2.465048397240088,
        "q25_signal": 2.153387763155972,
        "q75_signal": 2.879148488501932,
        "auc_total": 9325.484643729265,
        "auc_per_second": 2.590412401035907,
        "terminal_mean": 2.5933471730614013,
        "terminal_std": 0.5047187269429543,
        "signal_range": 16.671647335323588,
        "cv_coefficient": 0.41414004750054006,
        "noise_preset": "realistic",
        "snr_db": 7.094715610951995
      },
      "stage_3_thresholded": {
        "stage": "stage_3_thresholded",
        "description": "Threshold crossing detection",
        "threshold": 1.865290959837889,
        "fraction_above_threshold": 0.9335180055401662,
        "time_to_first_crossing": 0.0,
        "n_threshold_crossings": 45,
        "mean_signal_above": 2.6570296467093173,
        "std_signal_above": 1.0765499832139167,
        "mean_signal_below": 1.6420280067152897,
        "std_signal_below": 0.25349007384551886,
        "mean_margin_above_threshold": 0.7917386868714281,
        "mean_margin_below_threshold": -0.22326295312259914
      },
      "stage_4_ttd": {
        "stage": "stage_4_ttd",
        "description": "Time-to-detection assignment",
        "ttd_seconds": 170.0,
        "detected": true,
        "is_sentinel": false
      }
    },
    "stage_deltas": {
      "delta_0_to_1": {
        "transition": "stage_0_ode->stage_1_biosensor_clean",
        "mean_delta": 1.3847519256960155,
        "std_delta": 0.001900869238761749,
        "max_delta": 1.388025525191693,
        "rms_delta": 1.3847532303709156,
        "fraction_significantly_changed": 1.0
      },
      "delta_1_to_2": {
        "transition": "stage_1_biosensor_clean->stage_2_biosensor_noisy",
        "mean_delta": 0.1415226960353772,
        "std_delta": 1.072336013073536,
        "max_delta": 15.151876593009781,
        "rms_delta": 1.081634503160642,
        "fraction_significantly_changed": 1.0
      },
      "delta_2_to_3": {
        "transition": "stage_2_biosensor_noisy->stage_3_thresholded",
        "mean_delta": -0.10916529684533785,
        "std_delta": 0.4142551879294714,
        "max_delta": 1.8646866805393558,
        "rms_delta": 0.4283975055504087,
        "fraction_significantly_changed": 0.0664819944598338
      }
    },
    "propagation_integrity": {
      "stages_recorded": 5,
      "biological_hash_consistent": false,
      "all_stages_use_same_time": true
    }
  }
}