{
  "run_id": "878eadab-afe8-43db-a9e3-cb2b4abff45f",
  "timestamp": "2026-06-27T17:23:18.725552",
  "scenario": "ckd_mbd",
  "biosensor_config": {
    "circuit_type": "array",
    "kd_scl": 1.673607875809422,
    "kd_ctx": 2.2026323347065975,
    "kd_p1np": 5.574267392579109,
    "w_scl": 0.09038699439539202,
    "w_ctx": 0.5997573934543289,
    "w_p1np": 0.3098556121502793,
    "sensitivity": 2.042803543624543,
    "threshold": 3.235217557628668,
    "dynamic_range": [
      0.0,
      8.417239130612133
    ],
    "kd": 1.673607875809422
  },
  "noise_preset": "realistic",
  "measurement": {
    "snr_db": 7.909479818613384,
    "n_detections": 1,
    "detection_rate": 1.0,
    "time_to_detection": 170.0,
    "false_negative_rate": 0.0
  },
  "environment_params": {
    "Estrogen": 0.615983190829159,
    "PTH": 208.11861300741134,
    "k_prod_Scl": 3.823352893596932e-06,
    "k_deg_Scl": 7.160078975880735e-05,
    "Sclerostin_bone": 0.03692557619732328,
    "k_prod_RANKL": 6.7813841213610235e-06,
    "k_deg_RANKL": 1.9672048754157992e-05,
    "RANKL_bone": 0.6573494728043743,
    "k_prod_OPG": 0.00010785021616161456,
    "k_deg_OPG": 2.0221454699455952e-05,
    "OPG_bone": 6.51465637070485,
    "MineralIon": 3.721165987308228,
    "k_prod_Mineral": 0.1514778208624185,
    "k_loss_Mineral": 0.06561500250441132,
    "k_prod_CTX": 1.0314757311160303e-06,
    "k_deg_CTX": 1.0058006813440089e-05,
    "CTX_bone": 0.027987607923701453,
    "k_prod_P1NP": 6.18137128540037e-08,
    "k_deg_P1NP": 1.4869413568656566e-05,
    "P1NP_bone": 0.015265379883591038,
    "Sclerostin_sensor": 0.9231394049330819,
    "RANKL_sensor": 19.72048418413123,
    "OPG_sensor": 195.4396911211455,
    "CTX_sensor": 0.6996901980925363,
    "P1NP_sensor": 0.3816344970897759
  },
  "equilibration_check": {
    "Sclerostin_bone": 0.0008659608654544833,
    "RANKL_bone": 0.0002243672355102009,
    "OPG_bone": 0.00016985494378276244,
    "CTX_bone": 1.8323445817541843e-05,
    "P1NP_bone": 0.00020645501095586897,
    "Osteocytes": 6.45554303519634e-05,
    "Osteoblasts": 6.6225635665873455e-06,
    "Osteoclasts": 0.0001721842498148547,
    "MineralIon": 6.624340239981251e-06,
    "Sclerostin_sensor": 0.0008672918274543416,
    "RANKL_sensor": 0.00022452945402031904,
    "OPG_sensor": 0.00016991148250623076,
    "CTX_sensor": 1.8300015972195657e-05,
    "P1NP_sensor": 0.00020647813521300565
  },
  "sclerostin_mean": 0.942900236049569,
  "sclerostin_max": 0.9572212989506732,
  "sclerostin_min": 0.9281422688137706,
  "sclerostin_std": 0.008413440376439839,
  "ctx_mean": 0.6999663722493132,
  "p1np_mean": 0.3798697603007111,
  "metadata_file": "metadata/878eadab-afe8-43db-a9e3-cb2b4abff45f.json",
  "timeseries_file": "timeseries/878eadab-afe8-43db-a9e3-cb2b4abff45f.csv",
  "instrumentation": {
    "biological_realization": {
      "rng_seed": 1514478619,
      "scenario": "ckd_mbd",
      "realization_hash": "2448f4289aa0fa94"
    },
    "stages": {
      "stage_0_ode": {
        "stage": "stage_0_ode",
        "description": "ODE concentration output",
        "mean_signal": 0.942900236049569,
        "std_signal": 0.008413440376439839,
        "min_signal": 0.9281422688137706,
        "max_signal": 0.9572212989506732,
        "median_signal": 0.9430096279516987,
        "q25_signal": 0.9356664582192273,
        "q75_signal": 0.9501902964586637,
        "auc_total": 3394.4430343001222,
        "auc_per_second": 0.9429008428611451,
        "terminal_mean": 0.9558644690299943,
        "terminal_std": 0.0008064670110832839,
        "signal_range": 0.029079030136902606,
        "cv_coefficient": 0.00892293803179994,
        "species_tracked": "Sclerostin_sensor or Sclerostin_bone"
      },
      "stage_1_biosensor_clean": {
        "stage": "stage_1_biosensor_clean",
        "description": "Biosensor output (clean signal, no noise)",
        "mean_signal": 4.596396984410568,
        "std_signal": 0.0012414881833374698,
        "min_signal": 4.594201446959941,
        "max_signal": 4.598494494370169,
        "median_signal": 4.596421455362523,
        "q25_signal": 4.59533235994947,
        "q75_signal": 4.5974742408912,
        "auc_total": 16547.0296340155,
        "auc_per_second": 4.596397120559861,
        "terminal_mean": 4.598298317373893,
        "terminal_std": 0.00011667284145258355,
        "signal_range": 0.00429304741022829,
        "cv_coefficient": 0.0002701002954157746,
        "biosensor_type": "array",
        "kd": 1.673607875809422,
        "sensitivity": 2.042803543624543
      },
      "stage_2_biosensor_noisy": {
        "stage": "stage_2_biosensor_noisy",
        "description": "Biosensor output (with noise injection)",
        "mean_signal": 4.726998236229752,
        "std_signal": 1.8445051551168141,
        "min_signal": -24.52377381967575,
        "max_signal": 9.692552804033326,
        "median_signal": 4.746711804271557,
        "q25_signal": 4.156372504556301,
        "q75_signal": 5.467014380038266,
        "auc_total": 17021.741395495403,
        "auc_per_second": 4.728261498748723,
        "terminal_mean": 4.815741044329547,
        "terminal_std": 0.9082084686278257,
        "signal_range": 34.21632662370908,
        "cv_coefficient": 0.39020644031125956,
        "noise_preset": "realistic",
        "snr_db": 7.909479818613384
      },
      "stage_3_thresholded": {
        "stage": "stage_3_thresholded",
        "description": "Threshold crossing detection",
        "threshold": 3.235217557628668,
        "fraction_above_threshold": 0.9335180055401662,
        "time_to_first_crossing": 0.0,
        "n_threshold_crossings": 42,
        "mean_signal_above": 4.9413552924225,
        "std_signal_above": 0.9029493518068674,
        "mean_signal_below": 1.717067905523259,
        "std_signal_below": 5.479183324184251,
        "mean_margin_above_threshold": 1.7061377347938325,
        "mean_margin_below_threshold": -1.518149652105409
      },
      "stage_4_ttd": {
        "stage": "stage_4_ttd",
        "description": "Time-to-detection assignment",
        "ttd_seconds": 170.0,
        "detected": true,
        "is_sentinel": false
      }
    },
    "stage_deltas": {
      "delta_0_to_1": {
        "transition": "stage_0_ode->stage_1_biosensor_clean",
        "mean_delta": 3.653496748360999,
        "std_delta": 0.007171978823228195,
        "max_delta": 3.6660591781461704,
        "rms_delta": 3.653503787813095,
        "fraction_significantly_changed": 1.0
      },
      "delta_1_to_2": {
        "transition": "stage_1_biosensor_clean->stage_2_biosensor_noisy",
        "mean_delta": 0.13060125181918525,
        "std_delta": 1.8444101176169432,
        "max_delta": 29.118871150365337,
        "rms_delta": 1.8490282228631567,
        "fraction_significantly_changed": 1.0
      },
      "delta_2_to_3": {
        "transition": "stage_2_biosensor_noisy->stage_3_thresholded",
        "mean_delta": -0.11415409898215576,
        "std_delta": 1.4760979124912357,
        "max_delta": 24.52377381967575,
        "rms_delta": 1.4805053885668271,
        "fraction_significantly_changed": 0.0664819944598338
      }
    },
    "propagation_integrity": {
      "stages_recorded": 5,
      "biological_hash_consistent": false,
      "all_stages_use_same_time": true
    }
  }
}