{
  "run_id": "8e68085c-a0f4-45f5-9b2d-b4eed58f9b4b",
  "timestamp": "2026-06-27T17:23:03.023693",
  "scenario": "healthy",
  "biosensor_config": {
    "circuit_type": "array",
    "kd_scl": 1.196818054019683,
    "kd_ctx": 2.982512101204499,
    "kd_p1np": 2.924457839984324,
    "w_scl": 0.026318873992100537,
    "w_ctx": 0.7009879931471766,
    "w_p1np": 0.27269313286072283,
    "sensitivity": 4.571000333226264,
    "threshold": 5.866478118553154,
    "dynamic_range": [
      0.0,
      19.23641885776717
    ],
    "kd": 1.196818054019683
  },
  "noise_preset": "realistic",
  "measurement": {
    "snr_db": 9.603626392992624,
    "n_detections": 0,
    "detection_rate": 0.0,
    "time_to_detection": 9000.0,
    "false_negative_rate": 1.0
  },
  "environment_params": {
    "Estrogen": 1.0819517714788727,
    "PTH": 50.587118634861476,
    "k_prod_Scl": 1.2321873027335148e-06,
    "k_deg_Scl": 8.019746942895509e-05,
    "Sclerostin_bone": 0.01913978818572019,
    "k_prod_RANKL": 4.86655678711432e-06,
    "k_deg_RANKL": 1.9720104649480604e-05,
    "RANKL_bone": 0.49396400143088154,
    "k_prod_OPG": 4.5811084758865805e-05,
    "k_deg_OPG": 2.1666705546151094e-05,
    "OPG_bone": 4.791465059849805,
    "MineralIon": 1.96352328091397,
    "k_prod_Mineral": 0.09150424232153226,
    "k_loss_Mineral": 0.027628304165805757,
    "k_prod_CTX": 5.146990770494464e-07,
    "k_deg_CTX": 2.003297637981758e-05,
    "CTX_bone": 0.0074810056380741115,
    "k_prod_P1NP": 1.45539329633514e-07,
    "k_deg_P1NP": 1.956913937016914e-05,
    "P1NP_bone": 0.012965484843116716,
    "Sclerostin_sensor": 0.47849470464300475,
    "RANKL_sensor": 14.818920042926447,
    "OPG_sensor": 143.74395179549416,
    "CTX_sensor": 0.1870251409518528,
    "P1NP_sensor": 0.3241371210779179
  },
  "equilibration_check": {
    "Sclerostin_bone": 0.0011004077968331148,
    "RANKL_bone": 7.080268340907527e-05,
    "OPG_bone": 5.555281390640441e-05,
    "CTX_bone": 1.6428493498164235e-05,
    "P1NP_bone": 8.318553369283202e-05,
    "Osteocytes": 2.6968728290405627e-05,
    "Osteoblasts": 4.015447996317805e-06,
    "Osteoclasts": 6.519781097453985e-05,
    "MineralIon": 4.0148369036950615e-06,
    "Sclerostin_sensor": 0.0011010837486483873,
    "RANKL_sensor": 7.084004774429108e-05,
    "OPG_sensor": 5.558198128071046e-05,
    "CTX_sensor": 1.641415869398498e-05,
    "P1NP_sensor": 8.321075423150647e-05
  },
  "sclerostin_mean": 0.4665420892948737,
  "sclerostin_max": 0.4754883638784141,
  "sclerostin_min": 0.45782934670749703,
  "sclerostin_std": 0.005112030815877338,
  "ctx_mean": 0.18709116409934315,
  "p1np_mean": 0.32475158503292867,
  "metadata_file": "metadata/8e68085c-a0f4-45f5-9b2d-b4eed58f9b4b.json",
  "timeseries_file": "timeseries/8e68085c-a0f4-45f5-9b2d-b4eed58f9b4b.csv",
  "instrumentation": {
    "biological_realization": {
      "rng_seed": 1298806341,
      "scenario": "healthy",
      "realization_hash": "730a54f7917f39dd"
    },
    "stages": {
      "stage_0_ode": {
        "stage": "stage_0_ode",
        "description": "ODE concentration output",
        "mean_signal": 0.4665420892948737,
        "std_signal": 0.005112030815877338,
        "min_signal": 0.45782934670749703,
        "max_signal": 0.4754883638784141,
        "median_signal": 0.4664831325343877,
        "q25_signal": 0.4621125598974399,
        "q75_signal": 0.4709417223319995,
        "auc_total": 1679.5503538015644,
        "auc_per_second": 0.466541764944879,
        "terminal_mean": 0.45865597498714344,
        "terminal_std": 0.0004913292086994159,
        "signal_range": 0.017659017170917057,
        "cv_coefficient": 0.010957276809909267,
        "species_tracked": "Sclerostin_sensor or Sclerostin_bone"
      },
      "stage_1_biosensor_clean": {
        "stage": "stage_1_biosensor_clean",
        "description": "Biosensor output (clean signal, no noise)",
        "mean_signal": 4.31658954266754,
        "std_signal": 0.00018643985222722287,
        "min_signal": 4.316289939808598,
        "max_signal": 4.316933424463299,
        "median_signal": 4.316578309730229,
        "q25_signal": 4.316425974418676,
        "q75_signal": 4.316747438187875,
        "auc_total": 15539.722132208459,
        "auc_per_second": 4.316589481169016,
        "terminal_mean": 4.3168960531012495,
        "terminal_std": 2.206216475460047e-05,
        "signal_range": 0.0006434846547005435,
        "cv_coefficient": 4.3191471040818005e-05,
        "biosensor_type": "array",
        "kd": 1.196818054019683,
        "sensitivity": 4.571000333226264
      },
      "stage_2_biosensor_noisy": {
        "stage": "stage_2_biosensor_noisy",
        "description": "Biosensor output (with noise injection)",
        "mean_signal": 4.433132558072302,
        "std_signal": 1.4240176332686139,
        "min_signal": -9.388147736004623,
        "max_signal": 19.645294578123206,
        "median_signal": 4.451662171438371,
        "q25_signal": 3.785817632297373,
        "q75_signal": 5.120808681358543,
        "auc_total": 15970.394176546783,
        "auc_per_second": 4.436220604596328,
        "terminal_mean": 4.925531169647675,
        "terminal_std": 2.638482225449638,
        "signal_range": 29.03344231412783,
        "cv_coefficient": 0.32122153231705575,
        "noise_preset": "realistic",
        "snr_db": 9.603626392992624
      },
      "stage_3_thresholded": {
        "stage": "stage_3_thresholded",
        "description": "Threshold crossing detection",
        "threshold": 5.866478118553154,
        "fraction_above_threshold": 0.055401662049861494,
        "time_to_first_crossing": 10.0,
        "n_threshold_crossings": 40,
        "mean_signal_above": 6.858814963664254,
        "std_signal_above": 2.9430464630726494,
        "mean_signal_below": 4.290863795280986,
        "std_signal_below": 1.1284564189927935,
        "mean_margin_above_threshold": 0.9923368451111001,
        "mean_margin_below_threshold": -1.5756143232721693
      },
      "stage_4_ttd": {
        "stage": "stage_4_ttd",
        "description": "Time-to-detection assignment",
        "ttd_seconds": 9000.0,
        "detected": false,
        "is_sentinel": true
      }
    },
    "stage_deltas": {
      "delta_0_to_1": {
        "transition": "stage_0_ode->stage_1_biosensor_clean",
        "mean_delta": 3.8500474533726656,
        "std_delta": 0.005298100930986599,
        "max_delta": 3.8591040777558017,
        "rms_delta": 3.8500510987641223,
        "fraction_significantly_changed": 1.0
      },
      "delta_1_to_2": {
        "transition": "stage_1_biosensor_clean->stage_2_biosensor_noisy",
        "mean_delta": 0.1165430154047621,
        "std_delta": 1.4239993988389008,
        "max_delta": 15.328403940014834,
        "rms_delta": 1.428760498590714,
        "fraction_significantly_changed": 1.0
      },
      "delta_2_to_3": {
        "transition": "stage_2_biosensor_noisy->stage_3_thresholded",
        "mean_delta": -4.053142809392842,
        "std_delta": 1.4718633592154562,
        "max_delta": 9.388147736004623,
        "rms_delta": 4.312116461963186,
        "fraction_significantly_changed": 0.9445983379501385
      }
    },
    "propagation_integrity": {
      "stages_recorded": 5,
      "biological_hash_consistent": false,
      "all_stages_use_same_time": true
    }
  }
}