{
  "run_id": "920136d4-1a8f-4614-8b80-d538184900b9",
  "timestamp": "2026-06-27T17:23:47.309297",
  "scenario": "ckd_mbd",
  "biosensor_config": {
    "circuit_type": "array",
    "kd_scl": 0.8121922889820377,
    "kd_ctx": 5.307714788576755,
    "kd_p1np": 0.11845523257015964,
    "w_scl": 0.2747574669558346,
    "w_ctx": 0.518242000405548,
    "w_p1np": 0.20700053263861729,
    "sensitivity": 3.088918007823738,
    "threshold": 4.221223568233863,
    "dynamic_range": [
      0.0,
      12.150216335849507
    ],
    "kd": 0.8121922889820377
  },
  "noise_preset": "realistic",
  "measurement": {
    "snr_db": 13.472344572912455,
    "n_detections": 1,
    "detection_rate": 1.0,
    "time_to_detection": 540.0,
    "false_negative_rate": 0.0
  },
  "environment_params": {
    "Estrogen": 0.685025658900465,
    "PTH": 162.78601236457308,
    "k_prod_Scl": 2.9428455853542835e-06,
    "k_deg_Scl": 5.523675277954236e-05,
    "Sclerostin_bone": 0.031198631005816685,
    "k_prod_RANKL": 7.623708935324699e-06,
    "k_deg_RANKL": 2.0589843579649384e-05,
    "RANKL_bone": 0.9594750356022077,
    "k_prod_OPG": 0.00011475210404588323,
    "k_deg_OPG": 2.0450218028350276e-05,
    "OPG_bone": 6.244176731711868,
    "MineralIon": 3.909600622589624,
    "k_prod_Mineral": 0.11376231159209586,
    "k_loss_Mineral": 0.06223779241339173,
    "k_prod_CTX": 6.253284916092119e-07,
    "k_deg_CTX": 1.0822919059011553e-05,
    "CTX_bone": 0.01675226360582812,
    "k_prod_P1NP": 1.592773151908849e-07,
    "k_deg_P1NP": 1.44843380232151e-05,
    "P1NP_bone": 0.050700575688165994,
    "Sclerostin_sensor": 0.7799657751454171,
    "RANKL_sensor": 28.784251068066233,
    "OPG_sensor": 187.32530195135604,
    "CTX_sensor": 0.418806590145703,
    "P1NP_sensor": 1.2675143922041499
  },
  "equilibration_check": {
    "Sclerostin_bone": 0.0010403886401955335,
    "RANKL_bone": 7.325202440564157e-06,
    "OPG_bone": 4.926422278879411e-05,
    "CTX_bone": 3.87141706231253e-05,
    "P1NP_bone": 0.00024956805894188423,
    "Osteocytes": 5.5599755344324524e-05,
    "Osteoblasts": 6.762750532964436e-06,
    "Osteoclasts": 2.8651819800447796e-05,
    "MineralIon": 6.764185850547972e-06,
    "Sclerostin_sensor": 0.0010417892212335274,
    "RANKL_sensor": 7.332554427352649e-06,
    "OPG_sensor": 4.928398960386901e-05,
    "CTX_sensor": 3.871590859810863e-05,
    "P1NP_sensor": 0.0002495899174851903
  },
  "sclerostin_mean": 0.7998263823190478,
  "sclerostin_max": 0.8143687499736847,
  "sclerostin_min": 0.7849539132706826,
  "sclerostin_std": 0.00851217863661515,
  "ctx_mean": 0.41915915200072157,
  "p1np_mean": 1.2604400332492411,
  "metadata_file": "metadata/920136d4-1a8f-4614-8b80-d538184900b9.json",
  "timeseries_file": "timeseries/920136d4-1a8f-4614-8b80-d538184900b9.csv",
  "instrumentation": {
    "biological_realization": {
      "rng_seed": 652907138,
      "scenario": "ckd_mbd",
      "realization_hash": "28f2c9d16a8bcfa8"
    },
    "stages": {
      "stage_0_ode": {
        "stage": "stage_0_ode",
        "description": "ODE concentration output",
        "mean_signal": 0.7998263823190478,
        "std_signal": 0.00851217863661515,
        "min_signal": 0.7849539132706826,
        "max_signal": 0.8143687499736847,
        "median_signal": 0.7999091266588473,
        "q25_signal": 0.7924988540162926,
        "q75_signal": 0.8071963956994416,
        "auc_total": 2879.376626855541,
        "auc_per_second": 0.7998268407932059,
        "terminal_mean": 0.812982098217097,
        "terminal_std": 0.000823937377070655,
        "signal_range": 0.029414836703002045,
        "cv_coefficient": 0.01064253296063404,
        "species_tracked": "Sclerostin_sensor or Sclerostin_bone"
      },
      "stage_1_biosensor_clean": {
        "stage": "stage_1_biosensor_clean",
        "description": "Biosensor output (clean signal, no noise)",
        "mean_signal": 5.34195512641891,
        "std_signal": 0.008117043038134578,
        "min_signal": 5.327715449570516,
        "max_signal": 5.355766402322249,
        "median_signal": 5.342062711604368,
        "q25_signal": 5.33497583595537,
        "q75_signal": 5.348989503021006,
        "auc_total": 19231.040597112802,
        "auc_per_second": 5.341955721420223,
        "terminal_mean": 5.354459060459938,
        "terminal_std": 0.0007770990055802232,
        "signal_range": 0.02805095275173297,
        "cv_coefficient": 0.0015194891843982984,
        "biosensor_type": "array",
        "kd": 0.8121922889820377,
        "sensitivity": 3.088918007823738
      },
      "stage_2_biosensor_noisy": {
        "stage": "stage_2_biosensor_noisy",
        "description": "Biosensor output (with noise injection)",
        "mean_signal": 5.545655790744646,
        "std_signal": 1.1153976028351462,
        "min_signal": 2.10513846429534,
        "max_signal": 8.48646663750938,
        "median_signal": 5.525896285939963,
        "q25_signal": 4.877681255978021,
        "q75_signal": 6.295022034520741,
        "auc_total": 19966.111766885693,
        "auc_per_second": 5.546142157468248,
        "terminal_mean": 5.487092730943103,
        "terminal_std": 1.060766137821422,
        "signal_range": 6.38132817321404,
        "cv_coefficient": 0.20112997360865334,
        "noise_preset": "realistic",
        "snr_db": 13.472344572912455
      },
      "stage_3_thresholded": {
        "stage": "stage_3_thresholded",
        "description": "Threshold crossing detection",
        "threshold": 4.221223568233863,
        "fraction_above_threshold": 0.8781163434903048,
        "time_to_first_crossing": 10.0,
        "n_threshold_crossings": 79,
        "mean_signal_above": 5.808400854636898,
        "std_signal_above": 0.9079783091359909,
        "mean_signal_below": 3.652697034975461,
        "std_signal_below": 0.4325608854161968,
        "mean_margin_above_threshold": 1.5871772864030351,
        "mean_margin_below_threshold": -0.568526533258402
      },
      "stage_4_ttd": {
        "stage": "stage_4_ttd",
        "description": "Time-to-detection assignment",
        "ttd_seconds": 540.0,
        "detected": true,
        "is_sentinel": false
      }
    },
    "stage_deltas": {
      "delta_0_to_1": {
        "transition": "stage_0_ode->stage_1_biosensor_clean",
        "mean_delta": 4.542128744099862,
        "std_delta": 0.00039600805112964473,
        "max_delta": 4.5427615362998335,
        "rms_delta": 4.542128761362955,
        "fraction_significantly_changed": 1.0
      },
      "delta_1_to_2": {
        "transition": "stage_1_biosensor_clean->stage_2_biosensor_noisy",
        "mean_delta": 0.2037006643257355,
        "std_delta": 1.1141485091670893,
        "max_delta": 3.22347409899594,
        "rms_delta": 1.1326168200790565,
        "fraction_significantly_changed": 1.0
      },
      "delta_2_to_3": {
        "transition": "stage_2_biosensor_noisy->stage_3_thresholded",
        "mean_delta": -0.4452040707449315,
        "std_delta": 1.204489287559925,
        "max_delta": 4.170276515859035,
        "rms_delta": 1.2841343809954135,
        "fraction_significantly_changed": 0.12188365650969529
      }
    },
    "propagation_integrity": {
      "stages_recorded": 5,
      "biological_hash_consistent": false,
      "all_stages_use_same_time": true
    }
  }
}