{
  "run_id": "934745b8-6cae-4f24-b52b-dee0f212a90a",
  "timestamp": "2026-06-27T17:23:12.853634",
  "scenario": "healthy",
  "biosensor_config": {
    "circuit_type": "array",
    "kd_scl": 0.9392471433045393,
    "kd_ctx": 0.606826436182224,
    "kd_p1np": 6.4175577064833815,
    "w_scl": 0.5687868523204879,
    "w_ctx": 0.282046932531558,
    "w_p1np": 0.14916621514795414,
    "sensitivity": 0.5766090068090565,
    "threshold": 1.4435017407911719,
    "dynamic_range": [
      0.0,
      2.1407839336281813
    ],
    "kd": 0.9392471433045393
  },
  "noise_preset": "realistic",
  "measurement": {
    "snr_db": 10.431608812621098,
    "n_detections": 0,
    "detection_rate": 0.0,
    "time_to_detection": 9000.0,
    "false_negative_rate": 1.0
  },
  "environment_params": {
    "Estrogen": 0.8562719719443637,
    "PTH": 43.48876267969144,
    "k_prod_Scl": 1.3163786322497606e-06,
    "k_deg_Scl": 6.726600616471054e-05,
    "Sclerostin_bone": 0.014179272237968301,
    "k_prod_RANKL": 4.319993927837784e-06,
    "k_deg_RANKL": 2.279276557754109e-05,
    "RANKL_bone": 0.4392539164172951,
    "k_prod_OPG": 3.7969775172467714e-05,
    "k_deg_OPG": 1.9238067803374932e-05,
    "OPG_bone": 5.530294269545294,
    "MineralIon": 2.2173723894310706,
    "k_prod_Mineral": 0.0820855849938402,
    "k_loss_Mineral": 0.02624857163663243,
    "k_prod_CTX": 4.791444642034799e-07,
    "k_deg_CTX": 2.416722794829472e-05,
    "CTX_bone": 0.010100695805454215,
    "k_prod_P1NP": 1.1851581778049053e-07,
    "k_deg_P1NP": 1.3636216925154098e-05,
    "P1NP_bone": 0.015272276042133931,
    "Sclerostin_sensor": 0.35448180594920753,
    "RANKL_sensor": 13.177617492518854,
    "OPG_sensor": 165.90882808635882,
    "CTX_sensor": 0.2525173951363554,
    "P1NP_sensor": 0.3818069010533483
  },
  "equilibration_check": {
    "Sclerostin_bone": 0.0006053349705367397,
    "RANKL_bone": 2.8858542842422428e-05,
    "OPG_bone": 0.00013016339267698317,
    "CTX_bone": 0.00035592957749981164,
    "P1NP_bone": 5.5102827711932206e-05,
    "Osteocytes": 2.4115424120957947e-05,
    "Osteoblasts": 1.7776416201000252e-06,
    "Osteoclasts": 8.656659731393219e-05,
    "MineralIon": 1.7798552295782821e-06,
    "Sclerostin_sensor": 0.0006061190313492848,
    "RANKL_sensor": 2.887683341739878e-05,
    "OPG_sensor": 0.00013020948179213036,
    "CTX_sensor": 0.00035600856686750075,
    "P1NP_sensor": 5.511537759302853e-05
  },
  "sclerostin_mean": 0.35967935099016174,
  "sclerostin_max": 0.3634696920209586,
  "sclerostin_min": 0.3557905372994367,
  "sclerostin_std": 0.002222347937883169,
  "ctx_mean": 0.250509231457776,
  "p1np_mean": 0.38228398970258765,
  "metadata_file": "metadata/934745b8-6cae-4f24-b52b-dee0f212a90a.json",
  "timeseries_file": "timeseries/934745b8-6cae-4f24-b52b-dee0f212a90a.csv",
  "instrumentation": {
    "biological_realization": {
      "rng_seed": 1085381939,
      "scenario": "healthy",
      "realization_hash": "ce1d5122901f23a0"
    },
    "stages": {
      "stage_0_ode": {
        "stage": "stage_0_ode",
        "description": "ODE concentration output",
        "mean_signal": 0.35967935099016174,
        "std_signal": 0.002222347937883169,
        "min_signal": 0.3557905372994367,
        "max_signal": 0.3634696920209586,
        "median_signal": 0.35970407892935125,
        "q25_signal": 0.3577670189380342,
        "q75_signal": 0.36160433910760476,
        "auc_total": 1294.8461559278817,
        "auc_per_second": 0.3596794877577449,
        "terminal_mean": 0.363109422065784,
        "terminal_std": 0.00021410706834596433,
        "signal_range": 0.007679154721521864,
        "cv_coefficient": 0.006178692026009457,
        "species_tracked": "Sclerostin_sensor or Sclerostin_bone"
      },
      "stage_1_biosensor_clean": {
        "stage": "stage_1_biosensor_clean",
        "description": "Biosensor output (clean signal, no noise)",
        "mean_signal": 0.6034756398885873,
        "std_signal": 0.000995050231073807,
        "min_signal": 0.6017225269535748,
        "max_signal": 0.6051613402677142,
        "median_signal": 0.6034925627910299,
        "q25_signal": 0.6026211088055975,
        "q75_signal": 0.6043388329105042,
        "auc_total": 2172.5126406616937,
        "auc_per_second": 0.6034757335171371,
        "terminal_mean": 0.605003061985478,
        "terminal_std": 9.412247677908296e-05,
        "signal_range": 0.0034388133141394217,
        "cv_coefficient": 0.0016488656132955283,
        "biosensor_type": "array",
        "kd": 0.9392471433045393,
        "sensitivity": 0.5766090068090565
      },
      "stage_2_biosensor_noisy": {
        "stage": "stage_2_biosensor_noisy",
        "description": "Biosensor output (with noise injection)",
        "mean_signal": 0.6280968230914198,
        "std_signal": 0.1799913509017839,
        "min_signal": -1.8096432784021954,
        "max_signal": 0.9824369336114488,
        "median_signal": 0.6336727090764886,
        "q25_signal": 0.556032325382626,
        "q75_signal": 0.7165656365525749,
        "auc_total": 2260.2900949149657,
        "auc_per_second": 0.6278583596986016,
        "terminal_mean": 0.6817453919860225,
        "terminal_std": 0.12082342835030246,
        "signal_range": 2.7920802120136443,
        "cv_coefficient": 0.2865662494770907,
        "noise_preset": "realistic",
        "snr_db": 10.431608812621098
      },
      "stage_3_thresholded": {
        "stage": "stage_3_thresholded",
        "description": "Threshold crossing detection",
        "threshold": 1.4435017407911719,
        "fraction_above_threshold": 0.0,
        "time_to_first_crossing": 9000.0,
        "n_threshold_crossings": 0,
        "mean_signal_above": NaN,
        "std_signal_above": NaN,
        "mean_signal_below": 0.6280968230914198,
        "std_signal_below": 0.1799913509017839,
        "mean_margin_above_threshold": NaN,
        "mean_margin_below_threshold": -0.8154049176997521
      },
      "stage_4_ttd": {
        "stage": "stage_4_ttd",
        "description": "Time-to-detection assignment",
        "ttd_seconds": 9000.0,
        "detected": false,
        "is_sentinel": true
      }
    },
    "stage_deltas": {
      "delta_0_to_1": {
        "transition": "stage_0_ode->stage_1_biosensor_clean",
        "mean_delta": 0.24379628889842556,
        "std_delta": 0.0012273227375032571,
        "max_delta": 0.24593198965413804,
        "rms_delta": 0.24379937818162412,
        "fraction_significantly_changed": 1.0
      },
      "delta_1_to_2": {
        "transition": "stage_1_biosensor_clean->stage_2_biosensor_noisy",
        "mean_delta": 0.024621183202832467,
        "std_delta": 0.17990777711725808,
        "max_delta": 2.4142588612375073,
        "rms_delta": 0.18158472107966694,
        "fraction_significantly_changed": 1.0
      },
      "delta_2_to_3": {
        "transition": "stage_2_biosensor_noisy->stage_3_thresholded",
        "mean_delta": -0.6280968230914198,
        "std_delta": 0.1799913509017839,
        "max_delta": 1.8096432784021954,
        "rms_delta": 0.6533777663626024,
        "fraction_significantly_changed": 1.0
      }
    },
    "propagation_integrity": {
      "stages_recorded": 5,
      "biological_hash_consistent": false,
      "all_stages_use_same_time": true
    }
  }
}