{
  "run_id": "9434a6c3-55aa-4941-9955-28433c23c937",
  "timestamp": "2026-06-27T17:23:49.701274",
  "scenario": "ckd_mbd",
  "biosensor_config": {
    "circuit_type": "array",
    "kd_scl": 0.9098328022582832,
    "kd_ctx": 0.20754210500761494,
    "kd_p1np": 0.5901349383897837,
    "w_scl": 0.038069368542108316,
    "w_ctx": 0.19925784570368166,
    "w_p1np": 0.7626727857542102,
    "sensitivity": 2.506871676806117,
    "threshold": 2.9010615980169736,
    "dynamic_range": [
      0.0,
      7.0831177460221095
    ],
    "kd": 0.9098328022582832
  },
  "noise_preset": "realistic",
  "measurement": {
    "snr_db": 10.317435787782511,
    "n_detections": 1,
    "detection_rate": 1.0,
    "time_to_detection": 280.0,
    "false_negative_rate": 0.0
  },
  "environment_params": {
    "Estrogen": 0.5486427944985997,
    "PTH": 190.1810253530627,
    "k_prod_Scl": 1.8580152631375813e-06,
    "k_deg_Scl": 4.4389739579405616e-05,
    "Sclerostin_bone": 0.0488799936391448,
    "k_prod_RANKL": 7.065200790252033e-06,
    "k_deg_RANKL": 1.727319106175991e-05,
    "RANKL_bone": 0.8858789956837583,
    "k_prod_OPG": 0.00012312712316053326,
    "k_deg_OPG": 1.9047624209256074e-05,
    "OPG_bone": 4.799984712028848,
    "MineralIon": 3.726774009318979,
    "k_prod_Mineral": 0.14150978780483597,
    "k_loss_Mineral": 0.05515313110164596,
    "k_prod_CTX": 3.179452812199485e-07,
    "k_deg_CTX": 1.1722332736962639e-05,
    "CTX_bone": 0.014271148689719555,
    "k_prod_P1NP": 8.051066281319867e-08,
    "k_deg_P1NP": 1.690313199948778e-05,
    "P1NP_bone": 0.037776747771765824,
    "Sclerostin_sensor": 1.2219998409786201,
    "RANKL_sensor": 26.57636987051275,
    "OPG_sensor": 143.99954136086544,
    "CTX_sensor": 0.3567787172429889,
    "P1NP_sensor": 0.9444186942941456
  },
  "equilibration_check": {
    "Sclerostin_bone": 3.0924803704459454e-05,
    "RANKL_bone": 0.00015101895628821,
    "OPG_bone": 7.988296422840554e-05,
    "CTX_bone": 0.00010776756207843172,
    "P1NP_bone": 0.00038490915993786976,
    "Osteocytes": 7.802121818869688e-05,
    "Osteoblasts": 3.1064546780188436e-07,
    "Osteoclasts": 8.447284189910092e-06,
    "MineralIon": 3.109688710288558e-07,
    "Sclerostin_sensor": 3.099583576059501e-05,
    "RANKL_sensor": 0.0001511057387628577,
    "OPG_sensor": 7.992716307830623e-05,
    "CTX_sensor": 0.00010777918131878336,
    "P1NP_sensor": 0.0003849326916196077
  },
  "sclerostin_mean": 1.223044440749828,
  "sclerostin_max": 1.2237275048543892,
  "sclerostin_min": 1.2222897370169068,
  "sclerostin_std": 0.00041336959636300647,
  "ctx_mean": 0.3559009530402304,
  "p1np_mean": 0.9363140202010481,
  "metadata_file": "metadata/9434a6c3-55aa-4941-9955-28433c23c937.json",
  "timeseries_file": "timeseries/9434a6c3-55aa-4941-9955-28433c23c937.csv",
  "instrumentation": {
    "biological_realization": {
      "rng_seed": 1732029436,
      "scenario": "ckd_mbd",
      "realization_hash": "d01ef0097928aa5d"
    },
    "stages": {
      "stage_0_ode": {
        "stage": "stage_0_ode",
        "description": "ODE concentration output",
        "mean_signal": 1.223044440749828,
        "std_signal": 0.00041336959636300647,
        "min_signal": 1.2222897370169068,
        "max_signal": 1.2237275048543892,
        "median_signal": 1.2230619245410448,
        "q25_signal": 1.2226948071644606,
        "q75_signal": 1.2234034793918005,
        "auc_total": 4402.960344897521,
        "auc_per_second": 1.2230445402493115,
        "terminal_mean": 1.2236655111403796,
        "terminal_std": 3.689417004762037e-05,
        "signal_range": 0.0014377678374823954,
        "cv_coefficient": 0.00033798411782124326,
        "species_tracked": "Sclerostin_sensor or Sclerostin_bone"
      },
      "stage_1_biosensor_clean": {
        "stage": "stage_1_biosensor_clean",
        "description": "Biosensor output (clean signal, no noise)",
        "mean_signal": 3.98058022685304,
        "std_signal": 0.004807611265853429,
        "min_signal": 3.9722766075259073,
        "max_signal": 3.9888837571097957,
        "median_signal": 3.9805801916299233,
        "q25_signal": 3.9764280684132225,
        "q75_signal": 3.984732411126696,
        "auc_total": 14330.088817116297,
        "auc_per_second": 3.980580226976749,
        "terminal_mean": 3.973083771045374,
        "terminal_std": 0.0004791531062512946,
        "signal_range": 0.016607149583888425,
        "cv_coefficient": 0.0012077664541016479,
        "biosensor_type": "array",
        "kd": 0.9098328022582832,
        "sensitivity": 2.506871676806117
      },
      "stage_2_biosensor_noisy": {
        "stage": "stage_2_biosensor_noisy",
        "description": "Biosensor output (with noise injection)",
        "mean_signal": 4.082385127221753,
        "std_signal": 1.2089803750323946,
        "min_signal": -8.627269816268745,
        "max_signal": 13.749867343233571,
        "median_signal": 4.126124267976359,
        "q25_signal": 3.486959567455273,
        "q75_signal": 4.718383342086043,
        "auc_total": 14691.858044253871,
        "auc_per_second": 4.081071678959408,
        "terminal_mean": 4.186482299388236,
        "terminal_std": 0.7760452405139822,
        "signal_range": 22.37713715950232,
        "cv_coefficient": 0.29614559561536524,
        "noise_preset": "realistic",
        "snr_db": 10.317435787782511
      },
      "stage_3_thresholded": {
        "stage": "stage_3_thresholded",
        "description": "Threshold crossing detection",
        "threshold": 2.9010615980169736,
        "fraction_above_threshold": 0.8975069252077562,
        "time_to_first_crossing": 0.0,
        "n_threshold_crossings": 64,
        "mean_signal_above": 4.286807051422978,
        "std_signal_above": 0.9140145341109598,
        "mean_signal_below": 2.2923120612434507,
        "std_signal_below": 1.8370952624973693,
        "mean_margin_above_threshold": 1.3857454534060045,
        "mean_margin_below_threshold": -0.6087495367735226
      },
      "stage_4_ttd": {
        "stage": "stage_4_ttd",
        "description": "Time-to-detection assignment",
        "ttd_seconds": 280.0,
        "detected": true,
        "is_sentinel": false
      }
    },
    "stage_deltas": {
      "delta_0_to_1": {
        "transition": "stage_0_ode->stage_1_biosensor_clean",
        "mean_delta": 2.7575357861032126,
        "std_delta": 0.005220695579034821,
        "max_delta": 2.7665940200928887,
        "rms_delta": 2.757540728131171,
        "fraction_significantly_changed": 1.0
      },
      "delta_1_to_2": {
        "transition": "stage_1_biosensor_clean->stage_2_biosensor_noisy",
        "mean_delta": 0.1018049003687122,
        "std_delta": 1.2093196863291371,
        "max_delta": 12.611863826701216,
        "rms_delta": 1.21359727318509,
        "fraction_significantly_changed": 1.0
      },
      "delta_2_to_3": {
        "transition": "stage_2_biosensor_noisy->stage_3_thresholded",
        "mean_delta": -0.2349461115401875,
        "std_delta": 0.9106459003039877,
        "max_delta": 8.627269816268745,
        "rms_delta": 0.9404656458735293,
        "fraction_significantly_changed": 0.10249307479224377
      }
    },
    "propagation_integrity": {
      "stages_recorded": 5,
      "biological_hash_consistent": false,
      "all_stages_use_same_time": true
    }
  }
}