{
  "run_id": "95430361-bfe4-4df2-8fc4-b26626550b3d",
  "timestamp": "2026-06-27T17:23:12.478197",
  "scenario": "pmo",
  "biosensor_config": {
    "circuit_type": "array",
    "kd_scl": 3.5685773865334145,
    "kd_ctx": 8.992945825700824,
    "kd_p1np": 0.7356199400640997,
    "w_scl": 0.7400205813483267,
    "w_ctx": 0.2583683601706376,
    "w_p1np": 0.0016110584810357681,
    "sensitivity": 0.8735288135495416,
    "threshold": 2.3235422378544777,
    "dynamic_range": [
      0.0,
      4.355616403339562
    ],
    "kd": 3.5685773865334145
  },
  "noise_preset": "realistic",
  "measurement": {
    "snr_db": 14.148623731730122,
    "n_detections": 0,
    "detection_rate": 0.0,
    "time_to_detection": 9000.0,
    "false_negative_rate": 0.8
  },
  "environment_params": {
    "Estrogen": 0.22487018168490086,
    "PTH": 56.2837459021673,
    "k_prod_Scl": 8.192021232648574e-07,
    "k_deg_Scl": 7.167623314618905e-05,
    "Sclerostin_bone": 0.033303795824695795,
    "k_prod_RANKL": 4.327399347823126e-06,
    "k_deg_RANKL": 2.3880934653199503e-05,
    "RANKL_bone": 0.9044050455018482,
    "k_prod_OPG": 5.907958456769226e-05,
    "k_deg_OPG": 1.798977160680489e-05,
    "OPG_bone": 4.725671117303917,
    "MineralIon": 2.1338792930736226,
    "k_prod_Mineral": 0.06914630860462981,
    "k_loss_Mineral": 0.027837810769028776,
    "k_prod_CTX": 9.087287580340375e-07,
    "k_deg_CTX": 2.1720763129299182e-05,
    "CTX_bone": 0.03701007259820094,
    "k_prod_P1NP": 2.0899482877355804e-07,
    "k_deg_P1NP": 1.851663184501693e-05,
    "P1NP_bone": 0.02294359201133955,
    "Sclerostin_sensor": 0.8325948956173949,
    "RANKL_sensor": 27.132151365055446,
    "OPG_sensor": 141.7701335191175,
    "CTX_sensor": 0.9252518149550235,
    "P1NP_sensor": 0.5735898002834887
  },
  "equilibration_check": {
    "Sclerostin_bone": 9.971669348861497e-05,
    "RANKL_bone": 5.746820543864352e-05,
    "OPG_bone": 3.489406068898629e-05,
    "CTX_bone": 0.00038086284460196317,
    "P1NP_bone": 1.253350250540586e-05,
    "Osteocytes": 5.357737068004781e-05,
    "Osteoblasts": 6.722163054603504e-07,
    "Osteoclasts": 5.496636349107739e-06,
    "MineralIon": 6.729613264220573e-07,
    "Sclerostin_sensor": 9.988127490309653e-05,
    "RANKL_sensor": 5.749905787233467e-05,
    "OPG_sensor": 3.490833357856644e-05,
    "CTX_sensor": 0.0003809138011903077,
    "P1NP_sensor": 1.2536570490257143e-05
  },
  "sclerostin_mean": 0.834693764992664,
  "sclerostin_max": 0.8361588528066383,
  "sclerostin_min": 0.8331450282264409,
  "sclerostin_std": 0.0008701172194720328,
  "ctx_mean": 0.9173172667160332,
  "p1np_mean": 0.5734310521324899,
  "metadata_file": "metadata/95430361-bfe4-4df2-8fc4-b26626550b3d.json",
  "timeseries_file": "timeseries/95430361-bfe4-4df2-8fc4-b26626550b3d.csv",
  "instrumentation": {
    "biological_realization": {
      "rng_seed": 1742290273,
      "scenario": "pmo",
      "realization_hash": "ff96b509792e3d19"
    },
    "stages": {
      "stage_0_ode": {
        "stage": "stage_0_ode",
        "description": "ODE concentration output",
        "mean_signal": 0.834693764992664,
        "std_signal": 0.0008701172194720328,
        "min_signal": 0.8331450282264409,
        "max_signal": 0.8361588528066383,
        "median_signal": 0.8347144021190165,
        "q25_signal": 0.8339498446941175,
        "q75_signal": 0.8354485794377889,
        "auc_total": 3004.8979722183517,
        "auc_per_second": 0.8346938811717644,
        "terminal_mean": 0.8360222576497685,
        "terminal_std": 8.123100470649197e-05,
        "signal_range": 0.0030138245801973884,
        "cv_coefficient": 0.0010424388631675955,
        "species_tracked": "Sclerostin_sensor or Sclerostin_bone"
      },
      "stage_1_biosensor_clean": {
        "stage": "stage_1_biosensor_clean",
        "description": "Biosensor output (clean signal, no noise)",
        "mean_signal": 2.250782446452155,
        "std_signal": 0.002165302303445825,
        "min_signal": 2.247013926624428,
        "max_signal": 2.2544830815986265,
        "median_signal": 2.250799020172351,
        "q25_signal": 2.2489145467165668,
        "q75_signal": 2.252659273073615,
        "auc_total": 8102.817146651163,
        "auc_per_second": 2.2507825407364344,
        "terminal_mean": 2.247384400751307,
        "terminal_std": 0.00021983714525868457,
        "signal_range": 0.007469154974198755,
        "cv_coefficient": 0.000962022032319885,
        "biosensor_type": "array",
        "kd": 3.5685773865334145,
        "sensitivity": 0.8735288135495416
      },
      "stage_2_biosensor_noisy": {
        "stage": "stage_2_biosensor_noisy",
        "description": "Biosensor output (with noise injection)",
        "mean_signal": 2.3489470932954872,
        "std_signal": 0.43010930429314553,
        "min_signal": 1.2551703584970269,
        "max_signal": 3.465729284155651,
        "median_signal": 2.3395160208196746,
        "q25_signal": 2.062803112279588,
        "q75_signal": 2.6300873547170904,
        "auc_total": 8453.767122741903,
        "auc_per_second": 2.348268645206084,
        "terminal_mean": 2.4942718229806564,
        "terminal_std": 0.45447905244622294,
        "signal_range": 2.210558925658624,
        "cv_coefficient": 0.1831072762433818,
        "noise_preset": "realistic",
        "snr_db": 14.148623731730122
      },
      "stage_3_thresholded": {
        "stage": "stage_3_thresholded",
        "description": "Threshold crossing detection",
        "threshold": 2.3235422378544777,
        "fraction_above_threshold": 0.5235457063711911,
        "time_to_first_crossing": 0.0,
        "n_threshold_crossings": 181,
        "mean_signal_above": 2.679063870037227,
        "std_signal_above": 0.25335078905972847,
        "mean_signal_below": 1.9862024955967152,
        "std_signal_below": 0.25770128026619066,
        "mean_margin_above_threshold": 0.3555216321827492,
        "mean_margin_below_threshold": -0.3373397422577621
      },
      "stage_4_ttd": {
        "stage": "stage_4_ttd",
        "description": "Time-to-detection assignment",
        "ttd_seconds": 9000.0,
        "detected": false,
        "is_sentinel": true
      }
    },
    "stage_deltas": {
      "delta_0_to_1": {
        "transition": "stage_0_ode->stage_1_biosensor_clean",
        "mean_delta": 1.4160886814594909,
        "std_delta": 0.0030351672603445316,
        "max_delta": 1.4213380533721858,
        "rms_delta": 1.4160919341617537,
        "fraction_significantly_changed": 1.0
      },
      "delta_1_to_2": {
        "transition": "stage_1_biosensor_clean->stage_2_biosensor_noisy",
        "mean_delta": 0.09816464684333272,
        "std_delta": 0.43041896210983255,
        "max_delta": 1.2182707475851609,
        "rms_delta": 0.44147115515465074,
        "fraction_significantly_changed": 1.0
      },
      "delta_2_to_3": {
        "transition": "stage_2_biosensor_noisy->stage_3_thresholded",
        "mean_delta": -0.9463347070433105,
        "std_delta": 1.0078215540414708,
        "max_delta": 2.3199555341535967,
        "rms_delta": 1.3824809808982232,
        "fraction_significantly_changed": 0.47645429362880887
      }
    },
    "propagation_integrity": {
      "stages_recorded": 5,
      "biological_hash_consistent": false,
      "all_stages_use_same_time": true
    }
  }
}