{
  "run_id": "95ac2b82-a157-48e7-9a11-096177cb9314",
  "timestamp": "2026-06-27T17:24:05.599211",
  "scenario": "pmo_mild",
  "biosensor_config": {
    "circuit_type": "array",
    "kd_scl": 1.0203948970628682,
    "kd_ctx": 0.16223503943048895,
    "kd_p1np": 9.573151373288539,
    "w_scl": 0.16212165178382132,
    "w_ctx": 0.3244924048572702,
    "w_p1np": 0.5133859433589084,
    "sensitivity": 2.511812680658405,
    "threshold": 3.110514267979279,
    "dynamic_range": [
      0.0,
      8.299593105606474
    ],
    "kd": 1.0203948970628682
  },
  "noise_preset": "realistic",
  "measurement": {
    "snr_db": 13.351568858848017,
    "n_detections": 0,
    "detection_rate": 0.0,
    "time_to_detection": 9000.0,
    "false_negative_rate": 0.96
  },
  "environment_params": {
    "Estrogen": 0.5842756666115263,
    "PTH": 41.89332136791904,
    "k_prod_Scl": 2.354084345972671e-06,
    "k_deg_Scl": 5.6870398290788814e-05,
    "Sclerostin_bone": 0.029307488391596023,
    "k_prod_RANKL": 3.6800304862477383e-06,
    "k_deg_RANKL": 1.9708909499719645e-05,
    "RANKL_bone": 0.5320219410481817,
    "k_prod_OPG": 4.771133407318467e-05,
    "k_deg_OPG": 1.6486349115250053e-05,
    "OPG_bone": 4.893839867852817,
    "MineralIon": 1.9971190380306154,
    "k_prod_Mineral": 0.0953897944533772,
    "k_loss_Mineral": 0.02342506753562751,
    "k_prod_CTX": 1.0175363560582474e-06,
    "k_deg_CTX": 1.9147932018522565e-05,
    "CTX_bone": 0.00975019837795004,
    "k_prod_P1NP": 1.392895165731549e-07,
    "k_deg_P1NP": 1.7564408950978434e-05,
    "P1NP_bone": 0.014660356786070803,
    "Sclerostin_sensor": 0.7326872097899005,
    "RANKL_sensor": 15.96065823144545,
    "OPG_sensor": 146.8151960355845,
    "CTX_sensor": 0.24375495944875097,
    "P1NP_sensor": 0.36650891965177007
  },
  "equilibration_check": {
    "Sclerostin_bone": 0.0018896224669061406,
    "RANKL_bone": 5.900009858436693e-06,
    "OPG_bone": 6.478983777725272e-05,
    "CTX_bone": 0.00037696324093131094,
    "P1NP_bone": 3.934034987837225e-05,
    "Osteocytes": 5.71036533414505e-05,
    "Osteoblasts": 1.1912351653161936e-05,
    "Osteoclasts": 3.495142511197036e-05,
    "MineralIon": 1.1914677236255416e-05,
    "Sclerostin_sensor": 0.001892932025409956,
    "RANKL_sensor": 5.897079246323355e-06,
    "OPG_sensor": 6.482611444656506e-05,
    "CTX_sensor": 0.0003771486972993533,
    "P1NP_sensor": 3.9354156281841814e-05
  },
  "sclerostin_mean": 0.7677650411333325,
  "sclerostin_max": 0.793470808587349,
  "sclerostin_min": 0.741488340855056,
  "sclerostin_std": 0.015044296993568575,
  "ctx_mean": 0.2458682916254726,
  "p1np_mean": 0.36683962605752257,
  "metadata_file": "metadata/95ac2b82-a157-48e7-9a11-096177cb9314.json",
  "timeseries_file": "timeseries/95ac2b82-a157-48e7-9a11-096177cb9314.csv",
  "instrumentation": {
    "biological_realization": {
      "rng_seed": 196590377,
      "scenario": "pmo_mild",
      "realization_hash": "018b79721038f9e3"
    },
    "stages": {
      "stage_0_ode": {
        "stage": "stage_0_ode",
        "description": "ODE concentration output",
        "mean_signal": 0.7677650411333325,
        "std_signal": 0.015044296993568575,
        "min_signal": 0.741488340855056,
        "max_signal": 0.793470808587349,
        "median_signal": 0.7679084128793603,
        "q25_signal": 0.7548125191396141,
        "q75_signal": 0.7807909508597491,
        "auc_total": 2763.9570027441177,
        "auc_per_second": 0.7677658340955883,
        "terminal_mean": 0.7910194496484101,
        "terminal_std": 0.001456592006846068,
        "signal_range": 0.05198246773229298,
        "cv_coefficient": 0.01959492316993362,
        "species_tracked": "Sclerostin_sensor or Sclerostin_bone"
      },
      "stage_1_biosensor_clean": {
        "stage": "stage_1_biosensor_clean",
        "description": "Biosensor output (clean signal, no noise)",
        "mean_signal": 2.889196252994061,
        "std_signal": 0.009104674205733807,
        "min_signal": 2.873186787879323,
        "max_signal": 2.9046500069040535,
        "median_signal": 2.8893359129045235,
        "q25_signal": 2.881372661024697,
        "q75_signal": 2.8970911933377907,
        "auc_total": 10401.109289334643,
        "auc_per_second": 2.8891970248151786,
        "terminal_mean": 2.9031938955539,
        "terminal_std": 0.0008657408311004079,
        "signal_range": 0.03146321902473037,
        "cv_coefficient": 0.0031512827127263073,
        "biosensor_type": "array",
        "kd": 1.0203948970628682,
        "sensitivity": 2.511812680658405
      },
      "stage_2_biosensor_noisy": {
        "stage": "stage_2_biosensor_noisy",
        "description": "Biosensor output (with noise injection)",
        "mean_signal": 2.9867724557553688,
        "std_signal": 0.6141658137786212,
        "min_signal": 1.2240335766513084,
        "max_signal": 4.781750335591898,
        "median_signal": 2.9617596993755497,
        "q25_signal": 2.54498583041266,
        "q75_signal": 3.4240762582788435,
        "auc_total": 10752.22436698458,
        "auc_per_second": 2.9867289908290497,
        "terminal_mean": 3.1741087170928477,
        "terminal_std": 0.7159792414365361,
        "signal_range": 3.5577167589405896,
        "cv_coefficient": 0.20562859169105863,
        "noise_preset": "realistic",
        "snr_db": 13.351568858848017
      },
      "stage_3_thresholded": {
        "stage": "stage_3_thresholded",
        "description": "Threshold crossing detection",
        "threshold": 3.110514267979279,
        "fraction_above_threshold": 0.42105263157894735,
        "time_to_first_crossing": 50.0,
        "n_threshold_crossings": 182,
        "mean_signal_above": 3.566542848832502,
        "std_signal_above": 0.3487927981204995,
        "mean_signal_below": 2.5651212607901828,
        "std_signal_below": 0.37523147515599337,
        "mean_margin_above_threshold": 0.4560285808532229,
        "mean_margin_below_threshold": -0.5453930071890966
      },
      "stage_4_ttd": {
        "stage": "stage_4_ttd",
        "description": "Time-to-detection assignment",
        "ttd_seconds": 9000.0,
        "detected": false,
        "is_sentinel": true
      }
    },
    "stage_deltas": {
      "delta_0_to_1": {
        "transition": "stage_0_ode->stage_1_biosensor_clean",
        "mean_delta": 2.121431211860729,
        "std_delta": 0.005939934613172719,
        "max_delta": 2.131698447024267,
        "rms_delta": 2.1214395276509976,
        "fraction_significantly_changed": 1.0
      },
      "delta_1_to_2": {
        "transition": "stage_1_biosensor_clean->stage_2_biosensor_noisy",
        "mean_delta": 0.09757620276130839,
        "std_delta": 0.6134410786884539,
        "max_delta": 1.879264396161433,
        "rms_delta": 0.6211530184807684,
        "fraction_significantly_changed": 1.0
      },
      "delta_2_to_3": {
        "transition": "stage_2_biosensor_noisy->stage_3_thresholded",
        "mean_delta": -1.4850702036153687,
        "std_delta": 1.2982552357096626,
        "max_delta": 3.1010652463031447,
        "rms_delta": 1.9725364804519445,
        "fraction_significantly_changed": 0.5789473684210527
      }
    },
    "propagation_integrity": {
      "stages_recorded": 5,
      "biological_hash_consistent": false,
      "all_stages_use_same_time": true
    }
  }
}