{
  "run_id": "9a84a803-9ff9-405f-bc22-c08f0f3a6308",
  "timestamp": "2026-06-27T17:23:13.543095",
  "scenario": "healthy",
  "biosensor_config": {
    "circuit_type": "array",
    "kd_scl": 7.961949559829429,
    "kd_ctx": 3.829076976344235,
    "kd_p1np": 0.1511850495472295,
    "w_scl": 0.278793777723272,
    "w_ctx": 0.7120137733219399,
    "w_p1np": 0.009192448954788037,
    "sensitivity": 3.988171713810008,
    "threshold": 5.588937060553889,
    "dynamic_range": [
      0.0,
      19.419438583285583
    ],
    "kd": 7.961949559829429
  },
  "noise_preset": "realistic",
  "measurement": {
    "snr_db": 13.896945108214283,
    "n_detections": 0,
    "detection_rate": 0.0,
    "time_to_detection": 9000.0,
    "false_negative_rate": 1.0
  },
  "environment_params": {
    "Estrogen": 1.0661158279809666,
    "PTH": 46.010872707632224,
    "k_prod_Scl": 1.2119817385026628e-06,
    "k_deg_Scl": 6.299644094388494e-05,
    "Sclerostin_bone": 0.017915784615421718,
    "k_prod_RANKL": 4.6782461076497116e-06,
    "k_deg_RANKL": 2.573773976905269e-05,
    "RANKL_bone": 0.6258208511988803,
    "k_prod_OPG": 4.9024475853489286e-05,
    "k_deg_OPG": 2.002177968447023e-05,
    "OPG_bone": 4.774114791190725,
    "MineralIon": 2.340995046810263,
    "k_prod_Mineral": 0.09700086782081058,
    "k_loss_Mineral": 0.02856267278470444,
    "k_prod_CTX": 6.150207817383669e-07,
    "k_deg_CTX": 1.557236660278323e-05,
    "CTX_bone": 0.004866161786678716,
    "k_prod_P1NP": 1.651533116238498e-07,
    "k_deg_P1NP": 2.525541327240059e-05,
    "P1NP_bone": 0.008829720855506377,
    "Sclerostin_sensor": 0.4478946153855429,
    "RANKL_sensor": 18.774625535966408,
    "OPG_sensor": 143.22344373572176,
    "CTX_sensor": 0.1216540446669679,
    "P1NP_sensor": 0.22074302138765942
  },
  "equilibration_check": {
    "Sclerostin_bone": 0.0004945074731874974,
    "RANKL_bone": 0.0002268458361080351,
    "OPG_bone": 4.3951022480119355e-05,
    "CTX_bone": 0.0007651901277693784,
    "P1NP_bone": 0.0003512472233230476,
    "Osteocytes": 2.7010181572028504e-05,
    "Osteoblasts": 1.7334058993857406e-06,
    "Osteoclasts": 0.00010749297251945022,
    "MineralIon": 1.733501937719069e-06,
    "Sclerostin_sensor": 0.0004948197459745842,
    "RANKL_sensor": 0.00022694432119422223,
    "OPG_sensor": 4.397389649258713e-05,
    "CTX_sensor": 0.0007656972685574614,
    "P1NP_sensor": 0.00035143087910490233
  },
  "sclerostin_mean": 0.4428262717864975,
  "sclerostin_max": 0.4466289860809891,
  "sclerostin_min": 0.43909652914345443,
  "sclerostin_std": 0.0021808097173403496,
  "ctx_mean": 0.12381704819117019,
  "p1np_mean": 0.2225344680814599,
  "metadata_file": "metadata/9a84a803-9ff9-405f-bc22-c08f0f3a6308.json",
  "timeseries_file": "timeseries/9a84a803-9ff9-405f-bc22-c08f0f3a6308.csv",
  "instrumentation": {
    "biological_realization": {
      "rng_seed": 1859734544,
      "scenario": "healthy",
      "realization_hash": "5e45b0edf1de945d"
    },
    "stages": {
      "stage_0_ode": {
        "stage": "stage_0_ode",
        "description": "ODE concentration output",
        "mean_signal": 0.4428262717864975,
        "std_signal": 0.0021808097173403496,
        "min_signal": 0.43909652914345443,
        "max_signal": 0.4466289860809891,
        "median_signal": 0.4428077962956309,
        "q25_signal": 0.4409380399773941,
        "q75_signal": 0.44470518391748787,
        "auc_total": 1594.1742135731338,
        "auc_per_second": 0.4428261704369816,
        "terminal_mean": 0.4394525635348967,
        "terminal_std": 0.00021155507562941136,
        "signal_range": 0.007532456937534682,
        "cv_coefficient": 0.0049247523380722006,
        "species_tracked": "Sclerostin_sensor or Sclerostin_bone"
      },
      "stage_1_biosensor_clean": {
        "stage": "stage_1_biosensor_clean",
        "description": "Biosensor output (clean signal, no noise)",
        "mean_signal": 3.1254979908446847,
        "std_signal": 0.007223652055674967,
        "min_signal": 3.1130283473740983,
        "max_signal": 3.137985316661666,
        "median_signal": 3.1254934335142535,
        "q25_signal": 3.1192590437649494,
        "q75_signal": 3.131734794979292,
        "auc_total": 11251.792678629132,
        "auc_per_second": 3.12549796628587,
        "terminal_mean": 3.1367692243756946,
        "terminal_std": 0.0007218185691029248,
        "signal_range": 0.02495696928756752,
        "cv_coefficient": 0.0023112003516990685,
        "biosensor_type": "array",
        "kd": 7.961949559829429,
        "sensitivity": 3.988171713810008
      },
      "stage_2_biosensor_noisy": {
        "stage": "stage_2_biosensor_noisy",
        "description": "Biosensor output (with noise injection)",
        "mean_signal": 3.2396680814527343,
        "std_signal": 0.6216952767136923,
        "min_signal": 1.8213510765189118,
        "max_signal": 5.209134087454213,
        "median_signal": 3.219642588106672,
        "q25_signal": 2.8239942552715114,
        "q75_signal": 3.6275857413322434,
        "auc_total": 11662.300988438947,
        "auc_per_second": 3.2395280523441516,
        "terminal_mean": 3.3733332197515655,
        "terminal_std": 0.6329512092754979,
        "signal_range": 3.3877830109353013,
        "cv_coefficient": 0.19190091734178868,
        "noise_preset": "realistic",
        "snr_db": 13.896945108214283
      },
      "stage_3_thresholded": {
        "stage": "stage_3_thresholded",
        "description": "Threshold crossing detection",
        "threshold": 5.588937060553889,
        "fraction_above_threshold": 0.0,
        "time_to_first_crossing": 9000.0,
        "n_threshold_crossings": 0,
        "mean_signal_above": NaN,
        "std_signal_above": NaN,
        "mean_signal_below": 3.2396680814527343,
        "std_signal_below": 0.6216952767136923,
        "mean_margin_above_threshold": NaN,
        "mean_margin_below_threshold": -2.3492689791011543
      },
      "stage_4_ttd": {
        "stage": "stage_4_ttd",
        "description": "Time-to-detection assignment",
        "ttd_seconds": 9000.0,
        "detected": false,
        "is_sentinel": true
      }
    },
    "stage_deltas": {
      "delta_0_to_1": {
        "transition": "stage_0_ode->stage_1_biosensor_clean",
        "mean_delta": 2.6826717190581872,
        "std_delta": 0.009404406557815943,
        "max_delta": 2.6988887875182113,
        "rms_delta": 2.682688203108463,
        "fraction_significantly_changed": 1.0
      },
      "delta_1_to_2": {
        "transition": "stage_1_biosensor_clean->stage_2_biosensor_noisy",
        "mean_delta": 0.11417009060804989,
        "std_delta": 0.6206483115669308,
        "max_delta": 2.0717742730346385,
        "rms_delta": 0.6310619115747141,
        "fraction_significantly_changed": 1.0
      },
      "delta_2_to_3": {
        "transition": "stage_2_biosensor_noisy->stage_3_thresholded",
        "mean_delta": -3.2396680814527343,
        "std_delta": 0.6216952767136923,
        "max_delta": 5.209134087454213,
        "rms_delta": 3.2987807285528623,
        "fraction_significantly_changed": 1.0
      }
    },
    "propagation_integrity": {
      "stages_recorded": 5,
      "biological_hash_consistent": false,
      "all_stages_use_same_time": true
    }
  }
}