{
  "run_id": "9b16a714-d142-4daa-b18b-e5a1fc430504",
  "timestamp": "2026-06-27T17:23:59.698086",
  "scenario": "ckd_mbd",
  "biosensor_config": {
    "circuit_type": "array",
    "kd_scl": 0.7664102223445163,
    "kd_ctx": 0.39289917789787987,
    "kd_p1np": 6.860493796411306,
    "w_scl": 0.22407525366028894,
    "w_ctx": 0.32064553809357965,
    "w_p1np": 0.45527920824613155,
    "sensitivity": 1.314751265605452,
    "threshold": 2.017997940298062,
    "dynamic_range": [
      0.0,
      4.525593525705685
    ],
    "kd": 0.7664102223445163
  },
  "noise_preset": "realistic",
  "measurement": {
    "snr_db": 12.077611560290585,
    "n_detections": 1,
    "detection_rate": 1.0,
    "time_to_detection": 260.0,
    "false_negative_rate": 0.0
  },
  "environment_params": {
    "Estrogen": 0.6879633615137614,
    "PTH": 198.83785512147773,
    "k_prod_Scl": 2.692027894830428e-06,
    "k_deg_Scl": 5.6924699489973e-05,
    "Sclerostin_bone": 0.058488500966072034,
    "k_prod_RANKL": 5.672555064695392e-06,
    "k_deg_RANKL": 1.9765049936100188e-05,
    "RANKL_bone": 0.9479245529380593,
    "k_prod_OPG": 0.00014223455018361447,
    "k_deg_OPG": 1.7987664500210532e-05,
    "OPG_bone": 4.072577338903951,
    "MineralIon": 3.6362447832222915,
    "k_prod_Mineral": 0.16166551889619418,
    "k_loss_Mineral": 0.06091218065979155,
    "k_prod_CTX": 5.271239851440391e-07,
    "k_deg_CTX": 9.90336885652127e-06,
    "CTX_bone": 0.024236685806525996,
    "k_prod_P1NP": 1.1053997538288148e-07,
    "k_deg_P1NP": 1.3805647283383901e-05,
    "P1NP_bone": 0.035641324001065386,
    "Sclerostin_sensor": 1.462212524151801,
    "RANKL_sensor": 28.43773658814178,
    "OPG_sensor": 122.17732016711852,
    "CTX_sensor": 0.6059171451631499,
    "P1NP_sensor": 0.8910331000266346
  },
  "equilibration_check": {
    "Sclerostin_bone": 0.00046512579845361105,
    "RANKL_bone": 0.00010902223271265019,
    "OPG_bone": 0.00032624137629700675,
    "CTX_bone": 3.7529955221049265e-05,
    "P1NP_bone": 0.00023238290984004185,
    "Osteocytes": 8.833764350394973e-05,
    "Osteoblasts": 5.252166783887977e-06,
    "Osteoclasts": 0.0001675657167588788,
    "MineralIon": 5.251224562449982e-06,
    "Sclerostin_sensor": 0.00046534971734206427,
    "RANKL_sensor": 0.00010906702482978287,
    "OPG_sensor": 0.00032648393855213914,
    "CTX_sensor": 3.751384060694435e-05,
    "P1NP_sensor": 0.00023240391182372392
  },
  "sclerostin_mean": 1.4468468277470503,
  "sclerostin_max": 1.4584088775114608,
  "sclerostin_min": 1.4354313259943685,
  "sclerostin_std": 0.006655246629875708,
  "ctx_mean": 0.6053830486338153,
  "p1np_mean": 0.8864024670337889,
  "metadata_file": "metadata/9b16a714-d142-4daa-b18b-e5a1fc430504.json",
  "timeseries_file": "timeseries/9b16a714-d142-4daa-b18b-e5a1fc430504.csv",
  "instrumentation": {
    "biological_realization": {
      "rng_seed": 1484099046,
      "scenario": "ckd_mbd",
      "realization_hash": "db860e63480f0803"
    },
    "stages": {
      "stage_0_ode": {
        "stage": "stage_0_ode",
        "description": "ODE concentration output",
        "mean_signal": 1.4468468277470503,
        "std_signal": 0.006655246629875708,
        "min_signal": 1.4354313259943685,
        "max_signal": 1.4584088775114608,
        "median_signal": 1.4468091154456304,
        "q25_signal": 1.4410871639920135,
        "q75_signal": 1.452588017784842,
        "auc_total": 5208.647847149323,
        "auc_per_second": 1.4468466242081452,
        "terminal_mean": 1.4365260699641427,
        "terminal_std": 0.0006503752125699878,
        "signal_range": 0.022977551517092243,
        "cv_coefficient": 0.004599828055219148,
        "species_tracked": "Sclerostin_sensor or Sclerostin_bone"
      },
      "stage_1_biosensor_clean": {
        "stage": "stage_1_biosensor_clean",
        "description": "Biosensor output (clean signal, no noise)",
        "mean_signal": 2.755042428034668,
        "std_signal": 0.003884003371451868,
        "min_signal": 2.748348636073321,
        "max_signal": 2.761763956426627,
        "median_signal": 2.7550352973283743,
        "q25_signal": 2.7516859037259196,
        "q75_signal": 2.7583954399911654,
        "auc_total": 9918.152602242653,
        "auc_per_second": 2.755042389511848,
        "terminal_mean": 2.7489966386176015,
        "terminal_std": 0.0003847590915304512,
        "signal_range": 0.013415320353305837,
        "cv_coefficient": 0.001409779875594349,
        "biosensor_type": "array",
        "kd": 0.7664102223445163,
        "sensitivity": 1.314751265605452
      },
      "stage_2_biosensor_noisy": {
        "stage": "stage_2_biosensor_noisy",
        "description": "Biosensor output (with noise injection)",
        "mean_signal": 2.8843133010905198,
        "std_signal": 0.6733617941427749,
        "min_signal": 0.573459742857644,
        "max_signal": 7.843644348984654,
        "median_signal": 2.8496598654345346,
        "q25_signal": 2.471657937002652,
        "q75_signal": 3.3470748238306722,
        "auc_total": 10381.696059812659,
        "auc_per_second": 2.883804461059072,
        "terminal_mean": 2.844974457626177,
        "terminal_std": 0.6274318715112385,
        "signal_range": 7.27018460612701,
        "cv_coefficient": 0.2334565367389825,
        "noise_preset": "realistic",
        "snr_db": 12.077611560290585
      },
      "stage_3_thresholded": {
        "stage": "stage_3_thresholded",
        "description": "Threshold crossing detection",
        "threshold": 2.017997940298062,
        "fraction_above_threshold": 0.9168975069252078,
        "time_to_first_crossing": 0.0,
        "n_threshold_crossings": 52,
        "mean_signal_above": 2.994037623444036,
        "std_signal_above": 0.5853209536703621,
        "mean_signal_below": 1.673688277790059,
        "std_signal_below": 0.278625833498037,
        "mean_margin_above_threshold": 0.9760396831459742,
        "mean_margin_below_threshold": -0.3443096625080029
      },
      "stage_4_ttd": {
        "stage": "stage_4_ttd",
        "description": "Time-to-detection assignment",
        "ttd_seconds": 260.0,
        "detected": true,
        "is_sentinel": false
      }
    },
    "stage_deltas": {
      "delta_0_to_1": {
        "transition": "stage_0_ode->stage_1_biosensor_clean",
        "mean_delta": 1.308195600287618,
        "std_delta": 0.002771297307792574,
        "max_delta": 1.3129173100789526,
        "rms_delta": 1.3081985356591137,
        "fraction_significantly_changed": 1.0
      },
      "delta_1_to_2": {
        "transition": "stage_1_biosensor_clean->stage_2_biosensor_noisy",
        "mean_delta": 0.12927087305585164,
        "std_delta": 0.673587034765393,
        "max_delta": 5.087527426695968,
        "rms_delta": 0.6858793275968134,
        "fraction_significantly_changed": 1.0
      },
      "delta_2_to_3": {
        "transition": "stage_2_biosensor_noisy->stage_3_thresholded",
        "mean_delta": -0.13908766851440935,
        "std_delta": 0.4689301260277425,
        "max_delta": 2.0178495242640486,
        "rms_delta": 0.48912252312602483,
        "fraction_significantly_changed": 0.08310249307479224
      }
    },
    "propagation_integrity": {
      "stages_recorded": 5,
      "biological_hash_consistent": false,
      "all_stages_use_same_time": true
    }
  }
}