{
  "run_id": "9c4aeddb-e84d-4402-b038-1e195a3f06ed",
  "timestamp": "2026-06-27T17:24:10.389965",
  "scenario": "healthy",
  "biosensor_config": {
    "circuit_type": "array",
    "kd_scl": 7.9086357725724525,
    "kd_ctx": 2.4220659205719217,
    "kd_p1np": 1.7290802818298603,
    "w_scl": 0.41723606001567065,
    "w_ctx": 0.23550985742859198,
    "w_p1np": 0.34725408255573736,
    "sensitivity": 1.5804930511848596,
    "threshold": 2.7391189433662126,
    "dynamic_range": [
      0.0,
      7.029313244539707
    ],
    "kd": 7.9086357725724525
  },
  "noise_preset": "realistic",
  "measurement": {
    "snr_db": 6.13533556180712,
    "n_detections": 0,
    "detection_rate": 0.0,
    "time_to_detection": 9000.0,
    "false_negative_rate": 1.0
  },
  "environment_params": {
    "Estrogen": 0.8940561300291187,
    "PTH": 43.97807899316609,
    "k_prod_Scl": 1.866884234508937e-06,
    "k_deg_Scl": 7.230424786130188e-05,
    "Sclerostin_bone": 0.011620026863679968,
    "k_prod_RANKL": 3.748303212200233e-06,
    "k_deg_RANKL": 1.904142401325194e-05,
    "RANKL_bone": 0.47551192253811303,
    "k_prod_OPG": 5.1111258852880813e-05,
    "k_deg_OPG": 1.9830346005630805e-05,
    "OPG_bone": 4.29912994517276,
    "MineralIon": 2.393986717052915,
    "k_prod_Mineral": 0.08071888805564902,
    "k_loss_Mineral": 0.02771310645998411,
    "k_prod_CTX": 5.127851239235696e-07,
    "k_deg_CTX": 1.769715315303638e-05,
    "CTX_bone": 0.007681230076646355,
    "k_prod_P1NP": 1.4415851591604395e-07,
    "k_deg_P1NP": 1.6794464686250164e-05,
    "P1NP_bone": 0.016132636737894168,
    "Sclerostin_sensor": 0.2905006715919992,
    "RANKL_sensor": 14.265357676143392,
    "OPG_sensor": 128.9738983551828,
    "CTX_sensor": 0.19203075191615887,
    "P1NP_sensor": 0.4033159184473542
  },
  "equilibration_check": {
    "Sclerostin_bone": 0.0018773293190735149,
    "RANKL_bone": 3.472022546016313e-06,
    "OPG_bone": 0.0001303611426321014,
    "CTX_bone": 8.321819370947147e-05,
    "P1NP_bone": 3.0848200947076355e-05,
    "Osteocytes": 2.258224542217852e-05,
    "Osteoblasts": 4.766567328668524e-06,
    "Osteoclasts": 6.243991457894305e-05,
    "MineralIon": 4.772496652165891e-06,
    "Sclerostin_sensor": 0.0018809678512381638,
    "RANKL_sensor": 3.4714062735152007e-06,
    "OPG_sensor": 0.00013044466419645417,
    "CTX_sensor": 8.326070307443825e-05,
    "P1NP_sensor": 3.0857262252217094e-05
  },
  "sclerostin_mean": 0.3044397732790046,
  "sclerostin_max": 0.31460521902909144,
  "sclerostin_min": 0.2940082938463764,
  "sclerostin_std": 0.005961530648921888,
  "ctx_mean": 0.19239516858001804,
  "p1np_mean": 0.40359933419173405,
  "metadata_file": "metadata/9c4aeddb-e84d-4402-b038-1e195a3f06ed.json",
  "timeseries_file": "timeseries/9c4aeddb-e84d-4402-b038-1e195a3f06ed.csv",
  "instrumentation": {
    "biological_realization": {
      "rng_seed": 956831795,
      "scenario": "healthy",
      "realization_hash": "aa1c0a8d3ea14f69"
    },
    "stages": {
      "stage_0_ode": {
        "stage": "stage_0_ode",
        "description": "ODE concentration output",
        "mean_signal": 0.3044397732790046,
        "std_signal": 0.005961530648921888,
        "min_signal": 0.2940082938463764,
        "max_signal": 0.31460521902909144,
        "median_signal": 0.3045067431578413,
        "q25_signal": 0.2993093820263268,
        "q75_signal": 0.3096042979073155,
        "auc_total": 1095.9845139728295,
        "auc_per_second": 0.3044401427702304,
        "terminal_mean": 0.31363962468390505,
        "terminal_std": 0.0005738785145101235,
        "signal_range": 0.020596925182715053,
        "cv_coefficient": 0.019581970465660636,
        "species_tracked": "Sclerostin_sensor or Sclerostin_bone"
      },
      "stage_1_biosensor_clean": {
        "stage": "stage_1_biosensor_clean",
        "description": "Biosensor output (clean signal, no noise)",
        "mean_signal": 1.516035679084213,
        "std_signal": 0.010608677688075809,
        "min_signal": 1.4974636922644877,
        "max_signal": 1.5341167303001026,
        "median_signal": 1.5161592643672561,
        "q25_signal": 1.5069072942966468,
        "q75_signal": 1.5252270489941466,
        "auc_total": 5457.730899381187,
        "auc_per_second": 1.5160363609392185,
        "terminal_mean": 1.5324007164453997,
        "terminal_std": 0.0010199165553152327,
        "signal_range": 0.03665303803561493,
        "cv_coefficient": 0.006997643811710394,
        "biosensor_type": "array",
        "kd": 7.9086357725724525,
        "sensitivity": 1.5804930511848596
      },
      "stage_2_biosensor_noisy": {
        "stage": "stage_2_biosensor_noisy",
        "description": "Biosensor output (with noise injection)",
        "mean_signal": 1.5195282365222784,
        "std_signal": 0.7486605244000972,
        "min_signal": -11.265251108345533,
        "max_signal": 2.4950600032848755,
        "median_signal": 1.5422340471773517,
        "q25_signal": 1.3371734362158865,
        "q75_signal": 1.7783590874418518,
        "auc_total": 5466.347394002069,
        "auc_per_second": 1.5184298316672415,
        "terminal_mean": 1.5617826026277772,
        "terminal_std": 0.41404366553550853,
        "signal_range": 13.760311111630408,
        "cv_coefficient": 0.49269273607810365,
        "noise_preset": "realistic",
        "snr_db": 6.13533556180712
      },
      "stage_3_thresholded": {
        "stage": "stage_3_thresholded",
        "description": "Threshold crossing detection",
        "threshold": 2.7391189433662126,
        "fraction_above_threshold": 0.0,
        "time_to_first_crossing": 9000.0,
        "n_threshold_crossings": 0,
        "mean_signal_above": NaN,
        "std_signal_above": NaN,
        "mean_signal_below": 1.5195282365222784,
        "std_signal_below": 0.7486605244000972,
        "mean_margin_above_threshold": NaN,
        "mean_margin_below_threshold": -1.2195907068439347
      },
      "stage_4_ttd": {
        "stage": "stage_4_ttd",
        "description": "Time-to-detection assignment",
        "ttd_seconds": 9000.0,
        "detected": false,
        "is_sentinel": true
      }
    },
    "stage_deltas": {
      "delta_0_to_1": {
        "transition": "stage_0_ode->stage_1_biosensor_clean",
        "mean_delta": 1.2115959058052084,
        "std_delta": 0.004647147981442818,
        "max_delta": 1.219511511271011,
        "rms_delta": 1.2116048179783312,
        "fraction_significantly_changed": 1.0
      },
      "delta_1_to_2": {
        "transition": "stage_1_biosensor_clean->stage_2_biosensor_noisy",
        "mean_delta": 0.0034925574380648603,
        "std_delta": 0.7480625458594339,
        "max_delta": 12.774953745544055,
        "rms_delta": 0.7480706988481476,
        "fraction_significantly_changed": 0.9944598337950139
      },
      "delta_2_to_3": {
        "transition": "stage_2_biosensor_noisy->stage_3_thresholded",
        "mean_delta": -1.5195282365222784,
        "std_delta": 0.7486605244000972,
        "max_delta": 11.265251108345533,
        "rms_delta": 1.6939476504259312,
        "fraction_significantly_changed": 1.0
      }
    },
    "propagation_integrity": {
      "stages_recorded": 5,
      "biological_hash_consistent": false,
      "all_stages_use_same_time": true
    }
  }
}