{
  "run_id": "9d5e9774-9ce8-407a-9f9f-6db63f2ae68a",
  "timestamp": "2026-06-27T17:23:11.772117",
  "scenario": "healthy",
  "biosensor_config": {
    "circuit_type": "array",
    "kd_scl": 0.24623653661045963,
    "kd_ctx": 1.2900654658901385,
    "kd_p1np": 3.7524405934412246,
    "w_scl": 0.17362222446109934,
    "w_ctx": 0.05130928897796818,
    "w_p1np": 0.7750684865609325,
    "sensitivity": 1.094640589473505,
    "threshold": 1.6524845364068255,
    "dynamic_range": [
      0.0,
      3.590104592054781
    ],
    "kd": 0.24623653661045963
  },
  "noise_preset": "realistic",
  "measurement": {
    "snr_db": 12.85597341047545,
    "n_detections": 0,
    "detection_rate": 0.0,
    "time_to_detection": 9000.0,
    "false_negative_rate": 1.0
  },
  "environment_params": {
    "Estrogen": 1.1858495472845694,
    "PTH": 41.59274055242038,
    "k_prod_Scl": 1.0887446551869033e-06,
    "k_deg_Scl": 7.581864552361888e-05,
    "Sclerostin_bone": 0.015161986905553084,
    "k_prod_RANKL": 3.8171208056899645e-06,
    "k_deg_RANKL": 2.2273186974656977e-05,
    "RANKL_bone": 0.5468146367928246,
    "k_prod_OPG": 4.1978270204532696e-05,
    "k_deg_OPG": 1.8912269390339505e-05,
    "OPG_bone": 6.581803732263029,
    "MineralIon": 3.1919882251117753,
    "k_prod_Mineral": 0.08513263576531019,
    "k_loss_Mineral": 0.0219534218632832,
    "k_prod_CTX": 4.550284119286023e-07,
    "k_deg_CTX": 2.164697485008531e-05,
    "CTX_bone": 0.010815724229531849,
    "k_prod_P1NP": 1.620406088441923e-07,
    "k_deg_P1NP": 2.3815796569241654e-05,
    "P1NP_bone": 0.011161271107989116,
    "Sclerostin_sensor": 0.3790496726388271,
    "RANKL_sensor": 16.40443910378474,
    "OPG_sensor": 197.45411196789087,
    "CTX_sensor": 0.2703931057382962,
    "P1NP_sensor": 0.2790317776997279
  },
  "equilibration_check": {
    "Sclerostin_bone": 0.0010075075376738902,
    "RANKL_bone": 0.00017534554460761712,
    "OPG_bone": 0.0001238723083658033,
    "CTX_bone": 0.00031561659133570014,
    "P1NP_bone": 0.00015148256425017868,
    "Osteocytes": 2.131042355394327e-05,
    "Osteoblasts": 2.9487954898100156e-06,
    "Osteoclasts": 1.171760511446442e-05,
    "MineralIon": 2.951113837288976e-06,
    "Sclerostin_sensor": 0.0010081098631979858,
    "RANKL_sensor": 0.000175415530421611,
    "OPG_sensor": 0.00012391755249591217,
    "CTX_sensor": 0.00031566564105148866,
    "P1NP_sensor": 0.00015154364814289195
  },
  "sclerostin_mean": 0.37037515545374383,
  "sclerostin_max": 0.3768703901048129,
  "sclerostin_min": 0.3640409453432851,
  "sclerostin_std": 0.0037139022063274177,
  "ctx_mean": 0.26848984905829315,
  "p1np_mean": 0.27999996986599196,
  "metadata_file": "metadata/9d5e9774-9ce8-407a-9f9f-6db63f2ae68a.json",
  "timeseries_file": "timeseries/9d5e9774-9ce8-407a-9f9f-6db63f2ae68a.csv",
  "instrumentation": {
    "biological_realization": {
      "rng_seed": 1708731551,
      "scenario": "healthy",
      "realization_hash": "f69bb327ff121c34"
    },
    "stages": {
      "stage_0_ode": {
        "stage": "stage_0_ode",
        "description": "ODE concentration output",
        "mean_signal": 0.37037515545374383,
        "std_signal": 0.0037139022063274177,
        "min_signal": 0.3640409453432851,
        "max_signal": 0.3768703901048129,
        "median_signal": 0.37033451005771834,
        "q25_signal": 0.36715763968114323,
        "q75_signal": 0.3735720585017128,
        "auc_total": 1333.3497545107748,
        "auc_per_second": 0.3703749318085486,
        "terminal_mean": 0.36464268421474394,
        "terminal_std": 0.0003576360064806657,
        "signal_range": 0.012829444761527753,
        "cv_coefficient": 0.010027406405749716,
        "species_tracked": "Sclerostin_sensor or Sclerostin_bone"
      },
      "stage_1_biosensor_clean": {
        "stage": "stage_1_biosensor_clean",
        "description": "Biosensor output (clean signal, no noise)",
        "mean_signal": 0.9517181774753852,
        "std_signal": 2.1001921011553892e-05,
        "min_signal": 0.9516831769651566,
        "max_signal": 0.9517560767613217,
        "median_signal": 0.9517174056932777,
        "q25_signal": 0.951699933824657,
        "q75_signal": 0.9517360513975468,
        "auc_total": 3426.1854244175083,
        "auc_per_second": 0.9517181734493079,
        "terminal_mean": 0.9517520767612027,
        "terminal_std": 2.3633601778375864e-06,
        "signal_range": 7.289979616509346e-05,
        "cv_coefficient": 2.206737404897058e-05,
        "biosensor_type": "array",
        "kd": 0.24623653661045963,
        "sensitivity": 1.094640589473505
      },
      "stage_2_biosensor_noisy": {
        "stage": "stage_2_biosensor_noisy",
        "description": "Biosensor output (with noise injection)",
        "mean_signal": 0.9825163988126038,
        "std_signal": 0.21442778017684838,
        "min_signal": 0.43863397032041834,
        "max_signal": 1.6203057368694969,
        "median_signal": 0.9895315235592193,
        "q25_signal": 0.8448954725367605,
        "q75_signal": 1.1236680200368045,
        "auc_total": 3538.2537665311984,
        "auc_per_second": 0.9828482684808885,
        "terminal_mean": 1.0355737241328762,
        "terminal_std": 0.2188116839866299,
        "signal_range": 1.1816717665490786,
        "cv_coefficient": 0.21824346182515614,
        "noise_preset": "realistic",
        "snr_db": 12.85597341047545
      },
      "stage_3_thresholded": {
        "stage": "stage_3_thresholded",
        "description": "Threshold crossing detection",
        "threshold": 1.6524845364068255,
        "fraction_above_threshold": 0.0,
        "time_to_first_crossing": 9000.0,
        "n_threshold_crossings": 0,
        "mean_signal_above": NaN,
        "std_signal_above": NaN,
        "mean_signal_below": 0.9825163988126038,
        "std_signal_below": 0.21442778017684838,
        "mean_margin_above_threshold": NaN,
        "mean_margin_below_threshold": -0.6699681375942216
      },
      "stage_4_ttd": {
        "stage": "stage_4_ttd",
        "description": "Time-to-detection assignment",
        "ttd_seconds": 9000.0,
        "detected": false,
        "is_sentinel": true
      }
    },
    "stage_deltas": {
      "delta_0_to_1": {
        "transition": "stage_0_ode->stage_1_biosensor_clean",
        "mean_delta": 0.5813430220216413,
        "std_delta": 0.003734885498240725,
        "max_delta": 0.5877151314180366,
        "rms_delta": 0.5813550194355765,
        "fraction_significantly_changed": 1.0
      },
      "delta_1_to_2": {
        "transition": "stage_1_biosensor_clean->stage_2_biosensor_noisy",
        "mean_delta": 0.030798221337218712,
        "std_delta": 0.21442504936528414,
        "max_delta": 0.6685600783544391,
        "rms_delta": 0.21662555766308106,
        "fraction_significantly_changed": 1.0
      },
      "delta_2_to_3": {
        "transition": "stage_2_biosensor_noisy->stage_3_thresholded",
        "mean_delta": -0.9825163988126038,
        "std_delta": 0.21442778017684838,
        "max_delta": 1.6203057368694969,
        "rms_delta": 1.0056429519701606,
        "fraction_significantly_changed": 1.0
      }
    },
    "propagation_integrity": {
      "stages_recorded": 5,
      "biological_hash_consistent": false,
      "all_stages_use_same_time": true
    }
  }
}