{
  "run_id": "9e349fa8-bbe1-4f86-a0a8-d20484900653",
  "timestamp": "2026-06-27T17:23:32.962739",
  "scenario": "healthy",
  "biosensor_config": {
    "circuit_type": "array",
    "kd_scl": 0.7756388921597588,
    "kd_ctx": 0.16826761683823935,
    "kd_p1np": 0.44145145399990776,
    "w_scl": 0.3416049466689221,
    "w_ctx": 0.4215666206022326,
    "w_p1np": 0.2368284327288453,
    "sensitivity": 1.5486914812923807,
    "threshold": 2.082866839629565,
    "dynamic_range": [
      0.0,
      4.692733094875438
    ],
    "kd": 0.7756388921597588
  },
  "noise_preset": "realistic",
  "measurement": {
    "snr_db": 13.086484430814025,
    "n_detections": 0,
    "detection_rate": 0.0,
    "time_to_detection": 9000.0,
    "false_negative_rate": 1.0
  },
  "environment_params": {
    "Estrogen": 1.197827103870898,
    "PTH": 45.14972802820634,
    "k_prod_Scl": 1.6062331244265707e-06,
    "k_deg_Scl": 7.656251444057867e-05,
    "Sclerostin_bone": 0.009017695254881013,
    "k_prod_RANKL": 4.063663896451917e-06,
    "k_deg_RANKL": 1.7536935460230782e-05,
    "RANKL_bone": 0.39734130178860566,
    "k_prod_OPG": 5.834612146362114e-05,
    "k_deg_OPG": 1.5656372554116416e-05,
    "OPG_bone": 4.739918056521947,
    "MineralIon": 2.3193284106713152,
    "k_prod_Mineral": 0.08769500794782295,
    "k_loss_Mineral": 0.02491263326615345,
    "k_prod_CTX": 5.98615540907821e-07,
    "k_deg_CTX": 2.0627217406367866e-05,
    "CTX_bone": 0.004378162784938465,
    "k_prod_P1NP": 1.308051651585059e-07,
    "k_deg_P1NP": 1.9128963702533532e-05,
    "P1NP_bone": 0.011399749298502586,
    "Sclerostin_sensor": 0.22544238137202532,
    "RANKL_sensor": 11.92023905365817,
    "OPG_sensor": 142.19754169565843,
    "CTX_sensor": 0.10945406962346162,
    "P1NP_sensor": 0.28499373246256465
  },
  "equilibration_check": {
    "Sclerostin_bone": 0.0006300389350056021,
    "RANKL_bone": 0.0001378990805447572,
    "OPG_bone": 0.00028672527405518565,
    "CTX_bone": 0.00044131164971681947,
    "P1NP_bone": 0.00011220018427553068,
    "Osteocytes": 1.5386512375357513e-05,
    "Osteoblasts": 1.1420254179658636e-06,
    "Osteoclasts": 4.087541323058443e-05,
    "MineralIon": 1.139673855106771e-06,
    "Sclerostin_sensor": 0.0006309361351097554,
    "RANKL_sensor": 0.00013797802022913962,
    "OPG_sensor": 0.0002869153431622942,
    "CTX_sensor": 0.00044155348391862573,
    "P1NP_sensor": 0.00011223711815274069
  },
  "sclerostin_mean": 0.22890477533940967,
  "sclerostin_max": 0.2314224416344718,
  "sclerostin_min": 0.22631570218087999,
  "sclerostin_std": 0.001477979701043159,
  "ctx_mean": 0.11058855193215208,
  "p1np_mean": 0.2857225384367575,
  "metadata_file": "metadata/9e349fa8-bbe1-4f86-a0a8-d20484900653.json",
  "timeseries_file": "timeseries/9e349fa8-bbe1-4f86-a0a8-d20484900653.csv",
  "instrumentation": {
    "biological_realization": {
      "rng_seed": 207443251,
      "scenario": "healthy",
      "realization_hash": "d7d12475e9b7f731"
    },
    "stages": {
      "stage_0_ode": {
        "stage": "stage_0_ode",
        "description": "ODE concentration output",
        "mean_signal": 0.22890477533940967,
        "std_signal": 0.001477979701043159,
        "min_signal": 0.22631570218087999,
        "max_signal": 0.2314224416344718,
        "median_signal": 0.2289227314721528,
        "q25_signal": 0.22763330369727178,
        "q75_signal": 0.2301854149663929,
        "auc_total": 824.0575482561921,
        "auc_per_second": 0.22890487451560892,
        "terminal_mean": 0.23118370902456087,
        "terminal_std": 0.00014189679378551605,
        "signal_range": 0.005106739453591802,
        "cv_coefficient": 0.006456744726498945,
        "species_tracked": "Sclerostin_sensor or Sclerostin_bone"
      },
      "stage_1_biosensor_clean": {
        "stage": "stage_1_biosensor_clean",
        "description": "Biosensor output (clean signal, no noise)",
        "mean_signal": 1.172530590955628,
        "std_signal": 0.0033253997716509265,
        "min_signal": 1.1667211985861532,
        "max_signal": 1.178210610051163,
        "median_signal": 1.1725631153598755,
        "q25_signal": 1.169667551165745,
        "q75_signal": 1.175410223910841,
        "auc_total": 4221.11077430663,
        "auc_per_second": 1.1725307706407306,
        "terminal_mean": 1.1776693757675374,
        "terminal_std": 0.00032161646032106836,
        "signal_range": 0.011489411465009702,
        "cv_coefficient": 0.002836087857580484,
        "biosensor_type": "array",
        "kd": 0.7756388921597588,
        "sensitivity": 1.5486914812923807
      },
      "stage_2_biosensor_noisy": {
        "stage": "stage_2_biosensor_noisy",
        "description": "Biosensor output (with noise injection)",
        "mean_signal": 1.2259913935440028,
        "std_signal": 0.25466994996096465,
        "min_signal": 0.4469657615823589,
        "max_signal": 2.126117707331401,
        "median_signal": 1.2380187210499505,
        "q25_signal": 1.0661599212241706,
        "q75_signal": 1.3985461920364817,
        "auc_total": 4414.222376369675,
        "auc_per_second": 1.2261728823249096,
        "terminal_mean": 1.1785152733457671,
        "terminal_std": 0.21963666943160848,
        "signal_range": 1.6791519457490418,
        "cv_coefficient": 0.20772572409728268,
        "noise_preset": "realistic",
        "snr_db": 13.086484430814025
      },
      "stage_3_thresholded": {
        "stage": "stage_3_thresholded",
        "description": "Threshold crossing detection",
        "threshold": 2.082866839629565,
        "fraction_above_threshold": 0.002770083102493075,
        "time_to_first_crossing": 2820.0,
        "n_threshold_crossings": 2,
        "mean_signal_above": 2.126117707331401,
        "std_signal_above": 0.0,
        "mean_signal_below": 1.2234910426723709,
        "std_signal_below": 0.25055948949717544,
        "mean_margin_above_threshold": 0.04325086770183573,
        "mean_margin_below_threshold": -0.8593757969571941
      },
      "stage_4_ttd": {
        "stage": "stage_4_ttd",
        "description": "Time-to-detection assignment",
        "ttd_seconds": 9000.0,
        "detected": false,
        "is_sentinel": true
      }
    },
    "stage_deltas": {
      "delta_0_to_1": {
        "transition": "stage_0_ode->stage_1_biosensor_clean",
        "mean_delta": 0.9436258156162185,
        "std_delta": 0.0018474260649188775,
        "max_delta": 0.9467881684166911,
        "rms_delta": 0.9436276240553997,
        "fraction_significantly_changed": 1.0
      },
      "delta_1_to_2": {
        "transition": "stage_1_biosensor_clean->stage_2_biosensor_noisy",
        "mean_delta": 0.053460802588374476,
        "std_delta": 0.2543383317443672,
        "max_delta": 0.9503314326547401,
        "rms_delta": 0.2598962185332848,
        "fraction_significantly_changed": 1.0
      },
      "delta_2_to_3": {
        "transition": "stage_2_biosensor_noisy->stage_3_thresholded",
        "mean_delta": -1.2201018708090126,
        "std_delta": 0.2583433504676289,
        "max_delta": 2.075805474524977,
        "rms_delta": 1.2471527019104327,
        "fraction_significantly_changed": 0.997229916897507
      }
    },
    "propagation_integrity": {
      "stages_recorded": 5,
      "biological_hash_consistent": false,
      "all_stages_use_same_time": true
    }
  }
}