{
  "run_id": "9faf5933-4fde-43f9-bcac-a3e16e8630da",
  "timestamp": "2026-06-27T17:23:19.061651",
  "scenario": "healthy",
  "biosensor_config": {
    "circuit_type": "array",
    "kd_scl": 6.625393291182597,
    "kd_ctx": 1.6868645989884776,
    "kd_p1np": 2.7596723870628064,
    "w_scl": 0.11075819494288966,
    "w_ctx": 0.7850718215344872,
    "w_p1np": 0.10416998352262308,
    "sensitivity": 1.3432648574745223,
    "threshold": 2.6964793115689782,
    "dynamic_range": [
      0.0,
      5.814882372370645
    ],
    "kd": 6.625393291182597
  },
  "noise_preset": "realistic",
  "measurement": {
    "snr_db": 13.552604783726439,
    "n_detections": 0,
    "detection_rate": 0.0,
    "time_to_detection": 9000.0,
    "false_negative_rate": 1.0
  },
  "environment_params": {
    "Estrogen": 0.925300179677999,
    "PTH": 48.09577145506404,
    "k_prod_Scl": 1.3867505141845632e-06,
    "k_deg_Scl": 6.938692656337617e-05,
    "Sclerostin_bone": 0.011513502808454992,
    "k_prod_RANKL": 5.607901300107212e-06,
    "k_deg_RANKL": 2.0429449364872553e-05,
    "RANKL_bone": 0.48916805222113163,
    "k_prod_OPG": 4.969437193772318e-05,
    "k_deg_OPG": 1.698175676987563e-05,
    "OPG_bone": 4.729775655321754,
    "MineralIon": 2.0348407176530734,
    "k_prod_Mineral": 0.08844594786275628,
    "k_loss_Mineral": 0.024155501382919317,
    "k_prod_CTX": 5.222228970071484e-07,
    "k_deg_CTX": 2.241017809173808e-05,
    "CTX_bone": 0.00731850070215939,
    "k_prod_P1NP": 1.3201642380897346e-07,
    "k_deg_P1NP": 2.039764329190017e-05,
    "P1NP_bone": 0.010574923102216709,
    "Sclerostin_sensor": 0.2878375702113748,
    "RANKL_sensor": 14.675041566633949,
    "OPG_sensor": 141.89326965965262,
    "CTX_sensor": 0.18296251755398474,
    "P1NP_sensor": 0.2643730775554177
  },
  "equilibration_check": {
    "Sclerostin_bone": 0.0008879565145111446,
    "RANKL_bone": 0.00017636063311004234,
    "OPG_bone": 0.00011473478709794298,
    "CTX_bone": 3.15237116035542e-05,
    "P1NP_bone": 0.00013367132644068788,
    "Osteocytes": 1.998002827268607e-05,
    "Osteoblasts": 2.1279248418120257e-06,
    "Osteoclasts": 3.960629295483854e-05,
    "MineralIon": 2.12939677573924e-06,
    "Sclerostin_sensor": 0.0008892353910630405,
    "RANKL_sensor": 0.00017648132395999555,
    "OPG_sensor": 0.00011479697676018035,
    "CTX_sensor": 3.154543719288165e-05,
    "P1NP_sensor": 0.00013371940750604865
  },
  "sclerostin_mean": 0.29409758653691426,
  "sclerostin_max": 0.29866505267425514,
  "sclerostin_min": 0.2894126552241623,
  "sclerostin_std": 0.002677884725463719,
  "ctx_mean": 0.18282939170180676,
  "p1np_mean": 0.2651801880265489,
  "metadata_file": "metadata/9faf5933-4fde-43f9-bcac-a3e16e8630da.json",
  "timeseries_file": "timeseries/9faf5933-4fde-43f9-bcac-a3e16e8630da.csv",
  "instrumentation": {
    "biological_realization": {
      "rng_seed": 135242953,
      "scenario": "healthy",
      "realization_hash": "a4d8173040133d89"
    },
    "stages": {
      "stage_0_ode": {
        "stage": "stage_0_ode",
        "description": "ODE concentration output",
        "mean_signal": 0.29409758653691426,
        "std_signal": 0.002677884725463719,
        "min_signal": 0.2894126552241623,
        "max_signal": 0.29866505267425514,
        "median_signal": 0.29412712965330895,
        "q25_signal": 0.2917929906145051,
        "q75_signal": 0.29641726463989226,
        "auc_total": 1058.7518988587685,
        "auc_per_second": 0.29409774968299124,
        "terminal_mean": 0.2982309534890761,
        "terminal_std": 0.00025798753694840685,
        "signal_range": 0.00925239745009282,
        "cv_coefficient": 0.009105429109421132,
        "species_tracked": "Sclerostin_sensor or Sclerostin_bone"
      },
      "stage_1_biosensor_clean": {
        "stage": "stage_1_biosensor_clean",
        "description": "Biosensor output (clean signal, no noise)",
        "mean_signal": 1.1999099082617815,
        "std_signal": 0.0008841019457636796,
        "min_signal": 1.1983623079050654,
        "max_signal": 1.2014170977815628,
        "median_signal": 1.199920064418268,
        "q25_signal": 1.1991491813907305,
        "q75_signal": 1.200675824231986,
        "auc_total": 4319.675871796599,
        "auc_per_second": 1.199909964387944,
        "terminal_mean": 1.2012739749614754,
        "terminal_std": 8.506203066321458e-05,
        "signal_range": 0.0030547898764974324,
        "cv_coefficient": 0.0007368069383179034,
        "biosensor_type": "array",
        "kd": 6.625393291182597,
        "sensitivity": 1.3432648574745223
      },
      "stage_2_biosensor_noisy": {
        "stage": "stage_2_biosensor_noisy",
        "description": "Biosensor output (with noise injection)",
        "mean_signal": 1.2308423567920397,
        "std_signal": 0.25028604788830155,
        "min_signal": 0.4983612084826617,
        "max_signal": 2.0282582666689675,
        "median_signal": 1.2330052526404631,
        "q25_signal": 1.0539431589674044,
        "q75_signal": 1.4019645285394833,
        "auc_total": 4429.681409996389,
        "auc_per_second": 1.2304670583323305,
        "terminal_mean": 1.2913293477035621,
        "terminal_std": 0.2009975300739746,
        "signal_range": 1.5298970581863058,
        "cv_coefficient": 0.20334533216798398,
        "noise_preset": "realistic",
        "snr_db": 13.552604783726439
      },
      "stage_3_thresholded": {
        "stage": "stage_3_thresholded",
        "description": "Threshold crossing detection",
        "threshold": 2.6964793115689782,
        "fraction_above_threshold": 0.0,
        "time_to_first_crossing": 9000.0,
        "n_threshold_crossings": 0,
        "mean_signal_above": NaN,
        "std_signal_above": NaN,
        "mean_signal_below": 1.2308423567920397,
        "std_signal_below": 0.25028604788830155,
        "mean_margin_above_threshold": NaN,
        "mean_margin_below_threshold": -1.4656369547769386
      },
      "stage_4_ttd": {
        "stage": "stage_4_ttd",
        "description": "Time-to-detection assignment",
        "ttd_seconds": 9000.0,
        "detected": false,
        "is_sentinel": true
      }
    },
    "stage_deltas": {
      "delta_0_to_1": {
        "transition": "stage_0_ode->stage_1_biosensor_clean",
        "mean_delta": 0.9058123217248673,
        "std_delta": 0.0017937828910625153,
        "max_delta": 0.9089496526809031,
        "rms_delta": 0.9058140978399789,
        "fraction_significantly_changed": 1.0
      },
      "delta_1_to_2": {
        "transition": "stage_1_biosensor_clean->stage_2_biosensor_noisy",
        "mean_delta": 0.030932448530258144,
        "std_delta": 0.2501632679443515,
        "max_delta": 0.8275076728060304,
        "rms_delta": 0.2520683974652008,
        "fraction_significantly_changed": 1.0
      },
      "delta_2_to_3": {
        "transition": "stage_2_biosensor_noisy->stage_3_thresholded",
        "mean_delta": -1.2308423567920397,
        "std_delta": 0.25028604788830155,
        "max_delta": 2.0282582666689675,
        "rms_delta": 1.256031851921331,
        "fraction_significantly_changed": 1.0
      }
    },
    "propagation_integrity": {
      "stages_recorded": 5,
      "biological_hash_consistent": false,
      "all_stages_use_same_time": true
    }
  }
}