{
  "run_id": "a12bfba0-29c0-4e9d-97b9-2d6990a88f00",
  "timestamp": "2026-06-27T17:24:16.142369",
  "scenario": "ckd_mbd",
  "biosensor_config": {
    "circuit_type": "array",
    "kd_scl": 0.2473388311023873,
    "kd_ctx": 7.3240986297123065,
    "kd_p1np": 0.16633195861745081,
    "w_scl": 0.3600738856645176,
    "w_ctx": 0.08099751935312251,
    "w_p1np": 0.55892859498236,
    "sensitivity": 2.409054384616351,
    "threshold": 2.767521020210083,
    "dynamic_range": [
      0.0,
      6.436189379378318
    ],
    "kd": 0.2473388311023873
  },
  "noise_preset": "realistic",
  "measurement": {
    "snr_db": 11.804087264234502,
    "n_detections": 1,
    "detection_rate": 1.0,
    "time_to_detection": 270.0,
    "false_negative_rate": 0.0
  },
  "environment_params": {
    "Estrogen": 0.7309834077639475,
    "PTH": 183.16602980442133,
    "k_prod_Scl": 1.7523594117799903e-06,
    "k_deg_Scl": 5.512921900175038e-05,
    "Sclerostin_bone": 0.08490895648091656,
    "k_prod_RANKL": 5.971931072860358e-06,
    "k_deg_RANKL": 1.900736721774422e-05,
    "RANKL_bone": 1.1622051643340368,
    "k_prod_OPG": 0.00011637214029546106,
    "k_deg_OPG": 2.0930719749596347e-05,
    "OPG_bone": 7.48108662700495,
    "MineralIon": 4.412676110650186,
    "k_prod_Mineral": 0.14470792562613413,
    "k_loss_Mineral": 0.060451334718864956,
    "k_prod_CTX": 4.369808060668167e-07,
    "k_deg_CTX": 1.1384928836823754e-05,
    "CTX_bone": 0.031586726641424305,
    "k_prod_P1NP": 1.4350555510743066e-07,
    "k_deg_P1NP": 1.6625642791590904e-05,
    "P1NP_bone": 0.03728279130731873,
    "Sclerostin_sensor": 2.122723912022914,
    "RANKL_sensor": 34.866154930021104,
    "OPG_sensor": 224.43259881014848,
    "CTX_sensor": 0.7896681660356076,
    "P1NP_sensor": 0.9320697826829683
  },
  "equilibration_check": {
    "Sclerostin_bone": 0.001121728417253108,
    "RANKL_bone": 0.00015744246153623356,
    "OPG_bone": 0.00016773142573836225,
    "CTX_bone": 0.00021902240887896945,
    "P1NP_bone": 0.000273634518910771,
    "Osteocytes": 0.00011885559532244743,
    "Osteoblasts": 1.800594269290686e-05,
    "Osteoclasts": 8.042584654472476e-05,
    "MineralIon": 1.8008047080330978e-05,
    "Sclerostin_sensor": 0.0011219908287898044,
    "RANKL_sensor": 0.00015749995068001642,
    "OPG_sensor": 0.00016779942563107227,
    "CTX_sensor": 0.0002190403934254514,
    "P1NP_sensor": 0.0002736664069214655
  },
  "sclerostin_mean": 2.069781969526871,
  "sclerostin_max": 2.1095289762358536,
  "sclerostin_min": 2.03070918948122,
  "sclerostin_std": 0.02281946879469827,
  "ctx_mean": 0.7857980774543748,
  "p1np_mean": 0.9263636706098236,
  "metadata_file": "metadata/a12bfba0-29c0-4e9d-97b9-2d6990a88f00.json",
  "timeseries_file": "timeseries/a12bfba0-29c0-4e9d-97b9-2d6990a88f00.csv",
  "instrumentation": {
    "biological_realization": {
      "rng_seed": 734940424,
      "scenario": "ckd_mbd",
      "realization_hash": "7e091866f52a0a3f"
    },
    "stages": {
      "stage_0_ode": {
        "stage": "stage_0_ode",
        "description": "ODE concentration output",
        "mean_signal": 2.069781969526871,
        "std_signal": 0.02281946879469827,
        "min_signal": 2.03070918948122,
        "max_signal": 2.1095289762358536,
        "median_signal": 2.069611311464254,
        "q25_signal": 2.0500298626007196,
        "q75_signal": 2.0894479517206643,
        "auc_total": 7451.21171916342,
        "auc_per_second": 2.06978103310095,
        "terminal_mean": 2.0344471668388064,
        "terminal_std": 0.002220840612303193,
        "signal_range": 0.07881978675463364,
        "cv_coefficient": 0.011025059223950312,
        "species_tracked": "Sclerostin_sensor or Sclerostin_bone"
      },
      "stage_1_biosensor_clean": {
        "stage": "stage_1_biosensor_clean",
        "description": "Biosensor output (clean signal, no noise)",
        "mean_signal": 3.681183356129401,
        "std_signal": 0.0035776206838316568,
        "min_signal": 3.675002188443237,
        "max_signal": 3.687360193399017,
        "median_signal": 3.6811843913837015,
        "q25_signal": 3.678093699484826,
        "q75_signal": 3.6842735815728043,
        "auc_total": 13252.260103717927,
        "auc_per_second": 3.6811833621438685,
        "terminal_mean": 3.6756033514619144,
        "terminal_std": 0.00035685783417052506,
        "signal_range": 0.0123580049557801,
        "cv_coefficient": 0.0009718670160438203,
        "biosensor_type": "array",
        "kd": 0.2473388311023873,
        "sensitivity": 2.409054384616351
      },
      "stage_2_biosensor_noisy": {
        "stage": "stage_2_biosensor_noisy",
        "description": "Biosensor output (with noise injection)",
        "mean_signal": 3.7869982132132707,
        "std_signal": 0.9396403695076513,
        "min_signal": -0.28209055805563654,
        "max_signal": 13.354703911979321,
        "median_signal": 3.7827796876371176,
        "q25_signal": 3.2721685454795315,
        "q75_signal": 4.310471631206928,
        "auc_total": 13633.96264436427,
        "auc_per_second": 3.7872118456567416,
        "terminal_mean": 3.878772014442837,
        "terminal_std": 0.73121725540287,
        "signal_range": 13.636794470034957,
        "cv_coefficient": 0.24812273906788188,
        "noise_preset": "realistic",
        "snr_db": 11.804087264234502
      },
      "stage_3_thresholded": {
        "stage": "stage_3_thresholded",
        "description": "Threshold crossing detection",
        "threshold": 2.767521020210083,
        "fraction_above_threshold": 0.9058171745152355,
        "time_to_first_crossing": 0.0,
        "n_threshold_crossings": 58,
        "mean_signal_above": 3.943207359516936,
        "std_signal_above": 0.8274402098820637,
        "mean_signal_below": 2.284633776704489,
        "std_signal_below": 0.5458950667843767,
        "mean_margin_above_threshold": 1.175686339306853,
        "mean_margin_below_threshold": -0.4828872435055942
      },
      "stage_4_ttd": {
        "stage": "stage_4_ttd",
        "description": "Time-to-detection assignment",
        "ttd_seconds": 270.0,
        "detected": true,
        "is_sentinel": false
      }
    },
    "stage_deltas": {
      "delta_0_to_1": {
        "transition": "stage_0_ode->stage_1_biosensor_clean",
        "mean_delta": 1.6114013866025296,
        "std_delta": 0.019241950327434223,
        "max_delta": 1.6442929989620172,
        "rms_delta": 1.6115162678040078,
        "fraction_significantly_changed": 1.0
      },
      "delta_1_to_2": {
        "transition": "stage_1_biosensor_clean->stage_2_biosensor_noisy",
        "mean_delta": 0.10581485708386966,
        "std_delta": 0.9398265943189611,
        "max_delta": 9.672764214801347,
        "rms_delta": 0.9457646701843208,
        "fraction_significantly_changed": 1.0
      },
      "delta_2_to_3": {
        "transition": "stage_2_biosensor_noisy->stage_3_thresholded",
        "mean_delta": -0.21517326428795738,
        "std_delta": 0.6880110390660902,
        "max_delta": 2.751268526783861,
        "rms_delta": 0.7208735836061244,
        "fraction_significantly_changed": 0.09418282548476455
      }
    },
    "propagation_integrity": {
      "stages_recorded": 5,
      "biological_hash_consistent": false,
      "all_stages_use_same_time": true
    }
  }
}