{
  "run_id": "acd619b7-1241-4820-a5ff-47c739d5b5d3",
  "timestamp": "2026-06-27T17:23:03.408476",
  "scenario": "healthy",
  "biosensor_config": {
    "circuit_type": "array",
    "kd_scl": 0.15351876272943618,
    "kd_ctx": 0.22526877884318913,
    "kd_p1np": 0.1421053208713032,
    "w_scl": 0.42582027149564344,
    "w_ctx": 0.06297858220580825,
    "w_p1np": 0.5112011462985484,
    "sensitivity": 2.6584027662445684,
    "threshold": 2.869070617836352,
    "dynamic_range": [
      0.0,
      6.412118371082944
    ],
    "kd": 0.15351876272943618
  },
  "noise_preset": "realistic",
  "measurement": {
    "snr_db": 8.807354007709842,
    "n_detections": 1,
    "detection_rate": 1.0,
    "time_to_detection": 2340.0,
    "false_negative_rate": 0.2
  },
  "environment_params": {
    "Estrogen": 1.2766945525939073,
    "PTH": 50.106764917882934,
    "k_prod_Scl": 1.154547026308444e-06,
    "k_deg_Scl": 7.038647637750712e-05,
    "Sclerostin_bone": 0.032942473768736096,
    "k_prod_RANKL": 5.335530231077738e-06,
    "k_deg_RANKL": 1.8492604402826986e-05,
    "RANKL_bone": 0.53540463562835,
    "k_prod_OPG": 4.1859986593036224e-05,
    "k_deg_OPG": 2.146780616154036e-05,
    "OPG_bone": 4.33868795803358,
    "MineralIon": 2.584546393138166,
    "k_prod_Mineral": 0.09953601624263322,
    "k_loss_Mineral": 0.025512704424889517,
    "k_prod_CTX": 5.592874395885152e-07,
    "k_deg_CTX": 1.7008415973752382e-05,
    "CTX_bone": 0.014289186371854879,
    "k_prod_P1NP": 1.7982472137135966e-07,
    "k_deg_P1NP": 1.9540172548991492e-05,
    "P1NP_bone": 0.01514094625925891,
    "Sclerostin_sensor": 0.8235618442184024,
    "RANKL_sensor": 16.0621390688505,
    "OPG_sensor": 130.1606387410074,
    "CTX_sensor": 0.35722965929637196,
    "P1NP_sensor": 0.37852365648147274
  },
  "equilibration_check": {
    "Sclerostin_bone": 0.0015833989855218145,
    "RANKL_bone": 8.840750293159928e-05,
    "OPG_bone": 3.267246077534387e-05,
    "CTX_bone": 0.00012684019878985507,
    "P1NP_bone": 0.00012068776409527115,
    "Osteocytes": 4.378812357910336e-05,
    "Osteoblasts": 9.768696426187649e-06,
    "Osteoclasts": 5.723449824368201e-05,
    "MineralIon": 9.769634833633337e-06,
    "Sclerostin_sensor": 0.001583804390334295,
    "RANKL_sensor": 8.845038006794533e-05,
    "OPG_sensor": 3.2693942013907255e-05,
    "CTX_sensor": 0.00012687398954466615,
    "P1NP_sensor": 0.00012072500139460239
  },
  "sclerostin_mean": 0.7946725571245296,
  "sclerostin_max": 0.8163130518876,
  "sclerostin_min": 0.7735363686467126,
  "sclerostin_std": 0.0123828426800193,
  "ctx_mean": 0.3561943222571053,
  "p1np_mean": 0.37956622006708124,
  "metadata_file": "metadata/acd619b7-1241-4820-a5ff-47c739d5b5d3.json",
  "timeseries_file": "timeseries/acd619b7-1241-4820-a5ff-47c739d5b5d3.csv",
  "instrumentation": {
    "biological_realization": {
      "rng_seed": 878846705,
      "scenario": "healthy",
      "realization_hash": "16b60ea5ab8085ec"
    },
    "stages": {
      "stage_0_ode": {
        "stage": "stage_0_ode",
        "description": "ODE concentration output",
        "mean_signal": 0.7946725571245296,
        "std_signal": 0.0123828426800193,
        "min_signal": 0.7735363686467126,
        "max_signal": 0.8163130518876,
        "median_signal": 0.7945453222877166,
        "q25_signal": 0.7839469190318791,
        "q75_signal": 0.8053336110380506,
        "auc_total": 2860.81868411688,
        "auc_per_second": 0.7946718566991333,
        "terminal_mean": 0.7755472810458136,
        "terminal_std": 0.0011950623160260202,
        "signal_range": 0.04277668324088735,
        "cv_coefficient": 0.015582320754633583,
        "species_tracked": "Sclerostin_sensor or Sclerostin_bone"
      },
      "stage_1_biosensor_clean": {
        "stage": "stage_1_biosensor_clean",
        "description": "Biosensor output (clean signal, no noise)",
        "mean_signal": 2.9453981168706798,
        "std_signal": 0.0030283606028122354,
        "min_signal": 2.940146575762753,
        "max_signal": 2.9506070425818853,
        "median_signal": 2.9454088072706393,
        "q25_signal": 2.942785272748715,
        "q75_signal": 2.9480164274426963,
        "auc_total": 10603.433433811431,
        "auc_per_second": 2.945398176058731,
        "terminal_mean": 2.940660714344671,
        "terminal_std": 0.00030509515003151295,
        "signal_range": 0.010460466819132375,
        "cv_coefficient": 0.001028166815706971,
        "biosensor_type": "array",
        "kd": 0.15351876272943618,
        "sensitivity": 2.6584027662445684
      },
      "stage_2_biosensor_noisy": {
        "stage": "stage_2_biosensor_noisy",
        "description": "Biosensor output (with noise injection)",
        "mean_signal": 3.020870865561548,
        "std_signal": 1.0656286635826029,
        "min_signal": -13.414221263986331,
        "max_signal": 5.026378897264322,
        "median_signal": 3.0604736071825465,
        "q25_signal": 2.6616896960944554,
        "q75_signal": 3.427914274017667,
        "auc_total": 10877.049479837704,
        "auc_per_second": 3.0214026332882513,
        "terminal_mean": 3.0467866702040705,
        "terminal_std": 0.5888184688656607,
        "signal_range": 18.440600161250654,
        "cv_coefficient": 0.3527554506652219,
        "noise_preset": "realistic",
        "snr_db": 8.807354007709842
      },
      "stage_3_thresholded": {
        "stage": "stage_3_thresholded",
        "description": "Threshold crossing detection",
        "threshold": 2.869070617836352,
        "fraction_above_threshold": 0.6371191135734072,
        "time_to_first_crossing": 0.0,
        "n_threshold_crossings": 165,
        "mean_signal_above": 3.4217765974054886,
        "std_signal_above": 0.428467807449309,
        "mean_signal_below": 2.3169905730111178,
        "std_signal_below": 1.42454983456046,
        "mean_margin_above_threshold": 0.5527059795691367,
        "mean_margin_below_threshold": -0.5520800448252342
      },
      "stage_4_ttd": {
        "stage": "stage_4_ttd",
        "description": "Time-to-detection assignment",
        "ttd_seconds": 2340.0,
        "detected": true,
        "is_sentinel": false
      }
    },
    "stage_deltas": {
      "delta_0_to_1": {
        "transition": "stage_0_ode->stage_1_biosensor_clean",
        "mean_delta": 2.1507255597461503,
        "std_delta": 0.009354787782352996,
        "max_delta": 2.1666102071160402,
        "rms_delta": 2.1507459044247517,
        "fraction_significantly_changed": 1.0
      },
      "delta_1_to_2": {
        "transition": "stage_1_biosensor_clean->stage_2_biosensor_noisy",
        "mean_delta": 0.07547274869086852,
        "std_delta": 1.06583556989864,
        "max_delta": 16.360704067375995,
        "rms_delta": 1.0685043742802898,
        "fraction_significantly_changed": 1.0
      },
      "delta_2_to_3": {
        "transition": "stage_2_biosensor_noisy->stage_3_thresholded",
        "mean_delta": -0.8407915929763337,
        "std_delta": 1.4062664042331203,
        "max_delta": 13.414221263986331,
        "rms_delta": 1.6384491760486288,
        "fraction_significantly_changed": 0.3628808864265928
      }
    },
    "propagation_integrity": {
      "stages_recorded": 5,
      "biological_hash_consistent": false,
      "all_stages_use_same_time": true
    }
  }
}