{
  "run_id": "ae45b0ed-ec90-45b3-9f5a-095765b181c9",
  "timestamp": "2026-06-27T17:23:06.171625",
  "scenario": "ckd_mbd",
  "biosensor_config": {
    "circuit_type": "array",
    "kd_scl": 1.9684104317681936,
    "kd_ctx": 2.325646765765149,
    "kd_p1np": 2.323075647085429,
    "w_scl": 0.04505841913260515,
    "w_ctx": 0.8272689078008715,
    "w_p1np": 0.1276726730665233,
    "sensitivity": 2.0705417261118337,
    "threshold": 3.4642716817350316,
    "dynamic_range": [
      0.0,
      8.935280173512151
    ],
    "kd": 1.9684104317681936
  },
  "noise_preset": "realistic",
  "measurement": {
    "snr_db": 13.295674912010343,
    "n_detections": 0,
    "detection_rate": 0.0,
    "time_to_detection": 9000.0,
    "false_negative_rate": 0.98
  },
  "environment_params": {
    "Estrogen": 0.5334847869021219,
    "PTH": 169.49784919444696,
    "k_prod_Scl": 2.97072155603081e-06,
    "k_deg_Scl": 6.797149637684355e-05,
    "Sclerostin_bone": 0.04582073987934726,
    "k_prod_RANKL": 6.427980266250648e-06,
    "k_deg_RANKL": 1.8322616977367066e-05,
    "RANKL_bone": 0.7902996415582537,
    "k_prod_OPG": 0.00010504751036685334,
    "k_deg_OPG": 1.7795327674520843e-05,
    "OPG_bone": 5.771577553812188,
    "MineralIon": 4.303141379988309,
    "k_prod_Mineral": 0.16035236124384142,
    "k_loss_Mineral": 0.060861949487347716,
    "k_prod_CTX": 8.458969564623364e-07,
    "k_deg_CTX": 1.0275089096889059e-05,
    "CTX_bone": 0.012460439441483813,
    "k_prod_P1NP": 1.1177375454482157e-07,
    "k_deg_P1NP": 1.4709468490061545e-05,
    "P1NP_bone": 0.01705148008901689,
    "Sclerostin_sensor": 1.1455184969836816,
    "RANKL_sensor": 23.708989246747613,
    "OPG_sensor": 173.14732661436562,
    "CTX_sensor": 0.3115109860370953,
    "P1NP_sensor": 0.4262870022254222
  },
  "equilibration_check": {
    "Sclerostin_bone": 0.00045541300108332565,
    "RANKL_bone": 0.00014422154080164016,
    "OPG_bone": 2.388661720364473e-05,
    "CTX_bone": 0.00035096488372812453,
    "P1NP_bone": 5.169554313756068e-05,
    "Osteocytes": 7.659436101738444e-05,
    "Osteoblasts": 4.3132855634530585e-06,
    "Osteoclasts": 4.8805241888418506e-05,
    "MineralIon": 4.316596159366412e-06,
    "Sclerostin_sensor": 0.0004560440558351643,
    "RANKL_sensor": 0.00014430968052377033,
    "OPG_sensor": 2.389488181722417e-05,
    "CTX_sensor": 0.0003510589188567963,
    "P1NP_sensor": 5.1704351488075555e-05
  },
  "sclerostin_mean": 1.1583024378858737,
  "sclerostin_max": 1.1675119141112245,
  "sclerostin_min": 1.1487748673811793,
  "sclerostin_std": 0.00541883062681861,
  "ctx_mean": 0.31398556248855697,
  "p1np_mean": 0.4257933946021356,
  "metadata_file": "metadata/ae45b0ed-ec90-45b3-9f5a-095765b181c9.json",
  "timeseries_file": "timeseries/ae45b0ed-ec90-45b3-9f5a-095765b181c9.csv",
  "instrumentation": {
    "biological_realization": {
      "rng_seed": 1116278293,
      "scenario": "ckd_mbd",
      "realization_hash": "91fa4b4cd45a2c42"
    },
    "stages": {
      "stage_0_ode": {
        "stage": "stage_0_ode",
        "description": "ODE concentration output",
        "mean_signal": 1.1583024378858737,
        "std_signal": 0.00541883062681861,
        "min_signal": 1.1487748673811793,
        "max_signal": 1.1675119141112245,
        "median_signal": 1.1583816808025025,
        "q25_signal": 1.153647796142032,
        "q75_signal": 1.162998213264449,
        "auc_total": 4169.890366860543,
        "auc_per_second": 1.158302879683484,
        "terminal_mean": 1.1666411613151655,
        "terminal_std": 0.0005175777962373185,
        "signal_range": 0.01873704673004517,
        "cv_coefficient": 0.004678251939717079,
        "species_tracked": "Sclerostin_sensor or Sclerostin_bone"
      },
      "stage_1_biosensor_clean": {
        "stage": "stage_1_biosensor_clean",
        "description": "Biosensor output (clean signal, no noise)",
        "mean_signal": 3.101703306224553,
        "std_signal": 0.008337389110599005,
        "min_signal": 3.0872580431992898,
        "max_signal": 3.116061877907618,
        "median_signal": 3.101725092734532,
        "q25_signal": 3.094509026658705,
        "q75_signal": 3.108908757460931,
        "auc_total": 11166.132335865103,
        "auc_per_second": 3.101703426629195,
        "terminal_mean": 3.1146731226567796,
        "terminal_std": 0.0008246022409539438,
        "signal_range": 0.028803834708328147,
        "cv_coefficient": 0.0026880034250430676,
        "biosensor_type": "array",
        "kd": 1.9684104317681936,
        "sensitivity": 2.0705417261118337
      },
      "stage_2_biosensor_noisy": {
        "stage": "stage_2_biosensor_noisy",
        "description": "Biosensor output (with noise injection)",
        "mean_signal": 3.1955299029063933,
        "std_signal": 0.665420574263396,
        "min_signal": 0.5287049150900356,
        "max_signal": 5.3114819246499465,
        "median_signal": 3.171282174057134,
        "q25_signal": 2.731194242333954,
        "q75_signal": 3.6960314855224357,
        "auc_total": 11499.026090615751,
        "auc_per_second": 3.194173914059931,
        "terminal_mean": 3.336397902762071,
        "terminal_std": 0.5637686044369028,
        "signal_range": 4.782777009559911,
        "cv_coefficient": 0.2082348137810207,
        "noise_preset": "realistic",
        "snr_db": 13.295674912010343
      },
      "stage_3_thresholded": {
        "stage": "stage_3_thresholded",
        "description": "Threshold crossing detection",
        "threshold": 3.4642716817350316,
        "fraction_above_threshold": 0.3490304709141274,
        "time_to_first_crossing": 0.0,
        "n_threshold_crossings": 148,
        "mean_signal_above": 3.910880002784188,
        "std_signal_above": 0.33028873551917476,
        "mean_signal_below": 2.8119804876527676,
        "std_signal_below": 0.44745837704706715,
        "mean_margin_above_threshold": 0.44660832104915704,
        "mean_margin_below_threshold": -0.6522911940822644
      },
      "stage_4_ttd": {
        "stage": "stage_4_ttd",
        "description": "Time-to-detection assignment",
        "ttd_seconds": 9000.0,
        "detected": false,
        "is_sentinel": true
      }
    },
    "stage_deltas": {
      "delta_0_to_1": {
        "transition": "stage_0_ode->stage_1_biosensor_clean",
        "mean_delta": 1.943400868338679,
        "std_delta": 0.002919465308455735,
        "max_delta": 1.9485499637963934,
        "rms_delta": 1.9434030612143276,
        "fraction_significantly_changed": 1.0
      },
      "delta_1_to_2": {
        "transition": "stage_1_biosensor_clean->stage_2_biosensor_noisy",
        "mean_delta": 0.09382659668184054,
        "std_delta": 0.6645543532590781,
        "max_delta": 2.58275059723875,
        "rms_delta": 0.671145229201913,
        "fraction_significantly_changed": 1.0
      },
      "delta_2_to_3": {
        "transition": "stage_2_biosensor_noisy->stage_3_thresholded",
        "mean_delta": -1.830513613845984,
        "std_delta": 1.3881372200393844,
        "max_delta": 3.44512056549793,
        "rms_delta": 2.2973256260561223,
        "fraction_significantly_changed": 0.6509695290858726
      }
    },
    "propagation_integrity": {
      "stages_recorded": 5,
      "biological_hash_consistent": false,
      "all_stages_use_same_time": true
    }
  }
}