{
  "run_id": "aed0ed2b-848c-454b-8e1c-dcbf74d28675",
  "timestamp": "2026-06-27T17:23:52.375331",
  "scenario": "pmo_mild",
  "biosensor_config": {
    "circuit_type": "array",
    "kd_scl": 9.69055554324537,
    "kd_ctx": 0.3560191097767497,
    "kd_p1np": 3.379888105461469,
    "w_scl": 0.7545298718246846,
    "w_ctx": 0.14239490220804482,
    "w_p1np": 0.10307522596727065,
    "sensitivity": 1.2558855499452635,
    "threshold": 2.5760919816186325,
    "dynamic_range": [
      0.0,
      6.302722299319304
    ],
    "kd": 9.69055554324537
  },
  "noise_preset": "realistic",
  "measurement": {
    "snr_db": 8.025869789565377,
    "n_detections": 0,
    "detection_rate": 0.0,
    "time_to_detection": 9000.0,
    "false_negative_rate": 1.0
  },
  "environment_params": {
    "Estrogen": 0.5480151866038708,
    "PTH": 50.05867234691025,
    "k_prod_Scl": 2.6110059679716813e-06,
    "k_deg_Scl": 6.526972370385119e-05,
    "Sclerostin_bone": 0.02481317047697558,
    "k_prod_RANKL": 4.300661195263577e-06,
    "k_deg_RANKL": 1.842803014477758e-05,
    "RANKL_bone": 0.4906155150413575,
    "k_prod_OPG": 5.2500024970218854e-05,
    "k_deg_OPG": 1.9732957327911924e-05,
    "OPG_bone": 4.517934147662986,
    "MineralIon": 2.5784554641142647,
    "k_prod_Mineral": 0.08091844919477857,
    "k_loss_Mineral": 0.024890780434955188,
    "k_prod_CTX": 1.0518528613692317e-06,
    "k_deg_CTX": 2.105607235559828e-05,
    "CTX_bone": 0.012231014410436652,
    "k_prod_P1NP": 1.5009398549764185e-07,
    "k_deg_P1NP": 2.2824044309005816e-05,
    "P1NP_bone": 0.01223948577231652,
    "Sclerostin_sensor": 0.6203292619243895,
    "RANKL_sensor": 14.718465451240725,
    "OPG_sensor": 135.5380244298896,
    "CTX_sensor": 0.3057753602609163,
    "P1NP_sensor": 0.30598714430791296
  },
  "equilibration_check": {
    "Sclerostin_bone": 0.0028333823911519626,
    "RANKL_bone": 0.00018319808934264104,
    "OPG_bone": 3.0181659526692785e-05,
    "CTX_bone": 0.00015789352120921645,
    "P1NP_bone": 4.643265904060151e-05,
    "Osteocytes": 5.335812450818485e-05,
    "Osteoblasts": 1.5793861450987898e-05,
    "Osteoclasts": 8.442774001992945e-05,
    "MineralIon": 1.579866072900585e-05,
    "Sclerostin_sensor": 0.0028399180679591256,
    "RANKL_sensor": 0.00018332396138830918,
    "OPG_sensor": 3.020564721787561e-05,
    "CTX_sensor": 0.00015792105200317327,
    "P1NP_sensor": 4.6454305586332896e-05
  },
  "sclerostin_mean": 0.666990537811479,
  "sclerostin_max": 0.7010855861882304,
  "sclerostin_min": 0.6320579103076888,
  "sclerostin_std": 0.019978255423863875,
  "ctx_mean": 0.3068618806446414,
  "p1np_mean": 0.3063148659907346,
  "metadata_file": "metadata/aed0ed2b-848c-454b-8e1c-dcbf74d28675.json",
  "timeseries_file": "timeseries/aed0ed2b-848c-454b-8e1c-dcbf74d28675.csv",
  "instrumentation": {
    "biological_realization": {
      "rng_seed": 1401938885,
      "scenario": "pmo_mild",
      "realization_hash": "9ba63f2fb8214b75"
    },
    "stages": {
      "stage_0_ode": {
        "stage": "stage_0_ode",
        "description": "ODE concentration output",
        "mean_signal": 0.666990537811479,
        "std_signal": 0.019978255423863875,
        "min_signal": 0.6320579103076888,
        "max_signal": 0.7010855861882304,
        "median_signal": 0.6672011510690773,
        "q25_signal": 0.6497947248871245,
        "q75_signal": 0.6842939063958428,
        "auc_total": 2401.1701240169596,
        "auc_per_second": 0.6669917011158221,
        "terminal_mean": 0.6978416761134767,
        "terminal_std": 0.0019277661410839221,
        "signal_range": 0.0690276758805416,
        "cv_coefficient": 0.02995283184888391,
        "species_tracked": "Sclerostin_sensor or Sclerostin_bone"
      },
      "stage_1_biosensor_clean": {
        "stage": "stage_1_biosensor_clean",
        "description": "Biosensor output (clean signal, no noise)",
        "mean_signal": 1.9826293081073803,
        "std_signal": 0.046143948748576066,
        "min_signal": 1.901770582573479,
        "max_signal": 2.0612098459101027,
        "median_signal": 1.9832023007232713,
        "q25_signal": 1.9429365278361583,
        "q75_signal": 2.022614570380245,
        "auc_total": 7137.476900125224,
        "auc_per_second": 1.9826324722570068,
        "terminal_mean": 2.053762450999163,
        "terminal_std": 0.004426652076462264,
        "signal_range": 0.15943926333662373,
        "cv_coefficient": 0.02327411814194612,
        "biosensor_type": "array",
        "kd": 9.69055554324537,
        "sensitivity": 1.2558855499452635
      },
      "stage_2_biosensor_noisy": {
        "stage": "stage_2_biosensor_noisy",
        "description": "Biosensor output (with noise injection)",
        "mean_signal": 2.0526330576882637,
        "std_signal": 0.7889156538069528,
        "min_signal": -7.281978706352468,
        "max_signal": 3.4496337710994776,
        "median_signal": 2.087560284903467,
        "q25_signal": 1.76365885823706,
        "q75_signal": 2.37858150661017,
        "auc_total": 7390.412477456939,
        "auc_per_second": 2.0528923548491496,
        "terminal_mean": 2.3266860158027307,
        "terminal_std": 0.4542685364160888,
        "signal_range": 10.731612477451945,
        "cv_coefficient": 0.38434324676396525,
        "noise_preset": "realistic",
        "snr_db": 8.025869789565377
      },
      "stage_3_thresholded": {
        "stage": "stage_3_thresholded",
        "description": "Threshold crossing detection",
        "threshold": 2.5760919816186325,
        "fraction_above_threshold": 0.12188365650969529,
        "time_to_first_crossing": 70.0,
        "n_threshold_crossings": 72,
        "mean_signal_above": 2.8747851008936145,
        "std_signal_above": 0.2379476446946822,
        "mean_signal_below": 1.9385173166755334,
        "std_signal_below": 0.770762248659936,
        "mean_margin_above_threshold": 0.2986931192749824,
        "mean_margin_below_threshold": -0.6375746649430988
      },
      "stage_4_ttd": {
        "stage": "stage_4_ttd",
        "description": "Time-to-detection assignment",
        "ttd_seconds": 9000.0,
        "detected": false,
        "is_sentinel": true
      }
    },
    "stage_deltas": {
      "delta_0_to_1": {
        "transition": "stage_0_ode->stage_1_biosensor_clean",
        "mean_delta": 1.3156387702959014,
        "std_delta": 0.026165742956370263,
        "max_delta": 1.3601242597218723,
        "rms_delta": 1.3158989398924865,
        "fraction_significantly_changed": 1.0
      },
      "delta_1_to_2": {
        "transition": "stage_1_biosensor_clean->stage_2_biosensor_noisy",
        "mean_delta": 0.07000374958088364,
        "std_delta": 0.7838318207925746,
        "max_delta": 9.220840013984121,
        "rms_delta": 0.7869516174723741,
        "fraction_significantly_changed": 0.997229916897507
      },
      "delta_2_to_3": {
        "transition": "stage_2_biosensor_noisy->stage_3_thresholded",
        "mean_delta": -1.7022437379117568,
        "std_delta": 0.9611772460765156,
        "max_delta": 7.281978706352468,
        "rms_delta": 1.954864558386341,
        "fraction_significantly_changed": 0.8781163434903048
      }
    },
    "propagation_integrity": {
      "stages_recorded": 5,
      "biological_hash_consistent": false,
      "all_stages_use_same_time": true
    }
  }
}