{
  "run_id": "b624871d-d726-42df-9045-90e16a1c7445",
  "timestamp": "2026-06-27T17:23:23.957335",
  "scenario": "ckd_mbd",
  "biosensor_config": {
    "circuit_type": "array",
    "kd_scl": 0.5667243589399905,
    "kd_ctx": 2.5331026002034798,
    "kd_p1np": 1.7321725808612414,
    "w_scl": 0.5686028042753423,
    "w_ctx": 0.26633763655017567,
    "w_p1np": 0.16505955917448215,
    "sensitivity": 0.550983903320655,
    "threshold": 1.4197304586053123,
    "dynamic_range": [
      0.0,
      1.9944659378595957
    ],
    "kd": 0.5667243589399905
  },
  "noise_preset": "realistic",
  "measurement": {
    "snr_db": 13.20023208000367,
    "n_detections": 0,
    "detection_rate": 0.0,
    "time_to_detection": 9000.0,
    "false_negative_rate": 1.0
  },
  "environment_params": {
    "Estrogen": 0.6471525132974157,
    "PTH": 200.27156643408583,
    "k_prod_Scl": 2.8335778488262577e-06,
    "k_deg_Scl": 6.0979648248318794e-05,
    "Sclerostin_bone": 0.05199702162833953,
    "k_prod_RANKL": 6.5932821829827285e-06,
    "k_deg_RANKL": 2.0817714485696187e-05,
    "RANKL_bone": 0.9276398053015057,
    "k_prod_OPG": 0.00014078580791167822,
    "k_deg_OPG": 2.298099136355123e-05,
    "OPG_bone": 5.790374781274308,
    "MineralIon": 3.8395434301400964,
    "k_prod_Mineral": 0.1579501750357201,
    "k_loss_Mineral": 0.05917157891509488,
    "k_prod_CTX": 6.386141448340997e-07,
    "k_deg_CTX": 7.6709039730538e-06,
    "CTX_bone": 0.026643561788082304,
    "k_prod_P1NP": 1.0378473803280606e-07,
    "k_deg_P1NP": 1.2755852277827323e-05,
    "P1NP_bone": 0.024528960608915233,
    "Sclerostin_sensor": 1.2999255407084882,
    "RANKL_sensor": 27.82919415904517,
    "OPG_sensor": 173.71124343822925,
    "CTX_sensor": 0.6660890447020575,
    "P1NP_sensor": 0.6132240152228808
  },
  "equilibration_check": {
    "Sclerostin_bone": 0.000250373175835708,
    "RANKL_bone": 4.6316902897037126e-05,
    "OPG_bone": 5.3048602779765986e-05,
    "CTX_bone": 1.146206920945744e-05,
    "P1NP_bone": 0.0001323043703236676,
    "Osteocytes": 8.042394873675586e-05,
    "Osteoblasts": 2.547710326089183e-06,
    "Osteoclasts": 1.9649670725542592e-05,
    "MineralIon": 2.547103916619621e-06,
    "Sclerostin_sensor": 0.00025050087662749414,
    "RANKL_sensor": 4.634021509473993e-05,
    "OPG_sensor": 5.307778295044331e-05,
    "CTX_sensor": 1.1461127862346009e-05,
    "P1NP_sensor": 0.00013232058754908863
  },
  "sclerostin_mean": 1.2926038093711238,
  "sclerostin_max": 1.29813116539307,
  "sclerostin_min": 1.2871130350986288,
  "sclerostin_std": 0.0031934090512499833,
  "ctx_mean": 0.6662426629913432,
  "p1np_mean": 0.61140570364085,
  "metadata_file": "metadata/b624871d-d726-42df-9045-90e16a1c7445.json",
  "timeseries_file": "timeseries/b624871d-d726-42df-9045-90e16a1c7445.csv",
  "instrumentation": {
    "biological_realization": {
      "rng_seed": 568594431,
      "scenario": "ckd_mbd",
      "realization_hash": "1569d8bbf88227ff"
    },
    "stages": {
      "stage_0_ode": {
        "stage": "stage_0_ode",
        "description": "ODE concentration output",
        "mean_signal": 1.2926038093711238,
        "std_signal": 0.0031934090512499833,
        "min_signal": 1.2871130350986288,
        "max_signal": 1.29813116539307,
        "median_signal": 1.2925938250420481,
        "q25_signal": 1.2898407201518685,
        "q75_signal": 1.2953625085570903,
        "auc_total": 4653.373530827299,
        "auc_per_second": 1.2926037585631387,
        "terminal_mean": 1.2876413057989715,
        "terminal_std": 0.0003138152316312874,
        "signal_range": 0.011018130294441209,
        "cv_coefficient": 0.0024705242457885353,
        "species_tracked": "Sclerostin_sensor or Sclerostin_bone"
      },
      "stage_1_biosensor_clean": {
        "stage": "stage_1_biosensor_clean",
        "description": "Biosensor output (clean signal, no noise)",
        "mean_signal": 1.1057090913494598,
        "std_signal": 0.0005102450445719123,
        "min_signal": 1.1048300954049812,
        "max_signal": 1.1065909916794745,
        "median_signal": 1.1057082638050642,
        "q25_signal": 1.1052678742829005,
        "q75_signal": 1.106149974756991,
        "auc_total": 3980.552714336127,
        "auc_per_second": 1.1057090873155908,
        "terminal_mean": 1.1049149933267763,
        "terminal_std": 5.042115449293289e-05,
        "signal_range": 0.0017608962744932732,
        "cv_coefficient": 0.00046146409445651306,
        "biosensor_type": "array",
        "kd": 0.5667243589399905,
        "sensitivity": 0.550983903320655
      },
      "stage_2_biosensor_noisy": {
        "stage": "stage_2_biosensor_noisy",
        "description": "Biosensor output (with noise injection)",
        "mean_signal": 1.156780736183599,
        "std_signal": 0.23638964744141674,
        "min_signal": 0.4517530962185097,
        "max_signal": 2.9458948089189363,
        "median_signal": 1.1577805369463476,
        "q25_signal": 1.0311063400534235,
        "q75_signal": 1.299111987016952,
        "auc_total": 4165.410426327529,
        "auc_per_second": 1.157058451757647,
        "terminal_mean": 1.1988127759744842,
        "terminal_std": 0.1816966250605889,
        "signal_range": 2.4941417127004266,
        "cv_coefficient": 0.20435130016195055,
        "noise_preset": "realistic",
        "snr_db": 13.20023208000367
      },
      "stage_3_thresholded": {
        "stage": "stage_3_thresholded",
        "description": "Threshold crossing detection",
        "threshold": 1.4197304586053123,
        "fraction_above_threshold": 0.09695290858725762,
        "time_to_first_crossing": 280.0,
        "n_threshold_crossings": 60,
        "mean_signal_above": 1.5567918919534154,
        "std_signal_above": 0.25582458454472695,
        "mean_signal_below": 1.113834753202177,
        "std_signal_below": 0.1892875979760939,
        "mean_margin_above_threshold": 0.13706143334810317,
        "mean_margin_below_threshold": -0.3058957054031352
      },
      "stage_4_ttd": {
        "stage": "stage_4_ttd",
        "description": "Time-to-detection assignment",
        "ttd_seconds": 9000.0,
        "detected": false,
        "is_sentinel": true
      }
    },
    "stage_deltas": {
      "delta_0_to_1": {
        "transition": "stage_0_ode->stage_1_biosensor_clean",
        "mean_delta": -0.1868947180216641,
        "std_delta": 0.0026831645478762275,
        "max_delta": 0.19154017371359555,
        "rms_delta": 0.1869139775308105,
        "fraction_significantly_changed": 1.0
      },
      "delta_1_to_2": {
        "transition": "stage_1_biosensor_clean->stage_2_biosensor_noisy",
        "mean_delta": 0.05107164483413941,
        "std_delta": 0.23644348325143225,
        "max_delta": 1.839911748908379,
        "rms_delta": 0.24189632836844546,
        "fraction_significantly_changed": 1.0
      },
      "delta_2_to_3": {
        "transition": "stage_2_biosensor_noisy->stage_3_thresholded",
        "mean_delta": -1.0058452341936557,
        "std_delta": 0.3754686870702874,
        "max_delta": 1.4182454057564122,
        "rms_delta": 1.0736393109980538,
        "fraction_significantly_changed": 0.9030470914127424
      }
    },
    "propagation_integrity": {
      "stages_recorded": 5,
      "biological_hash_consistent": false,
      "all_stages_use_same_time": true
    }
  }
}