{
  "run_id": "b793ee6a-b710-4bd3-8152-b1f763e87781",
  "timestamp": "2026-06-27T17:23:19.318609",
  "scenario": "ckd_mbd",
  "biosensor_config": {
    "circuit_type": "array",
    "kd_scl": 5.6837072586049295,
    "kd_ctx": 2.084827467274618,
    "kd_p1np": 1.0580079734195673,
    "w_scl": 0.08421626520448727,
    "w_ctx": 0.7988182563203681,
    "w_p1np": 0.11696547847514481,
    "sensitivity": 4.5021635951099945,
    "threshold": 5.880715453542894,
    "dynamic_range": [
      0.0,
      19.492765412797187
    ],
    "kd": 5.6837072586049295
  },
  "noise_preset": "realistic",
  "measurement": {
    "snr_db": 9.146113569443832,
    "n_detections": 1,
    "detection_rate": 1.0,
    "time_to_detection": 230.0,
    "false_negative_rate": 0.0
  },
  "environment_params": {
    "Estrogen": 0.5457590177390582,
    "PTH": 186.34841547740675,
    "k_prod_Scl": 1.2517606196559266e-06,
    "k_deg_Scl": 5.883924842378205e-05,
    "Sclerostin_bone": 0.06944685777233202,
    "k_prod_RANKL": 6.718956294313055e-06,
    "k_deg_RANKL": 2.2183181023426847e-05,
    "RANKL_bone": 1.024507259722329,
    "k_prod_OPG": 0.00013297350896775167,
    "k_deg_OPG": 1.9148427115578627e-05,
    "OPG_bone": 5.57501469831094,
    "MineralIon": 4.2407889401148,
    "k_prod_Mineral": 0.1306966203001819,
    "k_loss_Mineral": 0.05511906364096527,
    "k_prod_CTX": 5.017311191830489e-07,
    "k_deg_CTX": 1.0218564674581541e-05,
    "CTX_bone": 0.03063824035633313,
    "k_prod_P1NP": 1.0299742378000056e-07,
    "k_deg_P1NP": 1.4845768709001687e-05,
    "P1NP_bone": 0.03719459942930294,
    "Sclerostin_sensor": 1.7361714443083005,
    "RANKL_sensor": 30.73521779166987,
    "OPG_sensor": 167.2504409493282,
    "CTX_sensor": 0.7659560089083283,
    "P1NP_sensor": 0.9298649857325736
  },
  "equilibration_check": {
    "Sclerostin_bone": 0.0010994502971168137,
    "RANKL_bone": 8.458293383360342e-05,
    "OPG_bone": 4.19892639665446e-05,
    "CTX_bone": 0.00013699864150786264,
    "P1NP_bone": 0.0002842981772502493,
    "Osteocytes": 9.767357075238285e-05,
    "Osteoblasts": 1.4573810551475534e-05,
    "Osteoclasts": 3.560890119012017e-05,
    "MineralIon": 1.4580149652369008e-05,
    "Sclerostin_sensor": 0.0010997759366242303,
    "RANKL_sensor": 8.463007609547724e-05,
    "OPG_sensor": 4.2003459712335e-05,
    "CTX_sensor": 0.00013700693671324536,
    "P1NP_sensor": 0.0002843217653208807
  },
  "sclerostin_mean": 1.6935845414459179,
  "sclerostin_max": 1.7255457376647512,
  "sclerostin_min": 1.6622034178608447,
  "sclerostin_std": 0.018338547930357316,
  "ctx_mean": 0.763590846412449,
  "p1np_mean": 0.9239587419343348,
  "metadata_file": "metadata/b793ee6a-b710-4bd3-8152-b1f763e87781.json",
  "timeseries_file": "timeseries/b793ee6a-b710-4bd3-8152-b1f763e87781.csv",
  "instrumentation": {
    "biological_realization": {
      "rng_seed": 1829669690,
      "scenario": "ckd_mbd",
      "realization_hash": "341f6e0c5baf0567"
    },
    "stages": {
      "stage_0_ode": {
        "stage": "stage_0_ode",
        "description": "ODE concentration output",
        "mean_signal": 1.6935845414459179,
        "std_signal": 0.018338547930357316,
        "min_signal": 1.6622034178608447,
        "max_signal": 1.7255457376647512,
        "median_signal": 1.6934377357681165,
        "q25_signal": 1.677708660508397,
        "q75_signal": 1.7093863140529897,
        "auc_total": 6096.901448842136,
        "auc_per_second": 1.6935837357894823,
        "terminal_mean": 1.6652021965578419,
        "terminal_std": 0.0017817640401868785,
        "signal_range": 0.06334231980390648,
        "cv_coefficient": 0.010828244756355986,
        "species_tracked": "Sclerostin_sensor or Sclerostin_bone"
      },
      "stage_1_biosensor_clean": {
        "stage": "stage_1_biosensor_clean",
        "description": "Biosensor output (clean signal, no noise)",
        "mean_signal": 13.40795335280167,
        "std_signal": 0.02399956936723708,
        "min_signal": 13.366653708072423,
        "max_signal": 13.449554672698621,
        "median_signal": 13.407877034313223,
        "q25_signal": 13.387206137695761,
        "q75_signal": 13.428662081357746,
        "auc_total": 48268.63056171017,
        "auc_per_second": 13.40795293380838,
        "terminal_mean": 13.370641401720384,
        "terminal_std": 0.002368039967045367,
        "signal_range": 0.082900964626198,
        "cv_coefficient": 0.0017899502433920856,
        "biosensor_type": "array",
        "kd": 5.6837072586049295,
        "sensitivity": 4.5021635951099945
      },
      "stage_2_biosensor_noisy": {
        "stage": "stage_2_biosensor_noisy",
        "description": "Biosensor output (with noise injection)",
        "mean_signal": 13.830183819140753,
        "std_signal": 4.658991336762294,
        "min_signal": -44.143925690908254,
        "max_signal": 23.41701779659656,
        "median_signal": 14.090565402395615,
        "q25_signal": 11.950414112163148,
        "q75_signal": 15.946456785534378,
        "auc_total": 49791.04864367054,
        "auc_per_second": 13.83084684546404,
        "terminal_mean": 13.874400051820778,
        "terminal_std": 2.747731164577041,
        "signal_range": 67.56094348750482,
        "cv_coefficient": 0.33687125187116634,
        "noise_preset": "realistic",
        "snr_db": 9.146113569443832
      },
      "stage_3_thresholded": {
        "stage": "stage_3_thresholded",
        "description": "Threshold crossing detection",
        "threshold": 5.880715453542894,
        "fraction_above_threshold": 0.9944598337950139,
        "time_to_first_crossing": 0.0,
        "n_threshold_crossings": 4,
        "mean_signal_above": 14.09257184318577,
        "std_signal_above": 2.9565587857826037,
        "mean_signal_below": -33.26846649693954,
        "std_signal_below": 10.87545919396872,
        "mean_margin_above_threshold": 8.211856389642874,
        "mean_margin_below_threshold": -39.14918195048243
      },
      "stage_4_ttd": {
        "stage": "stage_4_ttd",
        "description": "Time-to-detection assignment",
        "ttd_seconds": 230.0,
        "detected": true,
        "is_sentinel": false
      }
    },
    "stage_deltas": {
      "delta_0_to_1": {
        "transition": "stage_0_ode->stage_1_biosensor_clean",
        "mean_delta": 11.714368811355754,
        "std_delta": 0.00566174320718273,
        "max_delta": 11.72400893503387,
        "rms_delta": 11.714370179561534,
        "fraction_significantly_changed": 1.0
      },
      "delta_1_to_2": {
        "transition": "stage_1_biosensor_clean->stage_2_biosensor_noisy",
        "mean_delta": 0.4222304663390834,
        "std_delta": 4.658869200398381,
        "max_delta": 57.52930010143581,
        "rms_delta": 4.677963316778528,
        "fraction_significantly_changed": 0.997229916897507
      },
      "delta_2_to_3": {
        "transition": "stage_2_biosensor_noisy->stage_3_thresholded",
        "mean_delta": 0.18431283377805838,
        "std_delta": 2.598672866493205,
        "max_delta": 44.143925690908254,
        "rms_delta": 2.605200930397367,
        "fraction_significantly_changed": 0.00554016620498615
      }
    },
    "propagation_integrity": {
      "stages_recorded": 5,
      "biological_hash_consistent": false,
      "all_stages_use_same_time": true
    }
  }
}