{
  "run_id": "ba7ba96a-b8da-4dcb-9c21-06727f0a0e0e",
  "timestamp": "2026-06-27T17:23:29.476955",
  "scenario": "ckd_mbd",
  "biosensor_config": {
    "circuit_type": "array",
    "kd_scl": 7.365946771432869,
    "kd_ctx": 0.1383434535008716,
    "kd_p1np": 5.6872909453752944,
    "w_scl": 0.7393341135385502,
    "w_ctx": 0.1726479439288256,
    "w_p1np": 0.08801794253262424,
    "sensitivity": 0.9001389605603441,
    "threshold": 2.122047093994019,
    "dynamic_range": [
      0.0,
      4.322805820325993
    ],
    "kd": 7.365946771432869
  },
  "noise_preset": "realistic",
  "measurement": {
    "snr_db": 13.070635481231644,
    "n_detections": 1,
    "detection_rate": 1.0,
    "time_to_detection": 3380.0,
    "false_negative_rate": 0.04
  },
  "environment_params": {
    "Estrogen": 0.512400462749942,
    "PTH": 187.56553636233906,
    "k_prod_Scl": 3.3761881013370292e-06,
    "k_deg_Scl": 5.487737540543447e-05,
    "Sclerostin_bone": 0.04802232408978595,
    "k_prod_RANKL": 6.567240168290809e-06,
    "k_deg_RANKL": 2.3982865009935322e-05,
    "RANKL_bone": 0.8122856236406578,
    "k_prod_OPG": 9.388909981061958e-05,
    "k_deg_OPG": 2.110291694265019e-05,
    "OPG_bone": 6.272086362698336,
    "MineralIon": 3.9867051004160627,
    "k_prod_Mineral": 0.15277537646904935,
    "k_loss_Mineral": 0.05265151152198884,
    "k_prod_CTX": 3.9741710897791347e-07,
    "k_deg_CTX": 1.086408739825411e-05,
    "CTX_bone": 0.020772059483033685,
    "k_prod_P1NP": 1.6128965040623656e-07,
    "k_deg_P1NP": 1.5208781355910873e-05,
    "P1NP_bone": 0.01959711569174339,
    "Sclerostin_sensor": 1.2005581022446488,
    "RANKL_sensor": 24.368568709219733,
    "OPG_sensor": 188.1625908809501,
    "CTX_sensor": 0.5193014870758421,
    "P1NP_sensor": 0.48992789229358474
  },
  "equilibration_check": {
    "Sclerostin_bone": 0.0009930491318258475,
    "RANKL_bone": 5.223121552605357e-06,
    "OPG_bone": 0.00021820725486112314,
    "CTX_bone": 0.0001472649372198139,
    "P1NP_bone": 3.25913262653366e-05,
    "Osteocytes": 8.496013845537877e-05,
    "Osteoblasts": 9.86299817743721e-06,
    "Osteoclasts": 0.00012226669999910214,
    "MineralIon": 9.864644023158818e-06,
    "Sclerostin_sensor": 0.0009943974849432778,
    "RANKL_sensor": 5.232244612173454e-06,
    "OPG_sensor": 0.00021827456990803338,
    "CTX_sensor": 0.00014728817777999396,
    "P1NP_sensor": 3.260119966013137e-05
  },
  "sclerostin_mean": 1.2298013866573636,
  "sclerostin_max": 1.2511529927877847,
  "sclerostin_min": 1.2079231133185837,
  "sclerostin_std": 0.012507941008349505,
  "ctx_mean": 0.5175784037507005,
  "p1np_mean": 0.4902949788360205,
  "metadata_file": "metadata/ba7ba96a-b8da-4dcb-9c21-06727f0a0e0e.json",
  "timeseries_file": "timeseries/ba7ba96a-b8da-4dcb-9c21-06727f0a0e0e.csv",
  "instrumentation": {
    "biological_realization": {
      "rng_seed": 1058474737,
      "scenario": "ckd_mbd",
      "realization_hash": "45c4eb7e3aa725bb"
    },
    "stages": {
      "stage_0_ode": {
        "stage": "stage_0_ode",
        "description": "ODE concentration output",
        "mean_signal": 1.2298013866573636,
        "std_signal": 0.012507941008349505,
        "min_signal": 1.2079231133185837,
        "max_signal": 1.2511529927877847,
        "median_signal": 1.2299330728089697,
        "q25_signal": 1.2190386680086978,
        "q75_signal": 1.2406320214795614,
        "auc_total": 4427.2876253025515,
        "auc_per_second": 1.2298021181395977,
        "terminal_mean": 1.2491194505215493,
        "terminal_std": 0.0012083612103575795,
        "signal_range": 0.04322987946920098,
        "cv_coefficient": 0.010170700036651005,
        "species_tracked": "Sclerostin_sensor or Sclerostin_bone"
      },
      "stage_1_biosensor_clean": {
        "stage": "stage_1_biosensor_clean",
        "description": "Biosensor output (clean signal, no noise)",
        "mean_signal": 2.2813563584265193,
        "std_signal": 0.017099694576724417,
        "min_signal": 2.2513953756908465,
        "max_signal": 2.310496868787293,
        "median_signal": 2.2815616555301603,
        "q25_signal": 2.266649742536817,
        "q75_signal": 2.2961687134401445,
        "auc_total": 8212.886992697344,
        "auc_per_second": 2.2813574979714843,
        "terminal_mean": 2.307729991967911,
        "terminal_std": 0.0016443749609845958,
        "signal_range": 0.05910149309644641,
        "cv_coefficient": 0.007495407069379681,
        "biosensor_type": "array",
        "kd": 7.365946771432869,
        "sensitivity": 0.9001389605603441
      },
      "stage_2_biosensor_noisy": {
        "stage": "stage_2_biosensor_noisy",
        "description": "Biosensor output (with noise injection)",
        "mean_signal": 2.3689690000367607,
        "std_signal": 0.5009030407418598,
        "min_signal": 0.3611529319237845,
        "max_signal": 3.8534335169150054,
        "median_signal": 2.3678931423371132,
        "q25_signal": 2.0298191836329487,
        "q75_signal": 2.6851683333680176,
        "auc_total": 8523.65185851347,
        "auc_per_second": 2.3676810718092973,
        "terminal_mean": 2.5423429979428054,
        "terminal_std": 0.5351467130828367,
        "signal_range": 3.492280584991221,
        "cv_coefficient": 0.21144347635367408,
        "noise_preset": "realistic",
        "snr_db": 13.070635481231644
      },
      "stage_3_thresholded": {
        "stage": "stage_3_thresholded",
        "description": "Threshold crossing detection",
        "threshold": 2.122047093994019,
        "fraction_above_threshold": 0.7008310249307479,
        "time_to_first_crossing": 0.0,
        "n_threshold_crossings": 150,
        "mean_signal_above": 2.616601823317724,
        "std_signal_above": 0.3457814416993464,
        "mean_signal_below": 1.7888661825359848,
        "std_signal_below": 0.2800106540565069,
        "mean_margin_above_threshold": 0.4945547293237052,
        "mean_margin_below_threshold": -0.33318091145803463
      },
      "stage_4_ttd": {
        "stage": "stage_4_ttd",
        "description": "Time-to-detection assignment",
        "ttd_seconds": 3380.0,
        "detected": true,
        "is_sentinel": false
      }
    },
    "stage_deltas": {
      "delta_0_to_1": {
        "transition": "stage_0_ode->stage_1_biosensor_clean",
        "mean_delta": 1.0515549717691557,
        "std_delta": 0.004591794347524619,
        "max_delta": 1.0593438759995082,
        "rms_delta": 1.0515649971484216,
        "fraction_significantly_changed": 1.0
      },
      "delta_1_to_2": {
        "transition": "stage_1_biosensor_clean->stage_2_biosensor_noisy",
        "mean_delta": 0.08761264161024127,
        "std_delta": 0.4989619808024043,
        "max_delta": 1.916463336936113,
        "rms_delta": 0.5065955322110366,
        "fraction_significantly_changed": 0.9944598337950139
      },
      "delta_2_to_3": {
        "transition": "stage_2_biosensor_noisy->stage_3_thresholded",
        "mean_delta": -0.5351732623653361,
        "std_delta": 0.8333064038484351,
        "max_delta": 2.1185092966811947,
        "rms_delta": 0.9903585125829777,
        "fraction_significantly_changed": 0.29916897506925205
      }
    },
    "propagation_integrity": {
      "stages_recorded": 5,
      "biological_hash_consistent": false,
      "all_stages_use_same_time": true
    }
  }
}