{
  "run_id": "bd089d0f-0eb3-4d9e-854e-6bf093b8fb5f",
  "timestamp": "2026-06-27T17:24:00.045857",
  "scenario": "ckd_mbd",
  "biosensor_config": {
    "circuit_type": "array",
    "kd_scl": 5.2209422508411185,
    "kd_ctx": 0.6118800069272602,
    "kd_p1np": 0.60961916641207,
    "w_scl": 0.4757216164287618,
    "w_ctx": 0.409665797731825,
    "w_p1np": 0.11461258583941314,
    "sensitivity": 0.8400806265148034,
    "threshold": 1.9803375053536172,
    "dynamic_range": [
      0.0,
      3.6382272527844273
    ],
    "kd": 5.2209422508411185
  },
  "noise_preset": "realistic",
  "measurement": {
    "snr_db": 12.91351057917099,
    "n_detections": 1,
    "detection_rate": 1.0,
    "time_to_detection": 840.0,
    "false_negative_rate": 0.0
  },
  "environment_params": {
    "Estrogen": 0.5375457537727544,
    "PTH": 164.06718331734749,
    "k_prod_Scl": 2.8388192444077944e-06,
    "k_deg_Scl": 6.257938196441589e-05,
    "Sclerostin_bone": 0.0573153080723511,
    "k_prod_RANKL": 6.693325091813901e-06,
    "k_deg_RANKL": 1.8842789169807716e-05,
    "RANKL_bone": 0.9724178577626741,
    "k_prod_OPG": 0.00013589153729259287,
    "k_deg_OPG": 1.8218085908720134e-05,
    "OPG_bone": 7.455380784387321,
    "MineralIon": 4.029434136526819,
    "k_prod_Mineral": 0.15870521377335498,
    "k_loss_Mineral": 0.043152003199134314,
    "k_prod_CTX": 4.5323567176764025e-07,
    "k_deg_CTX": 1.0702243754847865e-05,
    "CTX_bone": 0.05425651493474453,
    "k_prod_P1NP": 8.395616208091754e-08,
    "k_deg_P1NP": 1.684859693309644e-05,
    "P1NP_bone": 0.06603227973112973,
    "Sclerostin_sensor": 1.4328827018087775,
    "RANKL_sensor": 29.172535732880224,
    "OPG_sensor": 223.66142353161965,
    "CTX_sensor": 1.3564128733686132,
    "P1NP_sensor": 1.6508069932782432
  },
  "equilibration_check": {
    "Sclerostin_bone": 6.232071898101833e-05,
    "RANKL_bone": 3.219210884355474e-05,
    "OPG_bone": 2.4611483858125748e-05,
    "CTX_bone": 0.00025095318297328837,
    "P1NP_bone": 0.0004359334462079148,
    "Osteocytes": 9.171905398034287e-05,
    "Osteoblasts": 7.138546705669581e-07,
    "Osteoclasts": 2.031809644065577e-05,
    "MineralIon": 7.142004500685429e-07,
    "Sclerostin_sensor": 6.246355861203905e-05,
    "RANKL_sensor": 3.220860512997421e-05,
    "OPG_sensor": 2.4621817684907435e-05,
    "CTX_sensor": 0.00025096277349660225,
    "P1NP_sensor": 0.0004359493359147346
  },
  "sclerostin_mean": 1.435316326277782,
  "sclerostin_max": 1.4369268568176996,
  "sclerostin_min": 1.4335506202308537,
  "sclerostin_std": 0.0009717011161916913,
  "ctx_mean": 1.3488192914748076,
  "p1np_mean": 1.6347922658822702,
  "metadata_file": "metadata/bd089d0f-0eb3-4d9e-854e-6bf093b8fb5f.json",
  "timeseries_file": "timeseries/bd089d0f-0eb3-4d9e-854e-6bf093b8fb5f.csv",
  "instrumentation": {
    "biological_realization": {
      "rng_seed": 391259555,
      "scenario": "ckd_mbd",
      "realization_hash": "85061ca3f23c005d"
    },
    "stages": {
      "stage_0_ode": {
        "stage": "stage_0_ode",
        "description": "ODE concentration output",
        "mean_signal": 1.435316326277782,
        "std_signal": 0.0009717011161916913,
        "min_signal": 1.4335506202308537,
        "max_signal": 1.4369268568176996,
        "median_signal": 1.4353543174571095,
        "q25_signal": 1.4344926095230932,
        "q75_signal": 1.4361603625185908,
        "auc_total": 5167.13955047755,
        "auc_per_second": 1.4353165417993194,
        "terminal_mean": 1.4367801647902205,
        "terminal_std": 8.729895307555094e-05,
        "signal_range": 0.0033762365868459376,
        "cv_coefficient": 0.0006769944007476123,
        "species_tracked": "Sclerostin_sensor or Sclerostin_bone"
      },
      "stage_1_biosensor_clean": {
        "stage": "stage_1_biosensor_clean",
        "description": "Biosensor output (clean signal, no noise)",
        "mean_signal": 2.439330230859271,
        "std_signal": 0.0002767083976200534,
        "min_signal": 2.438806708260892,
        "max_signal": 2.439743580395687,
        "median_signal": 2.4393572089351814,
        "q25_signal": 2.4390960496906917,
        "q75_signal": 2.439578836096288,
        "auc_total": 8781.589381958685,
        "auc_per_second": 2.4393303838774125,
        "terminal_mean": 2.4388646464803396,
        "terminal_std": 3.423610671258709e-05,
        "signal_range": 0.000936872134794875,
        "cv_coefficient": 0.00011343621872901602,
        "biosensor_type": "array",
        "kd": 5.2209422508411185,
        "sensitivity": 0.8400806265148034
      },
      "stage_2_biosensor_noisy": {
        "stage": "stage_2_biosensor_noisy",
        "description": "Biosensor output (with noise injection)",
        "mean_signal": 2.509770594280419,
        "std_signal": 0.5470191181494041,
        "min_signal": 0.8138012650067615,
        "max_signal": 4.247725708187327,
        "median_signal": 2.510466924972649,
        "q25_signal": 2.120386790087455,
        "q75_signal": 2.875128239827704,
        "auc_total": 9033.426017725515,
        "auc_per_second": 2.509285004923754,
        "terminal_mean": 2.5876713351549987,
        "terminal_std": 0.5462534200491046,
        "signal_range": 3.4339244431805658,
        "cv_coefficient": 0.21795582408847247,
        "noise_preset": "realistic",
        "snr_db": 12.91351057917099
      },
      "stage_3_thresholded": {
        "stage": "stage_3_thresholded",
        "description": "Threshold crossing detection",
        "threshold": 1.9803375053536172,
        "fraction_above_threshold": 0.853185595567867,
        "time_to_first_crossing": 0.0,
        "n_threshold_crossings": 94,
        "mean_signal_above": 2.6498426398660153,
        "std_signal_above": 0.45103589813219325,
        "mean_signal_below": 1.6957670086131817,
        "std_signal_below": 0.28162620316447345,
        "mean_margin_above_threshold": 0.6695051345123978,
        "mean_margin_below_threshold": -0.28457049674043566
      },
      "stage_4_ttd": {
        "stage": "stage_4_ttd",
        "description": "Time-to-detection assignment",
        "ttd_seconds": 840.0,
        "detected": true,
        "is_sentinel": false
      }
    },
    "stage_deltas": {
      "delta_0_to_1": {
        "transition": "stage_0_ode->stage_1_biosensor_clean",
        "mean_delta": 1.004013904581489,
        "std_delta": 0.001246734128512038,
        "max_delta": 1.0061929601648334,
        "rms_delta": 1.0040146786471573,
        "fraction_significantly_changed": 1.0
      },
      "delta_1_to_2": {
        "transition": "stage_1_biosensor_clean->stage_2_biosensor_noisy",
        "mean_delta": 0.07044036342114793,
        "std_delta": 0.5470464511676302,
        "max_delta": 1.8086730363987789,
        "rms_delta": 0.5515629288975119,
        "fraction_significantly_changed": 1.0
      },
      "delta_2_to_3": {
        "transition": "stage_2_biosensor_noisy->stage_3_thresholded",
        "mean_delta": -0.24896302342520393,
        "std_delta": 0.6097909740616706,
        "max_delta": 1.9800965457264008,
        "rms_delta": 0.6586559185797237,
        "fraction_significantly_changed": 0.14681440443213298
      }
    },
    "propagation_integrity": {
      "stages_recorded": 5,
      "biological_hash_consistent": false,
      "all_stages_use_same_time": true
    }
  }
}