{
  "run_id": "bea1c6ff-e76e-40a9-857d-9186513f0725",
  "timestamp": "2026-06-27T17:23:48.574993",
  "scenario": "ckd_mbd",
  "biosensor_config": {
    "circuit_type": "array",
    "kd_scl": 0.8728107165751073,
    "kd_ctx": 0.3087197685915926,
    "kd_p1np": 1.1877854573596605,
    "w_scl": 0.5119678097825693,
    "w_ctx": 0.18698565643925497,
    "w_p1np": 0.30104653377817564,
    "sensitivity": 0.7292931225034373,
    "threshold": 1.419716907991888,
    "dynamic_range": [
      0.0,
      2.493300445681607
    ],
    "kd": 0.8728107165751073
  },
  "noise_preset": "realistic",
  "measurement": {
    "snr_db": 13.078349583990374,
    "n_detections": 0,
    "detection_rate": 0.0,
    "time_to_detection": 9000.0,
    "false_negative_rate": 1.0
  },
  "environment_params": {
    "Estrogen": 0.6089355054072517,
    "PTH": 153.68997971948306,
    "k_prod_Scl": 1.634064698614407e-06,
    "k_deg_Scl": 6.564861267055066e-05,
    "Sclerostin_bone": 0.02511095576671326,
    "k_prod_RANKL": 5.8139632021951656e-06,
    "k_deg_RANKL": 1.961475407633929e-05,
    "RANKL_bone": 1.0106828818897475,
    "k_prod_OPG": 0.00011466391169231501,
    "k_deg_OPG": 2.2114767552236337e-05,
    "OPG_bone": 4.967516216232495,
    "MineralIon": 3.8172570824247614,
    "k_prod_Mineral": 0.12945122876617235,
    "k_loss_Mineral": 0.05378780304194355,
    "k_prod_CTX": 4.290022653502917e-07,
    "k_deg_CTX": 9.41525241884497e-06,
    "CTX_bone": 0.016830323714084324,
    "k_prod_P1NP": 1.5222354388013858e-07,
    "k_deg_P1NP": 1.2404156328363628e-05,
    "P1NP_bone": 0.012849170327778853,
    "Sclerostin_sensor": 0.6277738941678315,
    "RANKL_sensor": 30.320486456692425,
    "OPG_sensor": 149.02548648697484,
    "CTX_sensor": 0.4207580928521081,
    "P1NP_sensor": 0.32122925819447135
  },
  "equilibration_check": {
    "Sclerostin_bone": 0.00029899210683600357,
    "RANKL_bone": 9.703822662575438e-05,
    "OPG_bone": 4.032978917403839e-05,
    "CTX_bone": 8.103942698632124e-07,
    "P1NP_bone": 0.0003315802903531588,
    "Osteocytes": 4.128367316105494e-05,
    "Osteoblasts": 1.5280611367325334e-06,
    "Osteoclasts": 3.5961443092732634e-05,
    "MineralIon": 1.5286790185149617e-06,
    "Sclerostin_sensor": 0.0002993593600635799,
    "RANKL_sensor": 9.707637863817338e-05,
    "OPG_sensor": 4.035451846971383e-05,
    "CTX_sensor": 8.056790297608224e-07,
    "P1NP_sensor": 0.00033169107169053763
  },
  "sclerostin_mean": 0.6323111535664105,
  "sclerostin_max": 0.6355956214108063,
  "sclerostin_min": 0.6289247060166899,
  "sclerostin_std": 0.0019296646252514372,
  "ctx_mean": 0.4207317488863437,
  "p1np_mean": 0.32366481777067474,
  "metadata_file": "metadata/bea1c6ff-e76e-40a9-857d-9186513f0725.json",
  "timeseries_file": "timeseries/bea1c6ff-e76e-40a9-857d-9186513f0725.csv",
  "instrumentation": {
    "biological_realization": {
      "rng_seed": 329720993,
      "scenario": "ckd_mbd",
      "realization_hash": "00c0a96bb4255243"
    },
    "stages": {
      "stage_0_ode": {
        "stage": "stage_0_ode",
        "description": "ODE concentration output",
        "mean_signal": 0.6323111535664105,
        "std_signal": 0.0019296646252514372,
        "min_signal": 0.6289247060166899,
        "max_signal": 0.6355956214108063,
        "median_signal": 0.6323366035486089,
        "q25_signal": 0.6306525158076979,
        "q75_signal": 0.6339829596181225,
        "auc_total": 2276.3206627376044,
        "auc_per_second": 0.6323112952048902,
        "terminal_mean": 0.6352843356052701,
        "terminal_std": 0.00018501176998285887,
        "signal_range": 0.00667091539411635,
        "cv_coefficient": 0.003051764332113379,
        "species_tracked": "Sclerostin_sensor or Sclerostin_bone"
      },
      "stage_1_biosensor_clean": {
        "stage": "stage_1_biosensor_clean",
        "description": "Biosensor output (clean signal, no noise)",
        "mean_signal": 0.9285718992380408,
        "std_signal": 0.001454448040572712,
        "min_signal": 0.9260288661256454,
        "max_signal": 0.9310558010751495,
        "median_signal": 0.9285866717638859,
        "q25_signal": 0.9273202597922461,
        "q75_signal": 0.9298311650834201,
        "auc_total": 3342.8591329133224,
        "auc_per_second": 0.9285719813648118,
        "terminal_mean": 0.9308190346842166,
        "terminal_std": 0.00014068371210663528,
        "signal_range": 0.005026934949504125,
        "cv_coefficient": 0.0015663278651509805,
        "biosensor_type": "array",
        "kd": 0.8728107165751073,
        "sensitivity": 0.7292931225034373
      },
      "stage_2_biosensor_noisy": {
        "stage": "stage_2_biosensor_noisy",
        "description": "Biosensor output (with noise injection)",
        "mean_signal": 0.9728739086218657,
        "std_signal": 0.20147508004238418,
        "min_signal": 0.3784154094225684,
        "max_signal": 1.5079078437560347,
        "median_signal": 0.9700010318973794,
        "q25_signal": 0.8183394503501964,
        "q75_signal": 1.1211121482515363,
        "auc_total": 3501.9270724569833,
        "auc_per_second": 0.9727575201269398,
        "terminal_mean": 1.0365816571126878,
        "terminal_std": 0.17273252740671924,
        "signal_range": 1.1294924343334662,
        "cv_coefficient": 0.20709269542214953,
        "noise_preset": "realistic",
        "snr_db": 13.078349583990374
      },
      "stage_3_thresholded": {
        "stage": "stage_3_thresholded",
        "description": "Threshold crossing detection",
        "threshold": 1.419716907991888,
        "fraction_above_threshold": 0.013850415512465374,
        "time_to_first_crossing": 1620.0,
        "n_threshold_crossings": 10,
        "mean_signal_above": 1.455563162393252,
        "std_signal_above": 0.03135200315209893,
        "mean_signal_below": 0.9660945651700206,
        "std_signal_below": 0.1944999793751573,
        "mean_margin_above_threshold": 0.035846254401363756,
        "mean_margin_below_threshold": -0.45362234282186764
      },
      "stage_4_ttd": {
        "stage": "stage_4_ttd",
        "description": "Time-to-detection assignment",
        "ttd_seconds": 9000.0,
        "detected": false,
        "is_sentinel": true
      }
    },
    "stage_deltas": {
      "delta_0_to_1": {
        "transition": "stage_0_ode->stage_1_biosensor_clean",
        "mean_delta": 0.29626074567163013,
        "std_delta": 0.00047523866468380556,
        "max_delta": 0.29710416010895546,
        "rms_delta": 0.29626112684201195,
        "fraction_significantly_changed": 1.0
      },
      "delta_1_to_2": {
        "transition": "stage_1_biosensor_clean->stage_2_biosensor_noisy",
        "mean_delta": 0.044302009383825135,
        "std_delta": 0.20119482784277465,
        "max_delta": 0.5778849175449119,
        "rms_delta": 0.20601462760233377,
        "fraction_significantly_changed": 1.0
      },
      "delta_2_to_3": {
        "transition": "stage_2_biosensor_noisy->stage_3_thresholded",
        "mean_delta": -0.9527137540180811,
        "std_delta": 0.22372831790140038,
        "max_delta": 1.4151447064374993,
        "rms_delta": 0.9786306031011981,
        "fraction_significantly_changed": 0.9861495844875346
      }
    },
    "propagation_integrity": {
      "stages_recorded": 5,
      "biological_hash_consistent": false,
      "all_stages_use_same_time": true
    }
  }
}