{
  "run_id": "c0926e74-5839-4325-9d01-7dc1ec8999a7",
  "timestamp": "2026-06-27T17:23:12.288083",
  "scenario": "pmo",
  "biosensor_config": {
    "circuit_type": "array",
    "kd_scl": 0.10892205364259917,
    "kd_ctx": 1.631289067965568,
    "kd_p1np": 0.5444420015297474,
    "w_scl": 0.03107802581177788,
    "w_ctx": 0.06354780058000187,
    "w_p1np": 0.9053741736082203,
    "sensitivity": 3.2147948850791326,
    "threshold": 3.599800906596764,
    "dynamic_range": [
      0.0,
      9.063324366084956
    ],
    "kd": 0.10892205364259917
  },
  "noise_preset": "realistic",
  "measurement": {
    "snr_db": 9.646344429174722,
    "n_detections": 1,
    "detection_rate": 1.0,
    "time_to_detection": 320.0,
    "false_negative_rate": 0.0
  },
  "environment_params": {
    "Estrogen": 0.19673596891970624,
    "PTH": 57.88770429787428,
    "k_prod_Scl": 1.0115859466987453e-06,
    "k_deg_Scl": 6.280369234507466e-05,
    "Sclerostin_bone": 0.02986572365348327,
    "k_prod_RANKL": 4.278798311013913e-06,
    "k_deg_RANKL": 1.8682604373103584e-05,
    "RANKL_bone": 0.9988767262743602,
    "k_prod_OPG": 6.666970675161393e-05,
    "k_deg_OPG": 2.0116478852916454e-05,
    "OPG_bone": 5.241911682172585,
    "MineralIon": 2.899668184002946,
    "k_prod_Mineral": 0.06802229099357787,
    "k_loss_Mineral": 0.02379321421893736,
    "k_prod_CTX": 1.144188832084729e-06,
    "k_deg_CTX": 2.1767130382409544e-05,
    "CTX_bone": 0.03630613205539483,
    "k_prod_P1NP": 1.3784855013898433e-07,
    "k_deg_P1NP": 2.1519211942085727e-05,
    "P1NP_bone": 0.02163935474419433,
    "Sclerostin_sensor": 0.7466430913370817,
    "RANKL_sensor": 29.966301788230805,
    "OPG_sensor": 157.25735046517755,
    "CTX_sensor": 0.9076533013848708,
    "P1NP_sensor": 0.5409838686048583
  },
  "equilibration_check": {
    "Sclerostin_bone": 0.0012083489399778732,
    "RANKL_bone": 4.542148918304181e-05,
    "OPG_bone": 0.0001068358472818441,
    "CTX_bone": 0.00031453249020077533,
    "P1NP_bone": 0.0002662093844802709,
    "Osteocytes": 5.4136660622002826e-05,
    "Osteoblasts": 7.561239987940465e-06,
    "Osteoclasts": 6.208521738359115e-05,
    "MineralIon": 7.5640562621554315e-06,
    "Sclerostin_sensor": 0.001210198529111242,
    "RANKL_sensor": 4.544849656835483e-05,
    "OPG_sensor": 0.00010687583630787027,
    "CTX_sensor": 0.00031459411240782975,
    "P1NP_sensor": 0.0002662566442653063
  },
  "sclerostin_mean": 0.7690018973685282,
  "sclerostin_max": 0.785322780920439,
  "sclerostin_min": 0.7522704690778534,
  "sclerostin_std": 0.009564906577028241,
  "ctx_mean": 0.9011882659675983,
  "p1np_mean": 0.5377497090891727,
  "metadata_file": "metadata/c0926e74-5839-4325-9d01-7dc1ec8999a7.json",
  "timeseries_file": "timeseries/c0926e74-5839-4325-9d01-7dc1ec8999a7.csv",
  "instrumentation": {
    "biological_realization": {
      "rng_seed": 832390743,
      "scenario": "pmo",
      "realization_hash": "c330ea9d8e653666"
    },
    "stages": {
      "stage_0_ode": {
        "stage": "stage_0_ode",
        "description": "ODE concentration output",
        "mean_signal": 0.7690018973685282,
        "std_signal": 0.009564906577028241,
        "min_signal": 0.7522704690778534,
        "max_signal": 0.785322780920439,
        "median_signal": 0.7691048883904419,
        "q25_signal": 0.760770737925052,
        "q75_signal": 0.7772858615879514,
        "auc_total": 2768.408883250396,
        "auc_per_second": 0.7690024675695544,
        "terminal_mean": 0.783770068325405,
        "terminal_std": 0.0009227214583246205,
        "signal_range": 0.0330523118425855,
        "cv_coefficient": 0.012438079294418774,
        "species_tracked": "Sclerostin_sensor or Sclerostin_bone"
      },
      "stage_1_biosensor_clean": {
        "stage": "stage_1_biosensor_clean",
        "description": "Biosensor output (clean signal, no noise)",
        "mean_signal": 4.474661799969103,
        "std_signal": 0.006010652239256423,
        "min_signal": 4.464296855724493,
        "max_signal": 4.485060040845627,
        "median_signal": 4.474653335071924,
        "q25_signal": 4.469468564373804,
        "q75_signal": 4.47985077210672,
        "auc_total": 16108.782313405609,
        "auc_per_second": 4.4746617537237805,
        "terminal_mean": 4.465301516053793,
        "terminal_std": 0.0005964801881346892,
        "signal_range": 0.020763185121134065,
        "cv_coefficient": 0.0013432640293167912,
        "biosensor_type": "array",
        "kd": 0.10892205364259917,
        "sensitivity": 3.2147948850791326
      },
      "stage_2_biosensor_noisy": {
        "stage": "stage_2_biosensor_noisy",
        "description": "Biosensor output (with noise injection)",
        "mean_signal": 4.521681517224664,
        "std_signal": 1.4731565550794232,
        "min_signal": -16.643126838209255,
        "max_signal": 6.792227074317781,
        "median_signal": 4.578880210826911,
        "q25_signal": 4.0184284677973166,
        "q75_signal": 5.204939168280935,
        "auc_total": 16292.030238370631,
        "auc_per_second": 4.525563955102953,
        "terminal_mean": 4.819405775707328,
        "terminal_std": 0.8764790855921062,
        "signal_range": 23.435353912527034,
        "cv_coefficient": 0.32579838926462545,
        "noise_preset": "realistic",
        "snr_db": 9.646344429174722
      },
      "stage_3_thresholded": {
        "stage": "stage_3_thresholded",
        "description": "Threshold crossing detection",
        "threshold": 3.599800906596764,
        "fraction_above_threshold": 0.8587257617728532,
        "time_to_first_crossing": 10.0,
        "n_threshold_crossings": 82,
        "mean_signal_above": 4.834090111182069,
        "std_signal_above": 0.6977266161592358,
        "mean_signal_below": 2.622727318660043,
        "std_signal_below": 2.864114043306275,
        "mean_margin_above_threshold": 1.2342892045853044,
        "mean_margin_below_threshold": -0.9770735879367213
      },
      "stage_4_ttd": {
        "stage": "stage_4_ttd",
        "description": "Time-to-detection assignment",
        "ttd_seconds": 320.0,
        "detected": true,
        "is_sentinel": false
      }
    },
    "stage_deltas": {
      "delta_0_to_1": {
        "transition": "stage_0_ode->stage_1_biosensor_clean",
        "mean_delta": 3.7056599026005745,
        "std_delta": 0.015575428620432577,
        "max_delta": 3.732789571767774,
        "rms_delta": 3.705692635354208,
        "fraction_significantly_changed": 1.0
      },
      "delta_1_to_2": {
        "transition": "stage_1_biosensor_clean->stage_2_biosensor_noisy",
        "mean_delta": 0.047019717255560395,
        "std_delta": 1.4730648413981295,
        "max_delta": 21.11259540258306,
        "rms_delta": 1.4738150768580462,
        "fraction_significantly_changed": 0.9944598337950139
      },
      "delta_2_to_3": {
        "transition": "stage_2_biosensor_noisy->stage_3_thresholded",
        "mean_delta": -0.3705238040212248,
        "std_delta": 1.4118741712575462,
        "max_delta": 16.643126838209255,
        "rms_delta": 1.4596837208143898,
        "fraction_significantly_changed": 0.14127423822714683
      }
    },
    "propagation_integrity": {
      "stages_recorded": 5,
      "biological_hash_consistent": false,
      "all_stages_use_same_time": true
    }
  }
}