{
  "run_id": "c2588a2b-47df-4192-821f-654d6beff541",
  "timestamp": "2026-06-27T17:24:13.438807",
  "scenario": "healthy",
  "biosensor_config": {
    "circuit_type": "array",
    "kd_scl": 6.814649729916118,
    "kd_ctx": 0.38541023799374247,
    "kd_p1np": 7.8081544172127,
    "w_scl": 0.05406764456400511,
    "w_ctx": 0.5236033677040369,
    "w_p1np": 0.4223289877319579,
    "sensitivity": 1.833160343506995,
    "threshold": 2.587693996751238,
    "dynamic_range": [
      0.0,
      6.38647184932489
    ],
    "kd": 6.814649729916118
  },
  "noise_preset": "realistic",
  "measurement": {
    "snr_db": 13.316090785403965,
    "n_detections": 0,
    "detection_rate": 0.0,
    "time_to_detection": 9000.0,
    "false_negative_rate": 1.0
  },
  "environment_params": {
    "Estrogen": 1.13528722941372,
    "PTH": 45.87165790302769,
    "k_prod_Scl": 1.1853299371799233e-06,
    "k_deg_Scl": 6.508172007741322e-05,
    "Sclerostin_bone": 0.017707429091197407,
    "k_prod_RANKL": 4.141433738323012e-06,
    "k_deg_RANKL": 2.376054885735402e-05,
    "RANKL_bone": 0.42969335244397994,
    "k_prod_OPG": 4.595205210269716e-05,
    "k_deg_OPG": 1.798433486442502e-05,
    "OPG_bone": 6.516253255580651,
    "MineralIon": 2.8025765843152657,
    "k_prod_Mineral": 0.10047954958391235,
    "k_loss_Mineral": 0.021875948056657275,
    "k_prod_CTX": 5.496906068073909e-07,
    "k_deg_CTX": 1.7576773364175622e-05,
    "CTX_bone": 0.005643681689436242,
    "k_prod_P1NP": 1.6655227714431575e-07,
    "k_deg_P1NP": 2.2936987731288885e-05,
    "P1NP_bone": 0.018038740046308444,
    "Sclerostin_sensor": 0.44268572727993516,
    "RANKL_sensor": 12.890800573319398,
    "OPG_sensor": 195.48759766741952,
    "CTX_sensor": 0.14109204223590605,
    "P1NP_sensor": 0.4509685011577111
  },
  "equilibration_check": {
    "Sclerostin_bone": 0.0007019975548230163,
    "RANKL_bone": 5.3308282280825334e-05,
    "OPG_bone": 7.669292972529392e-05,
    "CTX_bone": 0.0001536015339539848,
    "P1NP_bone": 0.00013537090598990763,
    "Osteocytes": 2.613003080223838e-05,
    "Osteoblasts": 2.4251651636812127e-06,
    "Osteoclasts": 8.304256055008861e-06,
    "MineralIon": 2.4269078699564104e-06,
    "Sclerostin_sensor": 0.0007024034629135586,
    "RANKL_sensor": 5.3338608752905455e-05,
    "OPG_sensor": 7.672281879420015e-05,
    "CTX_sensor": 0.0001536484773360449,
    "P1NP_sensor": 0.00013540732174219578
  },
  "sclerostin_mean": 0.435608087155707,
  "sclerostin_max": 0.4409150635223687,
  "sclerostin_min": 0.43041089766331336,
  "sclerostin_std": 0.003040959161433741,
  "ctx_mean": 0.14161140077431825,
  "p1np_mean": 0.44958916080328987,
  "metadata_file": "metadata/c2588a2b-47df-4192-821f-654d6beff541.json",
  "timeseries_file": "timeseries/c2588a2b-47df-4192-821f-654d6beff541.csv",
  "instrumentation": {
    "biological_realization": {
      "rng_seed": 549867211,
      "scenario": "healthy",
      "realization_hash": "4b2d229da51360fa"
    },
    "stages": {
      "stage_0_ode": {
        "stage": "stage_0_ode",
        "description": "ODE concentration output",
        "mean_signal": 0.435608087155707,
        "std_signal": 0.003040959161433741,
        "min_signal": 0.43041089766331336,
        "max_signal": 0.4409150635223687,
        "median_signal": 0.43558034134600077,
        "q25_signal": 0.4329747746474372,
        "q75_signal": 0.43822735890586917,
        "auc_total": 1568.1885648261737,
        "auc_per_second": 0.4356079346739371,
        "terminal_mean": 0.43090644349689705,
        "terminal_std": 0.0002944668353790218,
        "signal_range": 0.010504165859055337,
        "cv_coefficient": 0.00698095203257041,
        "species_tracked": "Sclerostin_sensor or Sclerostin_bone"
      },
      "stage_1_biosensor_clean": {
        "stage": "stage_1_biosensor_clean",
        "description": "Biosensor output (clean signal, no noise)",
        "mean_signal": 1.8515875268281061,
        "std_signal": 0.0011514511064277795,
        "min_signal": 1.8496152657976905,
        "max_signal": 1.853592376874972,
        "median_signal": 1.8515792011036014,
        "q25_signal": 1.8505909701408163,
        "q75_signal": 1.8525798936159124,
        "auc_total": 6665.7149336361,
        "auc_per_second": 1.8515874815655833,
        "terminal_mean": 1.8498040886335372,
        "terminal_std": 0.00011217935291598563,
        "signal_range": 0.003977111077281492,
        "cv_coefficient": 0.0006218723607413216,
        "biosensor_type": "array",
        "kd": 6.814649729916118,
        "sensitivity": 1.833160343506995
      },
      "stage_2_biosensor_noisy": {
        "stage": "stage_2_biosensor_noisy",
        "description": "Biosensor output (with noise injection)",
        "mean_signal": 1.943467455584327,
        "std_signal": 0.38883350197823807,
        "min_signal": 0.738458302147397,
        "max_signal": 2.99668837638451,
        "median_signal": 1.9492440352994562,
        "q25_signal": 1.6888597111807448,
        "q75_signal": 2.2025039232604686,
        "auc_total": 6997.591449892758,
        "auc_per_second": 1.9437754027479883,
        "terminal_mean": 2.0571178384511786,
        "terminal_std": 0.3938388646016874,
        "signal_range": 2.258230074237113,
        "cv_coefficient": 0.2000720417833447,
        "noise_preset": "realistic",
        "snr_db": 13.316090785403965
      },
      "stage_3_thresholded": {
        "stage": "stage_3_thresholded",
        "description": "Threshold crossing detection",
        "threshold": 2.587693996751238,
        "fraction_above_threshold": 0.038781163434903045,
        "time_to_first_crossing": 540.0,
        "n_threshold_crossings": 26,
        "mean_signal_above": 2.7950580581021325,
        "std_signal_above": 0.11926009744550198,
        "mean_signal_below": 1.9091093332925422,
        "std_signal_below": 0.35535625099577006,
        "mean_margin_above_threshold": 0.2073640613508946,
        "mean_margin_below_threshold": -0.6785846634586957
      },
      "stage_4_ttd": {
        "stage": "stage_4_ttd",
        "description": "Time-to-detection assignment",
        "ttd_seconds": 9000.0,
        "detected": false,
        "is_sentinel": true
      }
    },
    "stage_deltas": {
      "delta_0_to_1": {
        "transition": "stage_0_ode->stage_1_biosensor_clean",
        "mean_delta": 1.415979439672399,
        "std_delta": 0.0018895107467950774,
        "max_delta": 1.4192043681343771,
        "rms_delta": 1.415980700371945,
        "fraction_significantly_changed": 1.0
      },
      "delta_1_to_2": {
        "transition": "stage_1_biosensor_clean->stage_2_biosensor_noisy",
        "mean_delta": 0.09187992875622071,
        "std_delta": 0.3890016177444362,
        "max_delta": 1.1467059834450657,
        "rms_delta": 0.3997051161994761,
        "fraction_significantly_changed": 1.0
      },
      "delta_2_to_3": {
        "transition": "stage_2_biosensor_noisy->stage_3_thresholded",
        "mean_delta": -1.8350718522230254,
        "std_delta": 0.5071932100888217,
        "max_delta": 2.57851853592879,
        "rms_delta": 1.9038733296050576,
        "fraction_significantly_changed": 0.961218836565097
      }
    },
    "propagation_integrity": {
      "stages_recorded": 5,
      "biological_hash_consistent": false,
      "all_stages_use_same_time": true
    }
  }
}