{
  "run_id": "c46b541c-b98b-4022-a515-35ab432de211",
  "timestamp": "2026-06-27T17:24:15.898263",
  "scenario": "healthy",
  "biosensor_config": {
    "circuit_type": "array",
    "kd_scl": 8.726510318120454,
    "kd_ctx": 4.6476209207840755,
    "kd_p1np": 0.15023684590047445,
    "w_scl": 0.5352257836873437,
    "w_ctx": 0.0343891380162279,
    "w_p1np": 0.4303850782964284,
    "sensitivity": 1.183057785864411,
    "threshold": 2.1118732193394405,
    "dynamic_range": [
      0.0,
      4.874949228313467
    ],
    "kd": 8.726510318120454
  },
  "noise_preset": "realistic",
  "measurement": {
    "snr_db": 13.31822273882267,
    "n_detections": 0,
    "detection_rate": 0.0,
    "time_to_detection": 9000.0,
    "false_negative_rate": 1.0
  },
  "environment_params": {
    "Estrogen": 0.9631241527397081,
    "PTH": 42.9688892595604,
    "k_prod_Scl": 1.575347806986078e-06,
    "k_deg_Scl": 6.683002820033163e-05,
    "Sclerostin_bone": 0.015941399874358324,
    "k_prod_RANKL": 4.057672631675035e-06,
    "k_deg_RANKL": 2.0156418010896867e-05,
    "RANKL_bone": 0.4807264847109025,
    "k_prod_OPG": 5.028930099270055e-05,
    "k_deg_OPG": 1.9451558841250416e-05,
    "OPG_bone": 5.810452225980577,
    "MineralIon": 2.3073415330494633,
    "k_prod_Mineral": 0.1023752640826078,
    "k_loss_Mineral": 0.022989076668855194,
    "k_prod_CTX": 5.152333067718279e-07,
    "k_deg_CTX": 1.9348134052094564e-05,
    "CTX_bone": 0.011338524510700906,
    "k_prod_P1NP": 1.7369297532999811e-07,
    "k_deg_P1NP": 2.023797136740139e-05,
    "P1NP_bone": 0.013953419302109549,
    "Sclerostin_sensor": 0.3985349968589581,
    "RANKL_sensor": 14.421794541327076,
    "OPG_sensor": 174.3135667794173,
    "CTX_sensor": 0.2834631127675227,
    "P1NP_sensor": 0.3488354825527387
  },
  "equilibration_check": {
    "Sclerostin_bone": 0.0003490962600548539,
    "RANKL_bone": 9.229866828831825e-06,
    "OPG_bone": 2.619716085503782e-05,
    "CTX_bone": 0.00021783688830625015,
    "P1NP_bone": 0.00013567528913513012,
    "Osteocytes": 2.6059091609799874e-05,
    "Osteoblasts": 1.118166697883884e-06,
    "Osteoclasts": 8.902991253105657e-06,
    "MineralIon": 1.1172618958738617e-06,
    "Sclerostin_sensor": 0.00034951618400989176,
    "RANKL_sensor": 9.23388527270427e-06,
    "OPG_sensor": 2.62087425806267e-05,
    "CTX_sensor": 0.0002178764240813531,
    "P1NP_sensor": 0.0001357235379764227
  },
  "sclerostin_mean": 0.4018830164431251,
  "sclerostin_max": 0.40431796054054175,
  "sclerostin_min": 0.39938026863691173,
  "sclerostin_std": 0.0014287335106191795,
  "ctx_mean": 0.2820865628874336,
  "p1np_mean": 0.3499166304840787,
  "metadata_file": "metadata/c46b541c-b98b-4022-a515-35ab432de211.json",
  "timeseries_file": "timeseries/c46b541c-b98b-4022-a515-35ab432de211.csv",
  "instrumentation": {
    "biological_realization": {
      "rng_seed": 573498409,
      "scenario": "healthy",
      "realization_hash": "a3184d21beb85993"
    },
    "stages": {
      "stage_0_ode": {
        "stage": "stage_0_ode",
        "description": "ODE concentration output",
        "mean_signal": 0.4018830164431251,
        "std_signal": 0.0014287335106191795,
        "min_signal": 0.39938026863691173,
        "max_signal": 0.40431796054054175,
        "median_signal": 0.4018999964438699,
        "q25_signal": 0.40065408451966356,
        "q75_signal": 0.4031206833666726,
        "auc_total": 1446.7791982137942,
        "auc_per_second": 0.4018831106149428,
        "terminal_mean": 0.4040867715485198,
        "terminal_std": 0.00013739836720480557,
        "signal_range": 0.004937691903630026,
        "cv_coefficient": 0.0035550980065398594,
        "species_tracked": "Sclerostin_sensor or Sclerostin_bone"
      },
      "stage_1_biosensor_clean": {
        "stage": "stage_1_biosensor_clean",
        "description": "Biosensor output (clean signal, no noise)",
        "mean_signal": 1.242158104510251,
        "std_signal": 0.002390639266597278,
        "min_signal": 1.2379708466532906,
        "max_signal": 1.2462328081080425,
        "median_signal": 1.242186288826967,
        "q25_signal": 1.240101702450676,
        "q75_signal": 1.2442290036754073,
        "auc_total": 4471.769739008199,
        "auc_per_second": 1.242158260835611,
        "terminal_mean": 1.245845865417433,
        "terminal_std": 0.0002299630595211292,
        "signal_range": 0.008261961454751887,
        "cv_coefficient": 0.0019245853308986313,
        "biosensor_type": "array",
        "kd": 8.726510318120454,
        "sensitivity": 1.183057785864411
      },
      "stage_2_biosensor_noisy": {
        "stage": "stage_2_biosensor_noisy",
        "description": "Biosensor output (with noise injection)",
        "mean_signal": 1.2774886407013872,
        "std_signal": 0.26586608940686846,
        "min_signal": 0.6220410948511644,
        "max_signal": 1.9597528544516947,
        "median_signal": 1.276845462393818,
        "q25_signal": 1.0865929927512092,
        "q75_signal": 1.4578878275216025,
        "auc_total": 4602.379008441109,
        "auc_per_second": 1.2784386134558636,
        "terminal_mean": 1.2716369215978585,
        "terminal_std": 0.2629027323527896,
        "signal_range": 1.3377117596005301,
        "cv_coefficient": 0.2081162062317035,
        "noise_preset": "realistic",
        "snr_db": 13.31822273882267
      },
      "stage_3_thresholded": {
        "stage": "stage_3_thresholded",
        "description": "Threshold crossing detection",
        "threshold": 2.1118732193394405,
        "fraction_above_threshold": 0.0,
        "time_to_first_crossing": 9000.0,
        "n_threshold_crossings": 0,
        "mean_signal_above": NaN,
        "std_signal_above": NaN,
        "mean_signal_below": 1.2774886407013872,
        "std_signal_below": 0.26586608940686846,
        "mean_margin_above_threshold": NaN,
        "mean_margin_below_threshold": -0.8343845786380535
      },
      "stage_4_ttd": {
        "stage": "stage_4_ttd",
        "description": "Time-to-detection assignment",
        "ttd_seconds": 9000.0,
        "detected": false,
        "is_sentinel": true
      }
    },
    "stage_deltas": {
      "delta_0_to_1": {
        "transition": "stage_0_ode->stage_1_biosensor_clean",
        "mean_delta": 0.8402750880671258,
        "std_delta": 0.0009619057690838722,
        "max_delta": 0.8419148475675007,
        "rms_delta": 0.8402756386382535,
        "fraction_significantly_changed": 1.0
      },
      "delta_1_to_2": {
        "transition": "stage_1_biosensor_clean->stage_2_biosensor_noisy",
        "mean_delta": 0.03533053619113607,
        "std_delta": 0.26574250375830466,
        "max_delta": 0.7212089394369003,
        "rms_delta": 0.268080818208401,
        "fraction_significantly_changed": 0.997229916897507
      },
      "delta_2_to_3": {
        "transition": "stage_2_biosensor_noisy->stage_3_thresholded",
        "mean_delta": -1.2774886407013872,
        "std_delta": 0.26586608940686846,
        "max_delta": 1.9597528544516947,
        "rms_delta": 1.3048609138975613,
        "fraction_significantly_changed": 1.0
      }
    },
    "propagation_integrity": {
      "stages_recorded": 5,
      "biological_hash_consistent": false,
      "all_stages_use_same_time": true
    }
  }
}