{
  "run_id": "c5729935-9241-4081-a816-be5ad58368c9",
  "timestamp": "2026-06-27T17:24:12.349093",
  "scenario": "healthy",
  "biosensor_config": {
    "circuit_type": "array",
    "kd_scl": 7.3543721545673755,
    "kd_ctx": 1.7141520129043177,
    "kd_p1np": 0.8967168273804926,
    "w_scl": 0.14326811175414658,
    "w_ctx": 0.7830007152288188,
    "w_p1np": 0.0737311730170347,
    "sensitivity": 2.4724946199378293,
    "threshold": 3.8515452816668105,
    "dynamic_range": [
      0.0,
      10.83908573710398
    ],
    "kd": 7.3543721545673755
  },
  "noise_preset": "realistic",
  "measurement": {
    "snr_db": 13.605602094236339,
    "n_detections": 0,
    "detection_rate": 0.0,
    "time_to_detection": 9000.0,
    "false_negative_rate": 1.0
  },
  "environment_params": {
    "Estrogen": 0.7947838079074864,
    "PTH": 35.92303762758688,
    "k_prod_Scl": 1.5453315822167365e-06,
    "k_deg_Scl": 7.126905049227117e-05,
    "Sclerostin_bone": 0.013625905037892693,
    "k_prod_RANKL": 4.173084579651901e-06,
    "k_deg_RANKL": 2.288811168058172e-05,
    "RANKL_bone": 0.48596012912367037,
    "k_prod_OPG": 4.27500894842725e-05,
    "k_deg_OPG": 1.7851432326245647e-05,
    "OPG_bone": 4.901413686234883,
    "MineralIon": 2.5473113897021453,
    "k_prod_Mineral": 0.08578530189815904,
    "k_loss_Mineral": 0.024863281365886124,
    "k_prod_CTX": 5.443306487773059e-07,
    "k_deg_CTX": 1.9856668203950045e-05,
    "CTX_bone": 0.006385778092169901,
    "k_prod_P1NP": 1.5197063544382878e-07,
    "k_deg_P1NP": 1.9606533298528905e-05,
    "P1NP_bone": 0.007997298202892945,
    "Sclerostin_sensor": 0.34064762594731735,
    "RANKL_sensor": 14.578803873710111,
    "OPG_sensor": 147.04241058704648,
    "CTX_sensor": 0.15964445230424754,
    "P1NP_sensor": 0.19993245507232363
  },
  "equilibration_check": {
    "Sclerostin_bone": 0.0013780846012934945,
    "RANKL_bone": 3.893393122680519e-05,
    "OPG_bone": 3.197762872291463e-05,
    "CTX_bone": 0.00014937632937780235,
    "P1NP_bone": 0.0005341114242029662,
    "Osteocytes": 2.5112787871943308e-05,
    "Osteoblasts": 3.970697983413186e-06,
    "Osteoclasts": 3.739090979112843e-05,
    "MineralIon": 3.9715364374522274e-06,
    "Sclerostin_sensor": 0.0013804219156759658,
    "RANKL_sensor": 3.895266331940553e-05,
    "OPG_sensor": 3.199475193375106e-05,
    "CTX_sensor": 0.0001494423884105889,
    "P1NP_sensor": 0.000534396844875676
  },
  "sclerostin_mean": 0.3523956230249391,
  "sclerostin_max": 0.36096186031502786,
  "sclerostin_min": 0.34360467457745375,
  "sclerostin_std": 0.005023652315487513,
  "ctx_mean": 0.1601939283130472,
  "p1np_mean": 0.20240648712846576,
  "metadata_file": "metadata/c5729935-9241-4081-a816-be5ad58368c9.json",
  "timeseries_file": "timeseries/c5729935-9241-4081-a816-be5ad58368c9.csv",
  "instrumentation": {
    "biological_realization": {
      "rng_seed": 675715240,
      "scenario": "healthy",
      "realization_hash": "e9c055336bd2b2a2"
    },
    "stages": {
      "stage_0_ode": {
        "stage": "stage_0_ode",
        "description": "ODE concentration output",
        "mean_signal": 0.3523956230249391,
        "std_signal": 0.005023652315487513,
        "min_signal": 0.34360467457745375,
        "max_signal": 0.36096186031502786,
        "median_signal": 0.35245215667563434,
        "q25_signal": 0.3480725298054005,
        "q75_signal": 0.3567475612141204,
        "auc_total": 1268.6253664455678,
        "auc_per_second": 0.3523959351237688,
        "terminal_mean": 0.3601481121704383,
        "terminal_std": 0.0004836277249750815,
        "signal_range": 0.01735718573757411,
        "cv_coefficient": 0.01425571711806417,
        "species_tracked": "Sclerostin_sensor or Sclerostin_bone"
      },
      "stage_1_biosensor_clean": {
        "stage": "stage_1_biosensor_clean",
        "description": "Biosensor output (clean signal, no noise)",
        "mean_signal": 2.0370123104013893,
        "std_signal": 0.007202511460886782,
        "min_signal": 2.0244416195593713,
        "max_signal": 2.0493259077509536,
        "median_signal": 2.0370769959684663,
        "q25_signal": 2.030809553849585,
        "q75_signal": 2.043248052808149,
        "auc_total": 7333.245602912464,
        "auc_per_second": 2.0370126674756843,
        "terminal_mean": 2.0481506643801293,
        "terminal_std": 0.0006983047099231082,
        "signal_range": 0.024884288191582282,
        "cv_coefficient": 0.0035358212731996406,
        "biosensor_type": "array",
        "kd": 7.3543721545673755,
        "sensitivity": 2.4724946199378293
      },
      "stage_2_biosensor_noisy": {
        "stage": "stage_2_biosensor_noisy",
        "description": "Biosensor output (with noise injection)",
        "mean_signal": 2.0911213933944395,
        "std_signal": 0.42350694685749307,
        "min_signal": 1.0738638805035714,
        "max_signal": 3.6906625519306893,
        "median_signal": 2.0783790556934516,
        "q25_signal": 1.7984277001943683,
        "q75_signal": 2.3279582401771326,
        "auc_total": 7530.526495681806,
        "auc_per_second": 2.0918129154671683,
        "terminal_mean": 2.2418873020327177,
        "terminal_std": 0.4750694198395775,
        "signal_range": 2.6167986714271176,
        "cv_coefficient": 0.20252623697279956,
        "noise_preset": "realistic",
        "snr_db": 13.605602094236339
      },
      "stage_3_thresholded": {
        "stage": "stage_3_thresholded",
        "description": "Threshold crossing detection",
        "threshold": 3.8515452816668105,
        "fraction_above_threshold": 0.0,
        "time_to_first_crossing": 9000.0,
        "n_threshold_crossings": 0,
        "mean_signal_above": NaN,
        "std_signal_above": NaN,
        "mean_signal_below": 2.0911213933944395,
        "std_signal_below": 0.42350694685749307,
        "mean_margin_above_threshold": NaN,
        "mean_margin_below_threshold": -1.7604238882723706
      },
      "stage_4_ttd": {
        "stage": "stage_4_ttd",
        "description": "Time-to-detection assignment",
        "ttd_seconds": 9000.0,
        "detected": false,
        "is_sentinel": true
      }
    },
    "stage_deltas": {
      "delta_0_to_1": {
        "transition": "stage_0_ode->stage_1_biosensor_clean",
        "mean_delta": 1.6846166873764499,
        "std_delta": 0.002178893564450795,
        "max_delta": 1.6883640474359258,
        "rms_delta": 1.6846180964730166,
        "fraction_significantly_changed": 1.0
      },
      "delta_1_to_2": {
        "transition": "stage_1_biosensor_clean->stage_2_biosensor_noisy",
        "mean_delta": 0.05410908299305042,
        "std_delta": 0.42186186115979957,
        "max_delta": 1.6618936785522385,
        "rms_delta": 0.42531779032102435,
        "fraction_significantly_changed": 1.0
      },
      "delta_2_to_3": {
        "transition": "stage_2_biosensor_noisy->stage_3_thresholded",
        "mean_delta": -2.0911213933944395,
        "std_delta": 0.42350694685749307,
        "max_delta": 3.6906625519306893,
        "rms_delta": 2.1335760628457705,
        "fraction_significantly_changed": 1.0
      }
    },
    "propagation_integrity": {
      "stages_recorded": 5,
      "biological_hash_consistent": false,
      "all_stages_use_same_time": true
    }
  }
}