{
  "run_id": "c98c5314-a37f-4d8c-916f-d0fa94ec06c6",
  "timestamp": "2026-06-27T17:23:36.308685",
  "scenario": "pmo",
  "biosensor_config": {
    "circuit_type": "array",
    "kd_scl": 1.1552453141878765,
    "kd_ctx": 6.419356189285535,
    "kd_p1np": 3.938088542045368,
    "w_scl": 0.3884118976572668,
    "w_ctx": 0.3686854057789806,
    "w_p1np": 0.2429026965637524,
    "sensitivity": 1.3914252583812958,
    "threshold": 2.5350687893649733,
    "dynamic_range": [
      0.0,
      5.764232077807937
    ],
    "kd": 1.1552453141878765
  },
  "noise_preset": "realistic",
  "measurement": {
    "snr_db": 13.64134470310576,
    "n_detections": 0,
    "detection_rate": 0.0,
    "time_to_detection": 9000.0,
    "false_negative_rate": 0.86
  },
  "environment_params": {
    "Estrogen": 0.1516322841728996,
    "PTH": 63.17083658389434,
    "k_prod_Scl": 5.002462091930369e-07,
    "k_deg_Scl": 6.994428523984263e-05,
    "Sclerostin_bone": 0.026429990272783158,
    "k_prod_RANKL": 3.442717362920137e-06,
    "k_deg_RANKL": 2.0435162819590994e-05,
    "RANKL_bone": 0.7937745133150177,
    "k_prod_OPG": 5.8564373935633926e-05,
    "k_deg_OPG": 2.04168223032051e-05,
    "OPG_bone": 5.739822132268867,
    "MineralIon": 2.1977562805080426,
    "k_prod_Mineral": 0.06436484229445942,
    "k_loss_Mineral": 0.02589574107261083,
    "k_prod_CTX": 1.1004533158805901e-06,
    "k_deg_CTX": 2.328726309470108e-05,
    "CTX_bone": 0.017499554505434937,
    "k_prod_P1NP": 1.6407107282819862e-07,
    "k_deg_P1NP": 1.773070046624586e-05,
    "P1NP_bone": 0.025577909830458174,
    "Sclerostin_sensor": 0.6607497568195789,
    "RANKL_sensor": 23.81323539945053,
    "OPG_sensor": 172.194663968066,
    "CTX_sensor": 0.43748886263587344,
    "P1NP_sensor": 0.6394477457614544
  },
  "equilibration_check": {
    "Sclerostin_bone": 0.00019865305517841985,
    "RANKL_bone": 5.0593655278115537e-05,
    "OPG_bone": 0.00023821473134315,
    "CTX_bone": 7.986952283483152e-05,
    "P1NP_bone": 0.00014931343373812656,
    "Osteocytes": 4.114879884150215e-05,
    "Osteoblasts": 1.0233444325870021e-06,
    "Osteoclasts": 0.00013942920326926746,
    "MineralIon": 1.0219419673157322e-06,
    "Sclerostin_sensor": 0.00019879553735720304,
    "RANKL_sensor": 5.062133542531788e-05,
    "OPG_sensor": 0.00023828343968264015,
    "CTX_sensor": 7.993427579670932e-05,
    "P1NP_sensor": 0.00014934099945045803
  },
  "sclerostin_mean": 0.6577504436907128,
  "sclerostin_max": 0.6600087814442057,
  "sclerostin_min": 0.6555213427827468,
  "sclerostin_std": 0.0013002011668792142,
  "ctx_mean": 0.43665501200923357,
  "p1np_mean": 0.6373002878438453,
  "metadata_file": "metadata/c98c5314-a37f-4d8c-916f-d0fa94ec06c6.json",
  "timeseries_file": "timeseries/c98c5314-a37f-4d8c-916f-d0fa94ec06c6.csv",
  "instrumentation": {
    "biological_realization": {
      "rng_seed": 446644510,
      "scenario": "pmo",
      "realization_hash": "ee41e6232e418e5c"
    },
    "stages": {
      "stage_0_ode": {
        "stage": "stage_0_ode",
        "description": "ODE concentration output",
        "mean_signal": 0.6577504436907128,
        "std_signal": 0.0013002011668792142,
        "min_signal": 0.6555213427827468,
        "max_signal": 0.6600087814442057,
        "median_signal": 0.6577428346360454,
        "q25_signal": 0.6566248420678185,
        "q75_signal": 0.6588723920201562,
        "auc_total": 2367.9014511023383,
        "auc_per_second": 0.6577504030839829,
        "terminal_mean": 0.6557347891495862,
        "terminal_std": 0.00012682230503794368,
        "signal_range": 0.004487438661458953,
        "cv_coefficient": 0.0019767393231749676,
        "species_tracked": "Sclerostin_sensor or Sclerostin_bone"
      },
      "stage_1_biosensor_clean": {
        "stage": "stage_1_biosensor_clean",
        "description": "Biosensor output (clean signal, no noise)",
        "mean_signal": 2.4582306706376165,
        "std_signal": 0.002546544773470621,
        "min_signal": 2.453861086905517,
        "max_signal": 2.4626550141796573,
        "median_signal": 2.4582166937570205,
        "q25_signal": 2.456027271804748,
        "q75_signal": 2.4604271311856247,
        "auc_total": 8849.63014049637,
        "auc_per_second": 2.458230594582325,
        "terminal_mean": 2.4542805608364837,
        "terminal_std": 0.0002491844219338816,
        "signal_range": 0.008793927274140412,
        "cv_coefficient": 0.001035925881117616,
        "biosensor_type": "array",
        "kd": 1.1552453141878765,
        "sensitivity": 1.3914252583812958
      },
      "stage_2_biosensor_noisy": {
        "stage": "stage_2_biosensor_noisy",
        "description": "Biosensor output (with noise injection)",
        "mean_signal": 2.5471284820115465,
        "std_signal": 0.502988481657448,
        "min_signal": 0.8912538718175975,
        "max_signal": 3.9277369133678235,
        "median_signal": 2.545157967028611,
        "q25_signal": 2.2049641666875868,
        "q75_signal": 2.8841714296979184,
        "auc_total": 9165.587670326284,
        "auc_per_second": 2.5459965750906344,
        "terminal_mean": 2.6051770250175017,
        "terminal_std": 0.5180567603373762,
        "signal_range": 3.036483041550226,
        "cv_coefficient": 0.19747275616824103,
        "noise_preset": "realistic",
        "snr_db": 13.64134470310576
      },
      "stage_3_thresholded": {
        "stage": "stage_3_thresholded",
        "description": "Threshold crossing detection",
        "threshold": 2.5350687893649733,
        "fraction_above_threshold": 0.5096952908587258,
        "time_to_first_crossing": 0.0,
        "n_threshold_crossings": 185,
        "mean_signal_above": 2.943970953837908,
        "std_signal_above": 0.29893883725060205,
        "mean_signal_below": 2.1345916751412055,
        "std_signal_below": 0.29866873743731,
        "mean_margin_above_threshold": 0.40890216447293426,
        "mean_margin_below_threshold": -0.40047711422376797
      },
      "stage_4_ttd": {
        "stage": "stage_4_ttd",
        "description": "Time-to-detection assignment",
        "ttd_seconds": 9000.0,
        "detected": false,
        "is_sentinel": true
      }
    },
    "stage_deltas": {
      "delta_0_to_1": {
        "transition": "stage_0_ode->stage_1_biosensor_clean",
        "mean_delta": 1.8004802269469036,
        "std_delta": 0.0012463438913079934,
        "max_delta": 1.8026462327354515,
        "rms_delta": 1.80048065832429,
        "fraction_significantly_changed": 1.0
      },
      "delta_1_to_2": {
        "transition": "stage_1_biosensor_clean->stage_2_biosensor_noisy",
        "mean_delta": 0.08889781137393026,
        "std_delta": 0.503368615972939,
        "max_delta": 1.567942821061778,
        "rms_delta": 0.5111582772621286,
        "fraction_significantly_changed": 1.0
      },
      "delta_2_to_3": {
        "transition": "stage_2_biosensor_noisy->stage_3_thresholded",
        "mean_delta": -1.046600350415494,
        "std_delta": 1.0873954018180032,
        "max_delta": 2.534452655982556,
        "rms_delta": 1.5092385674189392,
        "fraction_significantly_changed": 0.4903047091412742
      }
    },
    "propagation_integrity": {
      "stages_recorded": 5,
      "biological_hash_consistent": false,
      "all_stages_use_same_time": true
    }
  }
}