{
  "run_id": "cabf4892-a1bb-4f92-a7bf-72c93af4e0df",
  "timestamp": "2026-06-27T17:24:03.104598",
  "scenario": "ckd_mbd",
  "biosensor_config": {
    "circuit_type": "array",
    "kd_scl": 8.04093819686417,
    "kd_ctx": 6.289486399478531,
    "kd_p1np": 0.38955264769845693,
    "w_scl": 0.2714314250887211,
    "w_ctx": 0.09872443260908591,
    "w_p1np": 0.629844142302193,
    "sensitivity": 0.6323970412775427,
    "threshold": 1.3795383289975767,
    "dynamic_range": [
      0.0,
      2.2809678037500443
    ],
    "kd": 8.04093819686417
  },
  "noise_preset": "realistic",
  "measurement": {
    "snr_db": 12.266404818442659,
    "n_detections": 1,
    "detection_rate": 1.0,
    "time_to_detection": 1380.0,
    "false_negative_rate": 0.0
  },
  "environment_params": {
    "Estrogen": 0.6114494759238773,
    "PTH": 167.5625037530006,
    "k_prod_Scl": 3.6050652715329806e-06,
    "k_deg_Scl": 6.932100938365955e-05,
    "Sclerostin_bone": 0.06364121974670701,
    "k_prod_RANKL": 5.552296078840179e-06,
    "k_deg_RANKL": 2.4445597993933228e-05,
    "RANKL_bone": 0.9937934456387315,
    "k_prod_OPG": 0.00011210211600914213,
    "k_deg_OPG": 1.8924564482511014e-05,
    "OPG_bone": 5.16949607773863,
    "MineralIon": 4.267511535754835,
    "k_prod_Mineral": 0.13700686433064585,
    "k_loss_Mineral": 0.05461171882829397,
    "k_prod_CTX": 7.690114526185126e-07,
    "k_deg_CTX": 8.592409216603029e-06,
    "CTX_bone": 0.05325875394262703,
    "k_prod_P1NP": 5.3945507469662925e-08,
    "k_deg_P1NP": 1.4838804102520376e-05,
    "P1NP_bone": 0.047864865287603045,
    "Sclerostin_sensor": 1.5910304936676753,
    "RANKL_sensor": 29.813803369161946,
    "OPG_sensor": 155.0848823321589,
    "CTX_sensor": 1.3314688485656758,
    "P1NP_sensor": 1.1966216321900762
  },
  "equilibration_check": {
    "Sclerostin_bone": 0.00016897070892189493,
    "RANKL_bone": 0.0002397770567942634,
    "OPG_bone": 5.021287728065778e-05,
    "CTX_bone": 0.00010309775944990553,
    "P1NP_bone": 0.0003837117203416737,
    "Osteocytes": 9.93012058834566e-05,
    "Osteoblasts": 2.1715368826034123e-06,
    "Osteoclasts": 6.629799696205284e-05,
    "MineralIon": 2.1737193373496397e-06,
    "Sclerostin_sensor": 0.00016903356444486928,
    "RANKL_sensor": 0.00023987055792894303,
    "OPG_sensor": 5.023786603604552e-05,
    "CTX_sensor": 0.00010310049963935055,
    "P1NP_sensor": 0.00038372416999358936
  },
  "sclerostin_mean": 1.585143378729963,
  "sclerostin_max": 1.5896229241914888,
  "sclerostin_min": 1.5806279902142362,
  "sclerostin_std": 0.002611117679595558,
  "ctx_mean": 1.3283683996397455,
  "p1np_mean": 1.1863988831090713,
  "metadata_file": "metadata/cabf4892-a1bb-4f92-a7bf-72c93af4e0df.json",
  "timeseries_file": "timeseries/cabf4892-a1bb-4f92-a7bf-72c93af4e0df.csv",
  "instrumentation": {
    "biological_realization": {
      "rng_seed": 895039038,
      "scenario": "ckd_mbd",
      "realization_hash": "135beae0ec3babed"
    },
    "stages": {
      "stage_0_ode": {
        "stage": "stage_0_ode",
        "description": "ODE concentration output",
        "mean_signal": 1.585143378729963,
        "std_signal": 0.002611117679595558,
        "min_signal": 1.5806279902142362,
        "max_signal": 1.5896229241914888,
        "median_signal": 1.5851510276494147,
        "q25_signal": 1.582885363128608,
        "q75_signal": 1.587406526868719,
        "auc_total": 5706.516342643139,
        "auc_per_second": 1.585143428511983,
        "terminal_mean": 1.5810657804935349,
        "terminal_std": 0.00026001535802928135,
        "signal_range": 0.008994933977252595,
        "cv_coefficient": 0.0016472438484950293,
        "species_tracked": "Sclerostin_sensor or Sclerostin_bone"
      },
      "stage_1_biosensor_clean": {
        "stage": "stage_1_biosensor_clean",
        "description": "Biosensor output (clean signal, no noise)",
        "mean_signal": 1.6212084739983936,
        "std_signal": 0.001753800179769686,
        "min_signal": 1.6181765985039311,
        "max_signal": 1.6242267221137567,
        "median_signal": 1.6212114498214445,
        "q25_signal": 1.619692949566717,
        "q75_signal": 1.6227259254266002,
        "auc_total": 5836.350574531111,
        "auc_per_second": 1.6212084929253088,
        "terminal_mean": 1.6184711065267825,
        "terminal_std": 0.00017486581532751634,
        "signal_range": 0.006050123609825597,
        "cv_coefficient": 0.0010817857221312695,
        "biosensor_type": "array",
        "kd": 8.04093819686417,
        "sensitivity": 0.6323970412775427
      },
      "stage_2_biosensor_noisy": {
        "stage": "stage_2_biosensor_noisy",
        "description": "Biosensor output (with noise injection)",
        "mean_signal": 1.7087797900517865,
        "std_signal": 0.38488023122238224,
        "min_signal": 0.6615650281621807,
        "max_signal": 5.257649350549353,
        "median_signal": 1.691788671791447,
        "q25_signal": 1.4971907862603415,
        "q75_signal": 1.9107264446483359,
        "auc_total": 6146.386727351008,
        "auc_per_second": 1.707329646486391,
        "terminal_mean": 1.7611680747564427,
        "terminal_std": 0.4310788525119754,
        "signal_range": 4.596084322387172,
        "cv_coefficient": 0.22523688158245248,
        "noise_preset": "realistic",
        "snr_db": 12.266404818442659
      },
      "stage_3_thresholded": {
        "stage": "stage_3_thresholded",
        "description": "Threshold crossing detection",
        "threshold": 1.3795383289975767,
        "fraction_above_threshold": 0.8337950138504155,
        "time_to_first_crossing": 0.0,
        "n_threshold_crossings": 112,
        "mean_signal_above": 1.8107210659088322,
        "std_signal_above": 0.3310588921927266,
        "mean_signal_below": 1.1973743895022737,
        "std_signal_below": 0.16664397517886284,
        "mean_margin_above_threshold": 0.43118273691125536,
        "mean_margin_below_threshold": -0.18216393949530302
      },
      "stage_4_ttd": {
        "stage": "stage_4_ttd",
        "description": "Time-to-detection assignment",
        "ttd_seconds": 1380.0,
        "detected": true,
        "is_sentinel": false
      }
    },
    "stage_deltas": {
      "delta_0_to_1": {
        "transition": "stage_0_ode->stage_1_biosensor_clean",
        "mean_delta": 0.03606509526843011,
        "std_delta": 0.0008573237045517524,
        "max_delta": 0.037548608289694974,
        "rms_delta": 0.036075283791750366,
        "fraction_significantly_changed": 1.0
      },
      "delta_1_to_2": {
        "transition": "stage_1_biosensor_clean->stage_2_biosensor_noisy",
        "mean_delta": 0.08757131605339304,
        "std_delta": 0.38509724923277333,
        "max_delta": 3.6370789765528553,
        "rms_delta": 0.39492863502406605,
        "fraction_significantly_changed": 1.0
      },
      "delta_2_to_3": {
        "transition": "stage_2_biosensor_noisy->stage_3_thresholded",
        "mean_delta": -0.19900959382309255,
        "std_delta": 0.45088770285476987,
        "max_delta": 1.3788710943300944,
        "rms_delta": 0.49285346607210095,
        "fraction_significantly_changed": 0.16620498614958448
      }
    },
    "propagation_integrity": {
      "stages_recorded": 5,
      "biological_hash_consistent": false,
      "all_stages_use_same_time": true
    }
  }
}