{
  "run_id": "d9fc7747-2714-4663-9a6f-f54b9580214a",
  "timestamp": "2026-06-27T17:23:46.199093",
  "scenario": "pmo",
  "biosensor_config": {
    "circuit_type": "array",
    "kd_scl": 4.457942521748898,
    "kd_ctx": 5.590495358547921,
    "kd_p1np": 5.108115983815202,
    "w_scl": 0.3096977589499467,
    "w_ctx": 0.5432142255070476,
    "w_p1np": 0.14708801554300566,
    "sensitivity": 2.1063739108324224,
    "threshold": 3.556120487560287,
    "dynamic_range": [
      0.0,
      9.88092409508771
    ],
    "kd": 4.457942521748898
  },
  "noise_preset": "realistic",
  "measurement": {
    "snr_db": 10.456876570159867,
    "n_detections": 1,
    "detection_rate": 1.0,
    "time_to_detection": 800.0,
    "false_negative_rate": 0.02
  },
  "environment_params": {
    "Estrogen": 0.23026498979422705,
    "PTH": 50.772691260365896,
    "k_prod_Scl": 1.4146688466667247e-06,
    "k_deg_Scl": 6.801569935646513e-05,
    "Sclerostin_bone": 0.025882530212470348,
    "k_prod_RANKL": 3.4930983849029406e-06,
    "k_deg_RANKL": 1.96163552280042e-05,
    "RANKL_bone": 0.8717292864307447,
    "k_prod_OPG": 7.247993778667162e-05,
    "k_deg_OPG": 2.3892627343965947e-05,
    "OPG_bone": 3.704961467137997,
    "MineralIon": 2.3446088089862713,
    "k_prod_Mineral": 0.08029949271139075,
    "k_loss_Mineral": 0.025594368810842556,
    "k_prod_CTX": 7.507315711570463e-07,
    "k_deg_CTX": 2.0006515369165795e-05,
    "CTX_bone": 0.01639500996671568,
    "k_prod_P1NP": 2.3499389177584395e-07,
    "k_deg_P1NP": 2.084815130939547e-05,
    "P1NP_bone": 0.01728422893329068,
    "Sclerostin_sensor": 0.6470632553117587,
    "RANKL_sensor": 26.15187859292234,
    "OPG_sensor": 111.14884401413991,
    "CTX_sensor": 0.409875249167892,
    "P1NP_sensor": 0.432105723332267
  },
  "equilibration_check": {
    "Sclerostin_bone": 0.0025298293032244056,
    "RANKL_bone": 4.242010818885673e-05,
    "OPG_bone": 9.101225793294039e-05,
    "CTX_bone": 3.6578725889025396e-05,
    "P1NP_bone": 0.00018293546786041231,
    "Osteocytes": 5.3875163636804534e-05,
    "Osteoblasts": 1.4529484489098238e-05,
    "Osteoclasts": 4.786010412970621e-05,
    "MineralIon": 1.4535010278696538e-05,
    "Sclerostin_sensor": 0.0025354117271448994,
    "RANKL_sensor": 4.24326755229176e-05,
    "OPG_sensor": 9.108432287052004e-05,
    "CTX_sensor": 3.657569326063184e-05,
    "P1NP_sensor": 0.00018301121390014297
  },
  "sclerostin_mean": 0.6900571885440799,
  "sclerostin_max": 0.7214246379530054,
  "sclerostin_min": 0.6578825491036314,
  "sclerostin_std": 0.018390189986851983,
  "ctx_mean": 0.4094825334812589,
  "p1np_mean": 0.4339190971729173,
  "metadata_file": "metadata/d9fc7747-2714-4663-9a6f-f54b9580214a.json",
  "timeseries_file": "timeseries/d9fc7747-2714-4663-9a6f-f54b9580214a.csv",
  "instrumentation": {
    "biological_realization": {
      "rng_seed": 238251610,
      "scenario": "pmo",
      "realization_hash": "8803f17a05339641"
    },
    "stages": {
      "stage_0_ode": {
        "stage": "stage_0_ode",
        "description": "ODE concentration output",
        "mean_signal": 0.6900571885440799,
        "std_signal": 0.018390189986851983,
        "min_signal": 0.6578825491036314,
        "max_signal": 0.7214246379530054,
        "median_signal": 0.6902601035255251,
        "q25_signal": 0.6742310101034732,
        "q75_signal": 0.7059870184096321,
        "auc_total": 2484.2099147088456,
        "auc_per_second": 0.690058309641346,
        "terminal_mean": 0.7184431687562884,
        "terminal_std": 0.0017718905429432129,
        "signal_range": 0.06354208884937396,
        "cv_coefficient": 0.026650240432467057,
        "species_tracked": "Sclerostin_sensor or Sclerostin_bone"
      },
      "stage_1_biosensor_clean": {
        "stage": "stage_1_biosensor_clean",
        "description": "Biosensor output (clean signal, no noise)",
        "mean_signal": 3.7660207756224513,
        "std_signal": 0.025891962038717686,
        "min_signal": 3.720526186913725,
        "max_signal": 3.8099943539357057,
        "median_signal": 3.766403449698161,
        "q25_signal": 3.743766477751568,
        "q75_signal": 3.788470377875306,
        "auc_total": 13557.682397292801,
        "auc_per_second": 3.7660228881368893,
        "terminal_mean": 3.8058470696327333,
        "terminal_std": 0.0024657056480176937,
        "signal_range": 0.0894681670219808,
        "cv_coefficient": 0.006875151142637613,
        "biosensor_type": "array",
        "kd": 4.457942521748898,
        "sensitivity": 2.1063739108324224
      },
      "stage_2_biosensor_noisy": {
        "stage": "stage_2_biosensor_noisy",
        "description": "Biosensor output (with noise injection)",
        "mean_signal": 3.912864390549932,
        "std_signal": 1.1222394255613881,
        "min_signal": -11.225277092377189,
        "max_signal": 6.028692187981832,
        "median_signal": 3.9771012050057073,
        "q25_signal": 3.440581754938789,
        "q75_signal": 4.498694581651496,
        "auc_total": 14087.385838929196,
        "auc_per_second": 3.913162733035888,
        "terminal_mean": 3.9322826041973147,
        "terminal_std": 0.8243553380344016,
        "signal_range": 17.253969280359023,
        "cv_coefficient": 0.286807646150922,
        "noise_preset": "realistic",
        "snr_db": 10.456876570159867
      },
      "stage_3_thresholded": {
        "stage": "stage_3_thresholded",
        "description": "Threshold crossing detection",
        "threshold": 3.556120487560287,
        "fraction_above_threshold": 0.703601108033241,
        "time_to_first_crossing": 0.0,
        "n_threshold_crossings": 150,
        "mean_signal_above": 4.3420207853699155,
        "std_signal_above": 0.5381829962190788,
        "mean_signal_below": 2.894119303780996,
        "std_signal_below": 1.4444633311639345,
        "mean_margin_above_threshold": 0.7859002978096291,
        "mean_margin_below_threshold": -0.6620011837792911
      },
      "stage_4_ttd": {
        "stage": "stage_4_ttd",
        "description": "Time-to-detection assignment",
        "ttd_seconds": 800.0,
        "detected": true,
        "is_sentinel": false
      }
    },
    "stage_deltas": {
      "delta_0_to_1": {
        "transition": "stage_0_ode->stage_1_biosensor_clean",
        "mean_delta": 3.075963587078371,
        "std_delta": 0.00750212868449617,
        "max_delta": 3.0885697159827004,
        "rms_delta": 3.0759727357320386,
        "fraction_significantly_changed": 1.0
      },
      "delta_1_to_2": {
        "transition": "stage_1_biosensor_clean->stage_2_biosensor_noisy",
        "mean_delta": 0.14684361492748021,
        "std_delta": 1.1203143955258752,
        "max_delta": 14.986700444066855,
        "rms_delta": 1.1298970714483143,
        "fraction_significantly_changed": 0.997229916897507
      },
      "delta_2_to_3": {
        "transition": "stage_2_biosensor_noisy->stage_3_thresholded",
        "mean_delta": -0.8578137548602952,
        "std_delta": 1.537920538931875,
        "max_delta": 11.225277092377189,
        "rms_delta": 1.760978143560001,
        "fraction_significantly_changed": 0.296398891966759
      }
    },
    "propagation_integrity": {
      "stages_recorded": 5,
      "biological_hash_consistent": false,
      "all_stages_use_same_time": true
    }
  }
}