{
  "run_id": "db1dbb2c-e3cc-491a-a07f-514ba12e4913",
  "timestamp": "2026-06-27T17:23:21.333477",
  "scenario": "pmo_mild",
  "biosensor_config": {
    "circuit_type": "array",
    "kd_scl": 0.6715029916031325,
    "kd_ctx": 0.7597467640274858,
    "kd_p1np": 6.639562281006435,
    "w_scl": 0.09886990254518126,
    "w_ctx": 0.6049429383440699,
    "w_p1np": 0.29618715911074883,
    "sensitivity": 0.6057988906674485,
    "threshold": 1.5329722295244386,
    "dynamic_range": [
      0.0,
      2.2219074389117983
    ],
    "kd": 0.6715029916031325
  },
  "noise_preset": "realistic",
  "measurement": {
    "snr_db": 11.073036356897408,
    "n_detections": 0,
    "detection_rate": 0.0,
    "time_to_detection": 9000.0,
    "false_negative_rate": 1.0
  },
  "environment_params": {
    "Estrogen": 0.7320005963020336,
    "PTH": 44.67826035706856,
    "k_prod_Scl": 2.1594018521856895e-06,
    "k_deg_Scl": 6.474176068571428e-05,
    "Sclerostin_bone": 0.01925503135107783,
    "k_prod_RANKL": 3.853441219934279e-06,
    "k_deg_RANKL": 2.1238983870110453e-05,
    "RANKL_bone": 0.47999983961572434,
    "k_prod_OPG": 5.726813878278947e-05,
    "k_deg_OPG": 1.8600055506619573e-05,
    "OPG_bone": 4.6620943496659155,
    "MineralIon": 2.8950803080218024,
    "k_prod_Mineral": 0.082982216705874,
    "k_loss_Mineral": 0.029126225297487908,
    "k_prod_CTX": 1.3099388866708026e-06,
    "k_deg_CTX": 1.9508750667690636e-05,
    "CTX_bone": 0.012568944740776076,
    "k_prod_P1NP": 1.7786263836546895e-07,
    "k_deg_P1NP": 2.2437110546255366e-05,
    "P1NP_bone": 0.018267839983787126,
    "Sclerostin_sensor": 0.48137578377694573,
    "RANKL_sensor": 14.399995188471731,
    "OPG_sensor": 139.86283048997745,
    "CTX_sensor": 0.3142236185194019,
    "P1NP_sensor": 0.45669599959467816
  },
  "equilibration_check": {
    "Sclerostin_bone": 0.0018296894098489493,
    "RANKL_bone": 1.6991372684170238e-05,
    "OPG_bone": 0.000154887882178064,
    "CTX_bone": 0.0003360007361051233,
    "P1NP_bone": 9.07959025756925e-05,
    "Osteocytes": 3.729513418102679e-05,
    "Osteoblasts": 7.633159401707193e-06,
    "Osteoclasts": 8.45685043906618e-05,
    "MineralIon": 7.63927225100884e-06,
    "Sclerostin_sensor": 0.0018330210704742805,
    "RANKL_sensor": 1.6996188486988764e-05,
    "OPG_sensor": 0.00015498707147807981,
    "CTX_sensor": 0.0003361841892111375,
    "P1NP_sensor": 9.081902172740068e-05
  },
  "sclerostin_mean": 0.5037384664172934,
  "sclerostin_max": 0.520086346308974,
  "sclerostin_min": 0.4869948772994122,
  "sclerostin_std": 0.009577499322144146,
  "ctx_mean": 0.31666532916673207,
  "p1np_mean": 0.45576005791635665,
  "metadata_file": "metadata/db1dbb2c-e3cc-491a-a07f-514ba12e4913.json",
  "timeseries_file": "timeseries/db1dbb2c-e3cc-491a-a07f-514ba12e4913.csv",
  "instrumentation": {
    "biological_realization": {
      "rng_seed": 1488093735,
      "scenario": "pmo_mild",
      "realization_hash": "427a32f075480826"
    },
    "stages": {
      "stage_0_ode": {
        "stage": "stage_0_ode",
        "description": "ODE concentration output",
        "mean_signal": 0.5037384664172934,
        "std_signal": 0.009577499322144146,
        "min_signal": 0.4869948772994122,
        "max_signal": 0.520086346308974,
        "median_signal": 0.503837985528296,
        "q25_signal": 0.4954944310881896,
        "q75_signal": 0.5120333068035893,
        "auc_total": 1813.460457648387,
        "auc_per_second": 0.5037390160134408,
        "terminal_mean": 0.518530466925059,
        "terminal_std": 0.000924601304946919,
        "signal_range": 0.03309146900956178,
        "cv_coefficient": 0.019012840909810952,
        "species_tracked": "Sclerostin_sensor or Sclerostin_bone"
      },
      "stage_1_biosensor_clean": {
        "stage": "stage_1_biosensor_clean",
        "description": "Biosensor output (clean signal, no noise)",
        "mean_signal": 0.8191606142288124,
        "std_signal": 0.001805713136700757,
        "min_signal": 0.8160013919471353,
        "max_signal": 0.8222404278926387,
        "median_signal": 0.8191805948782722,
        "q25_signal": 0.8176066389105482,
        "q75_signal": 0.8207247752893876,
        "auc_total": 2948.9786082668143,
        "auc_per_second": 0.8191607245185595,
        "terminal_mean": 0.8219477149121508,
        "terminal_std": 0.000173959992817921,
        "signal_range": 0.006239035945503457,
        "cv_coefficient": 0.002204345650090515,
        "biosensor_type": "array",
        "kd": 0.6715029916031325,
        "sensitivity": 0.6057988906674485
      },
      "stage_2_biosensor_noisy": {
        "stage": "stage_2_biosensor_noisy",
        "description": "Biosensor output (with noise injection)",
        "mean_signal": 0.8518362012102905,
        "std_signal": 0.22671544029963542,
        "min_signal": 0.37786750810004993,
        "max_signal": 3.604495728042628,
        "median_signal": 0.8513923306845264,
        "q25_signal": 0.7338058817299619,
        "q75_signal": 0.9607829781051965,
        "auc_total": 3067.0557790465896,
        "auc_per_second": 0.8519599386240526,
        "terminal_mean": 0.8849030896550453,
        "terminal_std": 0.1664117870175829,
        "signal_range": 3.226628219942578,
        "cv_coefficient": 0.2661491023479839,
        "noise_preset": "realistic",
        "snr_db": 11.073036356897408
      },
      "stage_3_thresholded": {
        "stage": "stage_3_thresholded",
        "description": "Threshold crossing detection",
        "threshold": 1.5329722295244386,
        "fraction_above_threshold": 0.002770083102493075,
        "time_to_first_crossing": 260.0,
        "n_threshold_crossings": 2,
        "mean_signal_above": 3.604495728042628,
        "std_signal_above": 0.0,
        "mean_signal_below": 0.8441899247468674,
        "std_signal_below": 0.17446090407110254,
        "mean_margin_above_threshold": 2.0715234985181894,
        "mean_margin_below_threshold": -0.6887823047775712
      },
      "stage_4_ttd": {
        "stage": "stage_4_ttd",
        "description": "Time-to-detection assignment",
        "ttd_seconds": 9000.0,
        "detected": false,
        "is_sentinel": true
      }
    },
    "stage_deltas": {
      "delta_0_to_1": {
        "transition": "stage_0_ode->stage_1_biosensor_clean",
        "mean_delta": 0.31542214781151906,
        "std_delta": 0.00777178658682384,
        "max_delta": 0.32900651464772307,
        "rms_delta": 0.31551787904456846,
        "fraction_significantly_changed": 1.0
      },
      "delta_1_to_2": {
        "transition": "stage_1_biosensor_clean->stage_2_biosensor_noisy",
        "mean_delta": 0.032675586981478065,
        "std_delta": 0.22659382059900302,
        "max_delta": 2.788027271428815,
        "rms_delta": 0.22893766295268522,
        "fraction_significantly_changed": 1.0
      },
      "delta_2_to_3": {
        "transition": "stage_2_biosensor_noisy->stage_3_thresholded",
        "mean_delta": -0.8418514485010312,
        "std_delta": 0.17978026791965904,
        "max_delta": 1.4101438036554652,
        "rms_delta": 0.8608337853944562,
        "fraction_significantly_changed": 0.997229916897507
      }
    },
    "propagation_integrity": {
      "stages_recorded": 5,
      "biological_hash_consistent": false,
      "all_stages_use_same_time": true
    }
  }
}