{
  "run_id": "dbb66dbd-c3b2-4ae1-bb63-f8c4ed152f9c",
  "timestamp": "2026-06-27T17:23:22.759766",
  "scenario": "healthy",
  "biosensor_config": {
    "circuit_type": "array",
    "kd_scl": 7.250294512172011,
    "kd_ctx": 1.830733065615467,
    "kd_p1np": 0.18283952978321102,
    "w_scl": 0.496550756593498,
    "w_ctx": 0.39073086891843495,
    "w_p1np": 0.11271837448806708,
    "sensitivity": 1.3304633300132633,
    "threshold": 2.6625792412413296,
    "dynamic_range": [
      0.0,
      6.226870538809312
    ],
    "kd": 7.250294512172011
  },
  "noise_preset": "realistic",
  "measurement": {
    "snr_db": 12.797382133117402,
    "n_detections": 0,
    "detection_rate": 0.0,
    "time_to_detection": 9000.0,
    "false_negative_rate": 1.0
  },
  "environment_params": {
    "Estrogen": 1.1357411555962091,
    "PTH": 41.490295888714314,
    "k_prod_Scl": 1.2506230271203593e-06,
    "k_deg_Scl": 5.483945868593885e-05,
    "Sclerostin_bone": 0.021471529394329184,
    "k_prod_RANKL": 5.317416124432348e-06,
    "k_deg_RANKL": 1.6252723998502005e-05,
    "RANKL_bone": 0.4659791374043224,
    "k_prod_OPG": 5.39726635252353e-05,
    "k_deg_OPG": 1.8388271665011254e-05,
    "OPG_bone": 4.426971485499173,
    "MineralIon": 2.839198595488778,
    "k_prod_Mineral": 0.07342321589615919,
    "k_loss_Mineral": 0.01964400831840936,
    "k_prod_CTX": 5.369909833419194e-07,
    "k_deg_CTX": 1.9113903456922574e-05,
    "CTX_bone": 0.008197255211186524,
    "k_prod_P1NP": 1.8400656590652446e-07,
    "k_deg_P1NP": 2.319123558859743e-05,
    "P1NP_bone": 0.011784962194206949,
    "Sclerostin_sensor": 0.5367882348582296,
    "RANKL_sensor": 13.979374122129672,
    "OPG_sensor": 132.8091445649752,
    "CTX_sensor": 0.2049313802796631,
    "P1NP_sensor": 0.29462405485517373
  },
  "equilibration_check": {
    "Sclerostin_bone": 0.0005553997892594686,
    "RANKL_bone": 0.00024536261301817946,
    "OPG_bone": 0.00022269544383442813,
    "CTX_bone": 1.6877726428504963e-05,
    "P1NP_bone": 0.0002326028902473489,
    "Osteocytes": 3.21542571368859e-05,
    "Osteoblasts": 2.2900052734871562e-06,
    "Osteoclasts": 3.6883105227056105e-05,
    "MineralIon": 2.2849969771623763e-06,
    "Sclerostin_sensor": 0.0005556734139055309,
    "RANKL_sensor": 0.00024551730788116387,
    "OPG_sensor": 0.00022284280304551117,
    "CTX_sensor": 1.687210219032581e-05,
    "P1NP_sensor": 0.00023270430848864552
  },
  "sclerostin_mean": 0.5300182702552235,
  "sclerostin_max": 0.5351012143592914,
  "sclerostin_min": 0.5250206929020285,
  "sclerostin_std": 0.0029184679264255137,
  "ctx_mean": 0.2050072430199827,
  "p1np_mean": 0.2961982800905452,
  "metadata_file": "metadata/dbb66dbd-c3b2-4ae1-bb63-f8c4ed152f9c.json",
  "timeseries_file": "timeseries/dbb66dbd-c3b2-4ae1-bb63-f8c4ed152f9c.csv",
  "instrumentation": {
    "biological_realization": {
      "rng_seed": 906817455,
      "scenario": "healthy",
      "realization_hash": "190ea5be1b28a9c2"
    },
    "stages": {
      "stage_0_ode": {
        "stage": "stage_0_ode",
        "description": "ODE concentration output",
        "mean_signal": 0.5300182702552235,
        "std_signal": 0.0029184679264255137,
        "min_signal": 0.5250206929020285,
        "max_signal": 0.5351012143592914,
        "median_signal": 0.5299966626831749,
        "q25_signal": 0.5274921424705711,
        "q75_signal": 0.5325334902742435,
        "auc_total": 1908.0653460850506,
        "auc_per_second": 0.5300181516902919,
        "terminal_mean": 0.5254988652813682,
        "terminal_std": 0.0002840938500516919,
        "signal_range": 0.010080521457262903,
        "cv_coefficient": 0.005506353441401488,
        "species_tracked": "Sclerostin_sensor or Sclerostin_bone"
      },
      "stage_1_biosensor_clean": {
        "stage": "stage_1_biosensor_clean",
        "description": "Biosensor output (clean signal, no noise)",
        "mean_signal": 1.5878605560559644,
        "std_signal": 0.004493800508814639,
        "min_signal": 1.580164327917186,
        "max_signal": 1.595685940329557,
        "median_signal": 1.5878278531426793,
        "q25_signal": 1.5839709775855824,
        "q75_signal": 1.5917336340206751,
        "auc_total": 5716.297356020797,
        "auc_per_second": 1.5878603766724437,
        "terminal_mean": 1.580900878690915,
        "terminal_std": 0.00043759827447637146,
        "signal_range": 0.015521612412370933,
        "cv_coefficient": 0.0028300977007556915,
        "biosensor_type": "array",
        "kd": 7.250294512172011,
        "sensitivity": 1.3304633300132633
      },
      "stage_2_biosensor_noisy": {
        "stage": "stage_2_biosensor_noisy",
        "description": "Biosensor output (with noise injection)",
        "mean_signal": 1.6660713483014455,
        "std_signal": 0.3546651191326912,
        "min_signal": 0.5749427936347801,
        "max_signal": 2.627098573722382,
        "median_signal": 1.6676410749846977,
        "q25_signal": 1.4207516466030095,
        "q75_signal": 1.9044876103585338,
        "auc_total": 5996.0390523259775,
        "auc_per_second": 1.6655664034238826,
        "terminal_mean": 1.7786378515675665,
        "terminal_std": 0.34144741810254775,
        "signal_range": 2.052155780087602,
        "cv_coefficient": 0.21287510855658803,
        "noise_preset": "realistic",
        "snr_db": 12.797382133117402
      },
      "stage_3_thresholded": {
        "stage": "stage_3_thresholded",
        "description": "Threshold crossing detection",
        "threshold": 2.6625792412413296,
        "fraction_above_threshold": 0.0,
        "time_to_first_crossing": 9000.0,
        "n_threshold_crossings": 0,
        "mean_signal_above": NaN,
        "std_signal_above": NaN,
        "mean_signal_below": 1.6660713483014455,
        "std_signal_below": 0.3546651191326912,
        "mean_margin_above_threshold": NaN,
        "mean_margin_below_threshold": -0.9965078929398842
      },
      "stage_4_ttd": {
        "stage": "stage_4_ttd",
        "description": "Time-to-detection assignment",
        "ttd_seconds": 9000.0,
        "detected": false,
        "is_sentinel": true
      }
    },
    "stage_deltas": {
      "delta_0_to_1": {
        "transition": "stage_0_ode->stage_1_biosensor_clean",
        "mean_delta": 1.057842285800741,
        "std_delta": 0.0015753326364724024,
        "max_delta": 1.0605847259702657,
        "rms_delta": 1.0578434587882328,
        "fraction_significantly_changed": 1.0
      },
      "delta_1_to_2": {
        "transition": "stage_1_biosensor_clean->stage_2_biosensor_noisy",
        "mean_delta": 0.07821079224548098,
        "std_delta": 0.3553626620894992,
        "max_delta": 1.0429146337419892,
        "rms_delta": 0.3638674891097051,
        "fraction_significantly_changed": 1.0
      },
      "delta_2_to_3": {
        "transition": "stage_2_biosensor_noisy->stage_3_thresholded",
        "mean_delta": -1.6660713483014455,
        "std_delta": 0.3546651191326912,
        "max_delta": 2.627098573722382,
        "rms_delta": 1.703402795688795,
        "fraction_significantly_changed": 1.0
      }
    },
    "propagation_integrity": {
      "stages_recorded": 5,
      "biological_hash_consistent": false,
      "all_stages_use_same_time": true
    }
  }
}