{
  "run_id": "de742232-705f-471b-be2d-95fcc92aa535",
  "timestamp": "2026-06-27T17:23:43.954589",
  "scenario": "ckd_mbd",
  "biosensor_config": {
    "circuit_type": "array",
    "kd_scl": 0.15889805303757315,
    "kd_ctx": 6.360495974617633,
    "kd_p1np": 0.3434342058286906,
    "w_scl": 0.19100844426909216,
    "w_ctx": 0.5454566279319798,
    "w_p1np": 0.26353492779892806,
    "sensitivity": 2.9949324845650773,
    "threshold": 4.0571888010799775,
    "dynamic_range": [
      0.0,
      11.256540573489637
    ],
    "kd": 0.15889805303757315
  },
  "noise_preset": "realistic",
  "measurement": {
    "snr_db": 13.621627343023965,
    "n_detections": 1,
    "detection_rate": 1.0,
    "time_to_detection": 170.0,
    "false_negative_rate": 0.0
  },
  "environment_params": {
    "Estrogen": 0.4733356560666717,
    "PTH": 167.52159496420828,
    "k_prod_Scl": 3.633597118670661e-06,
    "k_deg_Scl": 6.969742020340287e-05,
    "Sclerostin_bone": 0.0829261407726555,
    "k_prod_RANKL": 6.240422858184061e-06,
    "k_deg_RANKL": 1.9776990889343347e-05,
    "RANKL_bone": 1.0414077644581952,
    "k_prod_OPG": 0.0001230714794051688,
    "k_deg_OPG": 2.0745260233167035e-05,
    "OPG_bone": 6.258556467528785,
    "MineralIon": 3.2051230073740085,
    "k_prod_Mineral": 0.20807995872750776,
    "k_loss_Mineral": 0.055530929451897935,
    "k_prod_CTX": 5.99750726794726e-07,
    "k_deg_CTX": 1.143662443485165e-05,
    "CTX_bone": 0.023377397766418152,
    "k_prod_P1NP": 1.2266833854044146e-07,
    "k_deg_P1NP": 1.3504717317447999e-05,
    "P1NP_bone": 0.018568883284023282,
    "Sclerostin_sensor": 2.0731535193163877,
    "RANKL_sensor": 31.242232933745854,
    "OPG_sensor": 187.75669402586354,
    "CTX_sensor": 0.5844349441604538,
    "P1NP_sensor": 0.464222082100582
  },
  "equilibration_check": {
    "Sclerostin_bone": 0.0001530615296499383,
    "RANKL_bone": 3.2188993518751505e-05,
    "OPG_bone": 7.892102683499905e-05,
    "CTX_bone": 9.084260097222356e-05,
    "P1NP_bone": 1.5234176209646931e-05,
    "Osteocytes": 0.00012965817182339793,
    "Osteoblasts": 2.4926760884604975e-06,
    "Osteoclasts": 3.888787418921195e-05,
    "MineralIon": 2.4930312634724116e-06,
    "Sclerostin_sensor": 0.00015308231787850541,
    "RANKL_sensor": 3.22050970982654e-05,
    "OPG_sensor": 7.895723290693078e-05,
    "CTX_sensor": 9.085827700230707e-05,
    "P1NP_sensor": 1.523746995701419e-05
  },
  "sclerostin_mean": 2.0664157202127504,
  "sclerostin_max": 2.0715828995884658,
  "sclerostin_min": 2.0611277657045943,
  "sclerostin_std": 0.0030393103309180993,
  "ctx_mean": 0.5832272817828313,
  "p1np_mean": 0.46406799391483006,
  "metadata_file": "metadata/de742232-705f-471b-be2d-95fcc92aa535.json",
  "timeseries_file": "timeseries/de742232-705f-471b-be2d-95fcc92aa535.csv",
  "instrumentation": {
    "biological_realization": {
      "rng_seed": 2114256361,
      "scenario": "ckd_mbd",
      "realization_hash": "4ef43972ec80e2e5"
    },
    "stages": {
      "stage_0_ode": {
        "stage": "stage_0_ode",
        "description": "ODE concentration output",
        "mean_signal": 2.0664157202127504,
        "std_signal": 0.0030393103309180993,
        "min_signal": 2.0611277657045943,
        "max_signal": 2.0715828995884658,
        "median_signal": 2.0664437760117447,
        "q25_signal": 2.0637895198373872,
        "q75_signal": 2.0690583280937016,
        "auc_total": 7439.097196641564,
        "auc_per_second": 2.0664158879559897,
        "terminal_mean": 2.0616449065838958,
        "terminal_std": 0.00030706139555815597,
        "signal_range": 0.010455133883871426,
        "cv_coefficient": 0.0014708126255471882,
        "species_tracked": "Sclerostin_sensor or Sclerostin_bone"
      },
      "stage_1_biosensor_clean": {
        "stage": "stage_1_biosensor_clean",
        "description": "Biosensor output (clean signal, no noise)",
        "mean_signal": 6.155868096890538,
        "std_signal": 0.003813317541716952,
        "min_signal": 6.149296313472946,
        "max_signal": 6.162468410948638,
        "median_signal": 6.155860851978853,
        "q25_signal": 6.152572749332244,
        "q75_signal": 6.159159825010232,
        "auc_total": 22161.12500615274,
        "auc_per_second": 6.15586805726465,
        "terminal_mean": 6.149932538957653,
        "terminal_std": 0.0003777621542479348,
        "signal_range": 0.013172097475692368,
        "cv_coefficient": 0.0006194605670064862,
        "biosensor_type": "array",
        "kd": 0.15889805303757315,
        "sensitivity": 2.9949324845650773
      },
      "stage_2_biosensor_noisy": {
        "stage": "stage_2_biosensor_noisy",
        "description": "Biosensor output (with noise injection)",
        "mean_signal": 6.318742712704103,
        "std_signal": 1.2721239006898977,
        "min_signal": 2.6938669304958904,
        "max_signal": 9.88814791294219,
        "median_signal": 6.375462883774387,
        "q25_signal": 5.507623052589584,
        "q75_signal": 7.135843182331367,
        "auc_total": 22757.495017706766,
        "auc_per_second": 6.321526393807435,
        "terminal_mean": 6.574949056995456,
        "terminal_std": 1.3699174790417115,
        "signal_range": 7.194280982446299,
        "cv_coefficient": 0.20132547858488337,
        "noise_preset": "realistic",
        "snr_db": 13.621627343023965
      },
      "stage_3_thresholded": {
        "stage": "stage_3_thresholded",
        "description": "Threshold crossing detection",
        "threshold": 4.0571888010799775,
        "fraction_above_threshold": 0.9529085872576177,
        "time_to_first_crossing": 0.0,
        "n_threshold_crossings": 30,
        "mean_signal_above": 6.459904215013204,
        "std_signal_above": 1.1251248651818277,
        "mean_signal_below": 3.4622981953905185,
        "std_signal_below": 0.43195500732455444,
        "mean_margin_above_threshold": 2.4027154139332274,
        "mean_margin_below_threshold": -0.5948906056894591
      },
      "stage_4_ttd": {
        "stage": "stage_4_ttd",
        "description": "Time-to-detection assignment",
        "ttd_seconds": 170.0,
        "detected": true,
        "is_sentinel": false
      }
    },
    "stage_deltas": {
      "delta_0_to_1": {
        "transition": "stage_0_ode->stage_1_biosensor_clean",
        "mean_delta": 4.089452376677789,
        "std_delta": 0.0007748495432108087,
        "max_delta": 4.090885511360172,
        "rms_delta": 4.089452450085149,
        "fraction_significantly_changed": 1.0
      },
      "delta_1_to_2": {
        "transition": "stage_1_biosensor_clean->stage_2_biosensor_noisy",
        "mean_delta": 0.1628746158135646,
        "std_delta": 1.2725639369222053,
        "max_delta": 3.737797167320549,
        "rms_delta": 1.282944704198649,
        "fraction_significantly_changed": 0.997229916897507
      },
      "delta_2_to_3": {
        "transition": "stage_2_biosensor_noisy->stage_3_thresholded",
        "mean_delta": -0.1630445133563402,
        "std_delta": 0.7393995998898201,
        "max_delta": 4.0220015447467965,
        "rms_delta": 0.7571626520456698,
        "fraction_significantly_changed": 0.04709141274238227
      }
    },
    "propagation_integrity": {
      "stages_recorded": 5,
      "biological_hash_consistent": false,
      "all_stages_use_same_time": true
    }
  }
}