{
  "run_id": "e5e09a52-c16a-4d72-8ef8-184a4adba6b0",
  "timestamp": "2026-06-27T17:24:08.358172",
  "scenario": "healthy",
  "biosensor_config": {
    "circuit_type": "array",
    "kd_scl": 3.512525947454978,
    "kd_ctx": 0.21880133852436257,
    "kd_p1np": 3.4183593174617637,
    "w_scl": 0.40140311686638064,
    "w_ctx": 0.48402411947071106,
    "w_p1np": 0.11457276366290829,
    "sensitivity": 0.6862620131554963,
    "threshold": 1.560177098727062,
    "dynamic_range": [
      0.0,
      2.6148868391640114
    ],
    "kd": 3.512525947454978
  },
  "noise_preset": "realistic",
  "measurement": {
    "snr_db": 13.431949972210852,
    "n_detections": 0,
    "detection_rate": 0.0,
    "time_to_detection": 9000.0,
    "false_negative_rate": 1.0
  },
  "environment_params": {
    "Estrogen": 1.1810247554153208,
    "PTH": 44.38526175286597,
    "k_prod_Scl": 1.4083025997554923e-06,
    "k_deg_Scl": 7.215591980533643e-05,
    "Sclerostin_bone": 0.006939815803458513,
    "k_prod_RANKL": 4.277123003416673e-06,
    "k_deg_RANKL": 1.850148560162318e-05,
    "RANKL_bone": 0.4416553173182751,
    "k_prod_OPG": 4.469992238317582e-05,
    "k_deg_OPG": 1.8907717722309384e-05,
    "OPG_bone": 4.585689615654625,
    "MineralIon": 2.671227466580475,
    "k_prod_Mineral": 0.08824848134986181,
    "k_loss_Mineral": 0.02911186645298211,
    "k_prod_CTX": 7.216510816452716e-07,
    "k_deg_CTX": 2.1875169820130983e-05,
    "CTX_bone": 0.0038788964125712638,
    "k_prod_P1NP": 1.3208393398236528e-07,
    "k_deg_P1NP": 2.035688820264917e-05,
    "P1NP_bone": 0.013066356377736562,
    "Sclerostin_sensor": 0.1734953950864628,
    "RANKL_sensor": 13.249659519548253,
    "OPG_sensor": 137.57068846963875,
    "CTX_sensor": 0.0969724103142816,
    "P1NP_sensor": 0.326658909443414
  },
  "equilibration_check": {
    "Sclerostin_bone": 0.0011871536692095828,
    "RANKL_bone": 8.308590003729444e-05,
    "OPG_bone": 6.0810119956335937e-05,
    "CTX_bone": 0.0008983665979706808,
    "P1NP_bone": 5.031656362975636e-06,
    "Osteocytes": 1.2514980432090488e-05,
    "Osteoblasts": 1.7346123947535556e-06,
    "Osteoclasts": 2.312578963430179e-05,
    "MineralIon": 1.7353016081408193e-06,
    "Sclerostin_sensor": 0.0011890594535562422,
    "RANKL_sensor": 8.313174493109104e-05,
    "OPG_sensor": 6.084325422605642e-05,
    "CTX_sensor": 0.0008990087258441136,
    "P1NP_sensor": 5.032607327185218e-06
  },
  "sclerostin_mean": 0.17860476949425658,
  "sclerostin_max": 0.1823326292717205,
  "sclerostin_min": 0.17478058656683781,
  "sclerostin_std": 0.002185892477779141,
  "ctx_mean": 0.09902767484372557,
  "p1np_mean": 0.3266223440722077,
  "metadata_file": "metadata/e5e09a52-c16a-4d72-8ef8-184a4adba6b0.json",
  "timeseries_file": "timeseries/e5e09a52-c16a-4d72-8ef8-184a4adba6b0.csv",
  "instrumentation": {
    "biological_realization": {
      "rng_seed": 1961404364,
      "scenario": "healthy",
      "realization_hash": "a126e527677d8705"
    },
    "stages": {
      "stage_0_ode": {
        "stage": "stage_0_ode",
        "description": "ODE concentration output",
        "mean_signal": 0.17860476949425658,
        "std_signal": 0.002185892477779141,
        "min_signal": 0.17478058656683781,
        "max_signal": 0.1823326292717205,
        "median_signal": 0.17862902824508964,
        "q25_signal": 0.17672350136726042,
        "q75_signal": 0.18049838335620522,
        "auc_total": 642.9776517950735,
        "auc_per_second": 0.1786049032764093,
        "terminal_mean": 0.18197845081365774,
        "terminal_std": 0.00021049676698561037,
        "signal_range": 0.007552042704882689,
        "cv_coefficient": 0.012238712795681714,
        "species_tracked": "Sclerostin_sensor or Sclerostin_bone"
      },
      "stage_1_biosensor_clean": {
        "stage": "stage_1_biosensor_clean",
        "description": "Biosensor output (clean signal, no noise)",
        "mean_signal": 0.4287284295310314,
        "std_signal": 0.0029461133224885903,
        "min_signal": 0.42358638336138943,
        "max_signal": 0.43376463232249074,
        "median_signal": 0.4287550858791739,
        "q25_signal": 0.4261911995530413,
        "q75_signal": 0.4312792223906407,
        "auc_total": 1543.4228755286038,
        "auc_per_second": 0.42872857653572327,
        "terminal_mean": 0.4332840974616237,
        "terminal_std": 0.00028553019045051326,
        "signal_range": 0.01017824896110131,
        "cv_coefficient": 0.006871747053749675,
        "biosensor_type": "array",
        "kd": 3.512525947454978,
        "sensitivity": 0.6862620131554963
      },
      "stage_2_biosensor_noisy": {
        "stage": "stage_2_biosensor_noisy",
        "description": "Biosensor output (with noise injection)",
        "mean_signal": 0.4465169580037025,
        "std_signal": 0.08982647200276278,
        "min_signal": 0.17704019552050285,
        "max_signal": 0.7176808512662218,
        "median_signal": 0.44335141831425867,
        "q25_signal": 0.38750702619508226,
        "q75_signal": 0.4988615327907229,
        "auc_total": 1606.9939486188232,
        "auc_per_second": 0.4463872079496731,
        "terminal_mean": 0.4638668292241188,
        "terminal_std": 0.09556016055263891,
        "signal_range": 0.540640655745719,
        "cv_coefficient": 0.20117146816631754,
        "noise_preset": "realistic",
        "snr_db": 13.431949972210852
      },
      "stage_3_thresholded": {
        "stage": "stage_3_thresholded",
        "description": "Threshold crossing detection",
        "threshold": 1.560177098727062,
        "fraction_above_threshold": 0.0,
        "time_to_first_crossing": 9000.0,
        "n_threshold_crossings": 0,
        "mean_signal_above": NaN,
        "std_signal_above": NaN,
        "mean_signal_below": 0.4465169580037025,
        "std_signal_below": 0.08982647200276278,
        "mean_margin_above_threshold": NaN,
        "mean_margin_below_threshold": -1.1136601407233595
      },
      "stage_4_ttd": {
        "stage": "stage_4_ttd",
        "description": "Time-to-detection assignment",
        "ttd_seconds": 9000.0,
        "detected": false,
        "is_sentinel": true
      }
    },
    "stage_deltas": {
      "delta_0_to_1": {
        "transition": "stage_0_ode->stage_1_biosensor_clean",
        "mean_delta": 0.2501236600367748,
        "std_delta": 0.0007602351043730912,
        "max_delta": 0.25143200305077024,
        "rms_delta": 0.2501248153774551,
        "fraction_significantly_changed": 1.0
      },
      "delta_1_to_2": {
        "transition": "stage_1_biosensor_clean->stage_2_biosensor_noisy",
        "mean_delta": 0.01778852847267114,
        "std_delta": 0.08957474989799079,
        "max_delta": 0.28718271992862104,
        "rms_delta": 0.09132397037202573,
        "fraction_significantly_changed": 0.9944598337950139
      },
      "delta_2_to_3": {
        "transition": "stage_2_biosensor_noisy->stage_3_thresholded",
        "mean_delta": -0.4465169580037025,
        "std_delta": 0.08982647200276278,
        "max_delta": 0.7176808512662218,
        "rms_delta": 0.4554626097248196,
        "fraction_significantly_changed": 1.0
      }
    },
    "propagation_integrity": {
      "stages_recorded": 5,
      "biological_hash_consistent": false,
      "all_stages_use_same_time": true
    }
  }
}