{
  "run_id": "e903184c-ba82-42b5-a505-9f7bc0dc0e37",
  "timestamp": "2026-06-27T17:23:48.179167",
  "scenario": "pmo",
  "biosensor_config": {
    "circuit_type": "array",
    "kd_scl": 1.4850985169944764,
    "kd_ctx": 0.6899186926174473,
    "kd_p1np": 0.5243470945304464,
    "w_scl": 0.08509710881531837,
    "w_ctx": 0.05923030488331973,
    "w_p1np": 0.8556725863013619,
    "sensitivity": 0.9159234857924011,
    "threshold": 1.336791881815414,
    "dynamic_range": [
      0.0,
      2.6654633090046134
    ],
    "kd": 1.4850985169944764
  },
  "noise_preset": "realistic",
  "measurement": {
    "snr_db": 11.937771978997029,
    "n_detections": 0,
    "detection_rate": 0.0,
    "time_to_detection": 9000.0,
    "false_negative_rate": 0.94
  },
  "environment_params": {
    "Estrogen": 0.2534402475461478,
    "PTH": 62.873955093935734,
    "k_prod_Scl": 5.464243376507401e-07,
    "k_deg_Scl": 5.44978699386953e-05,
    "Sclerostin_bone": 0.07949816811426896,
    "k_prod_RANKL": 4.090456484864805e-06,
    "k_deg_RANKL": 2.265180977666115e-05,
    "RANKL_bone": 0.7641010752531378,
    "k_prod_OPG": 6.935313029941149e-05,
    "k_deg_OPG": 1.7070560094343278e-05,
    "OPG_bone": 3.0324356329054423,
    "MineralIon": 2.087581534338598,
    "k_prod_Mineral": 0.0684322416833065,
    "k_loss_Mineral": 0.023232643780996882,
    "k_prod_CTX": 1.8187409873734704e-06,
    "k_deg_CTX": 1.934763532243041e-05,
    "CTX_bone": 0.02796344972356616,
    "k_prod_P1NP": 2.8529775408637565e-07,
    "k_deg_P1NP": 1.930041849789074e-05,
    "P1NP_bone": 0.01793278966353055,
    "Sclerostin_sensor": 1.9874542028567241,
    "RANKL_sensor": 22.923032257594134,
    "OPG_sensor": 90.97306898716327,
    "CTX_sensor": 0.699086243089154,
    "P1NP_sensor": 0.44831974158826376
  },
  "equilibration_check": {
    "Sclerostin_bone": 0.0010366528925864176,
    "RANKL_bone": 5.220126099957843e-06,
    "OPG_bone": 0.0003331222266954443,
    "CTX_bone": 0.0002535645963999379,
    "P1NP_bone": 0.0003541537668598415,
    "Osteocytes": 0.00011270912451521636,
    "Osteoblasts": 1.5671300803461396e-05,
    "Osteoclasts": 0.00012545218984422052,
    "MineralIon": 1.567897388149881e-05,
    "Sclerostin_sensor": 0.0010369231207720876,
    "RANKL_sensor": 5.214150575797201e-06,
    "OPG_sensor": 0.0003333568670802878,
    "CTX_sensor": 0.0002537144111180645,
    "P1NP_sensor": 0.00035430327418575595
  },
  "sclerostin_mean": 1.9415419099627753,
  "sclerostin_max": 1.9760175960172122,
  "sclerostin_min": 1.9076358332134757,
  "sclerostin_std": 0.01979793077642398,
  "ctx_mean": 0.7030151957071571,
  "p1np_mean": 0.45197806226768594,
  "metadata_file": "metadata/e903184c-ba82-42b5-a505-9f7bc0dc0e37.json",
  "timeseries_file": "timeseries/e903184c-ba82-42b5-a505-9f7bc0dc0e37.csv",
  "instrumentation": {
    "biological_realization": {
      "rng_seed": 1103550030,
      "scenario": "pmo",
      "realization_hash": "22e99ec23bf118b6"
    },
    "stages": {
      "stage_0_ode": {
        "stage": "stage_0_ode",
        "description": "ODE concentration output",
        "mean_signal": 1.9415419099627753,
        "std_signal": 0.01979793077642398,
        "min_signal": 1.9076358332134757,
        "max_signal": 1.9760175960172122,
        "median_signal": 1.9413976407606566,
        "q25_signal": 1.92440582426057,
        "q75_signal": 1.9586052703506254,
        "auc_total": 6989.5480278194655,
        "auc_per_second": 1.9415411188387404,
        "terminal_mean": 1.9108806252959678,
        "terminal_std": 0.00192779415642682,
        "signal_range": 0.06838176280373642,
        "cv_coefficient": 0.010197014380597924,
        "species_tracked": "Sclerostin_sensor or Sclerostin_bone"
      },
      "stage_1_biosensor_clean": {
        "stage": "stage_1_biosensor_clean",
        "description": "Biosensor output (clean signal, no noise)",
        "mean_signal": 1.247249289906843,
        "std_signal": 0.0008909503297598393,
        "min_signal": 1.245695940880893,
        "max_signal": 1.2487749244797004,
        "median_signal": 1.2472561306964285,
        "q25_signal": 1.2464818558684017,
        "q75_signal": 1.2480202811012853,
        "auc_total": 4490.0975822369,
        "auc_per_second": 1.2472493283991388,
        "terminal_mean": 1.2486288488966513,
        "terminal_std": 8.677914649626208e-05,
        "signal_range": 0.0030789835988074277,
        "cv_coefficient": 0.0007143322004427714,
        "biosensor_type": "array",
        "kd": 1.4850985169944764,
        "sensitivity": 0.9159234857924011
      },
      "stage_2_biosensor_noisy": {
        "stage": "stage_2_biosensor_noisy",
        "description": "Biosensor output (with noise injection)",
        "mean_signal": 1.2945377334028279,
        "std_signal": 0.31200749687248475,
        "min_signal": -1.9698558049838217,
        "max_signal": 2.070146367118847,
        "median_signal": 1.3009638426799204,
        "q25_signal": 1.137738076082687,
        "q75_signal": 1.4841195367367437,
        "auc_total": 4662.703293628211,
        "auc_per_second": 1.2951953593411698,
        "terminal_mean": 1.2881212086826188,
        "terminal_std": 0.22380286854752704,
        "signal_range": 4.040002172102669,
        "cv_coefficient": 0.2410184646007501,
        "noise_preset": "realistic",
        "snr_db": 11.937771978997029
      },
      "stage_3_thresholded": {
        "stage": "stage_3_thresholded",
        "description": "Threshold crossing detection",
        "threshold": 1.336791881815414,
        "fraction_above_threshold": 0.4598337950138504,
        "time_to_first_crossing": 0.0,
        "n_threshold_crossings": 173,
        "mean_signal_above": 1.5270545732657321,
        "std_signal_above": 0.14009396587774448,
        "mean_signal_below": 1.0966003210067143,
        "std_signal_below": 0.2798380358569007,
        "mean_margin_above_threshold": 0.1902626914503179,
        "mean_margin_below_threshold": -0.24019156080869974
      },
      "stage_4_ttd": {
        "stage": "stage_4_ttd",
        "description": "Time-to-detection assignment",
        "ttd_seconds": 9000.0,
        "detected": false,
        "is_sentinel": true
      }
    },
    "stage_deltas": {
      "delta_0_to_1": {
        "transition": "stage_0_ode->stage_1_biosensor_clean",
        "mean_delta": -0.6942926200559321,
        "std_delta": 0.020688880991327794,
        "max_delta": 0.7303216551363192,
        "rms_delta": 0.6946008005040047,
        "fraction_significantly_changed": 1.0
      },
      "delta_1_to_2": {
        "transition": "stage_1_biosensor_clean->stage_2_biosensor_noisy",
        "mean_delta": 0.0472884434959846,
        "std_delta": 0.31198396179123955,
        "max_delta": 3.2173677425582925,
        "rms_delta": 0.3155474438230019,
        "fraction_significantly_changed": 1.0
      },
      "delta_2_to_3": {
        "transition": "stage_2_biosensor_noisy->stage_3_thresholded",
        "mean_delta": -0.5923464337847902,
        "std_delta": 0.5839460963369253,
        "max_delta": 1.9698558049838217,
        "rms_delta": 0.8317856340696758,
        "fraction_significantly_changed": 0.5401662049861495
      }
    },
    "propagation_integrity": {
      "stages_recorded": 5,
      "biological_hash_consistent": false,
      "all_stages_use_same_time": true
    }
  }
}