{
  "run_id": "ed66abf1-a129-4375-bf63-34311fcd5eb6",
  "timestamp": "2026-06-27T17:23:36.107017",
  "scenario": "healthy",
  "biosensor_config": {
    "circuit_type": "array",
    "kd_scl": 0.5462590163134377,
    "kd_ctx": 5.207513114532683,
    "kd_p1np": 5.289306530841661,
    "w_scl": 0.44613647383292276,
    "w_ctx": 0.2993107348938791,
    "w_p1np": 0.25455279127319813,
    "sensitivity": 3.8341907252167506,
    "threshold": 4.776751062492016,
    "dynamic_range": [
      0.0,
      14.417696684360829
    ],
    "kd": 0.5462590163134377
  },
  "noise_preset": "realistic",
  "measurement": {
    "snr_db": 13.185565721978127,
    "n_detections": 1,
    "detection_rate": 1.0,
    "time_to_detection": 2380.0,
    "false_negative_rate": 0.0
  },
  "environment_params": {
    "Estrogen": 1.0641818493723791,
    "PTH": 38.9806265095808,
    "k_prod_Scl": 1.5751166930658658e-06,
    "k_deg_Scl": 5.997474790101176e-05,
    "Sclerostin_bone": 0.015179868011562474,
    "k_prod_RANKL": 3.8825123427127034e-06,
    "k_deg_RANKL": 2.120910837737205e-05,
    "RANKL_bone": 0.4598893297037859,
    "k_prod_OPG": 4.4446398192687076e-05,
    "k_deg_OPG": 1.9444114150773742e-05,
    "OPG_bone": 5.196613853591279,
    "MineralIon": 2.606651105418859,
    "k_prod_Mineral": 0.1030559720546705,
    "k_loss_Mineral": 0.0222741443843862,
    "k_prod_CTX": 5.362809911902614e-07,
    "k_deg_CTX": 1.8360465836046658e-05,
    "CTX_bone": 0.017010018895510945,
    "k_prod_P1NP": 1.7248213296962405e-07,
    "k_deg_P1NP": 2.157787723824156e-05,
    "P1NP_bone": 0.018720651296855195,
    "Sclerostin_sensor": 0.37949670028906185,
    "RANKL_sensor": 13.796679891113577,
    "OPG_sensor": 155.89841560773837,
    "CTX_sensor": 0.42525047238777364,
    "P1NP_sensor": 0.4680162824213799
  },
  "equilibration_check": {
    "Sclerostin_bone": 0.0003237484768626806,
    "RANKL_bone": 4.9647702423007476e-05,
    "OPG_bone": 7.687037572225934e-06,
    "CTX_bone": 0.0002926786170107516,
    "P1NP_bone": 9.576177976675847e-05,
    "Osteocytes": 2.4673488401549522e-05,
    "Osteoblasts": 9.57697714097057e-07,
    "Osteoclasts": 2.5805407686231485e-05,
    "MineralIon": 9.5311826230884e-07,
    "Sclerostin_sensor": 0.0003241001667672191,
    "RANKL_sensor": 4.9671258750443366e-05,
    "OPG_sensor": 7.69026304823158e-06,
    "CTX_sensor": 0.00029271202982130177,
    "P1NP_sensor": 9.578675306066787e-05
  },
  "sclerostin_mean": 0.3824327891164495,
  "sclerostin_max": 0.38457574878720313,
  "sclerostin_min": 0.3802360365617784,
  "sclerostin_std": 0.0012557503095696845,
  "ctx_mean": 0.4224731099970896,
  "p1np_mean": 0.4670038068383666,
  "metadata_file": "metadata/ed66abf1-a129-4375-bf63-34311fcd5eb6.json",
  "timeseries_file": "timeseries/ed66abf1-a129-4375-bf63-34311fcd5eb6.csv",
  "instrumentation": {
    "biological_realization": {
      "rng_seed": 416402094,
      "scenario": "healthy",
      "realization_hash": "c5942758be64f22b"
    },
    "stages": {
      "stage_0_ode": {
        "stage": "stage_0_ode",
        "description": "ODE concentration output",
        "mean_signal": 0.3824327891164495,
        "std_signal": 0.0012557503095696845,
        "min_signal": 0.3802360365617784,
        "max_signal": 0.38457574878720313,
        "median_signal": 0.38244625697780354,
        "q25_signal": 0.38135222262400964,
        "q75_signal": 0.38352028539401706,
        "auc_total": 1376.758309783638,
        "auc_per_second": 0.3824328638287883,
        "terminal_mean": 0.384371805493545,
        "terminal_std": 0.00012119236799927789,
        "signal_range": 0.00433971222542473,
        "cv_coefficient": 0.003283584319406547,
        "species_tracked": "Sclerostin_sensor or Sclerostin_bone"
      },
      "stage_1_biosensor_clean": {
        "stage": "stage_1_biosensor_clean",
        "description": "Biosensor output (clean signal, no noise)",
        "mean_signal": 5.33470560409448,
        "std_signal": 0.0039387058827595805,
        "min_signal": 5.327860854923104,
        "max_signal": 5.341461388125467,
        "median_signal": 5.33472771302893,
        "q25_signal": 5.3313085983268165,
        "q75_signal": 5.338114099190482,
        "auc_total": 19204.94061956583,
        "auc_per_second": 5.334705727657175,
        "terminal_mean": 5.328533172172063,
        "terminal_std": 0.00039891027865218584,
        "signal_range": 0.013600533202362541,
        "cv_coefficient": 0.0007383173833878583,
        "biosensor_type": "array",
        "kd": 0.5462590163134377,
        "sensitivity": 3.8341907252167506
      },
      "stage_2_biosensor_noisy": {
        "stage": "stage_2_biosensor_noisy",
        "description": "Biosensor output (with noise injection)",
        "mean_signal": 5.610926387416911,
        "std_signal": 1.1354383128938585,
        "min_signal": 2.381510371598713,
        "max_signal": 9.020699095008517,
        "median_signal": 5.539100456921096,
        "q25_signal": 4.871200223469835,
        "q75_signal": 6.4010466657558,
        "auc_total": 20194.92147481478,
        "auc_per_second": 5.609700409670772,
        "terminal_mean": 6.171712288836117,
        "terminal_std": 1.0416967771454153,
        "signal_range": 6.639188723409804,
        "cv_coefficient": 0.20236200486254777,
        "noise_preset": "realistic",
        "snr_db": 13.185565721978127
      },
      "stage_3_thresholded": {
        "stage": "stage_3_thresholded",
        "description": "Threshold crossing detection",
        "threshold": 4.776751062492016,
        "fraction_above_threshold": 0.7894736842105263,
        "time_to_first_crossing": 0.0,
        "n_threshold_crossings": 126,
        "mean_signal_above": 6.015952009625447,
        "std_signal_above": 0.8824212495142867,
        "mean_signal_below": 4.092080304134903,
        "std_signal_below": 0.5307810619636183,
        "mean_margin_above_threshold": 1.2392009471334309,
        "mean_margin_below_threshold": -0.6846707583571129
      },
      "stage_4_ttd": {
        "stage": "stage_4_ttd",
        "description": "Time-to-detection assignment",
        "ttd_seconds": 2380.0,
        "detected": true,
        "is_sentinel": false
      }
    },
    "stage_deltas": {
      "delta_0_to_1": {
        "transition": "stage_0_ode->stage_1_biosensor_clean",
        "mean_delta": 4.952272814978031,
        "std_delta": 0.005194353566351899,
        "max_delta": 4.961225351563688,
        "rms_delta": 4.952275539111228,
        "fraction_significantly_changed": 1.0
      },
      "delta_1_to_2": {
        "transition": "stage_1_biosensor_clean->stage_2_biosensor_noisy",
        "mean_delta": 0.276220783322431,
        "std_delta": 1.1359464009872322,
        "max_delta": 3.686880145485972,
        "rms_delta": 1.1690475384068446,
        "fraction_significantly_changed": 1.0
      },
      "delta_2_to_3": {
        "transition": "stage_2_biosensor_noisy->stage_3_thresholded",
        "mean_delta": -0.8614905903441902,
        "std_delta": 1.685951930031035,
        "max_delta": 4.775108345100585,
        "rms_delta": 1.893303976551825,
        "fraction_significantly_changed": 0.21052631578947367
      }
    },
    "propagation_integrity": {
      "stages_recorded": 5,
      "biological_hash_consistent": false,
      "all_stages_use_same_time": true
    }
  }
}