{
  "run_id": "ed83ca58-14d0-4341-b157-535828ad9736",
  "timestamp": "2026-06-27T17:24:00.492579",
  "scenario": "ckd_mbd",
  "biosensor_config": {
    "circuit_type": "array",
    "kd_scl": 2.580059550212083,
    "kd_ctx": 0.20293412471213826,
    "kd_p1np": 2.0082949527924865,
    "w_scl": 0.44553069594467426,
    "w_ctx": 0.00590029526730534,
    "w_p1np": 0.5485690087880204,
    "sensitivity": 3.472669023341285,
    "threshold": 4.302163869057764,
    "dynamic_range": [
      0.0,
      13.55572984484672
    ],
    "kd": 2.580059550212083
  },
  "noise_preset": "realistic",
  "measurement": {
    "snr_db": 8.804663576068773,
    "n_detections": 1,
    "detection_rate": 1.0,
    "time_to_detection": 220.0,
    "false_negative_rate": 0.0
  },
  "environment_params": {
    "Estrogen": 0.594243902059763,
    "PTH": 157.90078178352107,
    "k_prod_Scl": 1.8040893572179313e-06,
    "k_deg_Scl": 5.064613099521731e-05,
    "Sclerostin_bone": 0.04574402519038902,
    "k_prod_RANKL": 5.5492202275868515e-06,
    "k_deg_RANKL": 1.982290341644418e-05,
    "RANKL_bone": 1.121633239519247,
    "k_prod_OPG": 0.00012034100091169508,
    "k_deg_OPG": 1.821580963573262e-05,
    "OPG_bone": 4.516167444682745,
    "MineralIon": 3.881369960750923,
    "k_prod_Mineral": 0.14351702811886244,
    "k_loss_Mineral": 0.044923476690213474,
    "k_prod_CTX": 8.403807110960267e-07,
    "k_deg_CTX": 9.862903273485387e-06,
    "CTX_bone": 0.014669616424163342,
    "k_prod_P1NP": 8.900525995070753e-08,
    "k_deg_P1NP": 1.7166709194876752e-05,
    "P1NP_bone": 0.027925540192805326,
    "Sclerostin_sensor": 1.1436006297597254,
    "RANKL_sensor": 33.64899718557741,
    "OPG_sensor": 135.48502334048234,
    "CTX_sensor": 0.3667404106040835,
    "P1NP_sensor": 0.6981385048201332
  },
  "equilibration_check": {
    "Sclerostin_bone": 0.00010677844322380943,
    "RANKL_bone": 0.0001587515115239132,
    "OPG_bone": 0.00021726342907848385,
    "CTX_bone": 0.0003717319451639785,
    "P1NP_bone": 0.00032849805546223527,
    "Osteocytes": 7.174695239994001e-05,
    "Osteoblasts": 9.517102263433887e-07,
    "Osteoclasts": 0.00012506804539903334,
    "MineralIon": 9.511218736742279e-07,
    "Sclerostin_sensor": 0.00010680170304809203,
    "RANKL_sensor": 0.00015880689980199628,
    "OPG_sensor": 0.00021740601412910393,
    "CTX_sensor": 0.00037188848041253594,
    "P1NP_sensor": 0.00032852815744384867
  },
  "sclerostin_mean": 1.1409308380528551,
  "sclerostin_max": 1.142961333595643,
  "sclerostin_min": 1.138880964251825,
  "sclerostin_std": 0.0011839649114481635,
  "ctx_mean": 0.3698153184753013,
  "p1np_mean": 0.693014241244397,
  "metadata_file": "metadata/ed83ca58-14d0-4341-b157-535828ad9736.json",
  "timeseries_file": "timeseries/ed83ca58-14d0-4341-b157-535828ad9736.csv",
  "instrumentation": {
    "biological_realization": {
      "rng_seed": 1701994013,
      "scenario": "ckd_mbd",
      "realization_hash": "090228ca59e2902a"
    },
    "stages": {
      "stage_0_ode": {
        "stage": "stage_0_ode",
        "description": "ODE concentration output",
        "mean_signal": 1.1409308380528551,
        "std_signal": 0.0011839649114481635,
        "min_signal": 1.138880964251825,
        "max_signal": 1.142961333595643,
        "median_signal": 1.1409351876615172,
        "q25_signal": 1.1399075603274555,
        "q75_signal": 1.1419568129693967,
        "auc_total": 4107.35111388157,
        "auc_per_second": 1.1409308649671028,
        "terminal_mean": 1.139080292806008,
        "terminal_std": 0.0001183627685879256,
        "signal_range": 0.004080369343818058,
        "cv_coefficient": 0.001037718389195923,
        "species_tracked": "Sclerostin_sensor or Sclerostin_bone"
      },
      "stage_1_biosensor_clean": {
        "stage": "stage_1_biosensor_clean",
        "description": "Biosensor output (clean signal, no noise)",
        "mean_signal": 7.057975605482237,
        "std_signal": 0.010528504635742808,
        "min_signal": 7.039804041728167,
        "max_signal": 7.076152829416506,
        "median_signal": 7.057972895605036,
        "q25_signal": 7.048877904096461,
        "q75_signal": 7.067073061430381,
        "auc_total": 25408.712151435153,
        "auc_per_second": 7.057975597620876,
        "terminal_mean": 7.041566405193908,
        "terminal_std": 0.0010463914280841832,
        "signal_range": 0.036348787688338824,
        "cv_coefficient": 0.001491717345631637,
        "biosensor_type": "array",
        "kd": 2.580059550212083,
        "sensitivity": 3.472669023341285
      },
      "stage_2_biosensor_noisy": {
        "stage": "stage_2_biosensor_noisy",
        "description": "Biosensor output (with noise injection)",
        "mean_signal": 7.3394306354569085,
        "std_signal": 2.545418707961177,
        "min_signal": 2.854493646342087,
        "max_signal": 46.435363312207585,
        "median_signal": 7.225890548900457,
        "q25_signal": 6.333004922551614,
        "q75_signal": 8.276612136169483,
        "auc_total": 26427.400737024902,
        "auc_per_second": 7.340944649173584,
        "terminal_mean": 7.023390797026295,
        "terminal_std": 1.5046700346327573,
        "signal_range": 43.5808696658655,
        "cv_coefficient": 0.3468141923249765,
        "noise_preset": "realistic",
        "snr_db": 8.804663576068773
      },
      "stage_3_thresholded": {
        "stage": "stage_3_thresholded",
        "description": "Threshold crossing detection",
        "threshold": 4.302163869057764,
        "fraction_above_threshold": 0.961218836565097,
        "time_to_first_crossing": 0.0,
        "n_threshold_crossings": 28,
        "mean_signal_above": 7.481981867417228,
        "std_signal_above": 2.4921363177209646,
        "mean_signal_below": 3.806196529011833,
        "std_signal_below": 0.3802019542314796,
        "mean_margin_above_threshold": 3.1798179983594643,
        "mean_margin_below_threshold": -0.49596734004593035
      },
      "stage_4_ttd": {
        "stage": "stage_4_ttd",
        "description": "Time-to-detection assignment",
        "ttd_seconds": 220.0,
        "detected": true,
        "is_sentinel": false
      }
    },
    "stage_deltas": {
      "delta_0_to_1": {
        "transition": "stage_0_ode->stage_1_biosensor_clean",
        "mean_delta": 5.917044767429381,
        "std_delta": 0.00934454950078542,
        "max_delta": 5.9331914958208625,
        "rms_delta": 5.917052146159335,
        "fraction_significantly_changed": 1.0
      },
      "delta_1_to_2": {
        "transition": "stage_1_biosensor_clean->stage_2_biosensor_noisy",
        "mean_delta": 0.28145502997467126,
        "std_delta": 2.5457088726104686,
        "max_delta": 39.36818919407474,
        "rms_delta": 2.561220528963819,
        "fraction_significantly_changed": 1.0
      },
      "delta_2_to_3": {
        "transition": "stage_2_biosensor_noisy->stage_3_thresholded",
        "mean_delta": -0.14760872965696858,
        "std_delta": 0.7386781784499995,
        "max_delta": 4.265534371611344,
        "rms_delta": 0.7532820111944485,
        "fraction_significantly_changed": 0.038781163434903045
      }
    },
    "propagation_integrity": {
      "stages_recorded": 5,
      "biological_hash_consistent": false,
      "all_stages_use_same_time": true
    }
  }
}