{
  "run_id": "f2be9b26-8406-460a-891a-832c23afbca7",
  "timestamp": "2026-06-27T17:23:53.187367",
  "scenario": "ckd_mbd",
  "biosensor_config": {
    "circuit_type": "array",
    "kd_scl": 7.655215709849319,
    "kd_ctx": 2.6406520670617417,
    "kd_p1np": 4.971045121076147,
    "w_scl": 0.07135643467438303,
    "w_ctx": 0.5097841308046545,
    "w_p1np": 0.4188594345209624,
    "sensitivity": 1.3772911267924497,
    "threshold": 2.5244719389991817,
    "dynamic_range": [
      0.0,
      5.673647531337516
    ],
    "kd": 7.655215709849319
  },
  "noise_preset": "realistic",
  "measurement": {
    "snr_db": 11.043915022751518,
    "n_detections": 1,
    "detection_rate": 1.0,
    "time_to_detection": 270.0,
    "false_negative_rate": 0.0
  },
  "environment_params": {
    "Estrogen": 0.45557463520600766,
    "PTH": 228.40223791113885,
    "k_prod_Scl": 4.314901624527906e-06,
    "k_deg_Scl": 5.086109346298838e-05,
    "Sclerostin_bone": 0.056251337189065685,
    "k_prod_RANKL": 6.743497514312672e-06,
    "k_deg_RANKL": 1.9803304562510482e-05,
    "RANKL_bone": 0.8630679262320566,
    "k_prod_OPG": 0.00012699178883592287,
    "k_deg_OPG": 1.947174156825131e-05,
    "OPG_bone": 5.489477845847626,
    "MineralIon": 3.108563163749031,
    "k_prod_Mineral": 0.1336355262949732,
    "k_loss_Mineral": 0.05845457434717958,
    "k_prod_CTX": 5.033899550271426e-07,
    "k_deg_CTX": 8.349615801979603e-06,
    "CTX_bone": 0.03233305995492129,
    "k_prod_P1NP": 1.0612242110522295e-07,
    "k_deg_P1NP": 1.8109102471269113e-05,
    "P1NP_bone": 0.03959238801633646,
    "Sclerostin_sensor": 1.4062834297266422,
    "RANKL_sensor": 25.892037786961698,
    "OPG_sensor": 164.68433537542876,
    "CTX_sensor": 0.8083264988730323,
    "P1NP_sensor": 0.9898097004084114
  },
  "equilibration_check": {
    "Sclerostin_bone": 0.0013307441972560336,
    "RANKL_bone": 0.00012962445656066222,
    "OPG_bone": 7.380941436200784e-05,
    "CTX_bone": 9.213298764916425e-05,
    "P1NP_bone": 0.0003883354122398106,
    "Osteocytes": 0.0001031162630781198,
    "Osteoblasts": 1.5671004145992953e-05,
    "Osteoclasts": 6.63087341381354e-05,
    "MineralIon": 1.567315548297612e-05,
    "Sclerostin_sensor": 0.0013326825620133534,
    "RANKL_sensor": 0.00012971406346649875,
    "OPG_sensor": 7.383369395305231e-05,
    "CTX_sensor": 9.214504996173721e-05,
    "P1NP_sensor": 0.0003883640345671408
  },
  "sclerostin_mean": 1.4526628579442333,
  "sclerostin_max": 1.4865994205806148,
  "sclerostin_min": 1.4179450157159506,
  "sclerostin_std": 0.019864784232320267,
  "ctx_mean": 0.8066385486958348,
  "p1np_mean": 0.9812356775283648,
  "metadata_file": "metadata/f2be9b26-8406-460a-891a-832c23afbca7.json",
  "timeseries_file": "timeseries/f2be9b26-8406-460a-891a-832c23afbca7.csv",
  "instrumentation": {
    "biological_realization": {
      "rng_seed": 2115005356,
      "scenario": "ckd_mbd",
      "realization_hash": "29d90c48c0ea0a34"
    },
    "stages": {
      "stage_0_ode": {
        "stage": "stage_0_ode",
        "description": "ODE concentration output",
        "mean_signal": 1.4526628579442333,
        "std_signal": 0.019864784232320267,
        "min_signal": 1.4179450157159506,
        "max_signal": 1.4865994205806148,
        "median_signal": 1.4528581815411115,
        "q25_signal": 1.435565565139149,
        "q75_signal": 1.4698609043986721,
        "auc_total": 5229.590194997199,
        "auc_per_second": 1.4526639430547776,
        "terminal_mean": 1.4833628291524958,
        "terminal_std": 0.0019231033241561939,
        "signal_range": 0.06865440486466423,
        "cv_coefficient": 0.013674738170446746,
        "species_tracked": "Sclerostin_sensor or Sclerostin_bone"
      },
      "stage_1_biosensor_clean": {
        "stage": "stage_1_biosensor_clean",
        "description": "Biosensor output (clean signal, no noise)",
        "mean_signal": 4.114930472576085,
        "std_signal": 0.002344443111279316,
        "min_signal": 4.1108160680608306,
        "max_signal": 4.118906920496019,
        "median_signal": 4.11496490032397,
        "q25_signal": 4.11291320013765,
        "q75_signal": 4.116965555229302,
        "auc_total": 14813.750391056885,
        "auc_per_second": 4.114930664182468,
        "terminal_mean": 4.111226917953282,
        "terminal_std": 0.00024358262726427245,
        "signal_range": 0.008090852435188367,
        "cv_coefficient": 0.0005697406376374606,
        "biosensor_type": "array",
        "kd": 7.655215709849319,
        "sensitivity": 1.3772911267924497
      },
      "stage_2_biosensor_noisy": {
        "stage": "stage_2_biosensor_noisy",
        "description": "Biosensor output (with noise injection)",
        "mean_signal": 4.244768777556767,
        "std_signal": 1.1463552312589547,
        "min_signal": 1.4861881915302835,
        "max_signal": 19.160159681614626,
        "median_signal": 4.229395911183454,
        "q25_signal": 3.5996510841369385,
        "q75_signal": 4.792265321888542,
        "auc_total": 15277.52484883787,
        "auc_per_second": 4.2437569024549635,
        "terminal_mean": 4.480086125703789,
        "terminal_std": 0.7243941942270493,
        "signal_range": 17.67397149008434,
        "cv_coefficient": 0.27006305674882525,
        "noise_preset": "realistic",
        "snr_db": 11.043915022751518
      },
      "stage_3_thresholded": {
        "stage": "stage_3_thresholded",
        "description": "Threshold crossing detection",
        "threshold": 2.5244719389991817,
        "fraction_above_threshold": 0.9806094182825484,
        "time_to_first_crossing": 0.0,
        "n_threshold_crossings": 14,
        "mean_signal_above": 4.285947214424093,
        "std_signal_above": 1.1183914765589356,
        "mean_signal_below": 2.1623163988376923,
        "std_signal_below": 0.30740914649326917,
        "mean_margin_above_threshold": 1.7614752754249112,
        "mean_margin_below_threshold": -0.3621555401614892
      },
      "stage_4_ttd": {
        "stage": "stage_4_ttd",
        "description": "Time-to-detection assignment",
        "ttd_seconds": 270.0,
        "detected": true,
        "is_sentinel": false
      }
    },
    "stage_deltas": {
      "delta_0_to_1": {
        "transition": "stage_0_ode->stage_1_biosensor_clean",
        "mean_delta": 2.6622676146318525,
        "std_delta": 0.022208718067641717,
        "max_delta": 2.700961904780068,
        "rms_delta": 2.6623602459238644,
        "fraction_significantly_changed": 1.0
      },
      "delta_1_to_2": {
        "transition": "stage_1_biosensor_clean->stage_2_biosensor_noisy",
        "mean_delta": 0.12983830498068086,
        "std_delta": 1.1465681400915462,
        "max_delta": 15.042866174977497,
        "rms_delta": 1.1538962194726368,
        "fraction_significantly_changed": 1.0
      },
      "delta_2_to_3": {
        "transition": "stage_2_biosensor_noisy->stage_3_thresholded",
        "mean_delta": -0.04192857283064778,
        "std_delta": 0.3012262485202605,
        "max_delta": 2.4271438502274476,
        "rms_delta": 0.3041303306433028,
        "fraction_significantly_changed": 0.019390581717451522
      }
    },
    "propagation_integrity": {
      "stages_recorded": 5,
      "biological_hash_consistent": false,
      "all_stages_use_same_time": true
    }
  }
}