{
  "run_id": "fe9f645e-b9fc-45b9-89f2-86e852d59be8",
  "timestamp": "2026-06-27T17:23:32.447689",
  "scenario": "pmo",
  "biosensor_config": {
    "circuit_type": "array",
    "kd_scl": 2.2905471715272,
    "kd_ctx": 5.112766202901495,
    "kd_p1np": 7.864125502825359,
    "w_scl": 0.19596042255869633,
    "w_ctx": 0.2956569226216993,
    "w_p1np": 0.5083826548196043,
    "sensitivity": 0.8871041962314796,
    "threshold": 1.9262559456163015,
    "dynamic_range": [
      0.0,
      3.613787532360057
    ],
    "kd": 2.2905471715272
  },
  "noise_preset": "realistic",
  "measurement": {
    "snr_db": 13.442295606677563,
    "n_detections": 0,
    "detection_rate": 0.0,
    "time_to_detection": 9000.0,
    "false_negative_rate": 1.0
  },
  "environment_params": {
    "Estrogen": 0.19485516486531695,
    "PTH": 53.30598707613269,
    "k_prod_Scl": 8.57663647295473e-07,
    "k_deg_Scl": 7.117210942020952e-05,
    "Sclerostin_bone": 0.02316788752905019,
    "k_prod_RANKL": 3.9098885726970176e-06,
    "k_deg_RANKL": 2.347099562826864e-05,
    "RANKL_bone": 0.8587449705740894,
    "k_prod_OPG": 5.817898080036887e-05,
    "k_deg_OPG": 2.068861505145438e-05,
    "OPG_bone": 3.5625446699473113,
    "MineralIon": 1.979560897503694,
    "k_prod_Mineral": 0.06631851691714634,
    "k_loss_Mineral": 0.025217249139491773,
    "k_prod_CTX": 1.387484840977823e-06,
    "k_deg_CTX": 2.0291307884716995e-05,
    "CTX_bone": 0.010505298680501114,
    "k_prod_P1NP": 2.3033049030829797e-07,
    "k_deg_P1NP": 1.8939000889506543e-05,
    "P1NP_bone": 0.01711007139937005,
    "Sclerostin_sensor": 0.5791971882262548,
    "RANKL_sensor": 25.76234911722268,
    "OPG_sensor": 106.87634009841933,
    "CTX_sensor": 0.26263246701252785,
    "P1NP_sensor": 0.4277517849842512
  },
  "equilibration_check": {
    "Sclerostin_bone": 0.001276964525861832,
    "RANKL_bone": 4.338710184059969e-05,
    "OPG_bone": 1.527628066186591e-05,
    "CTX_bone": 0.0009938703711461455,
    "P1NP_bone": 0.00023224520481877095,
    "Osteocytes": 4.237796269665942e-05,
    "Osteoblasts": 6.1950554165614205e-06,
    "Osteoclasts": 1.5834273883769594e-05,
    "MineralIon": 6.193960006564115e-06,
    "Sclerostin_sensor": 0.0012790978352033172,
    "RANKL_sensor": 4.340741636840972e-05,
    "OPG_sensor": 1.528769412317398e-05,
    "CTX_sensor": 0.0009946335218273016,
    "P1NP_sensor": 0.0002323356708122609
  },
  "sclerostin_mean": 0.5976748140386647,
  "sclerostin_max": 0.6111250138192974,
  "sclerostin_min": 0.583855757382194,
  "sclerostin_std": 0.007891702781144311,
  "ctx_mean": 0.2686758991981884,
  "p1np_mean": 0.4300280069532191,
  "metadata_file": "metadata/fe9f645e-b9fc-45b9-89f2-86e852d59be8.json",
  "timeseries_file": "timeseries/fe9f645e-b9fc-45b9-89f2-86e852d59be8.csv",
  "instrumentation": {
    "biological_realization": {
      "rng_seed": 188179895,
      "scenario": "pmo",
      "realization_hash": "e8887cb8f269e63d"
    },
    "stages": {
      "stage_0_ode": {
        "stage": "stage_0_ode",
        "description": "ODE concentration output",
        "mean_signal": 0.5976748140386647,
        "std_signal": 0.007891702781144311,
        "min_signal": 0.583855757382194,
        "max_signal": 0.6111250138192974,
        "median_signal": 0.5977674574453102,
        "q25_signal": 0.5908853170251813,
        "q75_signal": 0.6045117108053213,
        "auc_total": 2151.6311748235726,
        "auc_per_second": 0.5976753263398813,
        "terminal_mean": 0.6098482442194305,
        "terminal_std": 0.0007588304945279398,
        "signal_range": 0.02726925643710343,
        "cv_coefficient": 0.013204007590378037,
        "species_tracked": "Sclerostin_sensor or Sclerostin_bone"
      },
      "stage_1_biosensor_clean": {
        "stage": "stage_1_biosensor_clean",
        "description": "Biosensor output (clean signal, no noise)",
        "mean_signal": 1.1522961792612463,
        "std_signal": 0.007162523702317203,
        "min_signal": 1.139815086831848,
        "max_signal": 1.1645612975799577,
        "median_signal": 1.1523505512344152,
        "q25_signal": 1.1461252937119317,
        "q75_signal": 1.1584948128983519,
        "auc_total": 4148.26732521104,
        "auc_per_second": 1.1522964792252888,
        "terminal_mean": 1.1633871631553718,
        "terminal_std": 0.0006975349976993824,
        "signal_range": 0.024746210748109787,
        "cv_coefficient": 0.006215870390986804,
        "biosensor_type": "array",
        "kd": 2.2905471715272,
        "sensitivity": 0.8871041962314796
      },
      "stage_2_biosensor_noisy": {
        "stage": "stage_2_biosensor_noisy",
        "description": "Biosensor output (with noise injection)",
        "mean_signal": 1.197413337086579,
        "std_signal": 0.24159580478319767,
        "min_signal": 0.42615686608365977,
        "max_signal": 1.9648717984856863,
        "median_signal": 1.2024001024014257,
        "q25_signal": 1.0344290156192217,
        "q75_signal": 1.363684767989987,
        "auc_total": 4313.27691734687,
        "auc_per_second": 1.198132477040797,
        "terminal_mean": 1.2450319400673897,
        "terminal_std": 0.19938842349448843,
        "signal_range": 1.5387149324020264,
        "cv_coefficient": 0.20176475181997167,
        "noise_preset": "realistic",
        "snr_db": 13.442295606677563
      },
      "stage_3_thresholded": {
        "stage": "stage_3_thresholded",
        "description": "Threshold crossing detection",
        "threshold": 1.9262559456163015,
        "fraction_above_threshold": 0.002770083102493075,
        "time_to_first_crossing": 2320.0,
        "n_threshold_crossings": 2,
        "mean_signal_above": 1.9648717984856863,
        "std_signal_above": 0.0,
        "mean_signal_below": 1.1952815080271368,
        "std_signal_below": 0.23851631549509808,
        "mean_margin_above_threshold": 0.03861585286938474,
        "mean_margin_below_threshold": -0.7309744375891648
      },
      "stage_4_ttd": {
        "stage": "stage_4_ttd",
        "description": "Time-to-detection assignment",
        "ttd_seconds": 9000.0,
        "detected": false,
        "is_sentinel": true
      }
    },
    "stage_deltas": {
      "delta_0_to_1": {
        "transition": "stage_0_ode->stage_1_biosensor_clean",
        "mean_delta": 0.5546213652225815,
        "std_delta": 0.000729716014397557,
        "max_delta": 0.555959329449654,
        "rms_delta": 0.5546218452665039,
        "fraction_significantly_changed": 1.0
      },
      "delta_1_to_2": {
        "transition": "stage_1_biosensor_clean->stage_2_biosensor_noisy",
        "mean_delta": 0.04511715782533248,
        "std_delta": 0.2409725972407787,
        "max_delta": 0.8089615752632997,
        "rms_delta": 0.2451598469390991,
        "fraction_significantly_changed": 0.997229916897507
      },
      "delta_2_to_3": {
        "transition": "stage_2_biosensor_noisy->stage_3_thresholded",
        "mean_delta": -1.1919704789190284,
        "std_delta": 0.24633126393258034,
        "max_delta": 1.8131507461542538,
        "rms_delta": 1.2171576373687512,
        "fraction_significantly_changed": 0.997229916897507
      }
    },
    "propagation_integrity": {
      "stages_recorded": 5,
      "biological_hash_consistent": false,
      "all_stages_use_same_time": true
    }
  }
}