{
  "run_id": "ff132d3e-9cfb-403c-b100-3a541024b54b",
  "timestamp": "2026-06-27T17:23:05.385385",
  "scenario": "ckd_mbd",
  "biosensor_config": {
    "circuit_type": "array",
    "kd_scl": 2.0319118561908907,
    "kd_ctx": 0.18796887594727688,
    "kd_p1np": 4.522254928902157,
    "w_scl": 0.038216786142831284,
    "w_ctx": 0.7994954153768228,
    "w_p1np": 0.16228779848034589,
    "sensitivity": 1.4998033857478148,
    "threshold": 2.0447808711810476,
    "dynamic_range": [
      0.0,
      4.466070163750137
    ],
    "kd": 2.0319118561908907
  },
  "noise_preset": "realistic",
  "measurement": {
    "snr_db": 4.921352086056357,
    "n_detections": 1,
    "detection_rate": 1.0,
    "time_to_detection": 400.0,
    "false_negative_rate": 0.0
  },
  "environment_params": {
    "Estrogen": 0.5392269029315174,
    "PTH": 160.21115151636553,
    "k_prod_Scl": 2.2527740545515535e-06,
    "k_deg_Scl": 6.734151117449808e-05,
    "Sclerostin_bone": 0.06089182744825624,
    "k_prod_RANKL": 5.900456028856315e-06,
    "k_deg_RANKL": 2.0401009542025786e-05,
    "RANKL_bone": 0.965851038658696,
    "k_prod_OPG": 0.00012423642213433078,
    "k_deg_OPG": 2.022266451301301e-05,
    "OPG_bone": 4.499673421690713,
    "MineralIon": 3.112929636613517,
    "k_prod_Mineral": 0.11727030607091282,
    "k_loss_Mineral": 0.056664142363449556,
    "k_prod_CTX": 1.6122585935367165e-06,
    "k_deg_CTX": 1.0982424582091684e-05,
    "CTX_bone": 0.044919293058828115,
    "k_prod_P1NP": 1.2588112266729706e-07,
    "k_deg_P1NP": 1.5896856980391485e-05,
    "P1NP_bone": 0.033204082513651416,
    "Sclerostin_sensor": 1.522295686206406,
    "RANKL_sensor": 28.97553115976088,
    "OPG_sensor": 134.9902026507214,
    "CTX_sensor": 1.1229823264707028,
    "P1NP_sensor": 0.8301020628412854
  },
  "equilibration_check": {
    "Sclerostin_bone": 0.0005367968394991908,
    "RANKL_bone": 6.862873638984131e-05,
    "OPG_bone": 0.00016566239236950428,
    "CTX_bone": 8.267632459265728e-05,
    "P1NP_bone": 0.0002541061688532088,
    "Osteocytes": 9.126899738896086e-05,
    "Osteoblasts": 6.552305731056921e-06,
    "Osteoclasts": 9.092331886295131e-05,
    "MineralIon": 6.565428064649949e-06,
    "Sclerostin_sensor": 0.0005371129157345731,
    "RANKL_sensor": 6.866226242839012e-05,
    "OPG_sensor": 0.00016576753750436511,
    "CTX_sensor": 8.271028869056604e-05,
    "P1NP_sensor": 0.00025413434173216306
  },
  "sclerostin_mean": 1.5037583207409195,
  "sclerostin_max": 1.5176947163948198,
  "sclerostin_min": 1.490041142013995,
  "sclerostin_std": 0.008009876913419024,
  "ctx_mean": 1.1250077540888137,
  "p1np_mean": 0.8253817433912144,
  "metadata_file": "metadata/ff132d3e-9cfb-403c-b100-3a541024b54b.json",
  "timeseries_file": "timeseries/ff132d3e-9cfb-403c-b100-3a541024b54b.csv",
  "instrumentation": {
    "biological_realization": {
      "rng_seed": 367482931,
      "scenario": "ckd_mbd",
      "realization_hash": "6187b56d7ce7bd6f"
    },
    "stages": {
      "stage_0_ode": {
        "stage": "stage_0_ode",
        "description": "ODE concentration output",
        "mean_signal": 1.5037583207409195,
        "std_signal": 0.008009876913419024,
        "min_signal": 1.490041142013995,
        "max_signal": 1.5176947163948198,
        "median_signal": 1.503702061908457,
        "q25_signal": 1.4968234737761872,
        "q75_signal": 1.5106654692925443,
        "auc_total": 5413.528858582676,
        "auc_per_second": 1.5037580162729653,
        "terminal_mean": 1.4913527117517043,
        "terminal_std": 0.0007793137967612092,
        "signal_range": 0.02765357438082483,
        "cv_coefficient": 0.005326571965016601,
        "species_tracked": "Sclerostin_sensor or Sclerostin_bone"
      },
      "stage_1_biosensor_clean": {
        "stage": "stage_1_biosensor_clean",
        "description": "Biosensor output (clean signal, no noise)",
        "mean_signal": 2.6724723180186203,
        "std_signal": 0.0013464195605973905,
        "min_signal": 2.6701538899069046,
        "max_signal": 2.6748040619072215,
        "median_signal": 2.67246889743009,
        "q25_signal": 2.6713084416026733,
        "q75_signal": 2.67363451418964,
        "auc_total": 9620.900278288147,
        "auc_per_second": 2.672472299524485,
        "terminal_mean": 2.670377941151602,
        "terminal_std": 0.00013304655159127052,
        "signal_range": 0.004650172000316921,
        "cv_coefficient": 0.0005038104797267387,
        "biosensor_type": "array",
        "kd": 2.0319118561908907,
        "sensitivity": 1.4998033857478148
      },
      "stage_2_biosensor_noisy": {
        "stage": "stage_2_biosensor_noisy",
        "description": "Biosensor output (with noise injection)",
        "mean_signal": 2.7007191174184957,
        "std_signal": 1.516135500586523,
        "min_signal": -19.542790924409843,
        "max_signal": 4.2544570905681285,
        "median_signal": 2.7723893702938063,
        "q25_signal": 2.4430498468094473,
        "q75_signal": 3.1282069483299075,
        "auc_total": 9720.068071728798,
        "auc_per_second": 2.700018908813555,
        "terminal_mean": 2.8033509132534875,
        "terminal_std": 0.4999932459588725,
        "signal_range": 23.79724801497797,
        "cv_coefficient": 0.5613821484833763,
        "noise_preset": "realistic",
        "snr_db": 4.921352086056357
      },
      "stage_3_thresholded": {
        "stage": "stage_3_thresholded",
        "description": "Threshold crossing detection",
        "threshold": 2.0447808711810476,
        "fraction_above_threshold": 0.9307479224376731,
        "time_to_first_crossing": 0.0,
        "n_threshold_crossings": 48,
        "mean_signal_above": 2.875760011072421,
        "std_signal_above": 0.483401500967944,
        "mean_signal_below": 0.34816950670973684,
        "std_signal_below": 4.909770698910324,
        "mean_margin_above_threshold": 0.8309791398913734,
        "mean_margin_below_threshold": -1.6966113644713103
      },
      "stage_4_ttd": {
        "stage": "stage_4_ttd",
        "description": "Time-to-detection assignment",
        "ttd_seconds": 400.0,
        "detected": true,
        "is_sentinel": false
      }
    },
    "stage_deltas": {
      "delta_0_to_1": {
        "transition": "stage_0_ode->stage_1_biosensor_clean",
        "mean_delta": 1.1687139972777005,
        "std_delta": 0.006663470216302505,
        "max_delta": 1.1801127478929097,
        "rms_delta": 1.1687329931460584,
        "fraction_significantly_changed": 1.0
      },
      "delta_1_to_2": {
        "transition": "stage_1_biosensor_clean->stage_2_biosensor_noisy",
        "mean_delta": 0.028246799399875296,
        "std_delta": 1.5162480739182882,
        "max_delta": 22.21719179808517,
        "rms_delta": 1.516511161626335,
        "fraction_significantly_changed": 1.0
      },
      "delta_2_to_3": {
        "transition": "stage_2_biosensor_noisy->stage_3_thresholded",
        "mean_delta": -0.024111461683499775,
        "std_delta": 1.295065091187611,
        "max_delta": 19.542790924409843,
        "rms_delta": 1.295289524777102,
        "fraction_significantly_changed": 0.06925207756232687
      }
    },
    "propagation_integrity": {
      "stages_recorded": 5,
      "biological_hash_consistent": false,
      "all_stages_use_same_time": true
    }
  }
}